gsm_accession	attribute	occurrence	attribute_order	value
GSM2184781	title	0	0	YFV2012002 PBMC Day 0
GSM2184781	geo_accession	0	1	GSM2184781
GSM2184781	status	0	2	Public on Jun 25 2017
GSM2184781	submission_date	0	3	Jun 02 2016
GSM2184781	last_update_date	0	4	Jun 26 2017
GSM2184781	type	0	5	RNA
GSM2184781	channel_count	0	6	1
GSM2184781	source_name_ch1	0	7	human Day 0
GSM2184781	organism_ch1	0	8	Homo sapiens
GSM2184781	characteristics_ch1	0	9	subject id: YFV2012002
GSM2184781	characteristics_ch1	1	10	time points: Day 0
GSM2184781	characteristics_ch1	2	11	groups: G1
GSM2184781	characteristics_ch1	3	12	gender: Male
GSM2184781	molecule_ch1	0	13	total RNA
GSM2184781	extract_protocol_ch1	0	14	After PMBC isolation, 1 × 10^6 PBMC cells were lysed in 1 ml of TRIzol (Life technologies, Carlsbad, CA, USA) immediately and stored at -80℃. The samples were thawed and RNA extracted following the manufacturer’s instructions. The quality of the RNA was assessed by using Nanodrop 2000 Spectrometer (Thermo Scientific, MA, USA) as well as by visualization of the integrity of the 28S and 18S band on Agilent Bioanalyzer 2100 (Agilent technologies, Santa Clara, CA, USA).  Qualified total RNA was further purified by RNeasy micro kit (QIAGEN, GmBH, Germany) and removed genomic contamination by RNase-Free DNase Set (QIAGEN, GmBH, Germany).  The purified RNA was stored at -80℃.
GSM2184781	label_ch1	0	15	biotin
GSM2184781	label_protocol_ch1	0	16	Total RNA were amplified, labeled and purified by using the GeneChip 3’IVT Express Kit (Affymetrix, Santa Clara, CA, USA) followed the manufacturer’s instructions to obtain biotin labeled cRNA.
GSM2184781	taxid_ch1	0	17	9606
GSM2184781	hyb_protocol	0	18	After hybridization on Human PrimeView Arrays for 16 h at 45℃ and 60 rpm in Hybridization Oven 640 (Affymetrix, Santa Clara, CA, USA), slides were washed and stained with a Fluidics Station 450 (Affymetrix, Santa Clara, CA, USA).
GSM2184781	scan_protocol	0	19	Scanning was performed on a seventh-generation GeneChip Scanner 3000 (Affymetrix, Santa Clara, CA, USA). Affymetrix GCOS software was used to perform image analysis and generate raw intensity data.
GSM2184781	data_processing	0	20	Initially, data quality was assessed by background level, 3’ labeling bias, RNA quality and pair-wise correlation among samples. For the PrimeView chip, the customized CDF (version 17, ENTREZG) downloaded from the BrainArray website was performed in probe set mapping. IQR was applied for raw data filtering using the genefilter package, and the threshold was set to remove probes/genes with IQR less than the 20th percentile of the IQR’s across all probes/genes. . Normalization was performed with RMA algorithm that includes global background adjustment and quantile normalization. The resulting matrix showed genes as rows and samples as columns was log2 transformed and used as input for linear modeling using the limma package.The limma package was performed to identify differentially expressed genes (DEG) at any time point post immunization, compared with baseline (Day 0). Empirical Bayes moderation of the standard error and Benjamini and Hochberg false-discovery rate (FDR) correction for multiple testing were employed, and the criteria for differentially expressed genes (DEG) were threshold fold change more than 1.5 and BH adjusted FDR less than 0.01.
GSM2184781	platform_id	0	21	GPL21975
GSM2184781	contact_name	0	22	Yiming,,Shao
GSM2184781	contact_email	0	23	yshao@bjmu.edu.cn
GSM2184781	contact_department	0	24	National Center for AIDS/STD Control and Prevention
GSM2184781	contact_institute	0	25	Chinese Center for Disease Control and Prevention
GSM2184781	contact_address	0	26	No. 155 Changbai Road, Changping District
GSM2184781	contact_city	0	27	Beijing
GSM2184781	contact_state	0	28	Beijing
GSM2184781	contact_zip/postal_code	0	29	102206
GSM2184781	contact_country	0	30	China
GSM2184781	supplementary_file	0	31	ftp://ftp.ncbi.nlm.nih.gov/geo/samples/GSM2184nnn/GSM2184781/suppl/GSM2184781_YFV2012002-1.CEL.gz
GSM2184781	data_row_count	0	32	18563
GSM2184782	title	0	0	YFV2012002 PBMC Hour 4
GSM2184782	geo_accession	0	1	GSM2184782
GSM2184782	status	0	2	Public on Jun 25 2017
GSM2184782	submission_date	0	3	Jun 02 2016
GSM2184782	last_update_date	0	4	Jun 26 2017
GSM2184782	type	0	5	RNA
GSM2184782	channel_count	0	6	1
GSM2184782	source_name_ch1	0	7	human Hour 4
GSM2184782	organism_ch1	0	8	Homo sapiens
GSM2184782	characteristics_ch1	0	9	subject id: YFV2012002
GSM2184782	characteristics_ch1	1	10	time points: Hour 4
GSM2184782	characteristics_ch1	2	11	groups: G2
GSM2184782	characteristics_ch1	3	12	gender: Male
GSM2184782	molecule_ch1	0	13	total RNA
GSM2184782	extract_protocol_ch1	0	14	After PMBC isolation, 1 × 10^6 PBMC cells were lysed in 1 ml of TRIzol (Life technologies, Carlsbad, CA, USA) immediately and stored at -80℃. The samples were thawed and RNA extracted following the manufacturer’s instructions. The quality of the RNA was assessed by using Nanodrop 2000 Spectrometer (Thermo Scientific, MA, USA) as well as by visualization of the integrity of the 28S and 18S band on Agilent Bioanalyzer 2100 (Agilent technologies, Santa Clara, CA, USA).  Qualified total RNA was further purified by RNeasy micro kit (QIAGEN, GmBH, Germany) and removed genomic contamination by RNase-Free DNase Set (QIAGEN, GmBH, Germany).  The purified RNA was stored at -80℃.
GSM2184782	label_ch1	0	15	biotin
GSM2184782	label_protocol_ch1	0	16	Total RNA were amplified, labeled and purified by using the GeneChip 3’IVT Express Kit (Affymetrix, Santa Clara, CA, USA) followed the manufacturer’s instructions to obtain biotin labeled cRNA.
GSM2184782	taxid_ch1	0	17	9606
GSM2184782	hyb_protocol	0	18	After hybridization on Human PrimeView Arrays for 16 h at 45℃ and 60 rpm in Hybridization Oven 640 (Affymetrix, Santa Clara, CA, USA), slides were washed and stained with a Fluidics Station 450 (Affymetrix, Santa Clara, CA, USA).
GSM2184782	scan_protocol	0	19	Scanning was performed on a seventh-generation GeneChip Scanner 3000 (Affymetrix, Santa Clara, CA, USA). Affymetrix GCOS software was used to perform image analysis and generate raw intensity data.
GSM2184782	data_processing	0	20	Initially, data quality was assessed by background level, 3’ labeling bias, RNA quality and pair-wise correlation among samples. For the PrimeView chip, the customized CDF (version 17, ENTREZG) downloaded from the BrainArray website was performed in probe set mapping. IQR was applied for raw data filtering using the genefilter package, and the threshold was set to remove probes/genes with IQR less than the 20th percentile of the IQR’s across all probes/genes. . Normalization was performed with RMA algorithm that includes global background adjustment and quantile normalization. The resulting matrix showed genes as rows and samples as columns was log2 transformed and used as input for linear modeling using the limma package.The limma package was performed to identify differentially expressed genes (DEG) at any time point post immunization, compared with baseline (Day 0). Empirical Bayes moderation of the standard error and Benjamini and Hochberg false-discovery rate (FDR) correction for multiple testing were employed, and the criteria for differentially expressed genes (DEG) were threshold fold change more than 1.5 and BH adjusted FDR less than 0.01.
GSM2184782	platform_id	0	21	GPL21975
GSM2184782	contact_name	0	22	Yiming,,Shao
GSM2184782	contact_email	0	23	yshao@bjmu.edu.cn
GSM2184782	contact_department	0	24	National Center for AIDS/STD Control and Prevention
GSM2184782	contact_institute	0	25	Chinese Center for Disease Control and Prevention
GSM2184782	contact_address	0	26	No. 155 Changbai Road, Changping District
GSM2184782	contact_city	0	27	Beijing
GSM2184782	contact_state	0	28	Beijing
GSM2184782	contact_zip/postal_code	0	29	102206
GSM2184782	contact_country	0	30	China
GSM2184782	supplementary_file	0	31	ftp://ftp.ncbi.nlm.nih.gov/geo/samples/GSM2184nnn/GSM2184782/suppl/GSM2184782_YFV2012002-2.CEL.gz
GSM2184782	data_row_count	0	32	18563
GSM2184783	title	0	0	YFV2012002 PBMC Day 7
GSM2184783	geo_accession	0	1	GSM2184783
GSM2184783	status	0	2	Public on Jun 25 2017
GSM2184783	submission_date	0	3	Jun 02 2016
GSM2184783	last_update_date	0	4	Jun 26 2017
GSM2184783	type	0	5	RNA
GSM2184783	channel_count	0	6	1
GSM2184783	source_name_ch1	0	7	human Day 7
GSM2184783	organism_ch1	0	8	Homo sapiens
GSM2184783	characteristics_ch1	0	9	subject id: YFV2012002
GSM2184783	characteristics_ch1	1	10	time points: Day 7
GSM2184783	characteristics_ch1	2	11	groups: G7
GSM2184783	characteristics_ch1	3	12	gender: Male
GSM2184783	molecule_ch1	0	13	total RNA
GSM2184783	extract_protocol_ch1	0	14	After PMBC isolation, 1 × 10^6 PBMC cells were lysed in 1 ml of TRIzol (Life technologies, Carlsbad, CA, USA) immediately and stored at -80℃. The samples were thawed and RNA extracted following the manufacturer’s instructions. The quality of the RNA was assessed by using Nanodrop 2000 Spectrometer (Thermo Scientific, MA, USA) as well as by visualization of the integrity of the 28S and 18S band on Agilent Bioanalyzer 2100 (Agilent technologies, Santa Clara, CA, USA).  Qualified total RNA was further purified by RNeasy micro kit (QIAGEN, GmBH, Germany) and removed genomic contamination by RNase-Free DNase Set (QIAGEN, GmBH, Germany).  The purified RNA was stored at -80℃.
GSM2184783	label_ch1	0	15	biotin
GSM2184783	label_protocol_ch1	0	16	Total RNA were amplified, labeled and purified by using the GeneChip 3’IVT Express Kit (Affymetrix, Santa Clara, CA, USA) followed the manufacturer’s instructions to obtain biotin labeled cRNA.
GSM2184783	taxid_ch1	0	17	9606
GSM2184783	hyb_protocol	0	18	After hybridization on Human PrimeView Arrays for 16 h at 45℃ and 60 rpm in Hybridization Oven 640 (Affymetrix, Santa Clara, CA, USA), slides were washed and stained with a Fluidics Station 450 (Affymetrix, Santa Clara, CA, USA).
GSM2184783	scan_protocol	0	19	Scanning was performed on a seventh-generation GeneChip Scanner 3000 (Affymetrix, Santa Clara, CA, USA). Affymetrix GCOS software was used to perform image analysis and generate raw intensity data.
GSM2184783	data_processing	0	20	Initially, data quality was assessed by background level, 3’ labeling bias, RNA quality and pair-wise correlation among samples. For the PrimeView chip, the customized CDF (version 17, ENTREZG) downloaded from the BrainArray website was performed in probe set mapping. IQR was applied for raw data filtering using the genefilter package, and the threshold was set to remove probes/genes with IQR less than the 20th percentile of the IQR’s across all probes/genes. . Normalization was performed with RMA algorithm that includes global background adjustment and quantile normalization. The resulting matrix showed genes as rows and samples as columns was log2 transformed and used as input for linear modeling using the limma package.The limma package was performed to identify differentially expressed genes (DEG) at any time point post immunization, compared with baseline (Day 0). Empirical Bayes moderation of the standard error and Benjamini and Hochberg false-discovery rate (FDR) correction for multiple testing were employed, and the criteria for differentially expressed genes (DEG) were threshold fold change more than 1.5 and BH adjusted FDR less than 0.01.
GSM2184783	platform_id	0	21	GPL21975
GSM2184783	contact_name	0	22	Yiming,,Shao
GSM2184783	contact_email	0	23	yshao@bjmu.edu.cn
GSM2184783	contact_department	0	24	National Center for AIDS/STD Control and Prevention
GSM2184783	contact_institute	0	25	Chinese Center for Disease Control and Prevention
GSM2184783	contact_address	0	26	No. 155 Changbai Road, Changping District
GSM2184783	contact_city	0	27	Beijing
GSM2184783	contact_state	0	28	Beijing
GSM2184783	contact_zip/postal_code	0	29	102206
GSM2184783	contact_country	0	30	China
GSM2184783	supplementary_file	0	31	ftp://ftp.ncbi.nlm.nih.gov/geo/samples/GSM2184nnn/GSM2184783/suppl/GSM2184783_YFV2012002-7.CEL.gz
GSM2184783	data_row_count	0	32	18563
GSM2184784	title	0	0	YFV2012002 PBMC Day 28
GSM2184784	geo_accession	0	1	GSM2184784
GSM2184784	status	0	2	Public on Jun 25 2017
GSM2184784	submission_date	0	3	Jun 02 2016
GSM2184784	last_update_date	0	4	Jun 26 2017
GSM2184784	type	0	5	RNA
GSM2184784	channel_count	0	6	1
GSM2184784	source_name_ch1	0	7	human Day 28
GSM2184784	organism_ch1	0	8	Homo sapiens
GSM2184784	characteristics_ch1	0	9	subject id: YFV2012002
GSM2184784	characteristics_ch1	1	10	time points: Day 28
GSM2184784	characteristics_ch1	2	11	groups: G9
GSM2184784	characteristics_ch1	3	12	gender: Male
GSM2184784	molecule_ch1	0	13	total RNA
GSM2184784	extract_protocol_ch1	0	14	After PMBC isolation, 1 × 10^6 PBMC cells were lysed in 1 ml of TRIzol (Life technologies, Carlsbad, CA, USA) immediately and stored at -80℃. The samples were thawed and RNA extracted following the manufacturer’s instructions. The quality of the RNA was assessed by using Nanodrop 2000 Spectrometer (Thermo Scientific, MA, USA) as well as by visualization of the integrity of the 28S and 18S band on Agilent Bioanalyzer 2100 (Agilent technologies, Santa Clara, CA, USA).  Qualified total RNA was further purified by RNeasy micro kit (QIAGEN, GmBH, Germany) and removed genomic contamination by RNase-Free DNase Set (QIAGEN, GmBH, Germany).  The purified RNA was stored at -80℃.
GSM2184784	label_ch1	0	15	biotin
GSM2184784	label_protocol_ch1	0	16	Total RNA were amplified, labeled and purified by using the GeneChip 3’IVT Express Kit (Affymetrix, Santa Clara, CA, USA) followed the manufacturer’s instructions to obtain biotin labeled cRNA.
GSM2184784	taxid_ch1	0	17	9606
GSM2184784	hyb_protocol	0	18	After hybridization on Human PrimeView Arrays for 16 h at 45℃ and 60 rpm in Hybridization Oven 640 (Affymetrix, Santa Clara, CA, USA), slides were washed and stained with a Fluidics Station 450 (Affymetrix, Santa Clara, CA, USA).
GSM2184784	scan_protocol	0	19	Scanning was performed on a seventh-generation GeneChip Scanner 3000 (Affymetrix, Santa Clara, CA, USA). Affymetrix GCOS software was used to perform image analysis and generate raw intensity data.
GSM2184784	data_processing	0	20	Initially, data quality was assessed by background level, 3’ labeling bias, RNA quality and pair-wise correlation among samples. For the PrimeView chip, the customized CDF (version 17, ENTREZG) downloaded from the BrainArray website was performed in probe set mapping. IQR was applied for raw data filtering using the genefilter package, and the threshold was set to remove probes/genes with IQR less than the 20th percentile of the IQR’s across all probes/genes. . Normalization was performed with RMA algorithm that includes global background adjustment and quantile normalization. The resulting matrix showed genes as rows and samples as columns was log2 transformed and used as input for linear modeling using the limma package.The limma package was performed to identify differentially expressed genes (DEG) at any time point post immunization, compared with baseline (Day 0). Empirical Bayes moderation of the standard error and Benjamini and Hochberg false-discovery rate (FDR) correction for multiple testing were employed, and the criteria for differentially expressed genes (DEG) were threshold fold change more than 1.5 and BH adjusted FDR less than 0.01.
GSM2184784	platform_id	0	21	GPL21975
GSM2184784	contact_name	0	22	Yiming,,Shao
GSM2184784	contact_email	0	23	yshao@bjmu.edu.cn
GSM2184784	contact_department	0	24	National Center for AIDS/STD Control and Prevention
GSM2184784	contact_institute	0	25	Chinese Center for Disease Control and Prevention
GSM2184784	contact_address	0	26	No. 155 Changbai Road, Changping District
GSM2184784	contact_city	0	27	Beijing
GSM2184784	contact_state	0	28	Beijing
GSM2184784	contact_zip/postal_code	0	29	102206
GSM2184784	contact_country	0	30	China
GSM2184784	supplementary_file	0	31	ftp://ftp.ncbi.nlm.nih.gov/geo/samples/GSM2184nnn/GSM2184784/suppl/GSM2184784_YFV2012002-9.CEL.gz
GSM2184784	data_row_count	0	32	18563
GSM2184785	title	0	0	YFV2012004 PBMC Day 0
GSM2184785	geo_accession	0	1	GSM2184785
GSM2184785	status	0	2	Public on Jun 25 2017
GSM2184785	submission_date	0	3	Jun 02 2016
GSM2184785	last_update_date	0	4	Jun 26 2017
GSM2184785	type	0	5	RNA
GSM2184785	channel_count	0	6	1
GSM2184785	source_name_ch1	0	7	human Day 0
GSM2184785	organism_ch1	0	8	Homo sapiens
GSM2184785	characteristics_ch1	0	9	subject id: YFV2012004
GSM2184785	characteristics_ch1	1	10	time points: Day 0
GSM2184785	characteristics_ch1	2	11	groups: G1
GSM2184785	characteristics_ch1	3	12	gender: Female
GSM2184785	molecule_ch1	0	13	total RNA
GSM2184785	extract_protocol_ch1	0	14	After PMBC isolation, 1 × 10^6 PBMC cells were lysed in 1 ml of TRIzol (Life technologies, Carlsbad, CA, USA) immediately and stored at -80℃. The samples were thawed and RNA extracted following the manufacturer’s instructions. The quality of the RNA was assessed by using Nanodrop 2000 Spectrometer (Thermo Scientific, MA, USA) as well as by visualization of the integrity of the 28S and 18S band on Agilent Bioanalyzer 2100 (Agilent technologies, Santa Clara, CA, USA).  Qualified total RNA was further purified by RNeasy micro kit (QIAGEN, GmBH, Germany) and removed genomic contamination by RNase-Free DNase Set (QIAGEN, GmBH, Germany).  The purified RNA was stored at -80℃.
GSM2184785	label_ch1	0	15	biotin
GSM2184785	label_protocol_ch1	0	16	Total RNA were amplified, labeled and purified by using the GeneChip 3’IVT Express Kit (Affymetrix, Santa Clara, CA, USA) followed the manufacturer’s instructions to obtain biotin labeled cRNA.
GSM2184785	taxid_ch1	0	17	9606
GSM2184785	hyb_protocol	0	18	After hybridization on Human PrimeView Arrays for 16 h at 45℃ and 60 rpm in Hybridization Oven 640 (Affymetrix, Santa Clara, CA, USA), slides were washed and stained with a Fluidics Station 450 (Affymetrix, Santa Clara, CA, USA).
GSM2184785	scan_protocol	0	19	Scanning was performed on a seventh-generation GeneChip Scanner 3000 (Affymetrix, Santa Clara, CA, USA). Affymetrix GCOS software was used to perform image analysis and generate raw intensity data.
GSM2184785	data_processing	0	20	Initially, data quality was assessed by background level, 3’ labeling bias, RNA quality and pair-wise correlation among samples. For the PrimeView chip, the customized CDF (version 17, ENTREZG) downloaded from the BrainArray website was performed in probe set mapping. IQR was applied for raw data filtering using the genefilter package, and the threshold was set to remove probes/genes with IQR less than the 20th percentile of the IQR’s across all probes/genes. . Normalization was performed with RMA algorithm that includes global background adjustment and quantile normalization. The resulting matrix showed genes as rows and samples as columns was log2 transformed and used as input for linear modeling using the limma package.The limma package was performed to identify differentially expressed genes (DEG) at any time point post immunization, compared with baseline (Day 0). Empirical Bayes moderation of the standard error and Benjamini and Hochberg false-discovery rate (FDR) correction for multiple testing were employed, and the criteria for differentially expressed genes (DEG) were threshold fold change more than 1.5 and BH adjusted FDR less than 0.01.
GSM2184785	platform_id	0	21	GPL21975
GSM2184785	contact_name	0	22	Yiming,,Shao
GSM2184785	contact_email	0	23	yshao@bjmu.edu.cn
GSM2184785	contact_department	0	24	National Center for AIDS/STD Control and Prevention
GSM2184785	contact_institute	0	25	Chinese Center for Disease Control and Prevention
GSM2184785	contact_address	0	26	No. 155 Changbai Road, Changping District
GSM2184785	contact_city	0	27	Beijing
GSM2184785	contact_state	0	28	Beijing
GSM2184785	contact_zip/postal_code	0	29	102206
GSM2184785	contact_country	0	30	China
GSM2184785	supplementary_file	0	31	ftp://ftp.ncbi.nlm.nih.gov/geo/samples/GSM2184nnn/GSM2184785/suppl/GSM2184785_YFV2012004-1.CEL.gz
GSM2184785	data_row_count	0	32	18563
GSM2184786	title	0	0	YFV2012004 PBMC Hour 4
GSM2184786	geo_accession	0	1	GSM2184786
GSM2184786	status	0	2	Public on Jun 25 2017
GSM2184786	submission_date	0	3	Jun 02 2016
GSM2184786	last_update_date	0	4	Jun 26 2017
GSM2184786	type	0	5	RNA
GSM2184786	channel_count	0	6	1
GSM2184786	source_name_ch1	0	7	human Hour 4
GSM2184786	organism_ch1	0	8	Homo sapiens
GSM2184786	characteristics_ch1	0	9	subject id: YFV2012004
GSM2184786	characteristics_ch1	1	10	time points: Hour 4
GSM2184786	characteristics_ch1	2	11	groups: G2
GSM2184786	characteristics_ch1	3	12	gender: Female
GSM2184786	molecule_ch1	0	13	total RNA
GSM2184786	extract_protocol_ch1	0	14	After PMBC isolation, 1 × 10^6 PBMC cells were lysed in 1 ml of TRIzol (Life technologies, Carlsbad, CA, USA) immediately and stored at -80℃. The samples were thawed and RNA extracted following the manufacturer’s instructions. The quality of the RNA was assessed by using Nanodrop 2000 Spectrometer (Thermo Scientific, MA, USA) as well as by visualization of the integrity of the 28S and 18S band on Agilent Bioanalyzer 2100 (Agilent technologies, Santa Clara, CA, USA).  Qualified total RNA was further purified by RNeasy micro kit (QIAGEN, GmBH, Germany) and removed genomic contamination by RNase-Free DNase Set (QIAGEN, GmBH, Germany).  The purified RNA was stored at -80℃.
GSM2184786	label_ch1	0	15	biotin
GSM2184786	label_protocol_ch1	0	16	Total RNA were amplified, labeled and purified by using the GeneChip 3’IVT Express Kit (Affymetrix, Santa Clara, CA, USA) followed the manufacturer’s instructions to obtain biotin labeled cRNA.
GSM2184786	taxid_ch1	0	17	9606
GSM2184786	hyb_protocol	0	18	After hybridization on Human PrimeView Arrays for 16 h at 45℃ and 60 rpm in Hybridization Oven 640 (Affymetrix, Santa Clara, CA, USA), slides were washed and stained with a Fluidics Station 450 (Affymetrix, Santa Clara, CA, USA).
GSM2184786	scan_protocol	0	19	Scanning was performed on a seventh-generation GeneChip Scanner 3000 (Affymetrix, Santa Clara, CA, USA). Affymetrix GCOS software was used to perform image analysis and generate raw intensity data.
GSM2184786	data_processing	0	20	Initially, data quality was assessed by background level, 3’ labeling bias, RNA quality and pair-wise correlation among samples. For the PrimeView chip, the customized CDF (version 17, ENTREZG) downloaded from the BrainArray website was performed in probe set mapping. IQR was applied for raw data filtering using the genefilter package, and the threshold was set to remove probes/genes with IQR less than the 20th percentile of the IQR’s across all probes/genes. . Normalization was performed with RMA algorithm that includes global background adjustment and quantile normalization. The resulting matrix showed genes as rows and samples as columns was log2 transformed and used as input for linear modeling using the limma package.The limma package was performed to identify differentially expressed genes (DEG) at any time point post immunization, compared with baseline (Day 0). Empirical Bayes moderation of the standard error and Benjamini and Hochberg false-discovery rate (FDR) correction for multiple testing were employed, and the criteria for differentially expressed genes (DEG) were threshold fold change more than 1.5 and BH adjusted FDR less than 0.01.
GSM2184786	platform_id	0	21	GPL21975
GSM2184786	contact_name	0	22	Yiming,,Shao
GSM2184786	contact_email	0	23	yshao@bjmu.edu.cn
GSM2184786	contact_department	0	24	National Center for AIDS/STD Control and Prevention
GSM2184786	contact_institute	0	25	Chinese Center for Disease Control and Prevention
GSM2184786	contact_address	0	26	No. 155 Changbai Road, Changping District
GSM2184786	contact_city	0	27	Beijing
GSM2184786	contact_state	0	28	Beijing
GSM2184786	contact_zip/postal_code	0	29	102206
GSM2184786	contact_country	0	30	China
GSM2184786	supplementary_file	0	31	ftp://ftp.ncbi.nlm.nih.gov/geo/samples/GSM2184nnn/GSM2184786/suppl/GSM2184786_YFV2012004-2.CEL.gz
GSM2184786	data_row_count	0	32	18563
GSM2184787	title	0	0	YFV2012004 PBMC Day 7
GSM2184787	geo_accession	0	1	GSM2184787
GSM2184787	status	0	2	Public on Jun 25 2017
GSM2184787	submission_date	0	3	Jun 02 2016
GSM2184787	last_update_date	0	4	Jun 26 2017
GSM2184787	type	0	5	RNA
GSM2184787	channel_count	0	6	1
GSM2184787	source_name_ch1	0	7	human Day 7
GSM2184787	organism_ch1	0	8	Homo sapiens
GSM2184787	characteristics_ch1	0	9	subject id: YFV2012004
GSM2184787	characteristics_ch1	1	10	time points: Day 7
GSM2184787	characteristics_ch1	2	11	groups: G7
GSM2184787	characteristics_ch1	3	12	gender: Female
GSM2184787	molecule_ch1	0	13	total RNA
GSM2184787	extract_protocol_ch1	0	14	After PMBC isolation, 1 × 10^6 PBMC cells were lysed in 1 ml of TRIzol (Life technologies, Carlsbad, CA, USA) immediately and stored at -80℃. The samples were thawed and RNA extracted following the manufacturer’s instructions. The quality of the RNA was assessed by using Nanodrop 2000 Spectrometer (Thermo Scientific, MA, USA) as well as by visualization of the integrity of the 28S and 18S band on Agilent Bioanalyzer 2100 (Agilent technologies, Santa Clara, CA, USA).  Qualified total RNA was further purified by RNeasy micro kit (QIAGEN, GmBH, Germany) and removed genomic contamination by RNase-Free DNase Set (QIAGEN, GmBH, Germany).  The purified RNA was stored at -80℃.
GSM2184787	label_ch1	0	15	biotin
GSM2184787	label_protocol_ch1	0	16	Total RNA were amplified, labeled and purified by using the GeneChip 3’IVT Express Kit (Affymetrix, Santa Clara, CA, USA) followed the manufacturer’s instructions to obtain biotin labeled cRNA.
GSM2184787	taxid_ch1	0	17	9606
GSM2184787	hyb_protocol	0	18	After hybridization on Human PrimeView Arrays for 16 h at 45℃ and 60 rpm in Hybridization Oven 640 (Affymetrix, Santa Clara, CA, USA), slides were washed and stained with a Fluidics Station 450 (Affymetrix, Santa Clara, CA, USA).
GSM2184787	scan_protocol	0	19	Scanning was performed on a seventh-generation GeneChip Scanner 3000 (Affymetrix, Santa Clara, CA, USA). Affymetrix GCOS software was used to perform image analysis and generate raw intensity data.
GSM2184787	data_processing	0	20	Initially, data quality was assessed by background level, 3’ labeling bias, RNA quality and pair-wise correlation among samples. For the PrimeView chip, the customized CDF (version 17, ENTREZG) downloaded from the BrainArray website was performed in probe set mapping. IQR was applied for raw data filtering using the genefilter package, and the threshold was set to remove probes/genes with IQR less than the 20th percentile of the IQR’s across all probes/genes. . Normalization was performed with RMA algorithm that includes global background adjustment and quantile normalization. The resulting matrix showed genes as rows and samples as columns was log2 transformed and used as input for linear modeling using the limma package.The limma package was performed to identify differentially expressed genes (DEG) at any time point post immunization, compared with baseline (Day 0). Empirical Bayes moderation of the standard error and Benjamini and Hochberg false-discovery rate (FDR) correction for multiple testing were employed, and the criteria for differentially expressed genes (DEG) were threshold fold change more than 1.5 and BH adjusted FDR less than 0.01.
GSM2184787	platform_id	0	21	GPL21975
GSM2184787	contact_name	0	22	Yiming,,Shao
GSM2184787	contact_email	0	23	yshao@bjmu.edu.cn
GSM2184787	contact_department	0	24	National Center for AIDS/STD Control and Prevention
GSM2184787	contact_institute	0	25	Chinese Center for Disease Control and Prevention
GSM2184787	contact_address	0	26	No. 155 Changbai Road, Changping District
GSM2184787	contact_city	0	27	Beijing
GSM2184787	contact_state	0	28	Beijing
GSM2184787	contact_zip/postal_code	0	29	102206
GSM2184787	contact_country	0	30	China
GSM2184787	supplementary_file	0	31	ftp://ftp.ncbi.nlm.nih.gov/geo/samples/GSM2184nnn/GSM2184787/suppl/GSM2184787_YFV2012004-7.CEL.gz
GSM2184787	data_row_count	0	32	18563
GSM2184788	title	0	0	YFV2012004 PBMC Day 28
GSM2184788	geo_accession	0	1	GSM2184788
GSM2184788	status	0	2	Public on Jun 25 2017
GSM2184788	submission_date	0	3	Jun 02 2016
GSM2184788	last_update_date	0	4	Jun 26 2017
GSM2184788	type	0	5	RNA
GSM2184788	channel_count	0	6	1
GSM2184788	source_name_ch1	0	7	human Day 28
GSM2184788	organism_ch1	0	8	Homo sapiens
GSM2184788	characteristics_ch1	0	9	subject id: YFV2012004
GSM2184788	characteristics_ch1	1	10	time points: Day 28
GSM2184788	characteristics_ch1	2	11	groups: G9
GSM2184788	characteristics_ch1	3	12	gender: Female
GSM2184788	molecule_ch1	0	13	total RNA
GSM2184788	extract_protocol_ch1	0	14	After PMBC isolation, 1 × 10^6 PBMC cells were lysed in 1 ml of TRIzol (Life technologies, Carlsbad, CA, USA) immediately and stored at -80℃. The samples were thawed and RNA extracted following the manufacturer’s instructions. The quality of the RNA was assessed by using Nanodrop 2000 Spectrometer (Thermo Scientific, MA, USA) as well as by visualization of the integrity of the 28S and 18S band on Agilent Bioanalyzer 2100 (Agilent technologies, Santa Clara, CA, USA).  Qualified total RNA was further purified by RNeasy micro kit (QIAGEN, GmBH, Germany) and removed genomic contamination by RNase-Free DNase Set (QIAGEN, GmBH, Germany).  The purified RNA was stored at -80℃.
GSM2184788	label_ch1	0	15	biotin
GSM2184788	label_protocol_ch1	0	16	Total RNA were amplified, labeled and purified by using the GeneChip 3’IVT Express Kit (Affymetrix, Santa Clara, CA, USA) followed the manufacturer’s instructions to obtain biotin labeled cRNA.
GSM2184788	taxid_ch1	0	17	9606
GSM2184788	hyb_protocol	0	18	After hybridization on Human PrimeView Arrays for 16 h at 45℃ and 60 rpm in Hybridization Oven 640 (Affymetrix, Santa Clara, CA, USA), slides were washed and stained with a Fluidics Station 450 (Affymetrix, Santa Clara, CA, USA).
GSM2184788	scan_protocol	0	19	Scanning was performed on a seventh-generation GeneChip Scanner 3000 (Affymetrix, Santa Clara, CA, USA). Affymetrix GCOS software was used to perform image analysis and generate raw intensity data.
GSM2184788	data_processing	0	20	Initially, data quality was assessed by background level, 3’ labeling bias, RNA quality and pair-wise correlation among samples. For the PrimeView chip, the customized CDF (version 17, ENTREZG) downloaded from the BrainArray website was performed in probe set mapping. IQR was applied for raw data filtering using the genefilter package, and the threshold was set to remove probes/genes with IQR less than the 20th percentile of the IQR’s across all probes/genes. . Normalization was performed with RMA algorithm that includes global background adjustment and quantile normalization. The resulting matrix showed genes as rows and samples as columns was log2 transformed and used as input for linear modeling using the limma package.The limma package was performed to identify differentially expressed genes (DEG) at any time point post immunization, compared with baseline (Day 0). Empirical Bayes moderation of the standard error and Benjamini and Hochberg false-discovery rate (FDR) correction for multiple testing were employed, and the criteria for differentially expressed genes (DEG) were threshold fold change more than 1.5 and BH adjusted FDR less than 0.01.
GSM2184788	platform_id	0	21	GPL21975
GSM2184788	contact_name	0	22	Yiming,,Shao
GSM2184788	contact_email	0	23	yshao@bjmu.edu.cn
GSM2184788	contact_department	0	24	National Center for AIDS/STD Control and Prevention
GSM2184788	contact_institute	0	25	Chinese Center for Disease Control and Prevention
GSM2184788	contact_address	0	26	No. 155 Changbai Road, Changping District
GSM2184788	contact_city	0	27	Beijing
GSM2184788	contact_state	0	28	Beijing
GSM2184788	contact_zip/postal_code	0	29	102206
GSM2184788	contact_country	0	30	China
GSM2184788	supplementary_file	0	31	ftp://ftp.ncbi.nlm.nih.gov/geo/samples/GSM2184nnn/GSM2184788/suppl/GSM2184788_YFV2012004-9.CEL.gz
GSM2184788	data_row_count	0	32	18563
GSM2184789	title	0	0	YFV2012006 PBMC Day 0
GSM2184789	geo_accession	0	1	GSM2184789
GSM2184789	status	0	2	Public on Jun 25 2017
GSM2184789	submission_date	0	3	Jun 02 2016
GSM2184789	last_update_date	0	4	Jun 26 2017
GSM2184789	type	0	5	RNA
GSM2184789	channel_count	0	6	1
GSM2184789	source_name_ch1	0	7	human Day 0
GSM2184789	organism_ch1	0	8	Homo sapiens
GSM2184789	characteristics_ch1	0	9	subject id: YFV2012006
GSM2184789	characteristics_ch1	1	10	time points: Day 0
GSM2184789	characteristics_ch1	2	11	groups: G1
GSM2184789	characteristics_ch1	3	12	gender: Female
GSM2184789	molecule_ch1	0	13	total RNA
GSM2184789	extract_protocol_ch1	0	14	After PMBC isolation, 1 × 10^6 PBMC cells were lysed in 1 ml of TRIzol (Life technologies, Carlsbad, CA, USA) immediately and stored at -80℃. The samples were thawed and RNA extracted following the manufacturer’s instructions. The quality of the RNA was assessed by using Nanodrop 2000 Spectrometer (Thermo Scientific, MA, USA) as well as by visualization of the integrity of the 28S and 18S band on Agilent Bioanalyzer 2100 (Agilent technologies, Santa Clara, CA, USA).  Qualified total RNA was further purified by RNeasy micro kit (QIAGEN, GmBH, Germany) and removed genomic contamination by RNase-Free DNase Set (QIAGEN, GmBH, Germany).  The purified RNA was stored at -80℃.
GSM2184789	label_ch1	0	15	biotin
GSM2184789	label_protocol_ch1	0	16	Total RNA were amplified, labeled and purified by using the GeneChip 3’IVT Express Kit (Affymetrix, Santa Clara, CA, USA) followed the manufacturer’s instructions to obtain biotin labeled cRNA.
GSM2184789	taxid_ch1	0	17	9606
GSM2184789	hyb_protocol	0	18	After hybridization on Human PrimeView Arrays for 16 h at 45℃ and 60 rpm in Hybridization Oven 640 (Affymetrix, Santa Clara, CA, USA), slides were washed and stained with a Fluidics Station 450 (Affymetrix, Santa Clara, CA, USA).
GSM2184789	scan_protocol	0	19	Scanning was performed on a seventh-generation GeneChip Scanner 3000 (Affymetrix, Santa Clara, CA, USA). Affymetrix GCOS software was used to perform image analysis and generate raw intensity data.
GSM2184789	data_processing	0	20	Initially, data quality was assessed by background level, 3’ labeling bias, RNA quality and pair-wise correlation among samples. For the PrimeView chip, the customized CDF (version 17, ENTREZG) downloaded from the BrainArray website was performed in probe set mapping. IQR was applied for raw data filtering using the genefilter package, and the threshold was set to remove probes/genes with IQR less than the 20th percentile of the IQR’s across all probes/genes. . Normalization was performed with RMA algorithm that includes global background adjustment and quantile normalization. The resulting matrix showed genes as rows and samples as columns was log2 transformed and used as input for linear modeling using the limma package.The limma package was performed to identify differentially expressed genes (DEG) at any time point post immunization, compared with baseline (Day 0). Empirical Bayes moderation of the standard error and Benjamini and Hochberg false-discovery rate (FDR) correction for multiple testing were employed, and the criteria for differentially expressed genes (DEG) were threshold fold change more than 1.5 and BH adjusted FDR less than 0.01.
GSM2184789	platform_id	0	21	GPL21975
GSM2184789	contact_name	0	22	Yiming,,Shao
GSM2184789	contact_email	0	23	yshao@bjmu.edu.cn
GSM2184789	contact_department	0	24	National Center for AIDS/STD Control and Prevention
GSM2184789	contact_institute	0	25	Chinese Center for Disease Control and Prevention
GSM2184789	contact_address	0	26	No. 155 Changbai Road, Changping District
GSM2184789	contact_city	0	27	Beijing
GSM2184789	contact_state	0	28	Beijing
GSM2184789	contact_zip/postal_code	0	29	102206
GSM2184789	contact_country	0	30	China
GSM2184789	supplementary_file	0	31	ftp://ftp.ncbi.nlm.nih.gov/geo/samples/GSM2184nnn/GSM2184789/suppl/GSM2184789_YFV2012006-1.CEL.gz
GSM2184789	data_row_count	0	32	18563
GSM2184790	title	0	0	YFV2012006 PBMC Hour 4
GSM2184790	geo_accession	0	1	GSM2184790
GSM2184790	status	0	2	Public on Jun 25 2017
GSM2184790	submission_date	0	3	Jun 02 2016
GSM2184790	last_update_date	0	4	Jun 26 2017
GSM2184790	type	0	5	RNA
GSM2184790	channel_count	0	6	1
GSM2184790	source_name_ch1	0	7	human Hour 4
GSM2184790	organism_ch1	0	8	Homo sapiens
GSM2184790	characteristics_ch1	0	9	subject id: YFV2012006
GSM2184790	characteristics_ch1	1	10	time points: Hour 4
GSM2184790	characteristics_ch1	2	11	groups: G2
GSM2184790	characteristics_ch1	3	12	gender: Female
GSM2184790	molecule_ch1	0	13	total RNA
GSM2184790	extract_protocol_ch1	0	14	After PMBC isolation, 1 × 10^6 PBMC cells were lysed in 1 ml of TRIzol (Life technologies, Carlsbad, CA, USA) immediately and stored at -80℃. The samples were thawed and RNA extracted following the manufacturer’s instructions. The quality of the RNA was assessed by using Nanodrop 2000 Spectrometer (Thermo Scientific, MA, USA) as well as by visualization of the integrity of the 28S and 18S band on Agilent Bioanalyzer 2100 (Agilent technologies, Santa Clara, CA, USA).  Qualified total RNA was further purified by RNeasy micro kit (QIAGEN, GmBH, Germany) and removed genomic contamination by RNase-Free DNase Set (QIAGEN, GmBH, Germany).  The purified RNA was stored at -80℃.
GSM2184790	label_ch1	0	15	biotin
GSM2184790	label_protocol_ch1	0	16	Total RNA were amplified, labeled and purified by using the GeneChip 3’IVT Express Kit (Affymetrix, Santa Clara, CA, USA) followed the manufacturer’s instructions to obtain biotin labeled cRNA.
GSM2184790	taxid_ch1	0	17	9606
GSM2184790	hyb_protocol	0	18	After hybridization on Human PrimeView Arrays for 16 h at 45℃ and 60 rpm in Hybridization Oven 640 (Affymetrix, Santa Clara, CA, USA), slides were washed and stained with a Fluidics Station 450 (Affymetrix, Santa Clara, CA, USA).
GSM2184790	scan_protocol	0	19	Scanning was performed on a seventh-generation GeneChip Scanner 3000 (Affymetrix, Santa Clara, CA, USA). Affymetrix GCOS software was used to perform image analysis and generate raw intensity data.
GSM2184790	data_processing	0	20	Initially, data quality was assessed by background level, 3’ labeling bias, RNA quality and pair-wise correlation among samples. For the PrimeView chip, the customized CDF (version 17, ENTREZG) downloaded from the BrainArray website was performed in probe set mapping. IQR was applied for raw data filtering using the genefilter package, and the threshold was set to remove probes/genes with IQR less than the 20th percentile of the IQR’s across all probes/genes. . Normalization was performed with RMA algorithm that includes global background adjustment and quantile normalization. The resulting matrix showed genes as rows and samples as columns was log2 transformed and used as input for linear modeling using the limma package.The limma package was performed to identify differentially expressed genes (DEG) at any time point post immunization, compared with baseline (Day 0). Empirical Bayes moderation of the standard error and Benjamini and Hochberg false-discovery rate (FDR) correction for multiple testing were employed, and the criteria for differentially expressed genes (DEG) were threshold fold change more than 1.5 and BH adjusted FDR less than 0.01.
GSM2184790	platform_id	0	21	GPL21975
GSM2184790	contact_name	0	22	Yiming,,Shao
GSM2184790	contact_email	0	23	yshao@bjmu.edu.cn
GSM2184790	contact_department	0	24	National Center for AIDS/STD Control and Prevention
GSM2184790	contact_institute	0	25	Chinese Center for Disease Control and Prevention
GSM2184790	contact_address	0	26	No. 155 Changbai Road, Changping District
GSM2184790	contact_city	0	27	Beijing
GSM2184790	contact_state	0	28	Beijing
GSM2184790	contact_zip/postal_code	0	29	102206
GSM2184790	contact_country	0	30	China
GSM2184790	supplementary_file	0	31	ftp://ftp.ncbi.nlm.nih.gov/geo/samples/GSM2184nnn/GSM2184790/suppl/GSM2184790_YFV2012006-2.CEL.gz
GSM2184790	data_row_count	0	32	18563
GSM2184791	title	0	0	YFV2012006 PBMC Day 7
GSM2184791	geo_accession	0	1	GSM2184791
GSM2184791	status	0	2	Public on Jun 25 2017
GSM2184791	submission_date	0	3	Jun 02 2016
GSM2184791	last_update_date	0	4	Jun 26 2017
GSM2184791	type	0	5	RNA
GSM2184791	channel_count	0	6	1
GSM2184791	source_name_ch1	0	7	human Day 7
GSM2184791	organism_ch1	0	8	Homo sapiens
GSM2184791	characteristics_ch1	0	9	subject id: YFV2012006
GSM2184791	characteristics_ch1	1	10	time points: Day 7
GSM2184791	characteristics_ch1	2	11	groups: G7
GSM2184791	characteristics_ch1	3	12	gender: Female
GSM2184791	molecule_ch1	0	13	total RNA
GSM2184791	extract_protocol_ch1	0	14	After PMBC isolation, 1 × 10^6 PBMC cells were lysed in 1 ml of TRIzol (Life technologies, Carlsbad, CA, USA) immediately and stored at -80℃. The samples were thawed and RNA extracted following the manufacturer’s instructions. The quality of the RNA was assessed by using Nanodrop 2000 Spectrometer (Thermo Scientific, MA, USA) as well as by visualization of the integrity of the 28S and 18S band on Agilent Bioanalyzer 2100 (Agilent technologies, Santa Clara, CA, USA).  Qualified total RNA was further purified by RNeasy micro kit (QIAGEN, GmBH, Germany) and removed genomic contamination by RNase-Free DNase Set (QIAGEN, GmBH, Germany).  The purified RNA was stored at -80℃.
GSM2184791	label_ch1	0	15	biotin
GSM2184791	label_protocol_ch1	0	16	Total RNA were amplified, labeled and purified by using the GeneChip 3’IVT Express Kit (Affymetrix, Santa Clara, CA, USA) followed the manufacturer’s instructions to obtain biotin labeled cRNA.
GSM2184791	taxid_ch1	0	17	9606
GSM2184791	hyb_protocol	0	18	After hybridization on Human PrimeView Arrays for 16 h at 45℃ and 60 rpm in Hybridization Oven 640 (Affymetrix, Santa Clara, CA, USA), slides were washed and stained with a Fluidics Station 450 (Affymetrix, Santa Clara, CA, USA).
GSM2184791	scan_protocol	0	19	Scanning was performed on a seventh-generation GeneChip Scanner 3000 (Affymetrix, Santa Clara, CA, USA). Affymetrix GCOS software was used to perform image analysis and generate raw intensity data.
GSM2184791	data_processing	0	20	Initially, data quality was assessed by background level, 3’ labeling bias, RNA quality and pair-wise correlation among samples. For the PrimeView chip, the customized CDF (version 17, ENTREZG) downloaded from the BrainArray website was performed in probe set mapping. IQR was applied for raw data filtering using the genefilter package, and the threshold was set to remove probes/genes with IQR less than the 20th percentile of the IQR’s across all probes/genes. . Normalization was performed with RMA algorithm that includes global background adjustment and quantile normalization. The resulting matrix showed genes as rows and samples as columns was log2 transformed and used as input for linear modeling using the limma package.The limma package was performed to identify differentially expressed genes (DEG) at any time point post immunization, compared with baseline (Day 0). Empirical Bayes moderation of the standard error and Benjamini and Hochberg false-discovery rate (FDR) correction for multiple testing were employed, and the criteria for differentially expressed genes (DEG) were threshold fold change more than 1.5 and BH adjusted FDR less than 0.01.
GSM2184791	platform_id	0	21	GPL21975
GSM2184791	contact_name	0	22	Yiming,,Shao
GSM2184791	contact_email	0	23	yshao@bjmu.edu.cn
GSM2184791	contact_department	0	24	National Center for AIDS/STD Control and Prevention
GSM2184791	contact_institute	0	25	Chinese Center for Disease Control and Prevention
GSM2184791	contact_address	0	26	No. 155 Changbai Road, Changping District
GSM2184791	contact_city	0	27	Beijing
GSM2184791	contact_state	0	28	Beijing
GSM2184791	contact_zip/postal_code	0	29	102206
GSM2184791	contact_country	0	30	China
GSM2184791	supplementary_file	0	31	ftp://ftp.ncbi.nlm.nih.gov/geo/samples/GSM2184nnn/GSM2184791/suppl/GSM2184791_YFV2012006-7.CEL.gz
GSM2184791	data_row_count	0	32	18563
GSM2184792	title	0	0	YFV2012006 PBMC Day 28
GSM2184792	geo_accession	0	1	GSM2184792
GSM2184792	status	0	2	Public on Jun 25 2017
GSM2184792	submission_date	0	3	Jun 02 2016
GSM2184792	last_update_date	0	4	Jun 26 2017
GSM2184792	type	0	5	RNA
GSM2184792	channel_count	0	6	1
GSM2184792	source_name_ch1	0	7	human Day 28
GSM2184792	organism_ch1	0	8	Homo sapiens
GSM2184792	characteristics_ch1	0	9	subject id: YFV2012006
GSM2184792	characteristics_ch1	1	10	time points: Day 28
GSM2184792	characteristics_ch1	2	11	groups: G9
GSM2184792	characteristics_ch1	3	12	gender: Female
GSM2184792	molecule_ch1	0	13	total RNA
GSM2184792	extract_protocol_ch1	0	14	After PMBC isolation, 1 × 10^6 PBMC cells were lysed in 1 ml of TRIzol (Life technologies, Carlsbad, CA, USA) immediately and stored at -80℃. The samples were thawed and RNA extracted following the manufacturer’s instructions. The quality of the RNA was assessed by using Nanodrop 2000 Spectrometer (Thermo Scientific, MA, USA) as well as by visualization of the integrity of the 28S and 18S band on Agilent Bioanalyzer 2100 (Agilent technologies, Santa Clara, CA, USA).  Qualified total RNA was further purified by RNeasy micro kit (QIAGEN, GmBH, Germany) and removed genomic contamination by RNase-Free DNase Set (QIAGEN, GmBH, Germany).  The purified RNA was stored at -80℃.
GSM2184792	label_ch1	0	15	biotin
GSM2184792	label_protocol_ch1	0	16	Total RNA were amplified, labeled and purified by using the GeneChip 3’IVT Express Kit (Affymetrix, Santa Clara, CA, USA) followed the manufacturer’s instructions to obtain biotin labeled cRNA.
GSM2184792	taxid_ch1	0	17	9606
GSM2184792	hyb_protocol	0	18	After hybridization on Human PrimeView Arrays for 16 h at 45℃ and 60 rpm in Hybridization Oven 640 (Affymetrix, Santa Clara, CA, USA), slides were washed and stained with a Fluidics Station 450 (Affymetrix, Santa Clara, CA, USA).
GSM2184792	scan_protocol	0	19	Scanning was performed on a seventh-generation GeneChip Scanner 3000 (Affymetrix, Santa Clara, CA, USA). Affymetrix GCOS software was used to perform image analysis and generate raw intensity data.
GSM2184792	data_processing	0	20	Initially, data quality was assessed by background level, 3’ labeling bias, RNA quality and pair-wise correlation among samples. For the PrimeView chip, the customized CDF (version 17, ENTREZG) downloaded from the BrainArray website was performed in probe set mapping. IQR was applied for raw data filtering using the genefilter package, and the threshold was set to remove probes/genes with IQR less than the 20th percentile of the IQR’s across all probes/genes. . Normalization was performed with RMA algorithm that includes global background adjustment and quantile normalization. The resulting matrix showed genes as rows and samples as columns was log2 transformed and used as input for linear modeling using the limma package.The limma package was performed to identify differentially expressed genes (DEG) at any time point post immunization, compared with baseline (Day 0). Empirical Bayes moderation of the standard error and Benjamini and Hochberg false-discovery rate (FDR) correction for multiple testing were employed, and the criteria for differentially expressed genes (DEG) were threshold fold change more than 1.5 and BH adjusted FDR less than 0.01.
GSM2184792	platform_id	0	21	GPL21975
GSM2184792	contact_name	0	22	Yiming,,Shao
GSM2184792	contact_email	0	23	yshao@bjmu.edu.cn
GSM2184792	contact_department	0	24	National Center for AIDS/STD Control and Prevention
GSM2184792	contact_institute	0	25	Chinese Center for Disease Control and Prevention
GSM2184792	contact_address	0	26	No. 155 Changbai Road, Changping District
GSM2184792	contact_city	0	27	Beijing
GSM2184792	contact_state	0	28	Beijing
GSM2184792	contact_zip/postal_code	0	29	102206
GSM2184792	contact_country	0	30	China
GSM2184792	supplementary_file	0	31	ftp://ftp.ncbi.nlm.nih.gov/geo/samples/GSM2184nnn/GSM2184792/suppl/GSM2184792_YFV2012006-9.CEL.gz
GSM2184792	data_row_count	0	32	18563
GSM2184793	title	0	0	YFV2012007 PBMC Day 0
GSM2184793	geo_accession	0	1	GSM2184793
GSM2184793	status	0	2	Public on Jun 25 2017
GSM2184793	submission_date	0	3	Jun 02 2016
GSM2184793	last_update_date	0	4	Jun 26 2017
GSM2184793	type	0	5	RNA
GSM2184793	channel_count	0	6	1
GSM2184793	source_name_ch1	0	7	human Day 0
GSM2184793	organism_ch1	0	8	Homo sapiens
GSM2184793	characteristics_ch1	0	9	subject id: YFV2012007
GSM2184793	characteristics_ch1	1	10	time points: Day 0
GSM2184793	characteristics_ch1	2	11	groups: G1
GSM2184793	characteristics_ch1	3	12	gender: Female
GSM2184793	molecule_ch1	0	13	total RNA
GSM2184793	extract_protocol_ch1	0	14	After PMBC isolation, 1 × 10^6 PBMC cells were lysed in 1 ml of TRIzol (Life technologies, Carlsbad, CA, USA) immediately and stored at -80℃. The samples were thawed and RNA extracted following the manufacturer’s instructions. The quality of the RNA was assessed by using Nanodrop 2000 Spectrometer (Thermo Scientific, MA, USA) as well as by visualization of the integrity of the 28S and 18S band on Agilent Bioanalyzer 2100 (Agilent technologies, Santa Clara, CA, USA).  Qualified total RNA was further purified by RNeasy micro kit (QIAGEN, GmBH, Germany) and removed genomic contamination by RNase-Free DNase Set (QIAGEN, GmBH, Germany).  The purified RNA was stored at -80℃.
GSM2184793	label_ch1	0	15	biotin
GSM2184793	label_protocol_ch1	0	16	Total RNA were amplified, labeled and purified by using the GeneChip 3’IVT Express Kit (Affymetrix, Santa Clara, CA, USA) followed the manufacturer’s instructions to obtain biotin labeled cRNA.
GSM2184793	taxid_ch1	0	17	9606
GSM2184793	hyb_protocol	0	18	After hybridization on Human PrimeView Arrays for 16 h at 45℃ and 60 rpm in Hybridization Oven 640 (Affymetrix, Santa Clara, CA, USA), slides were washed and stained with a Fluidics Station 450 (Affymetrix, Santa Clara, CA, USA).
GSM2184793	scan_protocol	0	19	Scanning was performed on a seventh-generation GeneChip Scanner 3000 (Affymetrix, Santa Clara, CA, USA). Affymetrix GCOS software was used to perform image analysis and generate raw intensity data.
GSM2184793	data_processing	0	20	Initially, data quality was assessed by background level, 3’ labeling bias, RNA quality and pair-wise correlation among samples. For the PrimeView chip, the customized CDF (version 17, ENTREZG) downloaded from the BrainArray website was performed in probe set mapping. IQR was applied for raw data filtering using the genefilter package, and the threshold was set to remove probes/genes with IQR less than the 20th percentile of the IQR’s across all probes/genes. . Normalization was performed with RMA algorithm that includes global background adjustment and quantile normalization. The resulting matrix showed genes as rows and samples as columns was log2 transformed and used as input for linear modeling using the limma package.The limma package was performed to identify differentially expressed genes (DEG) at any time point post immunization, compared with baseline (Day 0). Empirical Bayes moderation of the standard error and Benjamini and Hochberg false-discovery rate (FDR) correction for multiple testing were employed, and the criteria for differentially expressed genes (DEG) were threshold fold change more than 1.5 and BH adjusted FDR less than 0.01.
GSM2184793	platform_id	0	21	GPL21975
GSM2184793	contact_name	0	22	Yiming,,Shao
GSM2184793	contact_email	0	23	yshao@bjmu.edu.cn
GSM2184793	contact_department	0	24	National Center for AIDS/STD Control and Prevention
GSM2184793	contact_institute	0	25	Chinese Center for Disease Control and Prevention
GSM2184793	contact_address	0	26	No. 155 Changbai Road, Changping District
GSM2184793	contact_city	0	27	Beijing
GSM2184793	contact_state	0	28	Beijing
GSM2184793	contact_zip/postal_code	0	29	102206
GSM2184793	contact_country	0	30	China
GSM2184793	supplementary_file	0	31	ftp://ftp.ncbi.nlm.nih.gov/geo/samples/GSM2184nnn/GSM2184793/suppl/GSM2184793_YFV2012007-1.CEL.gz
GSM2184793	data_row_count	0	32	18563
GSM2184794	title	0	0	YFV2012007 PBMC Hour 4
GSM2184794	geo_accession	0	1	GSM2184794
GSM2184794	status	0	2	Public on Jun 25 2017
GSM2184794	submission_date	0	3	Jun 02 2016
GSM2184794	last_update_date	0	4	Jun 26 2017
GSM2184794	type	0	5	RNA
GSM2184794	channel_count	0	6	1
GSM2184794	source_name_ch1	0	7	human Hour 4
GSM2184794	organism_ch1	0	8	Homo sapiens
GSM2184794	characteristics_ch1	0	9	subject id: YFV2012007
GSM2184794	characteristics_ch1	1	10	time points: Hour 4
GSM2184794	characteristics_ch1	2	11	groups: G2
GSM2184794	characteristics_ch1	3	12	gender: Female
GSM2184794	molecule_ch1	0	13	total RNA
GSM2184794	extract_protocol_ch1	0	14	After PMBC isolation, 1 × 10^6 PBMC cells were lysed in 1 ml of TRIzol (Life technologies, Carlsbad, CA, USA) immediately and stored at -80℃. The samples were thawed and RNA extracted following the manufacturer’s instructions. The quality of the RNA was assessed by using Nanodrop 2000 Spectrometer (Thermo Scientific, MA, USA) as well as by visualization of the integrity of the 28S and 18S band on Agilent Bioanalyzer 2100 (Agilent technologies, Santa Clara, CA, USA).  Qualified total RNA was further purified by RNeasy micro kit (QIAGEN, GmBH, Germany) and removed genomic contamination by RNase-Free DNase Set (QIAGEN, GmBH, Germany).  The purified RNA was stored at -80℃.
GSM2184794	label_ch1	0	15	biotin
GSM2184794	label_protocol_ch1	0	16	Total RNA were amplified, labeled and purified by using the GeneChip 3’IVT Express Kit (Affymetrix, Santa Clara, CA, USA) followed the manufacturer’s instructions to obtain biotin labeled cRNA.
GSM2184794	taxid_ch1	0	17	9606
GSM2184794	hyb_protocol	0	18	After hybridization on Human PrimeView Arrays for 16 h at 45℃ and 60 rpm in Hybridization Oven 640 (Affymetrix, Santa Clara, CA, USA), slides were washed and stained with a Fluidics Station 450 (Affymetrix, Santa Clara, CA, USA).
GSM2184794	scan_protocol	0	19	Scanning was performed on a seventh-generation GeneChip Scanner 3000 (Affymetrix, Santa Clara, CA, USA). Affymetrix GCOS software was used to perform image analysis and generate raw intensity data.
GSM2184794	data_processing	0	20	Initially, data quality was assessed by background level, 3’ labeling bias, RNA quality and pair-wise correlation among samples. For the PrimeView chip, the customized CDF (version 17, ENTREZG) downloaded from the BrainArray website was performed in probe set mapping. IQR was applied for raw data filtering using the genefilter package, and the threshold was set to remove probes/genes with IQR less than the 20th percentile of the IQR’s across all probes/genes. . Normalization was performed with RMA algorithm that includes global background adjustment and quantile normalization. The resulting matrix showed genes as rows and samples as columns was log2 transformed and used as input for linear modeling using the limma package.The limma package was performed to identify differentially expressed genes (DEG) at any time point post immunization, compared with baseline (Day 0). Empirical Bayes moderation of the standard error and Benjamini and Hochberg false-discovery rate (FDR) correction for multiple testing were employed, and the criteria for differentially expressed genes (DEG) were threshold fold change more than 1.5 and BH adjusted FDR less than 0.01.
GSM2184794	platform_id	0	21	GPL21975
GSM2184794	contact_name	0	22	Yiming,,Shao
GSM2184794	contact_email	0	23	yshao@bjmu.edu.cn
GSM2184794	contact_department	0	24	National Center for AIDS/STD Control and Prevention
GSM2184794	contact_institute	0	25	Chinese Center for Disease Control and Prevention
GSM2184794	contact_address	0	26	No. 155 Changbai Road, Changping District
GSM2184794	contact_city	0	27	Beijing
GSM2184794	contact_state	0	28	Beijing
GSM2184794	contact_zip/postal_code	0	29	102206
GSM2184794	contact_country	0	30	China
GSM2184794	supplementary_file	0	31	ftp://ftp.ncbi.nlm.nih.gov/geo/samples/GSM2184nnn/GSM2184794/suppl/GSM2184794_YFV2012007-2.CEL.gz
GSM2184794	data_row_count	0	32	18563
GSM2184795	title	0	0	YFV2012007 PBMC Day 7
GSM2184795	geo_accession	0	1	GSM2184795
GSM2184795	status	0	2	Public on Jun 25 2017
GSM2184795	submission_date	0	3	Jun 02 2016
GSM2184795	last_update_date	0	4	Jun 26 2017
GSM2184795	type	0	5	RNA
GSM2184795	channel_count	0	6	1
GSM2184795	source_name_ch1	0	7	human Day 7
GSM2184795	organism_ch1	0	8	Homo sapiens
GSM2184795	characteristics_ch1	0	9	subject id: YFV2012007
GSM2184795	characteristics_ch1	1	10	time points: Day 7
GSM2184795	characteristics_ch1	2	11	groups: G7
GSM2184795	characteristics_ch1	3	12	gender: Female
GSM2184795	molecule_ch1	0	13	total RNA
GSM2184795	extract_protocol_ch1	0	14	After PMBC isolation, 1 × 10^6 PBMC cells were lysed in 1 ml of TRIzol (Life technologies, Carlsbad, CA, USA) immediately and stored at -80℃. The samples were thawed and RNA extracted following the manufacturer’s instructions. The quality of the RNA was assessed by using Nanodrop 2000 Spectrometer (Thermo Scientific, MA, USA) as well as by visualization of the integrity of the 28S and 18S band on Agilent Bioanalyzer 2100 (Agilent technologies, Santa Clara, CA, USA).  Qualified total RNA was further purified by RNeasy micro kit (QIAGEN, GmBH, Germany) and removed genomic contamination by RNase-Free DNase Set (QIAGEN, GmBH, Germany).  The purified RNA was stored at -80℃.
GSM2184795	label_ch1	0	15	biotin
GSM2184795	label_protocol_ch1	0	16	Total RNA were amplified, labeled and purified by using the GeneChip 3’IVT Express Kit (Affymetrix, Santa Clara, CA, USA) followed the manufacturer’s instructions to obtain biotin labeled cRNA.
GSM2184795	taxid_ch1	0	17	9606
GSM2184795	hyb_protocol	0	18	After hybridization on Human PrimeView Arrays for 16 h at 45℃ and 60 rpm in Hybridization Oven 640 (Affymetrix, Santa Clara, CA, USA), slides were washed and stained with a Fluidics Station 450 (Affymetrix, Santa Clara, CA, USA).
GSM2184795	scan_protocol	0	19	Scanning was performed on a seventh-generation GeneChip Scanner 3000 (Affymetrix, Santa Clara, CA, USA). Affymetrix GCOS software was used to perform image analysis and generate raw intensity data.
GSM2184795	data_processing	0	20	Initially, data quality was assessed by background level, 3’ labeling bias, RNA quality and pair-wise correlation among samples. For the PrimeView chip, the customized CDF (version 17, ENTREZG) downloaded from the BrainArray website was performed in probe set mapping. IQR was applied for raw data filtering using the genefilter package, and the threshold was set to remove probes/genes with IQR less than the 20th percentile of the IQR’s across all probes/genes. . Normalization was performed with RMA algorithm that includes global background adjustment and quantile normalization. The resulting matrix showed genes as rows and samples as columns was log2 transformed and used as input for linear modeling using the limma package.The limma package was performed to identify differentially expressed genes (DEG) at any time point post immunization, compared with baseline (Day 0). Empirical Bayes moderation of the standard error and Benjamini and Hochberg false-discovery rate (FDR) correction for multiple testing were employed, and the criteria for differentially expressed genes (DEG) were threshold fold change more than 1.5 and BH adjusted FDR less than 0.01.
GSM2184795	platform_id	0	21	GPL21975
GSM2184795	contact_name	0	22	Yiming,,Shao
GSM2184795	contact_email	0	23	yshao@bjmu.edu.cn
GSM2184795	contact_department	0	24	National Center for AIDS/STD Control and Prevention
GSM2184795	contact_institute	0	25	Chinese Center for Disease Control and Prevention
GSM2184795	contact_address	0	26	No. 155 Changbai Road, Changping District
GSM2184795	contact_city	0	27	Beijing
GSM2184795	contact_state	0	28	Beijing
GSM2184795	contact_zip/postal_code	0	29	102206
GSM2184795	contact_country	0	30	China
GSM2184795	supplementary_file	0	31	ftp://ftp.ncbi.nlm.nih.gov/geo/samples/GSM2184nnn/GSM2184795/suppl/GSM2184795_YFV2012007-7.CEL.gz
GSM2184795	data_row_count	0	32	18563
GSM2184796	title	0	0	YFV2012007 PBMC Day 28
GSM2184796	geo_accession	0	1	GSM2184796
GSM2184796	status	0	2	Public on Jun 25 2017
GSM2184796	submission_date	0	3	Jun 02 2016
GSM2184796	last_update_date	0	4	Jun 26 2017
GSM2184796	type	0	5	RNA
GSM2184796	channel_count	0	6	1
GSM2184796	source_name_ch1	0	7	human Day 28
GSM2184796	organism_ch1	0	8	Homo sapiens
GSM2184796	characteristics_ch1	0	9	subject id: YFV2012007
GSM2184796	characteristics_ch1	1	10	time points: Day 28
GSM2184796	characteristics_ch1	2	11	groups: G9
GSM2184796	characteristics_ch1	3	12	gender: Female
GSM2184796	molecule_ch1	0	13	total RNA
GSM2184796	extract_protocol_ch1	0	14	After PMBC isolation, 1 × 10^6 PBMC cells were lysed in 1 ml of TRIzol (Life technologies, Carlsbad, CA, USA) immediately and stored at -80℃. The samples were thawed and RNA extracted following the manufacturer’s instructions. The quality of the RNA was assessed by using Nanodrop 2000 Spectrometer (Thermo Scientific, MA, USA) as well as by visualization of the integrity of the 28S and 18S band on Agilent Bioanalyzer 2100 (Agilent technologies, Santa Clara, CA, USA).  Qualified total RNA was further purified by RNeasy micro kit (QIAGEN, GmBH, Germany) and removed genomic contamination by RNase-Free DNase Set (QIAGEN, GmBH, Germany).  The purified RNA was stored at -80℃.
GSM2184796	label_ch1	0	15	biotin
GSM2184796	label_protocol_ch1	0	16	Total RNA were amplified, labeled and purified by using the GeneChip 3’IVT Express Kit (Affymetrix, Santa Clara, CA, USA) followed the manufacturer’s instructions to obtain biotin labeled cRNA.
GSM2184796	taxid_ch1	0	17	9606
GSM2184796	hyb_protocol	0	18	After hybridization on Human PrimeView Arrays for 16 h at 45℃ and 60 rpm in Hybridization Oven 640 (Affymetrix, Santa Clara, CA, USA), slides were washed and stained with a Fluidics Station 450 (Affymetrix, Santa Clara, CA, USA).
GSM2184796	scan_protocol	0	19	Scanning was performed on a seventh-generation GeneChip Scanner 3000 (Affymetrix, Santa Clara, CA, USA). Affymetrix GCOS software was used to perform image analysis and generate raw intensity data.
GSM2184796	data_processing	0	20	Initially, data quality was assessed by background level, 3’ labeling bias, RNA quality and pair-wise correlation among samples. For the PrimeView chip, the customized CDF (version 17, ENTREZG) downloaded from the BrainArray website was performed in probe set mapping. IQR was applied for raw data filtering using the genefilter package, and the threshold was set to remove probes/genes with IQR less than the 20th percentile of the IQR’s across all probes/genes. . Normalization was performed with RMA algorithm that includes global background adjustment and quantile normalization. The resulting matrix showed genes as rows and samples as columns was log2 transformed and used as input for linear modeling using the limma package.The limma package was performed to identify differentially expressed genes (DEG) at any time point post immunization, compared with baseline (Day 0). Empirical Bayes moderation of the standard error and Benjamini and Hochberg false-discovery rate (FDR) correction for multiple testing were employed, and the criteria for differentially expressed genes (DEG) were threshold fold change more than 1.5 and BH adjusted FDR less than 0.01.
GSM2184796	platform_id	0	21	GPL21975
GSM2184796	contact_name	0	22	Yiming,,Shao
GSM2184796	contact_email	0	23	yshao@bjmu.edu.cn
GSM2184796	contact_department	0	24	National Center for AIDS/STD Control and Prevention
GSM2184796	contact_institute	0	25	Chinese Center for Disease Control and Prevention
GSM2184796	contact_address	0	26	No. 155 Changbai Road, Changping District
GSM2184796	contact_city	0	27	Beijing
GSM2184796	contact_state	0	28	Beijing
GSM2184796	contact_zip/postal_code	0	29	102206
GSM2184796	contact_country	0	30	China
GSM2184796	supplementary_file	0	31	ftp://ftp.ncbi.nlm.nih.gov/geo/samples/GSM2184nnn/GSM2184796/suppl/GSM2184796_YFV2012007-9.CEL.gz
GSM2184796	data_row_count	0	32	18563
GSM2184797	title	0	0	YFV2012008 PBMC Day 0
GSM2184797	geo_accession	0	1	GSM2184797
GSM2184797	status	0	2	Public on Jun 25 2017
GSM2184797	submission_date	0	3	Jun 02 2016
GSM2184797	last_update_date	0	4	Jun 26 2017
GSM2184797	type	0	5	RNA
GSM2184797	channel_count	0	6	1
GSM2184797	source_name_ch1	0	7	human Day 0
GSM2184797	organism_ch1	0	8	Homo sapiens
GSM2184797	characteristics_ch1	0	9	subject id: YFV2012008
GSM2184797	characteristics_ch1	1	10	time points: Day 0
GSM2184797	characteristics_ch1	2	11	groups: G1
GSM2184797	characteristics_ch1	3	12	gender: Male
GSM2184797	molecule_ch1	0	13	total RNA
GSM2184797	extract_protocol_ch1	0	14	After PMBC isolation, 1 × 10^6 PBMC cells were lysed in 1 ml of TRIzol (Life technologies, Carlsbad, CA, USA) immediately and stored at -80℃. The samples were thawed and RNA extracted following the manufacturer’s instructions. The quality of the RNA was assessed by using Nanodrop 2000 Spectrometer (Thermo Scientific, MA, USA) as well as by visualization of the integrity of the 28S and 18S band on Agilent Bioanalyzer 2100 (Agilent technologies, Santa Clara, CA, USA).  Qualified total RNA was further purified by RNeasy micro kit (QIAGEN, GmBH, Germany) and removed genomic contamination by RNase-Free DNase Set (QIAGEN, GmBH, Germany).  The purified RNA was stored at -80℃.
GSM2184797	label_ch1	0	15	biotin
GSM2184797	label_protocol_ch1	0	16	Total RNA were amplified, labeled and purified by using the GeneChip 3’IVT Express Kit (Affymetrix, Santa Clara, CA, USA) followed the manufacturer’s instructions to obtain biotin labeled cRNA.
GSM2184797	taxid_ch1	0	17	9606
GSM2184797	hyb_protocol	0	18	After hybridization on Human PrimeView Arrays for 16 h at 45℃ and 60 rpm in Hybridization Oven 640 (Affymetrix, Santa Clara, CA, USA), slides were washed and stained with a Fluidics Station 450 (Affymetrix, Santa Clara, CA, USA).
GSM2184797	scan_protocol	0	19	Scanning was performed on a seventh-generation GeneChip Scanner 3000 (Affymetrix, Santa Clara, CA, USA). Affymetrix GCOS software was used to perform image analysis and generate raw intensity data.
GSM2184797	data_processing	0	20	Initially, data quality was assessed by background level, 3’ labeling bias, RNA quality and pair-wise correlation among samples. For the PrimeView chip, the customized CDF (version 17, ENTREZG) downloaded from the BrainArray website was performed in probe set mapping. IQR was applied for raw data filtering using the genefilter package, and the threshold was set to remove probes/genes with IQR less than the 20th percentile of the IQR’s across all probes/genes. . Normalization was performed with RMA algorithm that includes global background adjustment and quantile normalization. The resulting matrix showed genes as rows and samples as columns was log2 transformed and used as input for linear modeling using the limma package.The limma package was performed to identify differentially expressed genes (DEG) at any time point post immunization, compared with baseline (Day 0). Empirical Bayes moderation of the standard error and Benjamini and Hochberg false-discovery rate (FDR) correction for multiple testing were employed, and the criteria for differentially expressed genes (DEG) were threshold fold change more than 1.5 and BH adjusted FDR less than 0.01.
GSM2184797	platform_id	0	21	GPL21975
GSM2184797	contact_name	0	22	Yiming,,Shao
GSM2184797	contact_email	0	23	yshao@bjmu.edu.cn
GSM2184797	contact_department	0	24	National Center for AIDS/STD Control and Prevention
GSM2184797	contact_institute	0	25	Chinese Center for Disease Control and Prevention
GSM2184797	contact_address	0	26	No. 155 Changbai Road, Changping District
GSM2184797	contact_city	0	27	Beijing
GSM2184797	contact_state	0	28	Beijing
GSM2184797	contact_zip/postal_code	0	29	102206
GSM2184797	contact_country	0	30	China
GSM2184797	supplementary_file	0	31	ftp://ftp.ncbi.nlm.nih.gov/geo/samples/GSM2184nnn/GSM2184797/suppl/GSM2184797_YFV2012008-1.CEL.gz
GSM2184797	data_row_count	0	32	18563
GSM2184798	title	0	0	YFV2012008 PBMC Hour 4
GSM2184798	geo_accession	0	1	GSM2184798
GSM2184798	status	0	2	Public on Jun 25 2017
GSM2184798	submission_date	0	3	Jun 02 2016
GSM2184798	last_update_date	0	4	Jun 26 2017
GSM2184798	type	0	5	RNA
GSM2184798	channel_count	0	6	1
GSM2184798	source_name_ch1	0	7	human Hour 4
GSM2184798	organism_ch1	0	8	Homo sapiens
GSM2184798	characteristics_ch1	0	9	subject id: YFV2012008
GSM2184798	characteristics_ch1	1	10	time points: Hour 4
GSM2184798	characteristics_ch1	2	11	groups: G2
GSM2184798	characteristics_ch1	3	12	gender: Male
GSM2184798	molecule_ch1	0	13	total RNA
GSM2184798	extract_protocol_ch1	0	14	After PMBC isolation, 1 × 10^6 PBMC cells were lysed in 1 ml of TRIzol (Life technologies, Carlsbad, CA, USA) immediately and stored at -80℃. The samples were thawed and RNA extracted following the manufacturer’s instructions. The quality of the RNA was assessed by using Nanodrop 2000 Spectrometer (Thermo Scientific, MA, USA) as well as by visualization of the integrity of the 28S and 18S band on Agilent Bioanalyzer 2100 (Agilent technologies, Santa Clara, CA, USA).  Qualified total RNA was further purified by RNeasy micro kit (QIAGEN, GmBH, Germany) and removed genomic contamination by RNase-Free DNase Set (QIAGEN, GmBH, Germany).  The purified RNA was stored at -80℃.
GSM2184798	label_ch1	0	15	biotin
GSM2184798	label_protocol_ch1	0	16	Total RNA were amplified, labeled and purified by using the GeneChip 3’IVT Express Kit (Affymetrix, Santa Clara, CA, USA) followed the manufacturer’s instructions to obtain biotin labeled cRNA.
GSM2184798	taxid_ch1	0	17	9606
GSM2184798	hyb_protocol	0	18	After hybridization on Human PrimeView Arrays for 16 h at 45℃ and 60 rpm in Hybridization Oven 640 (Affymetrix, Santa Clara, CA, USA), slides were washed and stained with a Fluidics Station 450 (Affymetrix, Santa Clara, CA, USA).
GSM2184798	scan_protocol	0	19	Scanning was performed on a seventh-generation GeneChip Scanner 3000 (Affymetrix, Santa Clara, CA, USA). Affymetrix GCOS software was used to perform image analysis and generate raw intensity data.
GSM2184798	data_processing	0	20	Initially, data quality was assessed by background level, 3’ labeling bias, RNA quality and pair-wise correlation among samples. For the PrimeView chip, the customized CDF (version 17, ENTREZG) downloaded from the BrainArray website was performed in probe set mapping. IQR was applied for raw data filtering using the genefilter package, and the threshold was set to remove probes/genes with IQR less than the 20th percentile of the IQR’s across all probes/genes. . Normalization was performed with RMA algorithm that includes global background adjustment and quantile normalization. The resulting matrix showed genes as rows and samples as columns was log2 transformed and used as input for linear modeling using the limma package.The limma package was performed to identify differentially expressed genes (DEG) at any time point post immunization, compared with baseline (Day 0). Empirical Bayes moderation of the standard error and Benjamini and Hochberg false-discovery rate (FDR) correction for multiple testing were employed, and the criteria for differentially expressed genes (DEG) were threshold fold change more than 1.5 and BH adjusted FDR less than 0.01.
GSM2184798	platform_id	0	21	GPL21975
GSM2184798	contact_name	0	22	Yiming,,Shao
GSM2184798	contact_email	0	23	yshao@bjmu.edu.cn
GSM2184798	contact_department	0	24	National Center for AIDS/STD Control and Prevention
GSM2184798	contact_institute	0	25	Chinese Center for Disease Control and Prevention
GSM2184798	contact_address	0	26	No. 155 Changbai Road, Changping District
GSM2184798	contact_city	0	27	Beijing
GSM2184798	contact_state	0	28	Beijing
GSM2184798	contact_zip/postal_code	0	29	102206
GSM2184798	contact_country	0	30	China
GSM2184798	supplementary_file	0	31	ftp://ftp.ncbi.nlm.nih.gov/geo/samples/GSM2184nnn/GSM2184798/suppl/GSM2184798_YFV2012008-2.CEL.gz
GSM2184798	data_row_count	0	32	18563
GSM2184799	title	0	0	YFV2012008 PBMC Day 7
GSM2184799	geo_accession	0	1	GSM2184799
GSM2184799	status	0	2	Public on Jun 25 2017
GSM2184799	submission_date	0	3	Jun 02 2016
GSM2184799	last_update_date	0	4	Jun 26 2017
GSM2184799	type	0	5	RNA
GSM2184799	channel_count	0	6	1
GSM2184799	source_name_ch1	0	7	human Day 7
GSM2184799	organism_ch1	0	8	Homo sapiens
GSM2184799	characteristics_ch1	0	9	subject id: YFV2012008
GSM2184799	characteristics_ch1	1	10	time points: Day 7
GSM2184799	characteristics_ch1	2	11	groups: G7
GSM2184799	characteristics_ch1	3	12	gender: Male
GSM2184799	molecule_ch1	0	13	total RNA
GSM2184799	extract_protocol_ch1	0	14	After PMBC isolation, 1 × 10^6 PBMC cells were lysed in 1 ml of TRIzol (Life technologies, Carlsbad, CA, USA) immediately and stored at -80℃. The samples were thawed and RNA extracted following the manufacturer’s instructions. The quality of the RNA was assessed by using Nanodrop 2000 Spectrometer (Thermo Scientific, MA, USA) as well as by visualization of the integrity of the 28S and 18S band on Agilent Bioanalyzer 2100 (Agilent technologies, Santa Clara, CA, USA).  Qualified total RNA was further purified by RNeasy micro kit (QIAGEN, GmBH, Germany) and removed genomic contamination by RNase-Free DNase Set (QIAGEN, GmBH, Germany).  The purified RNA was stored at -80℃.
GSM2184799	label_ch1	0	15	biotin
GSM2184799	label_protocol_ch1	0	16	Total RNA were amplified, labeled and purified by using the GeneChip 3’IVT Express Kit (Affymetrix, Santa Clara, CA, USA) followed the manufacturer’s instructions to obtain biotin labeled cRNA.
GSM2184799	taxid_ch1	0	17	9606
GSM2184799	hyb_protocol	0	18	After hybridization on Human PrimeView Arrays for 16 h at 45℃ and 60 rpm in Hybridization Oven 640 (Affymetrix, Santa Clara, CA, USA), slides were washed and stained with a Fluidics Station 450 (Affymetrix, Santa Clara, CA, USA).
GSM2184799	scan_protocol	0	19	Scanning was performed on a seventh-generation GeneChip Scanner 3000 (Affymetrix, Santa Clara, CA, USA). Affymetrix GCOS software was used to perform image analysis and generate raw intensity data.
GSM2184799	data_processing	0	20	Initially, data quality was assessed by background level, 3’ labeling bias, RNA quality and pair-wise correlation among samples. For the PrimeView chip, the customized CDF (version 17, ENTREZG) downloaded from the BrainArray website was performed in probe set mapping. IQR was applied for raw data filtering using the genefilter package, and the threshold was set to remove probes/genes with IQR less than the 20th percentile of the IQR’s across all probes/genes. . Normalization was performed with RMA algorithm that includes global background adjustment and quantile normalization. The resulting matrix showed genes as rows and samples as columns was log2 transformed and used as input for linear modeling using the limma package.The limma package was performed to identify differentially expressed genes (DEG) at any time point post immunization, compared with baseline (Day 0). Empirical Bayes moderation of the standard error and Benjamini and Hochberg false-discovery rate (FDR) correction for multiple testing were employed, and the criteria for differentially expressed genes (DEG) were threshold fold change more than 1.5 and BH adjusted FDR less than 0.01.
GSM2184799	platform_id	0	21	GPL21975
GSM2184799	contact_name	0	22	Yiming,,Shao
GSM2184799	contact_email	0	23	yshao@bjmu.edu.cn
GSM2184799	contact_department	0	24	National Center for AIDS/STD Control and Prevention
GSM2184799	contact_institute	0	25	Chinese Center for Disease Control and Prevention
GSM2184799	contact_address	0	26	No. 155 Changbai Road, Changping District
GSM2184799	contact_city	0	27	Beijing
GSM2184799	contact_state	0	28	Beijing
GSM2184799	contact_zip/postal_code	0	29	102206
GSM2184799	contact_country	0	30	China
GSM2184799	supplementary_file	0	31	ftp://ftp.ncbi.nlm.nih.gov/geo/samples/GSM2184nnn/GSM2184799/suppl/GSM2184799_YFV2012008-7.CEL.gz
GSM2184799	data_row_count	0	32	18563
GSM2184800	title	0	0	YFV2012008 PBMC Day 28
GSM2184800	geo_accession	0	1	GSM2184800
GSM2184800	status	0	2	Public on Jun 25 2017
GSM2184800	submission_date	0	3	Jun 02 2016
GSM2184800	last_update_date	0	4	Jun 26 2017
GSM2184800	type	0	5	RNA
GSM2184800	channel_count	0	6	1
GSM2184800	source_name_ch1	0	7	human Day 28
GSM2184800	organism_ch1	0	8	Homo sapiens
GSM2184800	characteristics_ch1	0	9	subject id: YFV2012008
GSM2184800	characteristics_ch1	1	10	time points: Day 28
GSM2184800	characteristics_ch1	2	11	groups: G9
GSM2184800	characteristics_ch1	3	12	gender: Male
GSM2184800	molecule_ch1	0	13	total RNA
GSM2184800	extract_protocol_ch1	0	14	After PMBC isolation, 1 × 10^6 PBMC cells were lysed in 1 ml of TRIzol (Life technologies, Carlsbad, CA, USA) immediately and stored at -80℃. The samples were thawed and RNA extracted following the manufacturer’s instructions. The quality of the RNA was assessed by using Nanodrop 2000 Spectrometer (Thermo Scientific, MA, USA) as well as by visualization of the integrity of the 28S and 18S band on Agilent Bioanalyzer 2100 (Agilent technologies, Santa Clara, CA, USA).  Qualified total RNA was further purified by RNeasy micro kit (QIAGEN, GmBH, Germany) and removed genomic contamination by RNase-Free DNase Set (QIAGEN, GmBH, Germany).  The purified RNA was stored at -80℃.
GSM2184800	label_ch1	0	15	biotin
GSM2184800	label_protocol_ch1	0	16	Total RNA were amplified, labeled and purified by using the GeneChip 3’IVT Express Kit (Affymetrix, Santa Clara, CA, USA) followed the manufacturer’s instructions to obtain biotin labeled cRNA.
GSM2184800	taxid_ch1	0	17	9606
GSM2184800	hyb_protocol	0	18	After hybridization on Human PrimeView Arrays for 16 h at 45℃ and 60 rpm in Hybridization Oven 640 (Affymetrix, Santa Clara, CA, USA), slides were washed and stained with a Fluidics Station 450 (Affymetrix, Santa Clara, CA, USA).
GSM2184800	scan_protocol	0	19	Scanning was performed on a seventh-generation GeneChip Scanner 3000 (Affymetrix, Santa Clara, CA, USA). Affymetrix GCOS software was used to perform image analysis and generate raw intensity data.
GSM2184800	data_processing	0	20	Initially, data quality was assessed by background level, 3’ labeling bias, RNA quality and pair-wise correlation among samples. For the PrimeView chip, the customized CDF (version 17, ENTREZG) downloaded from the BrainArray website was performed in probe set mapping. IQR was applied for raw data filtering using the genefilter package, and the threshold was set to remove probes/genes with IQR less than the 20th percentile of the IQR’s across all probes/genes. . Normalization was performed with RMA algorithm that includes global background adjustment and quantile normalization. The resulting matrix showed genes as rows and samples as columns was log2 transformed and used as input for linear modeling using the limma package.The limma package was performed to identify differentially expressed genes (DEG) at any time point post immunization, compared with baseline (Day 0). Empirical Bayes moderation of the standard error and Benjamini and Hochberg false-discovery rate (FDR) correction for multiple testing were employed, and the criteria for differentially expressed genes (DEG) were threshold fold change more than 1.5 and BH adjusted FDR less than 0.01.
GSM2184800	platform_id	0	21	GPL21975
GSM2184800	contact_name	0	22	Yiming,,Shao
GSM2184800	contact_email	0	23	yshao@bjmu.edu.cn
GSM2184800	contact_department	0	24	National Center for AIDS/STD Control and Prevention
GSM2184800	contact_institute	0	25	Chinese Center for Disease Control and Prevention
GSM2184800	contact_address	0	26	No. 155 Changbai Road, Changping District
GSM2184800	contact_city	0	27	Beijing
GSM2184800	contact_state	0	28	Beijing
GSM2184800	contact_zip/postal_code	0	29	102206
GSM2184800	contact_country	0	30	China
GSM2184800	supplementary_file	0	31	ftp://ftp.ncbi.nlm.nih.gov/geo/samples/GSM2184nnn/GSM2184800/suppl/GSM2184800_YFV2012008-9.CEL.gz
GSM2184800	data_row_count	0	32	18563
GSM2184801	title	0	0	YFV2012009 PBMC Day 0
GSM2184801	geo_accession	0	1	GSM2184801
GSM2184801	status	0	2	Public on Jun 25 2017
GSM2184801	submission_date	0	3	Jun 02 2016
GSM2184801	last_update_date	0	4	Jun 26 2017
GSM2184801	type	0	5	RNA
GSM2184801	channel_count	0	6	1
GSM2184801	source_name_ch1	0	7	human Day 0
GSM2184801	organism_ch1	0	8	Homo sapiens
GSM2184801	characteristics_ch1	0	9	subject id: YFV2012009
GSM2184801	characteristics_ch1	1	10	time points: Day 0
GSM2184801	characteristics_ch1	2	11	groups: G1
GSM2184801	characteristics_ch1	3	12	gender: Male
GSM2184801	molecule_ch1	0	13	total RNA
GSM2184801	extract_protocol_ch1	0	14	After PMBC isolation, 1 × 10^6 PBMC cells were lysed in 1 ml of TRIzol (Life technologies, Carlsbad, CA, USA) immediately and stored at -80℃. The samples were thawed and RNA extracted following the manufacturer’s instructions. The quality of the RNA was assessed by using Nanodrop 2000 Spectrometer (Thermo Scientific, MA, USA) as well as by visualization of the integrity of the 28S and 18S band on Agilent Bioanalyzer 2100 (Agilent technologies, Santa Clara, CA, USA).  Qualified total RNA was further purified by RNeasy micro kit (QIAGEN, GmBH, Germany) and removed genomic contamination by RNase-Free DNase Set (QIAGEN, GmBH, Germany).  The purified RNA was stored at -80℃.
GSM2184801	label_ch1	0	15	biotin
GSM2184801	label_protocol_ch1	0	16	Total RNA were amplified, labeled and purified by using the GeneChip 3’IVT Express Kit (Affymetrix, Santa Clara, CA, USA) followed the manufacturer’s instructions to obtain biotin labeled cRNA.
GSM2184801	taxid_ch1	0	17	9606
GSM2184801	hyb_protocol	0	18	After hybridization on Human PrimeView Arrays for 16 h at 45℃ and 60 rpm in Hybridization Oven 640 (Affymetrix, Santa Clara, CA, USA), slides were washed and stained with a Fluidics Station 450 (Affymetrix, Santa Clara, CA, USA).
GSM2184801	scan_protocol	0	19	Scanning was performed on a seventh-generation GeneChip Scanner 3000 (Affymetrix, Santa Clara, CA, USA). Affymetrix GCOS software was used to perform image analysis and generate raw intensity data.
GSM2184801	data_processing	0	20	Initially, data quality was assessed by background level, 3’ labeling bias, RNA quality and pair-wise correlation among samples. For the PrimeView chip, the customized CDF (version 17, ENTREZG) downloaded from the BrainArray website was performed in probe set mapping. IQR was applied for raw data filtering using the genefilter package, and the threshold was set to remove probes/genes with IQR less than the 20th percentile of the IQR’s across all probes/genes. . Normalization was performed with RMA algorithm that includes global background adjustment and quantile normalization. The resulting matrix showed genes as rows and samples as columns was log2 transformed and used as input for linear modeling using the limma package.The limma package was performed to identify differentially expressed genes (DEG) at any time point post immunization, compared with baseline (Day 0). Empirical Bayes moderation of the standard error and Benjamini and Hochberg false-discovery rate (FDR) correction for multiple testing were employed, and the criteria for differentially expressed genes (DEG) were threshold fold change more than 1.5 and BH adjusted FDR less than 0.01.
GSM2184801	platform_id	0	21	GPL21975
GSM2184801	contact_name	0	22	Yiming,,Shao
GSM2184801	contact_email	0	23	yshao@bjmu.edu.cn
GSM2184801	contact_department	0	24	National Center for AIDS/STD Control and Prevention
GSM2184801	contact_institute	0	25	Chinese Center for Disease Control and Prevention
GSM2184801	contact_address	0	26	No. 155 Changbai Road, Changping District
GSM2184801	contact_city	0	27	Beijing
GSM2184801	contact_state	0	28	Beijing
GSM2184801	contact_zip/postal_code	0	29	102206
GSM2184801	contact_country	0	30	China
GSM2184801	supplementary_file	0	31	ftp://ftp.ncbi.nlm.nih.gov/geo/samples/GSM2184nnn/GSM2184801/suppl/GSM2184801_YFV2012009-1.CEL.gz
GSM2184801	data_row_count	0	32	18563
GSM2184802	title	0	0	YFV2012009 PBMC Hour 4
GSM2184802	geo_accession	0	1	GSM2184802
GSM2184802	status	0	2	Public on Jun 25 2017
GSM2184802	submission_date	0	3	Jun 02 2016
GSM2184802	last_update_date	0	4	Jun 26 2017
GSM2184802	type	0	5	RNA
GSM2184802	channel_count	0	6	1
GSM2184802	source_name_ch1	0	7	human Hour 4
GSM2184802	organism_ch1	0	8	Homo sapiens
GSM2184802	characteristics_ch1	0	9	subject id: YFV2012009
GSM2184802	characteristics_ch1	1	10	time points: Hour 4
GSM2184802	characteristics_ch1	2	11	groups: G2
GSM2184802	characteristics_ch1	3	12	gender: Male
GSM2184802	molecule_ch1	0	13	total RNA
GSM2184802	extract_protocol_ch1	0	14	After PMBC isolation, 1 × 10^6 PBMC cells were lysed in 1 ml of TRIzol (Life technologies, Carlsbad, CA, USA) immediately and stored at -80℃. The samples were thawed and RNA extracted following the manufacturer’s instructions. The quality of the RNA was assessed by using Nanodrop 2000 Spectrometer (Thermo Scientific, MA, USA) as well as by visualization of the integrity of the 28S and 18S band on Agilent Bioanalyzer 2100 (Agilent technologies, Santa Clara, CA, USA).  Qualified total RNA was further purified by RNeasy micro kit (QIAGEN, GmBH, Germany) and removed genomic contamination by RNase-Free DNase Set (QIAGEN, GmBH, Germany).  The purified RNA was stored at -80℃.
GSM2184802	label_ch1	0	15	biotin
GSM2184802	label_protocol_ch1	0	16	Total RNA were amplified, labeled and purified by using the GeneChip 3’IVT Express Kit (Affymetrix, Santa Clara, CA, USA) followed the manufacturer’s instructions to obtain biotin labeled cRNA.
GSM2184802	taxid_ch1	0	17	9606
GSM2184802	hyb_protocol	0	18	After hybridization on Human PrimeView Arrays for 16 h at 45℃ and 60 rpm in Hybridization Oven 640 (Affymetrix, Santa Clara, CA, USA), slides were washed and stained with a Fluidics Station 450 (Affymetrix, Santa Clara, CA, USA).
GSM2184802	scan_protocol	0	19	Scanning was performed on a seventh-generation GeneChip Scanner 3000 (Affymetrix, Santa Clara, CA, USA). Affymetrix GCOS software was used to perform image analysis and generate raw intensity data.
GSM2184802	data_processing	0	20	Initially, data quality was assessed by background level, 3’ labeling bias, RNA quality and pair-wise correlation among samples. For the PrimeView chip, the customized CDF (version 17, ENTREZG) downloaded from the BrainArray website was performed in probe set mapping. IQR was applied for raw data filtering using the genefilter package, and the threshold was set to remove probes/genes with IQR less than the 20th percentile of the IQR’s across all probes/genes. . Normalization was performed with RMA algorithm that includes global background adjustment and quantile normalization. The resulting matrix showed genes as rows and samples as columns was log2 transformed and used as input for linear modeling using the limma package.The limma package was performed to identify differentially expressed genes (DEG) at any time point post immunization, compared with baseline (Day 0). Empirical Bayes moderation of the standard error and Benjamini and Hochberg false-discovery rate (FDR) correction for multiple testing were employed, and the criteria for differentially expressed genes (DEG) were threshold fold change more than 1.5 and BH adjusted FDR less than 0.01.
GSM2184802	platform_id	0	21	GPL21975
GSM2184802	contact_name	0	22	Yiming,,Shao
GSM2184802	contact_email	0	23	yshao@bjmu.edu.cn
GSM2184802	contact_department	0	24	National Center for AIDS/STD Control and Prevention
GSM2184802	contact_institute	0	25	Chinese Center for Disease Control and Prevention
GSM2184802	contact_address	0	26	No. 155 Changbai Road, Changping District
GSM2184802	contact_city	0	27	Beijing
GSM2184802	contact_state	0	28	Beijing
GSM2184802	contact_zip/postal_code	0	29	102206
GSM2184802	contact_country	0	30	China
GSM2184802	supplementary_file	0	31	ftp://ftp.ncbi.nlm.nih.gov/geo/samples/GSM2184nnn/GSM2184802/suppl/GSM2184802_YFV2012009-2.CEL.gz
GSM2184802	data_row_count	0	32	18563
GSM2184803	title	0	0	YFV2012009 PBMC Day 7
GSM2184803	geo_accession	0	1	GSM2184803
GSM2184803	status	0	2	Public on Jun 25 2017
GSM2184803	submission_date	0	3	Jun 02 2016
GSM2184803	last_update_date	0	4	Jun 26 2017
GSM2184803	type	0	5	RNA
GSM2184803	channel_count	0	6	1
GSM2184803	source_name_ch1	0	7	human Day 7
GSM2184803	organism_ch1	0	8	Homo sapiens
GSM2184803	characteristics_ch1	0	9	subject id: YFV2012009
GSM2184803	characteristics_ch1	1	10	time points: Day 7
GSM2184803	characteristics_ch1	2	11	groups: G7
GSM2184803	characteristics_ch1	3	12	gender: Male
GSM2184803	molecule_ch1	0	13	total RNA
GSM2184803	extract_protocol_ch1	0	14	After PMBC isolation, 1 × 10^6 PBMC cells were lysed in 1 ml of TRIzol (Life technologies, Carlsbad, CA, USA) immediately and stored at -80℃. The samples were thawed and RNA extracted following the manufacturer’s instructions. The quality of the RNA was assessed by using Nanodrop 2000 Spectrometer (Thermo Scientific, MA, USA) as well as by visualization of the integrity of the 28S and 18S band on Agilent Bioanalyzer 2100 (Agilent technologies, Santa Clara, CA, USA).  Qualified total RNA was further purified by RNeasy micro kit (QIAGEN, GmBH, Germany) and removed genomic contamination by RNase-Free DNase Set (QIAGEN, GmBH, Germany).  The purified RNA was stored at -80℃.
GSM2184803	label_ch1	0	15	biotin
GSM2184803	label_protocol_ch1	0	16	Total RNA were amplified, labeled and purified by using the GeneChip 3’IVT Express Kit (Affymetrix, Santa Clara, CA, USA) followed the manufacturer’s instructions to obtain biotin labeled cRNA.
GSM2184803	taxid_ch1	0	17	9606
GSM2184803	hyb_protocol	0	18	After hybridization on Human PrimeView Arrays for 16 h at 45℃ and 60 rpm in Hybridization Oven 640 (Affymetrix, Santa Clara, CA, USA), slides were washed and stained with a Fluidics Station 450 (Affymetrix, Santa Clara, CA, USA).
GSM2184803	scan_protocol	0	19	Scanning was performed on a seventh-generation GeneChip Scanner 3000 (Affymetrix, Santa Clara, CA, USA). Affymetrix GCOS software was used to perform image analysis and generate raw intensity data.
GSM2184803	data_processing	0	20	Initially, data quality was assessed by background level, 3’ labeling bias, RNA quality and pair-wise correlation among samples. For the PrimeView chip, the customized CDF (version 17, ENTREZG) downloaded from the BrainArray website was performed in probe set mapping. IQR was applied for raw data filtering using the genefilter package, and the threshold was set to remove probes/genes with IQR less than the 20th percentile of the IQR’s across all probes/genes. . Normalization was performed with RMA algorithm that includes global background adjustment and quantile normalization. The resulting matrix showed genes as rows and samples as columns was log2 transformed and used as input for linear modeling using the limma package.The limma package was performed to identify differentially expressed genes (DEG) at any time point post immunization, compared with baseline (Day 0). Empirical Bayes moderation of the standard error and Benjamini and Hochberg false-discovery rate (FDR) correction for multiple testing were employed, and the criteria for differentially expressed genes (DEG) were threshold fold change more than 1.5 and BH adjusted FDR less than 0.01.
GSM2184803	platform_id	0	21	GPL21975
GSM2184803	contact_name	0	22	Yiming,,Shao
GSM2184803	contact_email	0	23	yshao@bjmu.edu.cn
GSM2184803	contact_department	0	24	National Center for AIDS/STD Control and Prevention
GSM2184803	contact_institute	0	25	Chinese Center for Disease Control and Prevention
GSM2184803	contact_address	0	26	No. 155 Changbai Road, Changping District
GSM2184803	contact_city	0	27	Beijing
GSM2184803	contact_state	0	28	Beijing
GSM2184803	contact_zip/postal_code	0	29	102206
GSM2184803	contact_country	0	30	China
GSM2184803	supplementary_file	0	31	ftp://ftp.ncbi.nlm.nih.gov/geo/samples/GSM2184nnn/GSM2184803/suppl/GSM2184803_YFV2012009-7.CEL.gz
GSM2184803	data_row_count	0	32	18563
GSM2184804	title	0	0	YFV2012009 PBMC Day 28
GSM2184804	geo_accession	0	1	GSM2184804
GSM2184804	status	0	2	Public on Jun 25 2017
GSM2184804	submission_date	0	3	Jun 02 2016
GSM2184804	last_update_date	0	4	Jun 26 2017
GSM2184804	type	0	5	RNA
GSM2184804	channel_count	0	6	1
GSM2184804	source_name_ch1	0	7	human Day 28
GSM2184804	organism_ch1	0	8	Homo sapiens
GSM2184804	characteristics_ch1	0	9	subject id: YFV2012009
GSM2184804	characteristics_ch1	1	10	time points: Day 28
GSM2184804	characteristics_ch1	2	11	groups: G9
GSM2184804	characteristics_ch1	3	12	gender: Male
GSM2184804	molecule_ch1	0	13	total RNA
GSM2184804	extract_protocol_ch1	0	14	After PMBC isolation, 1 × 10^6 PBMC cells were lysed in 1 ml of TRIzol (Life technologies, Carlsbad, CA, USA) immediately and stored at -80℃. The samples were thawed and RNA extracted following the manufacturer’s instructions. The quality of the RNA was assessed by using Nanodrop 2000 Spectrometer (Thermo Scientific, MA, USA) as well as by visualization of the integrity of the 28S and 18S band on Agilent Bioanalyzer 2100 (Agilent technologies, Santa Clara, CA, USA).  Qualified total RNA was further purified by RNeasy micro kit (QIAGEN, GmBH, Germany) and removed genomic contamination by RNase-Free DNase Set (QIAGEN, GmBH, Germany).  The purified RNA was stored at -80℃.
GSM2184804	label_ch1	0	15	biotin
GSM2184804	label_protocol_ch1	0	16	Total RNA were amplified, labeled and purified by using the GeneChip 3’IVT Express Kit (Affymetrix, Santa Clara, CA, USA) followed the manufacturer’s instructions to obtain biotin labeled cRNA.
GSM2184804	taxid_ch1	0	17	9606
GSM2184804	hyb_protocol	0	18	After hybridization on Human PrimeView Arrays for 16 h at 45℃ and 60 rpm in Hybridization Oven 640 (Affymetrix, Santa Clara, CA, USA), slides were washed and stained with a Fluidics Station 450 (Affymetrix, Santa Clara, CA, USA).
GSM2184804	scan_protocol	0	19	Scanning was performed on a seventh-generation GeneChip Scanner 3000 (Affymetrix, Santa Clara, CA, USA). Affymetrix GCOS software was used to perform image analysis and generate raw intensity data.
GSM2184804	data_processing	0	20	Initially, data quality was assessed by background level, 3’ labeling bias, RNA quality and pair-wise correlation among samples. For the PrimeView chip, the customized CDF (version 17, ENTREZG) downloaded from the BrainArray website was performed in probe set mapping. IQR was applied for raw data filtering using the genefilter package, and the threshold was set to remove probes/genes with IQR less than the 20th percentile of the IQR’s across all probes/genes. . Normalization was performed with RMA algorithm that includes global background adjustment and quantile normalization. The resulting matrix showed genes as rows and samples as columns was log2 transformed and used as input for linear modeling using the limma package.The limma package was performed to identify differentially expressed genes (DEG) at any time point post immunization, compared with baseline (Day 0). Empirical Bayes moderation of the standard error and Benjamini and Hochberg false-discovery rate (FDR) correction for multiple testing were employed, and the criteria for differentially expressed genes (DEG) were threshold fold change more than 1.5 and BH adjusted FDR less than 0.01.
GSM2184804	platform_id	0	21	GPL21975
GSM2184804	contact_name	0	22	Yiming,,Shao
GSM2184804	contact_email	0	23	yshao@bjmu.edu.cn
GSM2184804	contact_department	0	24	National Center for AIDS/STD Control and Prevention
GSM2184804	contact_institute	0	25	Chinese Center for Disease Control and Prevention
GSM2184804	contact_address	0	26	No. 155 Changbai Road, Changping District
GSM2184804	contact_city	0	27	Beijing
GSM2184804	contact_state	0	28	Beijing
GSM2184804	contact_zip/postal_code	0	29	102206
GSM2184804	contact_country	0	30	China
GSM2184804	supplementary_file	0	31	ftp://ftp.ncbi.nlm.nih.gov/geo/samples/GSM2184nnn/GSM2184804/suppl/GSM2184804_YFV2012009-9.CEL.gz
GSM2184804	data_row_count	0	32	18563
GSM2184805	title	0	0	YFV2012010 PBMC Day 0
GSM2184805	geo_accession	0	1	GSM2184805
GSM2184805	status	0	2	Public on Jun 25 2017
GSM2184805	submission_date	0	3	Jun 02 2016
GSM2184805	last_update_date	0	4	Jun 26 2017
GSM2184805	type	0	5	RNA
GSM2184805	channel_count	0	6	1
GSM2184805	source_name_ch1	0	7	human Day 0
GSM2184805	organism_ch1	0	8	Homo sapiens
GSM2184805	characteristics_ch1	0	9	subject id: YFV2012010
GSM2184805	characteristics_ch1	1	10	time points: Day 0
GSM2184805	characteristics_ch1	2	11	groups: G1
GSM2184805	characteristics_ch1	3	12	gender: Female
GSM2184805	molecule_ch1	0	13	total RNA
GSM2184805	extract_protocol_ch1	0	14	After PMBC isolation, 1 × 10^6 PBMC cells were lysed in 1 ml of TRIzol (Life technologies, Carlsbad, CA, USA) immediately and stored at -80℃. The samples were thawed and RNA extracted following the manufacturer’s instructions. The quality of the RNA was assessed by using Nanodrop 2000 Spectrometer (Thermo Scientific, MA, USA) as well as by visualization of the integrity of the 28S and 18S band on Agilent Bioanalyzer 2100 (Agilent technologies, Santa Clara, CA, USA).  Qualified total RNA was further purified by RNeasy micro kit (QIAGEN, GmBH, Germany) and removed genomic contamination by RNase-Free DNase Set (QIAGEN, GmBH, Germany).  The purified RNA was stored at -80℃.
GSM2184805	label_ch1	0	15	biotin
GSM2184805	label_protocol_ch1	0	16	Total RNA were amplified, labeled and purified by using the GeneChip 3’IVT Express Kit (Affymetrix, Santa Clara, CA, USA) followed the manufacturer’s instructions to obtain biotin labeled cRNA.
GSM2184805	taxid_ch1	0	17	9606
GSM2184805	hyb_protocol	0	18	After hybridization on Human PrimeView Arrays for 16 h at 45℃ and 60 rpm in Hybridization Oven 640 (Affymetrix, Santa Clara, CA, USA), slides were washed and stained with a Fluidics Station 450 (Affymetrix, Santa Clara, CA, USA).
GSM2184805	scan_protocol	0	19	Scanning was performed on a seventh-generation GeneChip Scanner 3000 (Affymetrix, Santa Clara, CA, USA). Affymetrix GCOS software was used to perform image analysis and generate raw intensity data.
GSM2184805	data_processing	0	20	Initially, data quality was assessed by background level, 3’ labeling bias, RNA quality and pair-wise correlation among samples. For the PrimeView chip, the customized CDF (version 17, ENTREZG) downloaded from the BrainArray website was performed in probe set mapping. IQR was applied for raw data filtering using the genefilter package, and the threshold was set to remove probes/genes with IQR less than the 20th percentile of the IQR’s across all probes/genes. . Normalization was performed with RMA algorithm that includes global background adjustment and quantile normalization. The resulting matrix showed genes as rows and samples as columns was log2 transformed and used as input for linear modeling using the limma package.The limma package was performed to identify differentially expressed genes (DEG) at any time point post immunization, compared with baseline (Day 0). Empirical Bayes moderation of the standard error and Benjamini and Hochberg false-discovery rate (FDR) correction for multiple testing were employed, and the criteria for differentially expressed genes (DEG) were threshold fold change more than 1.5 and BH adjusted FDR less than 0.01.
GSM2184805	platform_id	0	21	GPL21975
GSM2184805	contact_name	0	22	Yiming,,Shao
GSM2184805	contact_email	0	23	yshao@bjmu.edu.cn
GSM2184805	contact_department	0	24	National Center for AIDS/STD Control and Prevention
GSM2184805	contact_institute	0	25	Chinese Center for Disease Control and Prevention
GSM2184805	contact_address	0	26	No. 155 Changbai Road, Changping District
GSM2184805	contact_city	0	27	Beijing
GSM2184805	contact_state	0	28	Beijing
GSM2184805	contact_zip/postal_code	0	29	102206
GSM2184805	contact_country	0	30	China
GSM2184805	supplementary_file	0	31	ftp://ftp.ncbi.nlm.nih.gov/geo/samples/GSM2184nnn/GSM2184805/suppl/GSM2184805_YFV2012010-1.CEL.gz
GSM2184805	data_row_count	0	32	18563
GSM2184806	title	0	0	YFV2012010 PBMC Hour 4
GSM2184806	geo_accession	0	1	GSM2184806
GSM2184806	status	0	2	Public on Jun 25 2017
GSM2184806	submission_date	0	3	Jun 02 2016
GSM2184806	last_update_date	0	4	Jun 26 2017
GSM2184806	type	0	5	RNA
GSM2184806	channel_count	0	6	1
GSM2184806	source_name_ch1	0	7	human Hour 4
GSM2184806	organism_ch1	0	8	Homo sapiens
GSM2184806	characteristics_ch1	0	9	subject id: YFV2012010
GSM2184806	characteristics_ch1	1	10	time points: Hour 4
GSM2184806	characteristics_ch1	2	11	groups: G2
GSM2184806	characteristics_ch1	3	12	gender: Female
GSM2184806	molecule_ch1	0	13	total RNA
GSM2184806	extract_protocol_ch1	0	14	After PMBC isolation, 1 × 10^6 PBMC cells were lysed in 1 ml of TRIzol (Life technologies, Carlsbad, CA, USA) immediately and stored at -80℃. The samples were thawed and RNA extracted following the manufacturer’s instructions. The quality of the RNA was assessed by using Nanodrop 2000 Spectrometer (Thermo Scientific, MA, USA) as well as by visualization of the integrity of the 28S and 18S band on Agilent Bioanalyzer 2100 (Agilent technologies, Santa Clara, CA, USA).  Qualified total RNA was further purified by RNeasy micro kit (QIAGEN, GmBH, Germany) and removed genomic contamination by RNase-Free DNase Set (QIAGEN, GmBH, Germany).  The purified RNA was stored at -80℃.
GSM2184806	label_ch1	0	15	biotin
GSM2184806	label_protocol_ch1	0	16	Total RNA were amplified, labeled and purified by using the GeneChip 3’IVT Express Kit (Affymetrix, Santa Clara, CA, USA) followed the manufacturer’s instructions to obtain biotin labeled cRNA.
GSM2184806	taxid_ch1	0	17	9606
GSM2184806	hyb_protocol	0	18	After hybridization on Human PrimeView Arrays for 16 h at 45℃ and 60 rpm in Hybridization Oven 640 (Affymetrix, Santa Clara, CA, USA), slides were washed and stained with a Fluidics Station 450 (Affymetrix, Santa Clara, CA, USA).
GSM2184806	scan_protocol	0	19	Scanning was performed on a seventh-generation GeneChip Scanner 3000 (Affymetrix, Santa Clara, CA, USA). Affymetrix GCOS software was used to perform image analysis and generate raw intensity data.
GSM2184806	data_processing	0	20	Initially, data quality was assessed by background level, 3’ labeling bias, RNA quality and pair-wise correlation among samples. For the PrimeView chip, the customized CDF (version 17, ENTREZG) downloaded from the BrainArray website was performed in probe set mapping. IQR was applied for raw data filtering using the genefilter package, and the threshold was set to remove probes/genes with IQR less than the 20th percentile of the IQR’s across all probes/genes. . Normalization was performed with RMA algorithm that includes global background adjustment and quantile normalization. The resulting matrix showed genes as rows and samples as columns was log2 transformed and used as input for linear modeling using the limma package.The limma package was performed to identify differentially expressed genes (DEG) at any time point post immunization, compared with baseline (Day 0). Empirical Bayes moderation of the standard error and Benjamini and Hochberg false-discovery rate (FDR) correction for multiple testing were employed, and the criteria for differentially expressed genes (DEG) were threshold fold change more than 1.5 and BH adjusted FDR less than 0.01.
GSM2184806	platform_id	0	21	GPL21975
GSM2184806	contact_name	0	22	Yiming,,Shao
GSM2184806	contact_email	0	23	yshao@bjmu.edu.cn
GSM2184806	contact_department	0	24	National Center for AIDS/STD Control and Prevention
GSM2184806	contact_institute	0	25	Chinese Center for Disease Control and Prevention
GSM2184806	contact_address	0	26	No. 155 Changbai Road, Changping District
GSM2184806	contact_city	0	27	Beijing
GSM2184806	contact_state	0	28	Beijing
GSM2184806	contact_zip/postal_code	0	29	102206
GSM2184806	contact_country	0	30	China
GSM2184806	supplementary_file	0	31	ftp://ftp.ncbi.nlm.nih.gov/geo/samples/GSM2184nnn/GSM2184806/suppl/GSM2184806_YFV2012010-2.CEL.gz
GSM2184806	data_row_count	0	32	18563
GSM2184807	title	0	0	YFV2012010 PBMC Day 7
GSM2184807	geo_accession	0	1	GSM2184807
GSM2184807	status	0	2	Public on Jun 25 2017
GSM2184807	submission_date	0	3	Jun 02 2016
GSM2184807	last_update_date	0	4	Jun 26 2017
GSM2184807	type	0	5	RNA
GSM2184807	channel_count	0	6	1
GSM2184807	source_name_ch1	0	7	human Day 7
GSM2184807	organism_ch1	0	8	Homo sapiens
GSM2184807	characteristics_ch1	0	9	subject id: YFV2012010
GSM2184807	characteristics_ch1	1	10	time points: Day 7
GSM2184807	characteristics_ch1	2	11	groups: G7
GSM2184807	characteristics_ch1	3	12	gender: Female
GSM2184807	molecule_ch1	0	13	total RNA
GSM2184807	extract_protocol_ch1	0	14	After PMBC isolation, 1 × 10^6 PBMC cells were lysed in 1 ml of TRIzol (Life technologies, Carlsbad, CA, USA) immediately and stored at -80℃. The samples were thawed and RNA extracted following the manufacturer’s instructions. The quality of the RNA was assessed by using Nanodrop 2000 Spectrometer (Thermo Scientific, MA, USA) as well as by visualization of the integrity of the 28S and 18S band on Agilent Bioanalyzer 2100 (Agilent technologies, Santa Clara, CA, USA).  Qualified total RNA was further purified by RNeasy micro kit (QIAGEN, GmBH, Germany) and removed genomic contamination by RNase-Free DNase Set (QIAGEN, GmBH, Germany).  The purified RNA was stored at -80℃.
GSM2184807	label_ch1	0	15	biotin
GSM2184807	label_protocol_ch1	0	16	Total RNA were amplified, labeled and purified by using the GeneChip 3’IVT Express Kit (Affymetrix, Santa Clara, CA, USA) followed the manufacturer’s instructions to obtain biotin labeled cRNA.
GSM2184807	taxid_ch1	0	17	9606
GSM2184807	hyb_protocol	0	18	After hybridization on Human PrimeView Arrays for 16 h at 45℃ and 60 rpm in Hybridization Oven 640 (Affymetrix, Santa Clara, CA, USA), slides were washed and stained with a Fluidics Station 450 (Affymetrix, Santa Clara, CA, USA).
GSM2184807	scan_protocol	0	19	Scanning was performed on a seventh-generation GeneChip Scanner 3000 (Affymetrix, Santa Clara, CA, USA). Affymetrix GCOS software was used to perform image analysis and generate raw intensity data.
GSM2184807	data_processing	0	20	Initially, data quality was assessed by background level, 3’ labeling bias, RNA quality and pair-wise correlation among samples. For the PrimeView chip, the customized CDF (version 17, ENTREZG) downloaded from the BrainArray website was performed in probe set mapping. IQR was applied for raw data filtering using the genefilter package, and the threshold was set to remove probes/genes with IQR less than the 20th percentile of the IQR’s across all probes/genes. . Normalization was performed with RMA algorithm that includes global background adjustment and quantile normalization. The resulting matrix showed genes as rows and samples as columns was log2 transformed and used as input for linear modeling using the limma package.The limma package was performed to identify differentially expressed genes (DEG) at any time point post immunization, compared with baseline (Day 0). Empirical Bayes moderation of the standard error and Benjamini and Hochberg false-discovery rate (FDR) correction for multiple testing were employed, and the criteria for differentially expressed genes (DEG) were threshold fold change more than 1.5 and BH adjusted FDR less than 0.01.
GSM2184807	platform_id	0	21	GPL21975
GSM2184807	contact_name	0	22	Yiming,,Shao
GSM2184807	contact_email	0	23	yshao@bjmu.edu.cn
GSM2184807	contact_department	0	24	National Center for AIDS/STD Control and Prevention
GSM2184807	contact_institute	0	25	Chinese Center for Disease Control and Prevention
GSM2184807	contact_address	0	26	No. 155 Changbai Road, Changping District
GSM2184807	contact_city	0	27	Beijing
GSM2184807	contact_state	0	28	Beijing
GSM2184807	contact_zip/postal_code	0	29	102206
GSM2184807	contact_country	0	30	China
GSM2184807	supplementary_file	0	31	ftp://ftp.ncbi.nlm.nih.gov/geo/samples/GSM2184nnn/GSM2184807/suppl/GSM2184807_YFV2012010-7.CEL.gz
GSM2184807	data_row_count	0	32	18563
GSM2184808	title	0	0	YFV2012010 PBMC Day 28
GSM2184808	geo_accession	0	1	GSM2184808
GSM2184808	status	0	2	Public on Jun 25 2017
GSM2184808	submission_date	0	3	Jun 02 2016
GSM2184808	last_update_date	0	4	Jun 26 2017
GSM2184808	type	0	5	RNA
GSM2184808	channel_count	0	6	1
GSM2184808	source_name_ch1	0	7	human Day 28
GSM2184808	organism_ch1	0	8	Homo sapiens
GSM2184808	characteristics_ch1	0	9	subject id: YFV2012010
GSM2184808	characteristics_ch1	1	10	time points: Day 28
GSM2184808	characteristics_ch1	2	11	groups: G9
GSM2184808	characteristics_ch1	3	12	gender: Female
GSM2184808	molecule_ch1	0	13	total RNA
GSM2184808	extract_protocol_ch1	0	14	After PMBC isolation, 1 × 10^6 PBMC cells were lysed in 1 ml of TRIzol (Life technologies, Carlsbad, CA, USA) immediately and stored at -80℃. The samples were thawed and RNA extracted following the manufacturer’s instructions. The quality of the RNA was assessed by using Nanodrop 2000 Spectrometer (Thermo Scientific, MA, USA) as well as by visualization of the integrity of the 28S and 18S band on Agilent Bioanalyzer 2100 (Agilent technologies, Santa Clara, CA, USA).  Qualified total RNA was further purified by RNeasy micro kit (QIAGEN, GmBH, Germany) and removed genomic contamination by RNase-Free DNase Set (QIAGEN, GmBH, Germany).  The purified RNA was stored at -80℃.
GSM2184808	label_ch1	0	15	biotin
GSM2184808	label_protocol_ch1	0	16	Total RNA were amplified, labeled and purified by using the GeneChip 3’IVT Express Kit (Affymetrix, Santa Clara, CA, USA) followed the manufacturer’s instructions to obtain biotin labeled cRNA.
GSM2184808	taxid_ch1	0	17	9606
GSM2184808	hyb_protocol	0	18	After hybridization on Human PrimeView Arrays for 16 h at 45℃ and 60 rpm in Hybridization Oven 640 (Affymetrix, Santa Clara, CA, USA), slides were washed and stained with a Fluidics Station 450 (Affymetrix, Santa Clara, CA, USA).
GSM2184808	scan_protocol	0	19	Scanning was performed on a seventh-generation GeneChip Scanner 3000 (Affymetrix, Santa Clara, CA, USA). Affymetrix GCOS software was used to perform image analysis and generate raw intensity data.
GSM2184808	data_processing	0	20	Initially, data quality was assessed by background level, 3’ labeling bias, RNA quality and pair-wise correlation among samples. For the PrimeView chip, the customized CDF (version 17, ENTREZG) downloaded from the BrainArray website was performed in probe set mapping. IQR was applied for raw data filtering using the genefilter package, and the threshold was set to remove probes/genes with IQR less than the 20th percentile of the IQR’s across all probes/genes. . Normalization was performed with RMA algorithm that includes global background adjustment and quantile normalization. The resulting matrix showed genes as rows and samples as columns was log2 transformed and used as input for linear modeling using the limma package.The limma package was performed to identify differentially expressed genes (DEG) at any time point post immunization, compared with baseline (Day 0). Empirical Bayes moderation of the standard error and Benjamini and Hochberg false-discovery rate (FDR) correction for multiple testing were employed, and the criteria for differentially expressed genes (DEG) were threshold fold change more than 1.5 and BH adjusted FDR less than 0.01.
GSM2184808	platform_id	0	21	GPL21975
GSM2184808	contact_name	0	22	Yiming,,Shao
GSM2184808	contact_email	0	23	yshao@bjmu.edu.cn
GSM2184808	contact_department	0	24	National Center for AIDS/STD Control and Prevention
GSM2184808	contact_institute	0	25	Chinese Center for Disease Control and Prevention
GSM2184808	contact_address	0	26	No. 155 Changbai Road, Changping District
GSM2184808	contact_city	0	27	Beijing
GSM2184808	contact_state	0	28	Beijing
GSM2184808	contact_zip/postal_code	0	29	102206
GSM2184808	contact_country	0	30	China
GSM2184808	supplementary_file	0	31	ftp://ftp.ncbi.nlm.nih.gov/geo/samples/GSM2184nnn/GSM2184808/suppl/GSM2184808_YFV2012010-9.CEL.gz
GSM2184808	data_row_count	0	32	18563
GSM2184809	title	0	0	YFV2012011 PBMC Day 0
GSM2184809	geo_accession	0	1	GSM2184809
GSM2184809	status	0	2	Public on Jun 25 2017
GSM2184809	submission_date	0	3	Jun 02 2016
GSM2184809	last_update_date	0	4	Jun 26 2017
GSM2184809	type	0	5	RNA
GSM2184809	channel_count	0	6	1
GSM2184809	source_name_ch1	0	7	human Day 0
GSM2184809	organism_ch1	0	8	Homo sapiens
GSM2184809	characteristics_ch1	0	9	subject id: YFV2012011
GSM2184809	characteristics_ch1	1	10	time points: Day 0
GSM2184809	characteristics_ch1	2	11	groups: G1
GSM2184809	characteristics_ch1	3	12	gender: Male
GSM2184809	molecule_ch1	0	13	total RNA
GSM2184809	extract_protocol_ch1	0	14	After PMBC isolation, 1 × 10^6 PBMC cells were lysed in 1 ml of TRIzol (Life technologies, Carlsbad, CA, USA) immediately and stored at -80℃. The samples were thawed and RNA extracted following the manufacturer’s instructions. The quality of the RNA was assessed by using Nanodrop 2000 Spectrometer (Thermo Scientific, MA, USA) as well as by visualization of the integrity of the 28S and 18S band on Agilent Bioanalyzer 2100 (Agilent technologies, Santa Clara, CA, USA).  Qualified total RNA was further purified by RNeasy micro kit (QIAGEN, GmBH, Germany) and removed genomic contamination by RNase-Free DNase Set (QIAGEN, GmBH, Germany).  The purified RNA was stored at -80℃.
GSM2184809	label_ch1	0	15	biotin
GSM2184809	label_protocol_ch1	0	16	Total RNA were amplified, labeled and purified by using the GeneChip 3’IVT Express Kit (Affymetrix, Santa Clara, CA, USA) followed the manufacturer’s instructions to obtain biotin labeled cRNA.
GSM2184809	taxid_ch1	0	17	9606
GSM2184809	hyb_protocol	0	18	After hybridization on Human PrimeView Arrays for 16 h at 45℃ and 60 rpm in Hybridization Oven 640 (Affymetrix, Santa Clara, CA, USA), slides were washed and stained with a Fluidics Station 450 (Affymetrix, Santa Clara, CA, USA).
GSM2184809	scan_protocol	0	19	Scanning was performed on a seventh-generation GeneChip Scanner 3000 (Affymetrix, Santa Clara, CA, USA). Affymetrix GCOS software was used to perform image analysis and generate raw intensity data.
GSM2184809	data_processing	0	20	Initially, data quality was assessed by background level, 3’ labeling bias, RNA quality and pair-wise correlation among samples. For the PrimeView chip, the customized CDF (version 17, ENTREZG) downloaded from the BrainArray website was performed in probe set mapping. IQR was applied for raw data filtering using the genefilter package, and the threshold was set to remove probes/genes with IQR less than the 20th percentile of the IQR’s across all probes/genes. . Normalization was performed with RMA algorithm that includes global background adjustment and quantile normalization. The resulting matrix showed genes as rows and samples as columns was log2 transformed and used as input for linear modeling using the limma package.The limma package was performed to identify differentially expressed genes (DEG) at any time point post immunization, compared with baseline (Day 0). Empirical Bayes moderation of the standard error and Benjamini and Hochberg false-discovery rate (FDR) correction for multiple testing were employed, and the criteria for differentially expressed genes (DEG) were threshold fold change more than 1.5 and BH adjusted FDR less than 0.01.
GSM2184809	platform_id	0	21	GPL21975
GSM2184809	contact_name	0	22	Yiming,,Shao
GSM2184809	contact_email	0	23	yshao@bjmu.edu.cn
GSM2184809	contact_department	0	24	National Center for AIDS/STD Control and Prevention
GSM2184809	contact_institute	0	25	Chinese Center for Disease Control and Prevention
GSM2184809	contact_address	0	26	No. 155 Changbai Road, Changping District
GSM2184809	contact_city	0	27	Beijing
GSM2184809	contact_state	0	28	Beijing
GSM2184809	contact_zip/postal_code	0	29	102206
GSM2184809	contact_country	0	30	China
GSM2184809	supplementary_file	0	31	ftp://ftp.ncbi.nlm.nih.gov/geo/samples/GSM2184nnn/GSM2184809/suppl/GSM2184809_YFV2012011-1.CEL.gz
GSM2184809	data_row_count	0	32	18563
GSM2184810	title	0	0	YFV2012011 PBMC Hour 4
GSM2184810	geo_accession	0	1	GSM2184810
GSM2184810	status	0	2	Public on Jun 25 2017
GSM2184810	submission_date	0	3	Jun 02 2016
GSM2184810	last_update_date	0	4	Jun 26 2017
GSM2184810	type	0	5	RNA
GSM2184810	channel_count	0	6	1
GSM2184810	source_name_ch1	0	7	human Hour 4
GSM2184810	organism_ch1	0	8	Homo sapiens
GSM2184810	characteristics_ch1	0	9	subject id: YFV2012011
GSM2184810	characteristics_ch1	1	10	time points: Hour 4
GSM2184810	characteristics_ch1	2	11	groups: G2
GSM2184810	characteristics_ch1	3	12	gender: Male
GSM2184810	molecule_ch1	0	13	total RNA
GSM2184810	extract_protocol_ch1	0	14	After PMBC isolation, 1 × 10^6 PBMC cells were lysed in 1 ml of TRIzol (Life technologies, Carlsbad, CA, USA) immediately and stored at -80℃. The samples were thawed and RNA extracted following the manufacturer’s instructions. The quality of the RNA was assessed by using Nanodrop 2000 Spectrometer (Thermo Scientific, MA, USA) as well as by visualization of the integrity of the 28S and 18S band on Agilent Bioanalyzer 2100 (Agilent technologies, Santa Clara, CA, USA).  Qualified total RNA was further purified by RNeasy micro kit (QIAGEN, GmBH, Germany) and removed genomic contamination by RNase-Free DNase Set (QIAGEN, GmBH, Germany).  The purified RNA was stored at -80℃.
GSM2184810	label_ch1	0	15	biotin
GSM2184810	label_protocol_ch1	0	16	Total RNA were amplified, labeled and purified by using the GeneChip 3’IVT Express Kit (Affymetrix, Santa Clara, CA, USA) followed the manufacturer’s instructions to obtain biotin labeled cRNA.
GSM2184810	taxid_ch1	0	17	9606
GSM2184810	hyb_protocol	0	18	After hybridization on Human PrimeView Arrays for 16 h at 45℃ and 60 rpm in Hybridization Oven 640 (Affymetrix, Santa Clara, CA, USA), slides were washed and stained with a Fluidics Station 450 (Affymetrix, Santa Clara, CA, USA).
GSM2184810	scan_protocol	0	19	Scanning was performed on a seventh-generation GeneChip Scanner 3000 (Affymetrix, Santa Clara, CA, USA). Affymetrix GCOS software was used to perform image analysis and generate raw intensity data.
GSM2184810	data_processing	0	20	Initially, data quality was assessed by background level, 3’ labeling bias, RNA quality and pair-wise correlation among samples. For the PrimeView chip, the customized CDF (version 17, ENTREZG) downloaded from the BrainArray website was performed in probe set mapping. IQR was applied for raw data filtering using the genefilter package, and the threshold was set to remove probes/genes with IQR less than the 20th percentile of the IQR’s across all probes/genes. . Normalization was performed with RMA algorithm that includes global background adjustment and quantile normalization. The resulting matrix showed genes as rows and samples as columns was log2 transformed and used as input for linear modeling using the limma package.The limma package was performed to identify differentially expressed genes (DEG) at any time point post immunization, compared with baseline (Day 0). Empirical Bayes moderation of the standard error and Benjamini and Hochberg false-discovery rate (FDR) correction for multiple testing were employed, and the criteria for differentially expressed genes (DEG) were threshold fold change more than 1.5 and BH adjusted FDR less than 0.01.
GSM2184810	platform_id	0	21	GPL21975
GSM2184810	contact_name	0	22	Yiming,,Shao
GSM2184810	contact_email	0	23	yshao@bjmu.edu.cn
GSM2184810	contact_department	0	24	National Center for AIDS/STD Control and Prevention
GSM2184810	contact_institute	0	25	Chinese Center for Disease Control and Prevention
GSM2184810	contact_address	0	26	No. 155 Changbai Road, Changping District
GSM2184810	contact_city	0	27	Beijing
GSM2184810	contact_state	0	28	Beijing
GSM2184810	contact_zip/postal_code	0	29	102206
GSM2184810	contact_country	0	30	China
GSM2184810	supplementary_file	0	31	ftp://ftp.ncbi.nlm.nih.gov/geo/samples/GSM2184nnn/GSM2184810/suppl/GSM2184810_YFV2012011-2.CEL.gz
GSM2184810	data_row_count	0	32	18563
GSM2184811	title	0	0	YFV2012011 PBMC Day 7
GSM2184811	geo_accession	0	1	GSM2184811
GSM2184811	status	0	2	Public on Jun 25 2017
GSM2184811	submission_date	0	3	Jun 02 2016
GSM2184811	last_update_date	0	4	Jun 26 2017
GSM2184811	type	0	5	RNA
GSM2184811	channel_count	0	6	1
GSM2184811	source_name_ch1	0	7	human Day 7
GSM2184811	organism_ch1	0	8	Homo sapiens
GSM2184811	characteristics_ch1	0	9	subject id: YFV2012011
GSM2184811	characteristics_ch1	1	10	time points: Day 7
GSM2184811	characteristics_ch1	2	11	groups: G7
GSM2184811	characteristics_ch1	3	12	gender: Male
GSM2184811	molecule_ch1	0	13	total RNA
GSM2184811	extract_protocol_ch1	0	14	After PMBC isolation, 1 × 10^6 PBMC cells were lysed in 1 ml of TRIzol (Life technologies, Carlsbad, CA, USA) immediately and stored at -80℃. The samples were thawed and RNA extracted following the manufacturer’s instructions. The quality of the RNA was assessed by using Nanodrop 2000 Spectrometer (Thermo Scientific, MA, USA) as well as by visualization of the integrity of the 28S and 18S band on Agilent Bioanalyzer 2100 (Agilent technologies, Santa Clara, CA, USA).  Qualified total RNA was further purified by RNeasy micro kit (QIAGEN, GmBH, Germany) and removed genomic contamination by RNase-Free DNase Set (QIAGEN, GmBH, Germany).  The purified RNA was stored at -80℃.
GSM2184811	label_ch1	0	15	biotin
GSM2184811	label_protocol_ch1	0	16	Total RNA were amplified, labeled and purified by using the GeneChip 3’IVT Express Kit (Affymetrix, Santa Clara, CA, USA) followed the manufacturer’s instructions to obtain biotin labeled cRNA.
GSM2184811	taxid_ch1	0	17	9606
GSM2184811	hyb_protocol	0	18	After hybridization on Human PrimeView Arrays for 16 h at 45℃ and 60 rpm in Hybridization Oven 640 (Affymetrix, Santa Clara, CA, USA), slides were washed and stained with a Fluidics Station 450 (Affymetrix, Santa Clara, CA, USA).
GSM2184811	scan_protocol	0	19	Scanning was performed on a seventh-generation GeneChip Scanner 3000 (Affymetrix, Santa Clara, CA, USA). Affymetrix GCOS software was used to perform image analysis and generate raw intensity data.
GSM2184811	data_processing	0	20	Initially, data quality was assessed by background level, 3’ labeling bias, RNA quality and pair-wise correlation among samples. For the PrimeView chip, the customized CDF (version 17, ENTREZG) downloaded from the BrainArray website was performed in probe set mapping. IQR was applied for raw data filtering using the genefilter package, and the threshold was set to remove probes/genes with IQR less than the 20th percentile of the IQR’s across all probes/genes. . Normalization was performed with RMA algorithm that includes global background adjustment and quantile normalization. The resulting matrix showed genes as rows and samples as columns was log2 transformed and used as input for linear modeling using the limma package.The limma package was performed to identify differentially expressed genes (DEG) at any time point post immunization, compared with baseline (Day 0). Empirical Bayes moderation of the standard error and Benjamini and Hochberg false-discovery rate (FDR) correction for multiple testing were employed, and the criteria for differentially expressed genes (DEG) were threshold fold change more than 1.5 and BH adjusted FDR less than 0.01.
GSM2184811	platform_id	0	21	GPL21975
GSM2184811	contact_name	0	22	Yiming,,Shao
GSM2184811	contact_email	0	23	yshao@bjmu.edu.cn
GSM2184811	contact_department	0	24	National Center for AIDS/STD Control and Prevention
GSM2184811	contact_institute	0	25	Chinese Center for Disease Control and Prevention
GSM2184811	contact_address	0	26	No. 155 Changbai Road, Changping District
GSM2184811	contact_city	0	27	Beijing
GSM2184811	contact_state	0	28	Beijing
GSM2184811	contact_zip/postal_code	0	29	102206
GSM2184811	contact_country	0	30	China
GSM2184811	supplementary_file	0	31	ftp://ftp.ncbi.nlm.nih.gov/geo/samples/GSM2184nnn/GSM2184811/suppl/GSM2184811_YFV2012011-7.CEL.gz
GSM2184811	data_row_count	0	32	18563
GSM2184812	title	0	0	YFV2012011 PBMC Day 28
GSM2184812	geo_accession	0	1	GSM2184812
GSM2184812	status	0	2	Public on Jun 25 2017
GSM2184812	submission_date	0	3	Jun 02 2016
GSM2184812	last_update_date	0	4	Jun 26 2017
GSM2184812	type	0	5	RNA
GSM2184812	channel_count	0	6	1
GSM2184812	source_name_ch1	0	7	human Day 28
GSM2184812	organism_ch1	0	8	Homo sapiens
GSM2184812	characteristics_ch1	0	9	subject id: YFV2012011
GSM2184812	characteristics_ch1	1	10	time points: Day 28
GSM2184812	characteristics_ch1	2	11	groups: G9
GSM2184812	characteristics_ch1	3	12	gender: Male
GSM2184812	molecule_ch1	0	13	total RNA
GSM2184812	extract_protocol_ch1	0	14	After PMBC isolation, 1 × 10^6 PBMC cells were lysed in 1 ml of TRIzol (Life technologies, Carlsbad, CA, USA) immediately and stored at -80℃. The samples were thawed and RNA extracted following the manufacturer’s instructions. The quality of the RNA was assessed by using Nanodrop 2000 Spectrometer (Thermo Scientific, MA, USA) as well as by visualization of the integrity of the 28S and 18S band on Agilent Bioanalyzer 2100 (Agilent technologies, Santa Clara, CA, USA).  Qualified total RNA was further purified by RNeasy micro kit (QIAGEN, GmBH, Germany) and removed genomic contamination by RNase-Free DNase Set (QIAGEN, GmBH, Germany).  The purified RNA was stored at -80℃.
GSM2184812	label_ch1	0	15	biotin
GSM2184812	label_protocol_ch1	0	16	Total RNA were amplified, labeled and purified by using the GeneChip 3’IVT Express Kit (Affymetrix, Santa Clara, CA, USA) followed the manufacturer’s instructions to obtain biotin labeled cRNA.
GSM2184812	taxid_ch1	0	17	9606
GSM2184812	hyb_protocol	0	18	After hybridization on Human PrimeView Arrays for 16 h at 45℃ and 60 rpm in Hybridization Oven 640 (Affymetrix, Santa Clara, CA, USA), slides were washed and stained with a Fluidics Station 450 (Affymetrix, Santa Clara, CA, USA).
GSM2184812	scan_protocol	0	19	Scanning was performed on a seventh-generation GeneChip Scanner 3000 (Affymetrix, Santa Clara, CA, USA). Affymetrix GCOS software was used to perform image analysis and generate raw intensity data.
GSM2184812	data_processing	0	20	Initially, data quality was assessed by background level, 3’ labeling bias, RNA quality and pair-wise correlation among samples. For the PrimeView chip, the customized CDF (version 17, ENTREZG) downloaded from the BrainArray website was performed in probe set mapping. IQR was applied for raw data filtering using the genefilter package, and the threshold was set to remove probes/genes with IQR less than the 20th percentile of the IQR’s across all probes/genes. . Normalization was performed with RMA algorithm that includes global background adjustment and quantile normalization. The resulting matrix showed genes as rows and samples as columns was log2 transformed and used as input for linear modeling using the limma package.The limma package was performed to identify differentially expressed genes (DEG) at any time point post immunization, compared with baseline (Day 0). Empirical Bayes moderation of the standard error and Benjamini and Hochberg false-discovery rate (FDR) correction for multiple testing were employed, and the criteria for differentially expressed genes (DEG) were threshold fold change more than 1.5 and BH adjusted FDR less than 0.01.
GSM2184812	platform_id	0	21	GPL21975
GSM2184812	contact_name	0	22	Yiming,,Shao
GSM2184812	contact_email	0	23	yshao@bjmu.edu.cn
GSM2184812	contact_department	0	24	National Center for AIDS/STD Control and Prevention
GSM2184812	contact_institute	0	25	Chinese Center for Disease Control and Prevention
GSM2184812	contact_address	0	26	No. 155 Changbai Road, Changping District
GSM2184812	contact_city	0	27	Beijing
GSM2184812	contact_state	0	28	Beijing
GSM2184812	contact_zip/postal_code	0	29	102206
GSM2184812	contact_country	0	30	China
GSM2184812	supplementary_file	0	31	ftp://ftp.ncbi.nlm.nih.gov/geo/samples/GSM2184nnn/GSM2184812/suppl/GSM2184812_YFV2012011-9.CEL.gz
GSM2184812	data_row_count	0	32	18563
GSM2184813	title	0	0	YFV2012012 PBMC Day 0
GSM2184813	geo_accession	0	1	GSM2184813
GSM2184813	status	0	2	Public on Jun 25 2017
GSM2184813	submission_date	0	3	Jun 02 2016
GSM2184813	last_update_date	0	4	Jun 26 2017
GSM2184813	type	0	5	RNA
GSM2184813	channel_count	0	6	1
GSM2184813	source_name_ch1	0	7	human Day 0
GSM2184813	organism_ch1	0	8	Homo sapiens
GSM2184813	characteristics_ch1	0	9	subject id: YFV2012012
GSM2184813	characteristics_ch1	1	10	time points: Day 0
GSM2184813	characteristics_ch1	2	11	groups: G1
GSM2184813	characteristics_ch1	3	12	gender: Female
GSM2184813	molecule_ch1	0	13	total RNA
GSM2184813	extract_protocol_ch1	0	14	After PMBC isolation, 1 × 10^6 PBMC cells were lysed in 1 ml of TRIzol (Life technologies, Carlsbad, CA, USA) immediately and stored at -80℃. The samples were thawed and RNA extracted following the manufacturer’s instructions. The quality of the RNA was assessed by using Nanodrop 2000 Spectrometer (Thermo Scientific, MA, USA) as well as by visualization of the integrity of the 28S and 18S band on Agilent Bioanalyzer 2100 (Agilent technologies, Santa Clara, CA, USA).  Qualified total RNA was further purified by RNeasy micro kit (QIAGEN, GmBH, Germany) and removed genomic contamination by RNase-Free DNase Set (QIAGEN, GmBH, Germany).  The purified RNA was stored at -80℃.
GSM2184813	label_ch1	0	15	biotin
GSM2184813	label_protocol_ch1	0	16	Total RNA were amplified, labeled and purified by using the GeneChip 3’IVT Express Kit (Affymetrix, Santa Clara, CA, USA) followed the manufacturer’s instructions to obtain biotin labeled cRNA.
GSM2184813	taxid_ch1	0	17	9606
GSM2184813	hyb_protocol	0	18	After hybridization on Human PrimeView Arrays for 16 h at 45℃ and 60 rpm in Hybridization Oven 640 (Affymetrix, Santa Clara, CA, USA), slides were washed and stained with a Fluidics Station 450 (Affymetrix, Santa Clara, CA, USA).
GSM2184813	scan_protocol	0	19	Scanning was performed on a seventh-generation GeneChip Scanner 3000 (Affymetrix, Santa Clara, CA, USA). Affymetrix GCOS software was used to perform image analysis and generate raw intensity data.
GSM2184813	data_processing	0	20	Initially, data quality was assessed by background level, 3’ labeling bias, RNA quality and pair-wise correlation among samples. For the PrimeView chip, the customized CDF (version 17, ENTREZG) downloaded from the BrainArray website was performed in probe set mapping. IQR was applied for raw data filtering using the genefilter package, and the threshold was set to remove probes/genes with IQR less than the 20th percentile of the IQR’s across all probes/genes. . Normalization was performed with RMA algorithm that includes global background adjustment and quantile normalization. The resulting matrix showed genes as rows and samples as columns was log2 transformed and used as input for linear modeling using the limma package.The limma package was performed to identify differentially expressed genes (DEG) at any time point post immunization, compared with baseline (Day 0). Empirical Bayes moderation of the standard error and Benjamini and Hochberg false-discovery rate (FDR) correction for multiple testing were employed, and the criteria for differentially expressed genes (DEG) were threshold fold change more than 1.5 and BH adjusted FDR less than 0.01.
GSM2184813	platform_id	0	21	GPL21975
GSM2184813	contact_name	0	22	Yiming,,Shao
GSM2184813	contact_email	0	23	yshao@bjmu.edu.cn
GSM2184813	contact_department	0	24	National Center for AIDS/STD Control and Prevention
GSM2184813	contact_institute	0	25	Chinese Center for Disease Control and Prevention
GSM2184813	contact_address	0	26	No. 155 Changbai Road, Changping District
GSM2184813	contact_city	0	27	Beijing
GSM2184813	contact_state	0	28	Beijing
GSM2184813	contact_zip/postal_code	0	29	102206
GSM2184813	contact_country	0	30	China
GSM2184813	supplementary_file	0	31	ftp://ftp.ncbi.nlm.nih.gov/geo/samples/GSM2184nnn/GSM2184813/suppl/GSM2184813_YFV2012012-1.CEL.gz
GSM2184813	data_row_count	0	32	18563
GSM2184814	title	0	0	YFV2012012 PBMC Hour 4
GSM2184814	geo_accession	0	1	GSM2184814
GSM2184814	status	0	2	Public on Jun 25 2017
GSM2184814	submission_date	0	3	Jun 02 2016
GSM2184814	last_update_date	0	4	Jun 26 2017
GSM2184814	type	0	5	RNA
GSM2184814	channel_count	0	6	1
GSM2184814	source_name_ch1	0	7	human Hour 4
GSM2184814	organism_ch1	0	8	Homo sapiens
GSM2184814	characteristics_ch1	0	9	subject id: YFV2012012
GSM2184814	characteristics_ch1	1	10	time points: Hour 4
GSM2184814	characteristics_ch1	2	11	groups: G2
GSM2184814	characteristics_ch1	3	12	gender: Female
GSM2184814	molecule_ch1	0	13	total RNA
GSM2184814	extract_protocol_ch1	0	14	After PMBC isolation, 1 × 10^6 PBMC cells were lysed in 1 ml of TRIzol (Life technologies, Carlsbad, CA, USA) immediately and stored at -80℃. The samples were thawed and RNA extracted following the manufacturer’s instructions. The quality of the RNA was assessed by using Nanodrop 2000 Spectrometer (Thermo Scientific, MA, USA) as well as by visualization of the integrity of the 28S and 18S band on Agilent Bioanalyzer 2100 (Agilent technologies, Santa Clara, CA, USA).  Qualified total RNA was further purified by RNeasy micro kit (QIAGEN, GmBH, Germany) and removed genomic contamination by RNase-Free DNase Set (QIAGEN, GmBH, Germany).  The purified RNA was stored at -80℃.
GSM2184814	label_ch1	0	15	biotin
GSM2184814	label_protocol_ch1	0	16	Total RNA were amplified, labeled and purified by using the GeneChip 3’IVT Express Kit (Affymetrix, Santa Clara, CA, USA) followed the manufacturer’s instructions to obtain biotin labeled cRNA.
GSM2184814	taxid_ch1	0	17	9606
GSM2184814	hyb_protocol	0	18	After hybridization on Human PrimeView Arrays for 16 h at 45℃ and 60 rpm in Hybridization Oven 640 (Affymetrix, Santa Clara, CA, USA), slides were washed and stained with a Fluidics Station 450 (Affymetrix, Santa Clara, CA, USA).
GSM2184814	scan_protocol	0	19	Scanning was performed on a seventh-generation GeneChip Scanner 3000 (Affymetrix, Santa Clara, CA, USA). Affymetrix GCOS software was used to perform image analysis and generate raw intensity data.
GSM2184814	data_processing	0	20	Initially, data quality was assessed by background level, 3’ labeling bias, RNA quality and pair-wise correlation among samples. For the PrimeView chip, the customized CDF (version 17, ENTREZG) downloaded from the BrainArray website was performed in probe set mapping. IQR was applied for raw data filtering using the genefilter package, and the threshold was set to remove probes/genes with IQR less than the 20th percentile of the IQR’s across all probes/genes. . Normalization was performed with RMA algorithm that includes global background adjustment and quantile normalization. The resulting matrix showed genes as rows and samples as columns was log2 transformed and used as input for linear modeling using the limma package.The limma package was performed to identify differentially expressed genes (DEG) at any time point post immunization, compared with baseline (Day 0). Empirical Bayes moderation of the standard error and Benjamini and Hochberg false-discovery rate (FDR) correction for multiple testing were employed, and the criteria for differentially expressed genes (DEG) were threshold fold change more than 1.5 and BH adjusted FDR less than 0.01.
GSM2184814	platform_id	0	21	GPL21975
GSM2184814	contact_name	0	22	Yiming,,Shao
GSM2184814	contact_email	0	23	yshao@bjmu.edu.cn
GSM2184814	contact_department	0	24	National Center for AIDS/STD Control and Prevention
GSM2184814	contact_institute	0	25	Chinese Center for Disease Control and Prevention
GSM2184814	contact_address	0	26	No. 155 Changbai Road, Changping District
GSM2184814	contact_city	0	27	Beijing
GSM2184814	contact_state	0	28	Beijing
GSM2184814	contact_zip/postal_code	0	29	102206
GSM2184814	contact_country	0	30	China
GSM2184814	supplementary_file	0	31	ftp://ftp.ncbi.nlm.nih.gov/geo/samples/GSM2184nnn/GSM2184814/suppl/GSM2184814_YFV2012012-2.CEL.gz
GSM2184814	data_row_count	0	32	18563
GSM2184815	title	0	0	YFV2012012 PBMC Day 7
GSM2184815	geo_accession	0	1	GSM2184815
GSM2184815	status	0	2	Public on Jun 25 2017
GSM2184815	submission_date	0	3	Jun 02 2016
GSM2184815	last_update_date	0	4	Jun 26 2017
GSM2184815	type	0	5	RNA
GSM2184815	channel_count	0	6	1
GSM2184815	source_name_ch1	0	7	human Day 7
GSM2184815	organism_ch1	0	8	Homo sapiens
GSM2184815	characteristics_ch1	0	9	subject id: YFV2012012
GSM2184815	characteristics_ch1	1	10	time points: Day 7
GSM2184815	characteristics_ch1	2	11	groups: G7
GSM2184815	characteristics_ch1	3	12	gender: Female
GSM2184815	molecule_ch1	0	13	total RNA
GSM2184815	extract_protocol_ch1	0	14	After PMBC isolation, 1 × 10^6 PBMC cells were lysed in 1 ml of TRIzol (Life technologies, Carlsbad, CA, USA) immediately and stored at -80℃. The samples were thawed and RNA extracted following the manufacturer’s instructions. The quality of the RNA was assessed by using Nanodrop 2000 Spectrometer (Thermo Scientific, MA, USA) as well as by visualization of the integrity of the 28S and 18S band on Agilent Bioanalyzer 2100 (Agilent technologies, Santa Clara, CA, USA).  Qualified total RNA was further purified by RNeasy micro kit (QIAGEN, GmBH, Germany) and removed genomic contamination by RNase-Free DNase Set (QIAGEN, GmBH, Germany).  The purified RNA was stored at -80℃.
GSM2184815	label_ch1	0	15	biotin
GSM2184815	label_protocol_ch1	0	16	Total RNA were amplified, labeled and purified by using the GeneChip 3’IVT Express Kit (Affymetrix, Santa Clara, CA, USA) followed the manufacturer’s instructions to obtain biotin labeled cRNA.
GSM2184815	taxid_ch1	0	17	9606
GSM2184815	hyb_protocol	0	18	After hybridization on Human PrimeView Arrays for 16 h at 45℃ and 60 rpm in Hybridization Oven 640 (Affymetrix, Santa Clara, CA, USA), slides were washed and stained with a Fluidics Station 450 (Affymetrix, Santa Clara, CA, USA).
GSM2184815	scan_protocol	0	19	Scanning was performed on a seventh-generation GeneChip Scanner 3000 (Affymetrix, Santa Clara, CA, USA). Affymetrix GCOS software was used to perform image analysis and generate raw intensity data.
GSM2184815	data_processing	0	20	Initially, data quality was assessed by background level, 3’ labeling bias, RNA quality and pair-wise correlation among samples. For the PrimeView chip, the customized CDF (version 17, ENTREZG) downloaded from the BrainArray website was performed in probe set mapping. IQR was applied for raw data filtering using the genefilter package, and the threshold was set to remove probes/genes with IQR less than the 20th percentile of the IQR’s across all probes/genes. . Normalization was performed with RMA algorithm that includes global background adjustment and quantile normalization. The resulting matrix showed genes as rows and samples as columns was log2 transformed and used as input for linear modeling using the limma package.The limma package was performed to identify differentially expressed genes (DEG) at any time point post immunization, compared with baseline (Day 0). Empirical Bayes moderation of the standard error and Benjamini and Hochberg false-discovery rate (FDR) correction for multiple testing were employed, and the criteria for differentially expressed genes (DEG) were threshold fold change more than 1.5 and BH adjusted FDR less than 0.01.
GSM2184815	platform_id	0	21	GPL21975
GSM2184815	contact_name	0	22	Yiming,,Shao
GSM2184815	contact_email	0	23	yshao@bjmu.edu.cn
GSM2184815	contact_department	0	24	National Center for AIDS/STD Control and Prevention
GSM2184815	contact_institute	0	25	Chinese Center for Disease Control and Prevention
GSM2184815	contact_address	0	26	No. 155 Changbai Road, Changping District
GSM2184815	contact_city	0	27	Beijing
GSM2184815	contact_state	0	28	Beijing
GSM2184815	contact_zip/postal_code	0	29	102206
GSM2184815	contact_country	0	30	China
GSM2184815	supplementary_file	0	31	ftp://ftp.ncbi.nlm.nih.gov/geo/samples/GSM2184nnn/GSM2184815/suppl/GSM2184815_YFV2012012-7.CEL.gz
GSM2184815	data_row_count	0	32	18563
GSM2184816	title	0	0	YFV2012012 PBMC Day 28
GSM2184816	geo_accession	0	1	GSM2184816
GSM2184816	status	0	2	Public on Jun 25 2017
GSM2184816	submission_date	0	3	Jun 02 2016
GSM2184816	last_update_date	0	4	Jun 26 2017
GSM2184816	type	0	5	RNA
GSM2184816	channel_count	0	6	1
GSM2184816	source_name_ch1	0	7	human Day 28
GSM2184816	organism_ch1	0	8	Homo sapiens
GSM2184816	characteristics_ch1	0	9	subject id: YFV2012012
GSM2184816	characteristics_ch1	1	10	time points: Day 28
GSM2184816	characteristics_ch1	2	11	groups: G9
GSM2184816	characteristics_ch1	3	12	gender: Female
GSM2184816	molecule_ch1	0	13	total RNA
GSM2184816	extract_protocol_ch1	0	14	After PMBC isolation, 1 × 10^6 PBMC cells were lysed in 1 ml of TRIzol (Life technologies, Carlsbad, CA, USA) immediately and stored at -80℃. The samples were thawed and RNA extracted following the manufacturer’s instructions. The quality of the RNA was assessed by using Nanodrop 2000 Spectrometer (Thermo Scientific, MA, USA) as well as by visualization of the integrity of the 28S and 18S band on Agilent Bioanalyzer 2100 (Agilent technologies, Santa Clara, CA, USA).  Qualified total RNA was further purified by RNeasy micro kit (QIAGEN, GmBH, Germany) and removed genomic contamination by RNase-Free DNase Set (QIAGEN, GmBH, Germany).  The purified RNA was stored at -80℃.
GSM2184816	label_ch1	0	15	biotin
GSM2184816	label_protocol_ch1	0	16	Total RNA were amplified, labeled and purified by using the GeneChip 3’IVT Express Kit (Affymetrix, Santa Clara, CA, USA) followed the manufacturer’s instructions to obtain biotin labeled cRNA.
GSM2184816	taxid_ch1	0	17	9606
GSM2184816	hyb_protocol	0	18	After hybridization on Human PrimeView Arrays for 16 h at 45℃ and 60 rpm in Hybridization Oven 640 (Affymetrix, Santa Clara, CA, USA), slides were washed and stained with a Fluidics Station 450 (Affymetrix, Santa Clara, CA, USA).
GSM2184816	scan_protocol	0	19	Scanning was performed on a seventh-generation GeneChip Scanner 3000 (Affymetrix, Santa Clara, CA, USA). Affymetrix GCOS software was used to perform image analysis and generate raw intensity data.
GSM2184816	data_processing	0	20	Initially, data quality was assessed by background level, 3’ labeling bias, RNA quality and pair-wise correlation among samples. For the PrimeView chip, the customized CDF (version 17, ENTREZG) downloaded from the BrainArray website was performed in probe set mapping. IQR was applied for raw data filtering using the genefilter package, and the threshold was set to remove probes/genes with IQR less than the 20th percentile of the IQR’s across all probes/genes. . Normalization was performed with RMA algorithm that includes global background adjustment and quantile normalization. The resulting matrix showed genes as rows and samples as columns was log2 transformed and used as input for linear modeling using the limma package.The limma package was performed to identify differentially expressed genes (DEG) at any time point post immunization, compared with baseline (Day 0). Empirical Bayes moderation of the standard error and Benjamini and Hochberg false-discovery rate (FDR) correction for multiple testing were employed, and the criteria for differentially expressed genes (DEG) were threshold fold change more than 1.5 and BH adjusted FDR less than 0.01.
GSM2184816	platform_id	0	21	GPL21975
GSM2184816	contact_name	0	22	Yiming,,Shao
GSM2184816	contact_email	0	23	yshao@bjmu.edu.cn
GSM2184816	contact_department	0	24	National Center for AIDS/STD Control and Prevention
GSM2184816	contact_institute	0	25	Chinese Center for Disease Control and Prevention
GSM2184816	contact_address	0	26	No. 155 Changbai Road, Changping District
GSM2184816	contact_city	0	27	Beijing
GSM2184816	contact_state	0	28	Beijing
GSM2184816	contact_zip/postal_code	0	29	102206
GSM2184816	contact_country	0	30	China
GSM2184816	supplementary_file	0	31	ftp://ftp.ncbi.nlm.nih.gov/geo/samples/GSM2184nnn/GSM2184816/suppl/GSM2184816_YFV2012012-9.CEL.gz
GSM2184816	data_row_count	0	32	18563
GSM2184817	title	0	0	YFV2012013 PBMC Day 0
GSM2184817	geo_accession	0	1	GSM2184817
GSM2184817	status	0	2	Public on Jun 25 2017
GSM2184817	submission_date	0	3	Jun 02 2016
GSM2184817	last_update_date	0	4	Jun 26 2017
GSM2184817	type	0	5	RNA
GSM2184817	channel_count	0	6	1
GSM2184817	source_name_ch1	0	7	human Day 0
GSM2184817	organism_ch1	0	8	Homo sapiens
GSM2184817	characteristics_ch1	0	9	subject id: YFV2012013
GSM2184817	characteristics_ch1	1	10	time points: Day 0
GSM2184817	characteristics_ch1	2	11	groups: G1
GSM2184817	characteristics_ch1	3	12	gender: Female
GSM2184817	molecule_ch1	0	13	total RNA
GSM2184817	extract_protocol_ch1	0	14	After PMBC isolation, 1 × 10^6 PBMC cells were lysed in 1 ml of TRIzol (Life technologies, Carlsbad, CA, USA) immediately and stored at -80℃. The samples were thawed and RNA extracted following the manufacturer’s instructions. The quality of the RNA was assessed by using Nanodrop 2000 Spectrometer (Thermo Scientific, MA, USA) as well as by visualization of the integrity of the 28S and 18S band on Agilent Bioanalyzer 2100 (Agilent technologies, Santa Clara, CA, USA).  Qualified total RNA was further purified by RNeasy micro kit (QIAGEN, GmBH, Germany) and removed genomic contamination by RNase-Free DNase Set (QIAGEN, GmBH, Germany).  The purified RNA was stored at -80℃.
GSM2184817	label_ch1	0	15	biotin
GSM2184817	label_protocol_ch1	0	16	Total RNA were amplified, labeled and purified by using the GeneChip 3’IVT Express Kit (Affymetrix, Santa Clara, CA, USA) followed the manufacturer’s instructions to obtain biotin labeled cRNA.
GSM2184817	taxid_ch1	0	17	9606
GSM2184817	hyb_protocol	0	18	After hybridization on Human PrimeView Arrays for 16 h at 45℃ and 60 rpm in Hybridization Oven 640 (Affymetrix, Santa Clara, CA, USA), slides were washed and stained with a Fluidics Station 450 (Affymetrix, Santa Clara, CA, USA).
GSM2184817	scan_protocol	0	19	Scanning was performed on a seventh-generation GeneChip Scanner 3000 (Affymetrix, Santa Clara, CA, USA). Affymetrix GCOS software was used to perform image analysis and generate raw intensity data.
GSM2184817	data_processing	0	20	Initially, data quality was assessed by background level, 3’ labeling bias, RNA quality and pair-wise correlation among samples. For the PrimeView chip, the customized CDF (version 17, ENTREZG) downloaded from the BrainArray website was performed in probe set mapping. IQR was applied for raw data filtering using the genefilter package, and the threshold was set to remove probes/genes with IQR less than the 20th percentile of the IQR’s across all probes/genes. . Normalization was performed with RMA algorithm that includes global background adjustment and quantile normalization. The resulting matrix showed genes as rows and samples as columns was log2 transformed and used as input for linear modeling using the limma package.The limma package was performed to identify differentially expressed genes (DEG) at any time point post immunization, compared with baseline (Day 0). Empirical Bayes moderation of the standard error and Benjamini and Hochberg false-discovery rate (FDR) correction for multiple testing were employed, and the criteria for differentially expressed genes (DEG) were threshold fold change more than 1.5 and BH adjusted FDR less than 0.01.
GSM2184817	platform_id	0	21	GPL21975
GSM2184817	contact_name	0	22	Yiming,,Shao
GSM2184817	contact_email	0	23	yshao@bjmu.edu.cn
GSM2184817	contact_department	0	24	National Center for AIDS/STD Control and Prevention
GSM2184817	contact_institute	0	25	Chinese Center for Disease Control and Prevention
GSM2184817	contact_address	0	26	No. 155 Changbai Road, Changping District
GSM2184817	contact_city	0	27	Beijing
GSM2184817	contact_state	0	28	Beijing
GSM2184817	contact_zip/postal_code	0	29	102206
GSM2184817	contact_country	0	30	China
GSM2184817	supplementary_file	0	31	ftp://ftp.ncbi.nlm.nih.gov/geo/samples/GSM2184nnn/GSM2184817/suppl/GSM2184817_YFV2012013-1.CEL.gz
GSM2184817	data_row_count	0	32	18563
GSM2184818	title	0	0	YFV2012013 PBMC Hour 4
GSM2184818	geo_accession	0	1	GSM2184818
GSM2184818	status	0	2	Public on Jun 25 2017
GSM2184818	submission_date	0	3	Jun 02 2016
GSM2184818	last_update_date	0	4	Jun 26 2017
GSM2184818	type	0	5	RNA
GSM2184818	channel_count	0	6	1
GSM2184818	source_name_ch1	0	7	human Hour 4
GSM2184818	organism_ch1	0	8	Homo sapiens
GSM2184818	characteristics_ch1	0	9	subject id: YFV2012013
GSM2184818	characteristics_ch1	1	10	time points: Hour 4
GSM2184818	characteristics_ch1	2	11	groups: G2
GSM2184818	characteristics_ch1	3	12	gender: Female
GSM2184818	molecule_ch1	0	13	total RNA
GSM2184818	extract_protocol_ch1	0	14	After PMBC isolation, 1 × 10^6 PBMC cells were lysed in 1 ml of TRIzol (Life technologies, Carlsbad, CA, USA) immediately and stored at -80℃. The samples were thawed and RNA extracted following the manufacturer’s instructions. The quality of the RNA was assessed by using Nanodrop 2000 Spectrometer (Thermo Scientific, MA, USA) as well as by visualization of the integrity of the 28S and 18S band on Agilent Bioanalyzer 2100 (Agilent technologies, Santa Clara, CA, USA).  Qualified total RNA was further purified by RNeasy micro kit (QIAGEN, GmBH, Germany) and removed genomic contamination by RNase-Free DNase Set (QIAGEN, GmBH, Germany).  The purified RNA was stored at -80℃.
GSM2184818	label_ch1	0	15	biotin
GSM2184818	label_protocol_ch1	0	16	Total RNA were amplified, labeled and purified by using the GeneChip 3’IVT Express Kit (Affymetrix, Santa Clara, CA, USA) followed the manufacturer’s instructions to obtain biotin labeled cRNA.
GSM2184818	taxid_ch1	0	17	9606
GSM2184818	hyb_protocol	0	18	After hybridization on Human PrimeView Arrays for 16 h at 45℃ and 60 rpm in Hybridization Oven 640 (Affymetrix, Santa Clara, CA, USA), slides were washed and stained with a Fluidics Station 450 (Affymetrix, Santa Clara, CA, USA).
GSM2184818	scan_protocol	0	19	Scanning was performed on a seventh-generation GeneChip Scanner 3000 (Affymetrix, Santa Clara, CA, USA). Affymetrix GCOS software was used to perform image analysis and generate raw intensity data.
GSM2184818	data_processing	0	20	Initially, data quality was assessed by background level, 3’ labeling bias, RNA quality and pair-wise correlation among samples. For the PrimeView chip, the customized CDF (version 17, ENTREZG) downloaded from the BrainArray website was performed in probe set mapping. IQR was applied for raw data filtering using the genefilter package, and the threshold was set to remove probes/genes with IQR less than the 20th percentile of the IQR’s across all probes/genes. . Normalization was performed with RMA algorithm that includes global background adjustment and quantile normalization. The resulting matrix showed genes as rows and samples as columns was log2 transformed and used as input for linear modeling using the limma package.The limma package was performed to identify differentially expressed genes (DEG) at any time point post immunization, compared with baseline (Day 0). Empirical Bayes moderation of the standard error and Benjamini and Hochberg false-discovery rate (FDR) correction for multiple testing were employed, and the criteria for differentially expressed genes (DEG) were threshold fold change more than 1.5 and BH adjusted FDR less than 0.01.
GSM2184818	platform_id	0	21	GPL21975
GSM2184818	contact_name	0	22	Yiming,,Shao
GSM2184818	contact_email	0	23	yshao@bjmu.edu.cn
GSM2184818	contact_department	0	24	National Center for AIDS/STD Control and Prevention
GSM2184818	contact_institute	0	25	Chinese Center for Disease Control and Prevention
GSM2184818	contact_address	0	26	No. 155 Changbai Road, Changping District
GSM2184818	contact_city	0	27	Beijing
GSM2184818	contact_state	0	28	Beijing
GSM2184818	contact_zip/postal_code	0	29	102206
GSM2184818	contact_country	0	30	China
GSM2184818	supplementary_file	0	31	ftp://ftp.ncbi.nlm.nih.gov/geo/samples/GSM2184nnn/GSM2184818/suppl/GSM2184818_YFV2012013-2.CEL.gz
GSM2184818	data_row_count	0	32	18563
GSM2184819	title	0	0	YFV2012013 PBMC Day 7
GSM2184819	geo_accession	0	1	GSM2184819
GSM2184819	status	0	2	Public on Jun 25 2017
GSM2184819	submission_date	0	3	Jun 02 2016
GSM2184819	last_update_date	0	4	Jun 26 2017
GSM2184819	type	0	5	RNA
GSM2184819	channel_count	0	6	1
GSM2184819	source_name_ch1	0	7	human Day 7
GSM2184819	organism_ch1	0	8	Homo sapiens
GSM2184819	characteristics_ch1	0	9	subject id: YFV2012013
GSM2184819	characteristics_ch1	1	10	time points: Day 7
GSM2184819	characteristics_ch1	2	11	groups: G7
GSM2184819	characteristics_ch1	3	12	gender: Female
GSM2184819	molecule_ch1	0	13	total RNA
GSM2184819	extract_protocol_ch1	0	14	After PMBC isolation, 1 × 10^6 PBMC cells were lysed in 1 ml of TRIzol (Life technologies, Carlsbad, CA, USA) immediately and stored at -80℃. The samples were thawed and RNA extracted following the manufacturer’s instructions. The quality of the RNA was assessed by using Nanodrop 2000 Spectrometer (Thermo Scientific, MA, USA) as well as by visualization of the integrity of the 28S and 18S band on Agilent Bioanalyzer 2100 (Agilent technologies, Santa Clara, CA, USA).  Qualified total RNA was further purified by RNeasy micro kit (QIAGEN, GmBH, Germany) and removed genomic contamination by RNase-Free DNase Set (QIAGEN, GmBH, Germany).  The purified RNA was stored at -80℃.
GSM2184819	label_ch1	0	15	biotin
GSM2184819	label_protocol_ch1	0	16	Total RNA were amplified, labeled and purified by using the GeneChip 3’IVT Express Kit (Affymetrix, Santa Clara, CA, USA) followed the manufacturer’s instructions to obtain biotin labeled cRNA.
GSM2184819	taxid_ch1	0	17	9606
GSM2184819	hyb_protocol	0	18	After hybridization on Human PrimeView Arrays for 16 h at 45℃ and 60 rpm in Hybridization Oven 640 (Affymetrix, Santa Clara, CA, USA), slides were washed and stained with a Fluidics Station 450 (Affymetrix, Santa Clara, CA, USA).
GSM2184819	scan_protocol	0	19	Scanning was performed on a seventh-generation GeneChip Scanner 3000 (Affymetrix, Santa Clara, CA, USA). Affymetrix GCOS software was used to perform image analysis and generate raw intensity data.
GSM2184819	data_processing	0	20	Initially, data quality was assessed by background level, 3’ labeling bias, RNA quality and pair-wise correlation among samples. For the PrimeView chip, the customized CDF (version 17, ENTREZG) downloaded from the BrainArray website was performed in probe set mapping. IQR was applied for raw data filtering using the genefilter package, and the threshold was set to remove probes/genes with IQR less than the 20th percentile of the IQR’s across all probes/genes. . Normalization was performed with RMA algorithm that includes global background adjustment and quantile normalization. The resulting matrix showed genes as rows and samples as columns was log2 transformed and used as input for linear modeling using the limma package.The limma package was performed to identify differentially expressed genes (DEG) at any time point post immunization, compared with baseline (Day 0). Empirical Bayes moderation of the standard error and Benjamini and Hochberg false-discovery rate (FDR) correction for multiple testing were employed, and the criteria for differentially expressed genes (DEG) were threshold fold change more than 1.5 and BH adjusted FDR less than 0.01.
GSM2184819	platform_id	0	21	GPL21975
GSM2184819	contact_name	0	22	Yiming,,Shao
GSM2184819	contact_email	0	23	yshao@bjmu.edu.cn
GSM2184819	contact_department	0	24	National Center for AIDS/STD Control and Prevention
GSM2184819	contact_institute	0	25	Chinese Center for Disease Control and Prevention
GSM2184819	contact_address	0	26	No. 155 Changbai Road, Changping District
GSM2184819	contact_city	0	27	Beijing
GSM2184819	contact_state	0	28	Beijing
GSM2184819	contact_zip/postal_code	0	29	102206
GSM2184819	contact_country	0	30	China
GSM2184819	supplementary_file	0	31	ftp://ftp.ncbi.nlm.nih.gov/geo/samples/GSM2184nnn/GSM2184819/suppl/GSM2184819_YFV2012013-7.CEL.gz
GSM2184819	data_row_count	0	32	18563
GSM2184820	title	0	0	YFV2012013 PBMC Day 28
GSM2184820	geo_accession	0	1	GSM2184820
GSM2184820	status	0	2	Public on Jun 25 2017
GSM2184820	submission_date	0	3	Jun 02 2016
GSM2184820	last_update_date	0	4	Jun 26 2017
GSM2184820	type	0	5	RNA
GSM2184820	channel_count	0	6	1
GSM2184820	source_name_ch1	0	7	human Day 28
GSM2184820	organism_ch1	0	8	Homo sapiens
GSM2184820	characteristics_ch1	0	9	subject id: YFV2012013
GSM2184820	characteristics_ch1	1	10	time points: Day 28
GSM2184820	characteristics_ch1	2	11	groups: G9
GSM2184820	characteristics_ch1	3	12	gender: Female
GSM2184820	molecule_ch1	0	13	total RNA
GSM2184820	extract_protocol_ch1	0	14	After PMBC isolation, 1 × 10^6 PBMC cells were lysed in 1 ml of TRIzol (Life technologies, Carlsbad, CA, USA) immediately and stored at -80℃. The samples were thawed and RNA extracted following the manufacturer’s instructions. The quality of the RNA was assessed by using Nanodrop 2000 Spectrometer (Thermo Scientific, MA, USA) as well as by visualization of the integrity of the 28S and 18S band on Agilent Bioanalyzer 2100 (Agilent technologies, Santa Clara, CA, USA).  Qualified total RNA was further purified by RNeasy micro kit (QIAGEN, GmBH, Germany) and removed genomic contamination by RNase-Free DNase Set (QIAGEN, GmBH, Germany).  The purified RNA was stored at -80℃.
GSM2184820	label_ch1	0	15	biotin
GSM2184820	label_protocol_ch1	0	16	Total RNA were amplified, labeled and purified by using the GeneChip 3’IVT Express Kit (Affymetrix, Santa Clara, CA, USA) followed the manufacturer’s instructions to obtain biotin labeled cRNA.
GSM2184820	taxid_ch1	0	17	9606
GSM2184820	hyb_protocol	0	18	After hybridization on Human PrimeView Arrays for 16 h at 45℃ and 60 rpm in Hybridization Oven 640 (Affymetrix, Santa Clara, CA, USA), slides were washed and stained with a Fluidics Station 450 (Affymetrix, Santa Clara, CA, USA).
GSM2184820	scan_protocol	0	19	Scanning was performed on a seventh-generation GeneChip Scanner 3000 (Affymetrix, Santa Clara, CA, USA). Affymetrix GCOS software was used to perform image analysis and generate raw intensity data.
GSM2184820	data_processing	0	20	Initially, data quality was assessed by background level, 3’ labeling bias, RNA quality and pair-wise correlation among samples. For the PrimeView chip, the customized CDF (version 17, ENTREZG) downloaded from the BrainArray website was performed in probe set mapping. IQR was applied for raw data filtering using the genefilter package, and the threshold was set to remove probes/genes with IQR less than the 20th percentile of the IQR’s across all probes/genes. . Normalization was performed with RMA algorithm that includes global background adjustment and quantile normalization. The resulting matrix showed genes as rows and samples as columns was log2 transformed and used as input for linear modeling using the limma package.The limma package was performed to identify differentially expressed genes (DEG) at any time point post immunization, compared with baseline (Day 0). Empirical Bayes moderation of the standard error and Benjamini and Hochberg false-discovery rate (FDR) correction for multiple testing were employed, and the criteria for differentially expressed genes (DEG) were threshold fold change more than 1.5 and BH adjusted FDR less than 0.01.
GSM2184820	platform_id	0	21	GPL21975
GSM2184820	contact_name	0	22	Yiming,,Shao
GSM2184820	contact_email	0	23	yshao@bjmu.edu.cn
GSM2184820	contact_department	0	24	National Center for AIDS/STD Control and Prevention
GSM2184820	contact_institute	0	25	Chinese Center for Disease Control and Prevention
GSM2184820	contact_address	0	26	No. 155 Changbai Road, Changping District
GSM2184820	contact_city	0	27	Beijing
GSM2184820	contact_state	0	28	Beijing
GSM2184820	contact_zip/postal_code	0	29	102206
GSM2184820	contact_country	0	30	China
GSM2184820	supplementary_file	0	31	ftp://ftp.ncbi.nlm.nih.gov/geo/samples/GSM2184nnn/GSM2184820/suppl/GSM2184820_YFV2012013-9.CEL.gz
GSM2184820	data_row_count	0	32	18563
GSM2184821	title	0	0	YFV2012014 PBMC Day 0
GSM2184821	geo_accession	0	1	GSM2184821
GSM2184821	status	0	2	Public on Jun 25 2017
GSM2184821	submission_date	0	3	Jun 02 2016
GSM2184821	last_update_date	0	4	Jun 26 2017
GSM2184821	type	0	5	RNA
GSM2184821	channel_count	0	6	1
GSM2184821	source_name_ch1	0	7	human Day 0
GSM2184821	organism_ch1	0	8	Homo sapiens
GSM2184821	characteristics_ch1	0	9	subject id: YFV2012014
GSM2184821	characteristics_ch1	1	10	time points: Day 0
GSM2184821	characteristics_ch1	2	11	groups: G1
GSM2184821	characteristics_ch1	3	12	gender: Female
GSM2184821	molecule_ch1	0	13	total RNA
GSM2184821	extract_protocol_ch1	0	14	After PMBC isolation, 1 × 10^6 PBMC cells were lysed in 1 ml of TRIzol (Life technologies, Carlsbad, CA, USA) immediately and stored at -80℃. The samples were thawed and RNA extracted following the manufacturer’s instructions. The quality of the RNA was assessed by using Nanodrop 2000 Spectrometer (Thermo Scientific, MA, USA) as well as by visualization of the integrity of the 28S and 18S band on Agilent Bioanalyzer 2100 (Agilent technologies, Santa Clara, CA, USA).  Qualified total RNA was further purified by RNeasy micro kit (QIAGEN, GmBH, Germany) and removed genomic contamination by RNase-Free DNase Set (QIAGEN, GmBH, Germany).  The purified RNA was stored at -80℃.
GSM2184821	label_ch1	0	15	biotin
GSM2184821	label_protocol_ch1	0	16	Total RNA were amplified, labeled and purified by using the GeneChip 3’IVT Express Kit (Affymetrix, Santa Clara, CA, USA) followed the manufacturer’s instructions to obtain biotin labeled cRNA.
GSM2184821	taxid_ch1	0	17	9606
GSM2184821	hyb_protocol	0	18	After hybridization on Human PrimeView Arrays for 16 h at 45℃ and 60 rpm in Hybridization Oven 640 (Affymetrix, Santa Clara, CA, USA), slides were washed and stained with a Fluidics Station 450 (Affymetrix, Santa Clara, CA, USA).
GSM2184821	scan_protocol	0	19	Scanning was performed on a seventh-generation GeneChip Scanner 3000 (Affymetrix, Santa Clara, CA, USA). Affymetrix GCOS software was used to perform image analysis and generate raw intensity data.
GSM2184821	data_processing	0	20	Initially, data quality was assessed by background level, 3’ labeling bias, RNA quality and pair-wise correlation among samples. For the PrimeView chip, the customized CDF (version 17, ENTREZG) downloaded from the BrainArray website was performed in probe set mapping. IQR was applied for raw data filtering using the genefilter package, and the threshold was set to remove probes/genes with IQR less than the 20th percentile of the IQR’s across all probes/genes. . Normalization was performed with RMA algorithm that includes global background adjustment and quantile normalization. The resulting matrix showed genes as rows and samples as columns was log2 transformed and used as input for linear modeling using the limma package.The limma package was performed to identify differentially expressed genes (DEG) at any time point post immunization, compared with baseline (Day 0). Empirical Bayes moderation of the standard error and Benjamini and Hochberg false-discovery rate (FDR) correction for multiple testing were employed, and the criteria for differentially expressed genes (DEG) were threshold fold change more than 1.5 and BH adjusted FDR less than 0.01.
GSM2184821	platform_id	0	21	GPL21975
GSM2184821	contact_name	0	22	Yiming,,Shao
GSM2184821	contact_email	0	23	yshao@bjmu.edu.cn
GSM2184821	contact_department	0	24	National Center for AIDS/STD Control and Prevention
GSM2184821	contact_institute	0	25	Chinese Center for Disease Control and Prevention
GSM2184821	contact_address	0	26	No. 155 Changbai Road, Changping District
GSM2184821	contact_city	0	27	Beijing
GSM2184821	contact_state	0	28	Beijing
GSM2184821	contact_zip/postal_code	0	29	102206
GSM2184821	contact_country	0	30	China
GSM2184821	supplementary_file	0	31	ftp://ftp.ncbi.nlm.nih.gov/geo/samples/GSM2184nnn/GSM2184821/suppl/GSM2184821_YFV2012014-1.CEL.gz
GSM2184821	data_row_count	0	32	18563
GSM2184822	title	0	0	YFV2012014 PBMC Hour 4
GSM2184822	geo_accession	0	1	GSM2184822
GSM2184822	status	0	2	Public on Jun 25 2017
GSM2184822	submission_date	0	3	Jun 02 2016
GSM2184822	last_update_date	0	4	Jun 26 2017
GSM2184822	type	0	5	RNA
GSM2184822	channel_count	0	6	1
GSM2184822	source_name_ch1	0	7	human Hour 4
GSM2184822	organism_ch1	0	8	Homo sapiens
GSM2184822	characteristics_ch1	0	9	subject id: YFV2012014
GSM2184822	characteristics_ch1	1	10	time points: Hour 4
GSM2184822	characteristics_ch1	2	11	groups: G2
GSM2184822	characteristics_ch1	3	12	gender: Female
GSM2184822	molecule_ch1	0	13	total RNA
GSM2184822	extract_protocol_ch1	0	14	After PMBC isolation, 1 × 10^6 PBMC cells were lysed in 1 ml of TRIzol (Life technologies, Carlsbad, CA, USA) immediately and stored at -80℃. The samples were thawed and RNA extracted following the manufacturer’s instructions. The quality of the RNA was assessed by using Nanodrop 2000 Spectrometer (Thermo Scientific, MA, USA) as well as by visualization of the integrity of the 28S and 18S band on Agilent Bioanalyzer 2100 (Agilent technologies, Santa Clara, CA, USA).  Qualified total RNA was further purified by RNeasy micro kit (QIAGEN, GmBH, Germany) and removed genomic contamination by RNase-Free DNase Set (QIAGEN, GmBH, Germany).  The purified RNA was stored at -80℃.
GSM2184822	label_ch1	0	15	biotin
GSM2184822	label_protocol_ch1	0	16	Total RNA were amplified, labeled and purified by using the GeneChip 3’IVT Express Kit (Affymetrix, Santa Clara, CA, USA) followed the manufacturer’s instructions to obtain biotin labeled cRNA.
GSM2184822	taxid_ch1	0	17	9606
GSM2184822	hyb_protocol	0	18	After hybridization on Human PrimeView Arrays for 16 h at 45℃ and 60 rpm in Hybridization Oven 640 (Affymetrix, Santa Clara, CA, USA), slides were washed and stained with a Fluidics Station 450 (Affymetrix, Santa Clara, CA, USA).
GSM2184822	scan_protocol	0	19	Scanning was performed on a seventh-generation GeneChip Scanner 3000 (Affymetrix, Santa Clara, CA, USA). Affymetrix GCOS software was used to perform image analysis and generate raw intensity data.
GSM2184822	data_processing	0	20	Initially, data quality was assessed by background level, 3’ labeling bias, RNA quality and pair-wise correlation among samples. For the PrimeView chip, the customized CDF (version 17, ENTREZG) downloaded from the BrainArray website was performed in probe set mapping. IQR was applied for raw data filtering using the genefilter package, and the threshold was set to remove probes/genes with IQR less than the 20th percentile of the IQR’s across all probes/genes. . Normalization was performed with RMA algorithm that includes global background adjustment and quantile normalization. The resulting matrix showed genes as rows and samples as columns was log2 transformed and used as input for linear modeling using the limma package.The limma package was performed to identify differentially expressed genes (DEG) at any time point post immunization, compared with baseline (Day 0). Empirical Bayes moderation of the standard error and Benjamini and Hochberg false-discovery rate (FDR) correction for multiple testing were employed, and the criteria for differentially expressed genes (DEG) were threshold fold change more than 1.5 and BH adjusted FDR less than 0.01.
GSM2184822	platform_id	0	21	GPL21975
GSM2184822	contact_name	0	22	Yiming,,Shao
GSM2184822	contact_email	0	23	yshao@bjmu.edu.cn
GSM2184822	contact_department	0	24	National Center for AIDS/STD Control and Prevention
GSM2184822	contact_institute	0	25	Chinese Center for Disease Control and Prevention
GSM2184822	contact_address	0	26	No. 155 Changbai Road, Changping District
GSM2184822	contact_city	0	27	Beijing
GSM2184822	contact_state	0	28	Beijing
GSM2184822	contact_zip/postal_code	0	29	102206
GSM2184822	contact_country	0	30	China
GSM2184822	supplementary_file	0	31	ftp://ftp.ncbi.nlm.nih.gov/geo/samples/GSM2184nnn/GSM2184822/suppl/GSM2184822_YFV2012014-2.CEL.gz
GSM2184822	data_row_count	0	32	18563
GSM2184823	title	0	0	YFV2012014 PBMC Day 7
GSM2184823	geo_accession	0	1	GSM2184823
GSM2184823	status	0	2	Public on Jun 25 2017
GSM2184823	submission_date	0	3	Jun 02 2016
GSM2184823	last_update_date	0	4	Jun 26 2017
GSM2184823	type	0	5	RNA
GSM2184823	channel_count	0	6	1
GSM2184823	source_name_ch1	0	7	human Day 7
GSM2184823	organism_ch1	0	8	Homo sapiens
GSM2184823	characteristics_ch1	0	9	subject id: YFV2012014
GSM2184823	characteristics_ch1	1	10	time points: Day 7
GSM2184823	characteristics_ch1	2	11	groups: G7
GSM2184823	characteristics_ch1	3	12	gender: Female
GSM2184823	molecule_ch1	0	13	total RNA
GSM2184823	extract_protocol_ch1	0	14	After PMBC isolation, 1 × 10^6 PBMC cells were lysed in 1 ml of TRIzol (Life technologies, Carlsbad, CA, USA) immediately and stored at -80℃. The samples were thawed and RNA extracted following the manufacturer’s instructions. The quality of the RNA was assessed by using Nanodrop 2000 Spectrometer (Thermo Scientific, MA, USA) as well as by visualization of the integrity of the 28S and 18S band on Agilent Bioanalyzer 2100 (Agilent technologies, Santa Clara, CA, USA).  Qualified total RNA was further purified by RNeasy micro kit (QIAGEN, GmBH, Germany) and removed genomic contamination by RNase-Free DNase Set (QIAGEN, GmBH, Germany).  The purified RNA was stored at -80℃.
GSM2184823	label_ch1	0	15	biotin
GSM2184823	label_protocol_ch1	0	16	Total RNA were amplified, labeled and purified by using the GeneChip 3’IVT Express Kit (Affymetrix, Santa Clara, CA, USA) followed the manufacturer’s instructions to obtain biotin labeled cRNA.
GSM2184823	taxid_ch1	0	17	9606
GSM2184823	hyb_protocol	0	18	After hybridization on Human PrimeView Arrays for 16 h at 45℃ and 60 rpm in Hybridization Oven 640 (Affymetrix, Santa Clara, CA, USA), slides were washed and stained with a Fluidics Station 450 (Affymetrix, Santa Clara, CA, USA).
GSM2184823	scan_protocol	0	19	Scanning was performed on a seventh-generation GeneChip Scanner 3000 (Affymetrix, Santa Clara, CA, USA). Affymetrix GCOS software was used to perform image analysis and generate raw intensity data.
GSM2184823	data_processing	0	20	Initially, data quality was assessed by background level, 3’ labeling bias, RNA quality and pair-wise correlation among samples. For the PrimeView chip, the customized CDF (version 17, ENTREZG) downloaded from the BrainArray website was performed in probe set mapping. IQR was applied for raw data filtering using the genefilter package, and the threshold was set to remove probes/genes with IQR less than the 20th percentile of the IQR’s across all probes/genes. . Normalization was performed with RMA algorithm that includes global background adjustment and quantile normalization. The resulting matrix showed genes as rows and samples as columns was log2 transformed and used as input for linear modeling using the limma package.The limma package was performed to identify differentially expressed genes (DEG) at any time point post immunization, compared with baseline (Day 0). Empirical Bayes moderation of the standard error and Benjamini and Hochberg false-discovery rate (FDR) correction for multiple testing were employed, and the criteria for differentially expressed genes (DEG) were threshold fold change more than 1.5 and BH adjusted FDR less than 0.01.
GSM2184823	platform_id	0	21	GPL21975
GSM2184823	contact_name	0	22	Yiming,,Shao
GSM2184823	contact_email	0	23	yshao@bjmu.edu.cn
GSM2184823	contact_department	0	24	National Center for AIDS/STD Control and Prevention
GSM2184823	contact_institute	0	25	Chinese Center for Disease Control and Prevention
GSM2184823	contact_address	0	26	No. 155 Changbai Road, Changping District
GSM2184823	contact_city	0	27	Beijing
GSM2184823	contact_state	0	28	Beijing
GSM2184823	contact_zip/postal_code	0	29	102206
GSM2184823	contact_country	0	30	China
GSM2184823	supplementary_file	0	31	ftp://ftp.ncbi.nlm.nih.gov/geo/samples/GSM2184nnn/GSM2184823/suppl/GSM2184823_YFV2012014-7.CEL.gz
GSM2184823	data_row_count	0	32	18563
GSM2184824	title	0	0	YFV2012014 PBMC Day 28
GSM2184824	geo_accession	0	1	GSM2184824
GSM2184824	status	0	2	Public on Jun 25 2017
GSM2184824	submission_date	0	3	Jun 02 2016
GSM2184824	last_update_date	0	4	Jun 26 2017
GSM2184824	type	0	5	RNA
GSM2184824	channel_count	0	6	1
GSM2184824	source_name_ch1	0	7	human Day 28
GSM2184824	organism_ch1	0	8	Homo sapiens
GSM2184824	characteristics_ch1	0	9	subject id: YFV2012014
GSM2184824	characteristics_ch1	1	10	time points: Day 28
GSM2184824	characteristics_ch1	2	11	groups: G9
GSM2184824	characteristics_ch1	3	12	gender: Female
GSM2184824	molecule_ch1	0	13	total RNA
GSM2184824	extract_protocol_ch1	0	14	After PMBC isolation, 1 × 10^6 PBMC cells were lysed in 1 ml of TRIzol (Life technologies, Carlsbad, CA, USA) immediately and stored at -80℃. The samples were thawed and RNA extracted following the manufacturer’s instructions. The quality of the RNA was assessed by using Nanodrop 2000 Spectrometer (Thermo Scientific, MA, USA) as well as by visualization of the integrity of the 28S and 18S band on Agilent Bioanalyzer 2100 (Agilent technologies, Santa Clara, CA, USA).  Qualified total RNA was further purified by RNeasy micro kit (QIAGEN, GmBH, Germany) and removed genomic contamination by RNase-Free DNase Set (QIAGEN, GmBH, Germany).  The purified RNA was stored at -80℃.
GSM2184824	label_ch1	0	15	biotin
GSM2184824	label_protocol_ch1	0	16	Total RNA were amplified, labeled and purified by using the GeneChip 3’IVT Express Kit (Affymetrix, Santa Clara, CA, USA) followed the manufacturer’s instructions to obtain biotin labeled cRNA.
GSM2184824	taxid_ch1	0	17	9606
GSM2184824	hyb_protocol	0	18	After hybridization on Human PrimeView Arrays for 16 h at 45℃ and 60 rpm in Hybridization Oven 640 (Affymetrix, Santa Clara, CA, USA), slides were washed and stained with a Fluidics Station 450 (Affymetrix, Santa Clara, CA, USA).
GSM2184824	scan_protocol	0	19	Scanning was performed on a seventh-generation GeneChip Scanner 3000 (Affymetrix, Santa Clara, CA, USA). Affymetrix GCOS software was used to perform image analysis and generate raw intensity data.
GSM2184824	data_processing	0	20	Initially, data quality was assessed by background level, 3’ labeling bias, RNA quality and pair-wise correlation among samples. For the PrimeView chip, the customized CDF (version 17, ENTREZG) downloaded from the BrainArray website was performed in probe set mapping. IQR was applied for raw data filtering using the genefilter package, and the threshold was set to remove probes/genes with IQR less than the 20th percentile of the IQR’s across all probes/genes. . Normalization was performed with RMA algorithm that includes global background adjustment and quantile normalization. The resulting matrix showed genes as rows and samples as columns was log2 transformed and used as input for linear modeling using the limma package.The limma package was performed to identify differentially expressed genes (DEG) at any time point post immunization, compared with baseline (Day 0). Empirical Bayes moderation of the standard error and Benjamini and Hochberg false-discovery rate (FDR) correction for multiple testing were employed, and the criteria for differentially expressed genes (DEG) were threshold fold change more than 1.5 and BH adjusted FDR less than 0.01.
GSM2184824	platform_id	0	21	GPL21975
GSM2184824	contact_name	0	22	Yiming,,Shao
GSM2184824	contact_email	0	23	yshao@bjmu.edu.cn
GSM2184824	contact_department	0	24	National Center for AIDS/STD Control and Prevention
GSM2184824	contact_institute	0	25	Chinese Center for Disease Control and Prevention
GSM2184824	contact_address	0	26	No. 155 Changbai Road, Changping District
GSM2184824	contact_city	0	27	Beijing
GSM2184824	contact_state	0	28	Beijing
GSM2184824	contact_zip/postal_code	0	29	102206
GSM2184824	contact_country	0	30	China
GSM2184824	supplementary_file	0	31	ftp://ftp.ncbi.nlm.nih.gov/geo/samples/GSM2184nnn/GSM2184824/suppl/GSM2184824_YFV2012014-9.CEL.gz
GSM2184824	data_row_count	0	32	18563
GSM2184825	title	0	0	YFV2012015 PBMC Day 0
GSM2184825	geo_accession	0	1	GSM2184825
GSM2184825	status	0	2	Public on Jun 25 2017
GSM2184825	submission_date	0	3	Jun 02 2016
GSM2184825	last_update_date	0	4	Jun 26 2017
GSM2184825	type	0	5	RNA
GSM2184825	channel_count	0	6	1
GSM2184825	source_name_ch1	0	7	human Day 0
GSM2184825	organism_ch1	0	8	Homo sapiens
GSM2184825	characteristics_ch1	0	9	subject id: YFV2012015
GSM2184825	characteristics_ch1	1	10	time points: Day 0
GSM2184825	characteristics_ch1	2	11	groups: G1
GSM2184825	characteristics_ch1	3	12	gender: Female
GSM2184825	molecule_ch1	0	13	total RNA
GSM2184825	extract_protocol_ch1	0	14	After PMBC isolation, 1 × 10^6 PBMC cells were lysed in 1 ml of TRIzol (Life technologies, Carlsbad, CA, USA) immediately and stored at -80℃. The samples were thawed and RNA extracted following the manufacturer’s instructions. The quality of the RNA was assessed by using Nanodrop 2000 Spectrometer (Thermo Scientific, MA, USA) as well as by visualization of the integrity of the 28S and 18S band on Agilent Bioanalyzer 2100 (Agilent technologies, Santa Clara, CA, USA).  Qualified total RNA was further purified by RNeasy micro kit (QIAGEN, GmBH, Germany) and removed genomic contamination by RNase-Free DNase Set (QIAGEN, GmBH, Germany).  The purified RNA was stored at -80℃.
GSM2184825	label_ch1	0	15	biotin
GSM2184825	label_protocol_ch1	0	16	Total RNA were amplified, labeled and purified by using the GeneChip 3’IVT Express Kit (Affymetrix, Santa Clara, CA, USA) followed the manufacturer’s instructions to obtain biotin labeled cRNA.
GSM2184825	taxid_ch1	0	17	9606
GSM2184825	hyb_protocol	0	18	After hybridization on Human PrimeView Arrays for 16 h at 45℃ and 60 rpm in Hybridization Oven 640 (Affymetrix, Santa Clara, CA, USA), slides were washed and stained with a Fluidics Station 450 (Affymetrix, Santa Clara, CA, USA).
GSM2184825	scan_protocol	0	19	Scanning was performed on a seventh-generation GeneChip Scanner 3000 (Affymetrix, Santa Clara, CA, USA). Affymetrix GCOS software was used to perform image analysis and generate raw intensity data.
GSM2184825	data_processing	0	20	Initially, data quality was assessed by background level, 3’ labeling bias, RNA quality and pair-wise correlation among samples. For the PrimeView chip, the customized CDF (version 17, ENTREZG) downloaded from the BrainArray website was performed in probe set mapping. IQR was applied for raw data filtering using the genefilter package, and the threshold was set to remove probes/genes with IQR less than the 20th percentile of the IQR’s across all probes/genes. . Normalization was performed with RMA algorithm that includes global background adjustment and quantile normalization. The resulting matrix showed genes as rows and samples as columns was log2 transformed and used as input for linear modeling using the limma package.The limma package was performed to identify differentially expressed genes (DEG) at any time point post immunization, compared with baseline (Day 0). Empirical Bayes moderation of the standard error and Benjamini and Hochberg false-discovery rate (FDR) correction for multiple testing were employed, and the criteria for differentially expressed genes (DEG) were threshold fold change more than 1.5 and BH adjusted FDR less than 0.01.
GSM2184825	platform_id	0	21	GPL21975
GSM2184825	contact_name	0	22	Yiming,,Shao
GSM2184825	contact_email	0	23	yshao@bjmu.edu.cn
GSM2184825	contact_department	0	24	National Center for AIDS/STD Control and Prevention
GSM2184825	contact_institute	0	25	Chinese Center for Disease Control and Prevention
GSM2184825	contact_address	0	26	No. 155 Changbai Road, Changping District
GSM2184825	contact_city	0	27	Beijing
GSM2184825	contact_state	0	28	Beijing
GSM2184825	contact_zip/postal_code	0	29	102206
GSM2184825	contact_country	0	30	China
GSM2184825	supplementary_file	0	31	ftp://ftp.ncbi.nlm.nih.gov/geo/samples/GSM2184nnn/GSM2184825/suppl/GSM2184825_YFV2012015-1.CEL.gz
GSM2184825	data_row_count	0	32	18563
GSM2184826	title	0	0	YFV2012015 PBMC Hour 4
GSM2184826	geo_accession	0	1	GSM2184826
GSM2184826	status	0	2	Public on Jun 25 2017
GSM2184826	submission_date	0	3	Jun 02 2016
GSM2184826	last_update_date	0	4	Jun 26 2017
GSM2184826	type	0	5	RNA
GSM2184826	channel_count	0	6	1
GSM2184826	source_name_ch1	0	7	human Hour 4
GSM2184826	organism_ch1	0	8	Homo sapiens
GSM2184826	characteristics_ch1	0	9	subject id: YFV2012015
GSM2184826	characteristics_ch1	1	10	time points: Hour 4
GSM2184826	characteristics_ch1	2	11	groups: G2
GSM2184826	characteristics_ch1	3	12	gender: Female
GSM2184826	molecule_ch1	0	13	total RNA
GSM2184826	extract_protocol_ch1	0	14	After PMBC isolation, 1 × 10^6 PBMC cells were lysed in 1 ml of TRIzol (Life technologies, Carlsbad, CA, USA) immediately and stored at -80℃. The samples were thawed and RNA extracted following the manufacturer’s instructions. The quality of the RNA was assessed by using Nanodrop 2000 Spectrometer (Thermo Scientific, MA, USA) as well as by visualization of the integrity of the 28S and 18S band on Agilent Bioanalyzer 2100 (Agilent technologies, Santa Clara, CA, USA).  Qualified total RNA was further purified by RNeasy micro kit (QIAGEN, GmBH, Germany) and removed genomic contamination by RNase-Free DNase Set (QIAGEN, GmBH, Germany).  The purified RNA was stored at -80℃.
GSM2184826	label_ch1	0	15	biotin
GSM2184826	label_protocol_ch1	0	16	Total RNA were amplified, labeled and purified by using the GeneChip 3’IVT Express Kit (Affymetrix, Santa Clara, CA, USA) followed the manufacturer’s instructions to obtain biotin labeled cRNA.
GSM2184826	taxid_ch1	0	17	9606
GSM2184826	hyb_protocol	0	18	After hybridization on Human PrimeView Arrays for 16 h at 45℃ and 60 rpm in Hybridization Oven 640 (Affymetrix, Santa Clara, CA, USA), slides were washed and stained with a Fluidics Station 450 (Affymetrix, Santa Clara, CA, USA).
GSM2184826	scan_protocol	0	19	Scanning was performed on a seventh-generation GeneChip Scanner 3000 (Affymetrix, Santa Clara, CA, USA). Affymetrix GCOS software was used to perform image analysis and generate raw intensity data.
GSM2184826	data_processing	0	20	Initially, data quality was assessed by background level, 3’ labeling bias, RNA quality and pair-wise correlation among samples. For the PrimeView chip, the customized CDF (version 17, ENTREZG) downloaded from the BrainArray website was performed in probe set mapping. IQR was applied for raw data filtering using the genefilter package, and the threshold was set to remove probes/genes with IQR less than the 20th percentile of the IQR’s across all probes/genes. . Normalization was performed with RMA algorithm that includes global background adjustment and quantile normalization. The resulting matrix showed genes as rows and samples as columns was log2 transformed and used as input for linear modeling using the limma package.The limma package was performed to identify differentially expressed genes (DEG) at any time point post immunization, compared with baseline (Day 0). Empirical Bayes moderation of the standard error and Benjamini and Hochberg false-discovery rate (FDR) correction for multiple testing were employed, and the criteria for differentially expressed genes (DEG) were threshold fold change more than 1.5 and BH adjusted FDR less than 0.01.
GSM2184826	platform_id	0	21	GPL21975
GSM2184826	contact_name	0	22	Yiming,,Shao
GSM2184826	contact_email	0	23	yshao@bjmu.edu.cn
GSM2184826	contact_department	0	24	National Center for AIDS/STD Control and Prevention
GSM2184826	contact_institute	0	25	Chinese Center for Disease Control and Prevention
GSM2184826	contact_address	0	26	No. 155 Changbai Road, Changping District
GSM2184826	contact_city	0	27	Beijing
GSM2184826	contact_state	0	28	Beijing
GSM2184826	contact_zip/postal_code	0	29	102206
GSM2184826	contact_country	0	30	China
GSM2184826	supplementary_file	0	31	ftp://ftp.ncbi.nlm.nih.gov/geo/samples/GSM2184nnn/GSM2184826/suppl/GSM2184826_YFV2012015-2.CEL.gz
GSM2184826	data_row_count	0	32	18563
GSM2184827	title	0	0	YFV2012015 PBMC Day 7
GSM2184827	geo_accession	0	1	GSM2184827
GSM2184827	status	0	2	Public on Jun 25 2017
GSM2184827	submission_date	0	3	Jun 02 2016
GSM2184827	last_update_date	0	4	Jun 26 2017
GSM2184827	type	0	5	RNA
GSM2184827	channel_count	0	6	1
GSM2184827	source_name_ch1	0	7	human Day 7
GSM2184827	organism_ch1	0	8	Homo sapiens
GSM2184827	characteristics_ch1	0	9	subject id: YFV2012015
GSM2184827	characteristics_ch1	1	10	time points: Day 7
GSM2184827	characteristics_ch1	2	11	groups: G7
GSM2184827	characteristics_ch1	3	12	gender: Female
GSM2184827	molecule_ch1	0	13	total RNA
GSM2184827	extract_protocol_ch1	0	14	After PMBC isolation, 1 × 10^6 PBMC cells were lysed in 1 ml of TRIzol (Life technologies, Carlsbad, CA, USA) immediately and stored at -80℃. The samples were thawed and RNA extracted following the manufacturer’s instructions. The quality of the RNA was assessed by using Nanodrop 2000 Spectrometer (Thermo Scientific, MA, USA) as well as by visualization of the integrity of the 28S and 18S band on Agilent Bioanalyzer 2100 (Agilent technologies, Santa Clara, CA, USA).  Qualified total RNA was further purified by RNeasy micro kit (QIAGEN, GmBH, Germany) and removed genomic contamination by RNase-Free DNase Set (QIAGEN, GmBH, Germany).  The purified RNA was stored at -80℃.
GSM2184827	label_ch1	0	15	biotin
GSM2184827	label_protocol_ch1	0	16	Total RNA were amplified, labeled and purified by using the GeneChip 3’IVT Express Kit (Affymetrix, Santa Clara, CA, USA) followed the manufacturer’s instructions to obtain biotin labeled cRNA.
GSM2184827	taxid_ch1	0	17	9606
GSM2184827	hyb_protocol	0	18	After hybridization on Human PrimeView Arrays for 16 h at 45℃ and 60 rpm in Hybridization Oven 640 (Affymetrix, Santa Clara, CA, USA), slides were washed and stained with a Fluidics Station 450 (Affymetrix, Santa Clara, CA, USA).
GSM2184827	scan_protocol	0	19	Scanning was performed on a seventh-generation GeneChip Scanner 3000 (Affymetrix, Santa Clara, CA, USA). Affymetrix GCOS software was used to perform image analysis and generate raw intensity data.
GSM2184827	data_processing	0	20	Initially, data quality was assessed by background level, 3’ labeling bias, RNA quality and pair-wise correlation among samples. For the PrimeView chip, the customized CDF (version 17, ENTREZG) downloaded from the BrainArray website was performed in probe set mapping. IQR was applied for raw data filtering using the genefilter package, and the threshold was set to remove probes/genes with IQR less than the 20th percentile of the IQR’s across all probes/genes. . Normalization was performed with RMA algorithm that includes global background adjustment and quantile normalization. The resulting matrix showed genes as rows and samples as columns was log2 transformed and used as input for linear modeling using the limma package.The limma package was performed to identify differentially expressed genes (DEG) at any time point post immunization, compared with baseline (Day 0). Empirical Bayes moderation of the standard error and Benjamini and Hochberg false-discovery rate (FDR) correction for multiple testing were employed, and the criteria for differentially expressed genes (DEG) were threshold fold change more than 1.5 and BH adjusted FDR less than 0.01.
GSM2184827	platform_id	0	21	GPL21975
GSM2184827	contact_name	0	22	Yiming,,Shao
GSM2184827	contact_email	0	23	yshao@bjmu.edu.cn
GSM2184827	contact_department	0	24	National Center for AIDS/STD Control and Prevention
GSM2184827	contact_institute	0	25	Chinese Center for Disease Control and Prevention
GSM2184827	contact_address	0	26	No. 155 Changbai Road, Changping District
GSM2184827	contact_city	0	27	Beijing
GSM2184827	contact_state	0	28	Beijing
GSM2184827	contact_zip/postal_code	0	29	102206
GSM2184827	contact_country	0	30	China
GSM2184827	supplementary_file	0	31	ftp://ftp.ncbi.nlm.nih.gov/geo/samples/GSM2184nnn/GSM2184827/suppl/GSM2184827_YFV2012015-7.CEL.gz
GSM2184827	data_row_count	0	32	18563
GSM2184828	title	0	0	YFV2012015 PBMC Day 28
GSM2184828	geo_accession	0	1	GSM2184828
GSM2184828	status	0	2	Public on Jun 25 2017
GSM2184828	submission_date	0	3	Jun 02 2016
GSM2184828	last_update_date	0	4	Jun 26 2017
GSM2184828	type	0	5	RNA
GSM2184828	channel_count	0	6	1
GSM2184828	source_name_ch1	0	7	human Day 28
GSM2184828	organism_ch1	0	8	Homo sapiens
GSM2184828	characteristics_ch1	0	9	subject id: YFV2012015
GSM2184828	characteristics_ch1	1	10	time points: Day 28
GSM2184828	characteristics_ch1	2	11	groups: G9
GSM2184828	characteristics_ch1	3	12	gender: Female
GSM2184828	molecule_ch1	0	13	total RNA
GSM2184828	extract_protocol_ch1	0	14	After PMBC isolation, 1 × 10^6 PBMC cells were lysed in 1 ml of TRIzol (Life technologies, Carlsbad, CA, USA) immediately and stored at -80℃. The samples were thawed and RNA extracted following the manufacturer’s instructions. The quality of the RNA was assessed by using Nanodrop 2000 Spectrometer (Thermo Scientific, MA, USA) as well as by visualization of the integrity of the 28S and 18S band on Agilent Bioanalyzer 2100 (Agilent technologies, Santa Clara, CA, USA).  Qualified total RNA was further purified by RNeasy micro kit (QIAGEN, GmBH, Germany) and removed genomic contamination by RNase-Free DNase Set (QIAGEN, GmBH, Germany).  The purified RNA was stored at -80℃.
GSM2184828	label_ch1	0	15	biotin
GSM2184828	label_protocol_ch1	0	16	Total RNA were amplified, labeled and purified by using the GeneChip 3’IVT Express Kit (Affymetrix, Santa Clara, CA, USA) followed the manufacturer’s instructions to obtain biotin labeled cRNA.
GSM2184828	taxid_ch1	0	17	9606
GSM2184828	hyb_protocol	0	18	After hybridization on Human PrimeView Arrays for 16 h at 45℃ and 60 rpm in Hybridization Oven 640 (Affymetrix, Santa Clara, CA, USA), slides were washed and stained with a Fluidics Station 450 (Affymetrix, Santa Clara, CA, USA).
GSM2184828	scan_protocol	0	19	Scanning was performed on a seventh-generation GeneChip Scanner 3000 (Affymetrix, Santa Clara, CA, USA). Affymetrix GCOS software was used to perform image analysis and generate raw intensity data.
GSM2184828	data_processing	0	20	Initially, data quality was assessed by background level, 3’ labeling bias, RNA quality and pair-wise correlation among samples. For the PrimeView chip, the customized CDF (version 17, ENTREZG) downloaded from the BrainArray website was performed in probe set mapping. IQR was applied for raw data filtering using the genefilter package, and the threshold was set to remove probes/genes with IQR less than the 20th percentile of the IQR’s across all probes/genes. . Normalization was performed with RMA algorithm that includes global background adjustment and quantile normalization. The resulting matrix showed genes as rows and samples as columns was log2 transformed and used as input for linear modeling using the limma package.The limma package was performed to identify differentially expressed genes (DEG) at any time point post immunization, compared with baseline (Day 0). Empirical Bayes moderation of the standard error and Benjamini and Hochberg false-discovery rate (FDR) correction for multiple testing were employed, and the criteria for differentially expressed genes (DEG) were threshold fold change more than 1.5 and BH adjusted FDR less than 0.01.
GSM2184828	platform_id	0	21	GPL21975
GSM2184828	contact_name	0	22	Yiming,,Shao
GSM2184828	contact_email	0	23	yshao@bjmu.edu.cn
GSM2184828	contact_department	0	24	National Center for AIDS/STD Control and Prevention
GSM2184828	contact_institute	0	25	Chinese Center for Disease Control and Prevention
GSM2184828	contact_address	0	26	No. 155 Changbai Road, Changping District
GSM2184828	contact_city	0	27	Beijing
GSM2184828	contact_state	0	28	Beijing
GSM2184828	contact_zip/postal_code	0	29	102206
GSM2184828	contact_country	0	30	China
GSM2184828	supplementary_file	0	31	ftp://ftp.ncbi.nlm.nih.gov/geo/samples/GSM2184nnn/GSM2184828/suppl/GSM2184828_YFV2012015-9.CEL.gz
GSM2184828	data_row_count	0	32	18563
GSM2184829	title	0	0	YFV2012016 PBMC Day 0
GSM2184829	geo_accession	0	1	GSM2184829
GSM2184829	status	0	2	Public on Jun 25 2017
GSM2184829	submission_date	0	3	Jun 02 2016
GSM2184829	last_update_date	0	4	Jun 26 2017
GSM2184829	type	0	5	RNA
GSM2184829	channel_count	0	6	1
GSM2184829	source_name_ch1	0	7	human Day 0
GSM2184829	organism_ch1	0	8	Homo sapiens
GSM2184829	characteristics_ch1	0	9	subject id: YFV2012016
GSM2184829	characteristics_ch1	1	10	time points: Day 0
GSM2184829	characteristics_ch1	2	11	groups: G1
GSM2184829	characteristics_ch1	3	12	gender: Female
GSM2184829	molecule_ch1	0	13	total RNA
GSM2184829	extract_protocol_ch1	0	14	After PMBC isolation, 1 × 10^6 PBMC cells were lysed in 1 ml of TRIzol (Life technologies, Carlsbad, CA, USA) immediately and stored at -80℃. The samples were thawed and RNA extracted following the manufacturer’s instructions. The quality of the RNA was assessed by using Nanodrop 2000 Spectrometer (Thermo Scientific, MA, USA) as well as by visualization of the integrity of the 28S and 18S band on Agilent Bioanalyzer 2100 (Agilent technologies, Santa Clara, CA, USA).  Qualified total RNA was further purified by RNeasy micro kit (QIAGEN, GmBH, Germany) and removed genomic contamination by RNase-Free DNase Set (QIAGEN, GmBH, Germany).  The purified RNA was stored at -80℃.
GSM2184829	label_ch1	0	15	biotin
GSM2184829	label_protocol_ch1	0	16	Total RNA were amplified, labeled and purified by using the GeneChip 3’IVT Express Kit (Affymetrix, Santa Clara, CA, USA) followed the manufacturer’s instructions to obtain biotin labeled cRNA.
GSM2184829	taxid_ch1	0	17	9606
GSM2184829	hyb_protocol	0	18	After hybridization on Human PrimeView Arrays for 16 h at 45℃ and 60 rpm in Hybridization Oven 640 (Affymetrix, Santa Clara, CA, USA), slides were washed and stained with a Fluidics Station 450 (Affymetrix, Santa Clara, CA, USA).
GSM2184829	scan_protocol	0	19	Scanning was performed on a seventh-generation GeneChip Scanner 3000 (Affymetrix, Santa Clara, CA, USA). Affymetrix GCOS software was used to perform image analysis and generate raw intensity data.
GSM2184829	data_processing	0	20	Initially, data quality was assessed by background level, 3’ labeling bias, RNA quality and pair-wise correlation among samples. For the PrimeView chip, the customized CDF (version 17, ENTREZG) downloaded from the BrainArray website was performed in probe set mapping. IQR was applied for raw data filtering using the genefilter package, and the threshold was set to remove probes/genes with IQR less than the 20th percentile of the IQR’s across all probes/genes. . Normalization was performed with RMA algorithm that includes global background adjustment and quantile normalization. The resulting matrix showed genes as rows and samples as columns was log2 transformed and used as input for linear modeling using the limma package.The limma package was performed to identify differentially expressed genes (DEG) at any time point post immunization, compared with baseline (Day 0). Empirical Bayes moderation of the standard error and Benjamini and Hochberg false-discovery rate (FDR) correction for multiple testing were employed, and the criteria for differentially expressed genes (DEG) were threshold fold change more than 1.5 and BH adjusted FDR less than 0.01.
GSM2184829	platform_id	0	21	GPL21975
GSM2184829	contact_name	0	22	Yiming,,Shao
GSM2184829	contact_email	0	23	yshao@bjmu.edu.cn
GSM2184829	contact_department	0	24	National Center for AIDS/STD Control and Prevention
GSM2184829	contact_institute	0	25	Chinese Center for Disease Control and Prevention
GSM2184829	contact_address	0	26	No. 155 Changbai Road, Changping District
GSM2184829	contact_city	0	27	Beijing
GSM2184829	contact_state	0	28	Beijing
GSM2184829	contact_zip/postal_code	0	29	102206
GSM2184829	contact_country	0	30	China
GSM2184829	supplementary_file	0	31	ftp://ftp.ncbi.nlm.nih.gov/geo/samples/GSM2184nnn/GSM2184829/suppl/GSM2184829_YFV2012016-1.CEL.gz
GSM2184829	data_row_count	0	32	18563
GSM2184830	title	0	0	YFV2012016 PBMC Hour 4
GSM2184830	geo_accession	0	1	GSM2184830
GSM2184830	status	0	2	Public on Jun 25 2017
GSM2184830	submission_date	0	3	Jun 02 2016
GSM2184830	last_update_date	0	4	Jun 26 2017
GSM2184830	type	0	5	RNA
GSM2184830	channel_count	0	6	1
GSM2184830	source_name_ch1	0	7	human Hour 4
GSM2184830	organism_ch1	0	8	Homo sapiens
GSM2184830	characteristics_ch1	0	9	subject id: YFV2012016
GSM2184830	characteristics_ch1	1	10	time points: Hour 4
GSM2184830	characteristics_ch1	2	11	groups: G2
GSM2184830	characteristics_ch1	3	12	gender: Female
GSM2184830	molecule_ch1	0	13	total RNA
GSM2184830	extract_protocol_ch1	0	14	After PMBC isolation, 1 × 10^6 PBMC cells were lysed in 1 ml of TRIzol (Life technologies, Carlsbad, CA, USA) immediately and stored at -80℃. The samples were thawed and RNA extracted following the manufacturer’s instructions. The quality of the RNA was assessed by using Nanodrop 2000 Spectrometer (Thermo Scientific, MA, USA) as well as by visualization of the integrity of the 28S and 18S band on Agilent Bioanalyzer 2100 (Agilent technologies, Santa Clara, CA, USA).  Qualified total RNA was further purified by RNeasy micro kit (QIAGEN, GmBH, Germany) and removed genomic contamination by RNase-Free DNase Set (QIAGEN, GmBH, Germany).  The purified RNA was stored at -80℃.
GSM2184830	label_ch1	0	15	biotin
GSM2184830	label_protocol_ch1	0	16	Total RNA were amplified, labeled and purified by using the GeneChip 3’IVT Express Kit (Affymetrix, Santa Clara, CA, USA) followed the manufacturer’s instructions to obtain biotin labeled cRNA.
GSM2184830	taxid_ch1	0	17	9606
GSM2184830	hyb_protocol	0	18	After hybridization on Human PrimeView Arrays for 16 h at 45℃ and 60 rpm in Hybridization Oven 640 (Affymetrix, Santa Clara, CA, USA), slides were washed and stained with a Fluidics Station 450 (Affymetrix, Santa Clara, CA, USA).
GSM2184830	scan_protocol	0	19	Scanning was performed on a seventh-generation GeneChip Scanner 3000 (Affymetrix, Santa Clara, CA, USA). Affymetrix GCOS software was used to perform image analysis and generate raw intensity data.
GSM2184830	data_processing	0	20	Initially, data quality was assessed by background level, 3’ labeling bias, RNA quality and pair-wise correlation among samples. For the PrimeView chip, the customized CDF (version 17, ENTREZG) downloaded from the BrainArray website was performed in probe set mapping. IQR was applied for raw data filtering using the genefilter package, and the threshold was set to remove probes/genes with IQR less than the 20th percentile of the IQR’s across all probes/genes. . Normalization was performed with RMA algorithm that includes global background adjustment and quantile normalization. The resulting matrix showed genes as rows and samples as columns was log2 transformed and used as input for linear modeling using the limma package.The limma package was performed to identify differentially expressed genes (DEG) at any time point post immunization, compared with baseline (Day 0). Empirical Bayes moderation of the standard error and Benjamini and Hochberg false-discovery rate (FDR) correction for multiple testing were employed, and the criteria for differentially expressed genes (DEG) were threshold fold change more than 1.5 and BH adjusted FDR less than 0.01.
GSM2184830	platform_id	0	21	GPL21975
GSM2184830	contact_name	0	22	Yiming,,Shao
GSM2184830	contact_email	0	23	yshao@bjmu.edu.cn
GSM2184830	contact_department	0	24	National Center for AIDS/STD Control and Prevention
GSM2184830	contact_institute	0	25	Chinese Center for Disease Control and Prevention
GSM2184830	contact_address	0	26	No. 155 Changbai Road, Changping District
GSM2184830	contact_city	0	27	Beijing
GSM2184830	contact_state	0	28	Beijing
GSM2184830	contact_zip/postal_code	0	29	102206
GSM2184830	contact_country	0	30	China
GSM2184830	supplementary_file	0	31	ftp://ftp.ncbi.nlm.nih.gov/geo/samples/GSM2184nnn/GSM2184830/suppl/GSM2184830_YFV2012016-2.CEL.gz
GSM2184830	data_row_count	0	32	18563
GSM2184831	title	0	0	YFV2012016 PBMC Day 7
GSM2184831	geo_accession	0	1	GSM2184831
GSM2184831	status	0	2	Public on Jun 25 2017
GSM2184831	submission_date	0	3	Jun 02 2016
GSM2184831	last_update_date	0	4	Jun 26 2017
GSM2184831	type	0	5	RNA
GSM2184831	channel_count	0	6	1
GSM2184831	source_name_ch1	0	7	human Day 7
GSM2184831	organism_ch1	0	8	Homo sapiens
GSM2184831	characteristics_ch1	0	9	subject id: YFV2012016
GSM2184831	characteristics_ch1	1	10	time points: Day 7
GSM2184831	characteristics_ch1	2	11	groups: G7
GSM2184831	characteristics_ch1	3	12	gender: Female
GSM2184831	molecule_ch1	0	13	total RNA
GSM2184831	extract_protocol_ch1	0	14	After PMBC isolation, 1 × 10^6 PBMC cells were lysed in 1 ml of TRIzol (Life technologies, Carlsbad, CA, USA) immediately and stored at -80℃. The samples were thawed and RNA extracted following the manufacturer’s instructions. The quality of the RNA was assessed by using Nanodrop 2000 Spectrometer (Thermo Scientific, MA, USA) as well as by visualization of the integrity of the 28S and 18S band on Agilent Bioanalyzer 2100 (Agilent technologies, Santa Clara, CA, USA).  Qualified total RNA was further purified by RNeasy micro kit (QIAGEN, GmBH, Germany) and removed genomic contamination by RNase-Free DNase Set (QIAGEN, GmBH, Germany).  The purified RNA was stored at -80℃.
GSM2184831	label_ch1	0	15	biotin
GSM2184831	label_protocol_ch1	0	16	Total RNA were amplified, labeled and purified by using the GeneChip 3’IVT Express Kit (Affymetrix, Santa Clara, CA, USA) followed the manufacturer’s instructions to obtain biotin labeled cRNA.
GSM2184831	taxid_ch1	0	17	9606
GSM2184831	hyb_protocol	0	18	After hybridization on Human PrimeView Arrays for 16 h at 45℃ and 60 rpm in Hybridization Oven 640 (Affymetrix, Santa Clara, CA, USA), slides were washed and stained with a Fluidics Station 450 (Affymetrix, Santa Clara, CA, USA).
GSM2184831	scan_protocol	0	19	Scanning was performed on a seventh-generation GeneChip Scanner 3000 (Affymetrix, Santa Clara, CA, USA). Affymetrix GCOS software was used to perform image analysis and generate raw intensity data.
GSM2184831	data_processing	0	20	Initially, data quality was assessed by background level, 3’ labeling bias, RNA quality and pair-wise correlation among samples. For the PrimeView chip, the customized CDF (version 17, ENTREZG) downloaded from the BrainArray website was performed in probe set mapping. IQR was applied for raw data filtering using the genefilter package, and the threshold was set to remove probes/genes with IQR less than the 20th percentile of the IQR’s across all probes/genes. . Normalization was performed with RMA algorithm that includes global background adjustment and quantile normalization. The resulting matrix showed genes as rows and samples as columns was log2 transformed and used as input for linear modeling using the limma package.The limma package was performed to identify differentially expressed genes (DEG) at any time point post immunization, compared with baseline (Day 0). Empirical Bayes moderation of the standard error and Benjamini and Hochberg false-discovery rate (FDR) correction for multiple testing were employed, and the criteria for differentially expressed genes (DEG) were threshold fold change more than 1.5 and BH adjusted FDR less than 0.01.
GSM2184831	platform_id	0	21	GPL21975
GSM2184831	contact_name	0	22	Yiming,,Shao
GSM2184831	contact_email	0	23	yshao@bjmu.edu.cn
GSM2184831	contact_department	0	24	National Center for AIDS/STD Control and Prevention
GSM2184831	contact_institute	0	25	Chinese Center for Disease Control and Prevention
GSM2184831	contact_address	0	26	No. 155 Changbai Road, Changping District
GSM2184831	contact_city	0	27	Beijing
GSM2184831	contact_state	0	28	Beijing
GSM2184831	contact_zip/postal_code	0	29	102206
GSM2184831	contact_country	0	30	China
GSM2184831	supplementary_file	0	31	ftp://ftp.ncbi.nlm.nih.gov/geo/samples/GSM2184nnn/GSM2184831/suppl/GSM2184831_YFV2012016-7.CEL.gz
GSM2184831	data_row_count	0	32	18563
GSM2184832	title	0	0	YFV2012016 PBMC Day 28
GSM2184832	geo_accession	0	1	GSM2184832
GSM2184832	status	0	2	Public on Jun 25 2017
GSM2184832	submission_date	0	3	Jun 02 2016
GSM2184832	last_update_date	0	4	Jun 26 2017
GSM2184832	type	0	5	RNA
GSM2184832	channel_count	0	6	1
GSM2184832	source_name_ch1	0	7	human Day 28
GSM2184832	organism_ch1	0	8	Homo sapiens
GSM2184832	characteristics_ch1	0	9	subject id: YFV2012016
GSM2184832	characteristics_ch1	1	10	time points: Day 28
GSM2184832	characteristics_ch1	2	11	groups: G9
GSM2184832	characteristics_ch1	3	12	gender: Female
GSM2184832	molecule_ch1	0	13	total RNA
GSM2184832	extract_protocol_ch1	0	14	After PMBC isolation, 1 × 10^6 PBMC cells were lysed in 1 ml of TRIzol (Life technologies, Carlsbad, CA, USA) immediately and stored at -80℃. The samples were thawed and RNA extracted following the manufacturer’s instructions. The quality of the RNA was assessed by using Nanodrop 2000 Spectrometer (Thermo Scientific, MA, USA) as well as by visualization of the integrity of the 28S and 18S band on Agilent Bioanalyzer 2100 (Agilent technologies, Santa Clara, CA, USA).  Qualified total RNA was further purified by RNeasy micro kit (QIAGEN, GmBH, Germany) and removed genomic contamination by RNase-Free DNase Set (QIAGEN, GmBH, Germany).  The purified RNA was stored at -80℃.
GSM2184832	label_ch1	0	15	biotin
GSM2184832	label_protocol_ch1	0	16	Total RNA were amplified, labeled and purified by using the GeneChip 3’IVT Express Kit (Affymetrix, Santa Clara, CA, USA) followed the manufacturer’s instructions to obtain biotin labeled cRNA.
GSM2184832	taxid_ch1	0	17	9606
GSM2184832	hyb_protocol	0	18	After hybridization on Human PrimeView Arrays for 16 h at 45℃ and 60 rpm in Hybridization Oven 640 (Affymetrix, Santa Clara, CA, USA), slides were washed and stained with a Fluidics Station 450 (Affymetrix, Santa Clara, CA, USA).
GSM2184832	scan_protocol	0	19	Scanning was performed on a seventh-generation GeneChip Scanner 3000 (Affymetrix, Santa Clara, CA, USA). Affymetrix GCOS software was used to perform image analysis and generate raw intensity data.
GSM2184832	data_processing	0	20	Initially, data quality was assessed by background level, 3’ labeling bias, RNA quality and pair-wise correlation among samples. For the PrimeView chip, the customized CDF (version 17, ENTREZG) downloaded from the BrainArray website was performed in probe set mapping. IQR was applied for raw data filtering using the genefilter package, and the threshold was set to remove probes/genes with IQR less than the 20th percentile of the IQR’s across all probes/genes. . Normalization was performed with RMA algorithm that includes global background adjustment and quantile normalization. The resulting matrix showed genes as rows and samples as columns was log2 transformed and used as input for linear modeling using the limma package.The limma package was performed to identify differentially expressed genes (DEG) at any time point post immunization, compared with baseline (Day 0). Empirical Bayes moderation of the standard error and Benjamini and Hochberg false-discovery rate (FDR) correction for multiple testing were employed, and the criteria for differentially expressed genes (DEG) were threshold fold change more than 1.5 and BH adjusted FDR less than 0.01.
GSM2184832	platform_id	0	21	GPL21975
GSM2184832	contact_name	0	22	Yiming,,Shao
GSM2184832	contact_email	0	23	yshao@bjmu.edu.cn
GSM2184832	contact_department	0	24	National Center for AIDS/STD Control and Prevention
GSM2184832	contact_institute	0	25	Chinese Center for Disease Control and Prevention
GSM2184832	contact_address	0	26	No. 155 Changbai Road, Changping District
GSM2184832	contact_city	0	27	Beijing
GSM2184832	contact_state	0	28	Beijing
GSM2184832	contact_zip/postal_code	0	29	102206
GSM2184832	contact_country	0	30	China
GSM2184832	supplementary_file	0	31	ftp://ftp.ncbi.nlm.nih.gov/geo/samples/GSM2184nnn/GSM2184832/suppl/GSM2184832_YFV2012016-9.CEL.gz
GSM2184832	data_row_count	0	32	18563
GSM2184833	title	0	0	YFV2012017 PBMC Day 0
GSM2184833	geo_accession	0	1	GSM2184833
GSM2184833	status	0	2	Public on Jun 25 2017
GSM2184833	submission_date	0	3	Jun 02 2016
GSM2184833	last_update_date	0	4	Jun 26 2017
GSM2184833	type	0	5	RNA
GSM2184833	channel_count	0	6	1
GSM2184833	source_name_ch1	0	7	human Day 0
GSM2184833	organism_ch1	0	8	Homo sapiens
GSM2184833	characteristics_ch1	0	9	subject id: YFV2012017
GSM2184833	characteristics_ch1	1	10	time points: Day 0
GSM2184833	characteristics_ch1	2	11	groups: G1
GSM2184833	characteristics_ch1	3	12	gender: Male
GSM2184833	molecule_ch1	0	13	total RNA
GSM2184833	extract_protocol_ch1	0	14	After PMBC isolation, 1 × 10^6 PBMC cells were lysed in 1 ml of TRIzol (Life technologies, Carlsbad, CA, USA) immediately and stored at -80℃. The samples were thawed and RNA extracted following the manufacturer’s instructions. The quality of the RNA was assessed by using Nanodrop 2000 Spectrometer (Thermo Scientific, MA, USA) as well as by visualization of the integrity of the 28S and 18S band on Agilent Bioanalyzer 2100 (Agilent technologies, Santa Clara, CA, USA).  Qualified total RNA was further purified by RNeasy micro kit (QIAGEN, GmBH, Germany) and removed genomic contamination by RNase-Free DNase Set (QIAGEN, GmBH, Germany).  The purified RNA was stored at -80℃.
GSM2184833	label_ch1	0	15	biotin
GSM2184833	label_protocol_ch1	0	16	Total RNA were amplified, labeled and purified by using the GeneChip 3’IVT Express Kit (Affymetrix, Santa Clara, CA, USA) followed the manufacturer’s instructions to obtain biotin labeled cRNA.
GSM2184833	taxid_ch1	0	17	9606
GSM2184833	hyb_protocol	0	18	After hybridization on Human PrimeView Arrays for 16 h at 45℃ and 60 rpm in Hybridization Oven 640 (Affymetrix, Santa Clara, CA, USA), slides were washed and stained with a Fluidics Station 450 (Affymetrix, Santa Clara, CA, USA).
GSM2184833	scan_protocol	0	19	Scanning was performed on a seventh-generation GeneChip Scanner 3000 (Affymetrix, Santa Clara, CA, USA). Affymetrix GCOS software was used to perform image analysis and generate raw intensity data.
GSM2184833	data_processing	0	20	Initially, data quality was assessed by background level, 3’ labeling bias, RNA quality and pair-wise correlation among samples. For the PrimeView chip, the customized CDF (version 17, ENTREZG) downloaded from the BrainArray website was performed in probe set mapping. IQR was applied for raw data filtering using the genefilter package, and the threshold was set to remove probes/genes with IQR less than the 20th percentile of the IQR’s across all probes/genes. . Normalization was performed with RMA algorithm that includes global background adjustment and quantile normalization. The resulting matrix showed genes as rows and samples as columns was log2 transformed and used as input for linear modeling using the limma package.The limma package was performed to identify differentially expressed genes (DEG) at any time point post immunization, compared with baseline (Day 0). Empirical Bayes moderation of the standard error and Benjamini and Hochberg false-discovery rate (FDR) correction for multiple testing were employed, and the criteria for differentially expressed genes (DEG) were threshold fold change more than 1.5 and BH adjusted FDR less than 0.01.
GSM2184833	platform_id	0	21	GPL21975
GSM2184833	contact_name	0	22	Yiming,,Shao
GSM2184833	contact_email	0	23	yshao@bjmu.edu.cn
GSM2184833	contact_department	0	24	National Center for AIDS/STD Control and Prevention
GSM2184833	contact_institute	0	25	Chinese Center for Disease Control and Prevention
GSM2184833	contact_address	0	26	No. 155 Changbai Road, Changping District
GSM2184833	contact_city	0	27	Beijing
GSM2184833	contact_state	0	28	Beijing
GSM2184833	contact_zip/postal_code	0	29	102206
GSM2184833	contact_country	0	30	China
GSM2184833	supplementary_file	0	31	ftp://ftp.ncbi.nlm.nih.gov/geo/samples/GSM2184nnn/GSM2184833/suppl/GSM2184833_YFV2012017-1.CEL.gz
GSM2184833	data_row_count	0	32	18563
GSM2184834	title	0	0	YFV2012017 PBMC Hour 4
GSM2184834	geo_accession	0	1	GSM2184834
GSM2184834	status	0	2	Public on Jun 25 2017
GSM2184834	submission_date	0	3	Jun 02 2016
GSM2184834	last_update_date	0	4	Jun 26 2017
GSM2184834	type	0	5	RNA
GSM2184834	channel_count	0	6	1
GSM2184834	source_name_ch1	0	7	human Hour 4
GSM2184834	organism_ch1	0	8	Homo sapiens
GSM2184834	characteristics_ch1	0	9	subject id: YFV2012017
GSM2184834	characteristics_ch1	1	10	time points: Hour 4
GSM2184834	characteristics_ch1	2	11	groups: G2
GSM2184834	characteristics_ch1	3	12	gender: Male
GSM2184834	molecule_ch1	0	13	total RNA
GSM2184834	extract_protocol_ch1	0	14	After PMBC isolation, 1 × 10^6 PBMC cells were lysed in 1 ml of TRIzol (Life technologies, Carlsbad, CA, USA) immediately and stored at -80℃. The samples were thawed and RNA extracted following the manufacturer’s instructions. The quality of the RNA was assessed by using Nanodrop 2000 Spectrometer (Thermo Scientific, MA, USA) as well as by visualization of the integrity of the 28S and 18S band on Agilent Bioanalyzer 2100 (Agilent technologies, Santa Clara, CA, USA).  Qualified total RNA was further purified by RNeasy micro kit (QIAGEN, GmBH, Germany) and removed genomic contamination by RNase-Free DNase Set (QIAGEN, GmBH, Germany).  The purified RNA was stored at -80℃.
GSM2184834	label_ch1	0	15	biotin
GSM2184834	label_protocol_ch1	0	16	Total RNA were amplified, labeled and purified by using the GeneChip 3’IVT Express Kit (Affymetrix, Santa Clara, CA, USA) followed the manufacturer’s instructions to obtain biotin labeled cRNA.
GSM2184834	taxid_ch1	0	17	9606
GSM2184834	hyb_protocol	0	18	After hybridization on Human PrimeView Arrays for 16 h at 45℃ and 60 rpm in Hybridization Oven 640 (Affymetrix, Santa Clara, CA, USA), slides were washed and stained with a Fluidics Station 450 (Affymetrix, Santa Clara, CA, USA).
GSM2184834	scan_protocol	0	19	Scanning was performed on a seventh-generation GeneChip Scanner 3000 (Affymetrix, Santa Clara, CA, USA). Affymetrix GCOS software was used to perform image analysis and generate raw intensity data.
GSM2184834	data_processing	0	20	Initially, data quality was assessed by background level, 3’ labeling bias, RNA quality and pair-wise correlation among samples. For the PrimeView chip, the customized CDF (version 17, ENTREZG) downloaded from the BrainArray website was performed in probe set mapping. IQR was applied for raw data filtering using the genefilter package, and the threshold was set to remove probes/genes with IQR less than the 20th percentile of the IQR’s across all probes/genes. . Normalization was performed with RMA algorithm that includes global background adjustment and quantile normalization. The resulting matrix showed genes as rows and samples as columns was log2 transformed and used as input for linear modeling using the limma package.The limma package was performed to identify differentially expressed genes (DEG) at any time point post immunization, compared with baseline (Day 0). Empirical Bayes moderation of the standard error and Benjamini and Hochberg false-discovery rate (FDR) correction for multiple testing were employed, and the criteria for differentially expressed genes (DEG) were threshold fold change more than 1.5 and BH adjusted FDR less than 0.01.
GSM2184834	platform_id	0	21	GPL21975
GSM2184834	contact_name	0	22	Yiming,,Shao
GSM2184834	contact_email	0	23	yshao@bjmu.edu.cn
GSM2184834	contact_department	0	24	National Center for AIDS/STD Control and Prevention
GSM2184834	contact_institute	0	25	Chinese Center for Disease Control and Prevention
GSM2184834	contact_address	0	26	No. 155 Changbai Road, Changping District
GSM2184834	contact_city	0	27	Beijing
GSM2184834	contact_state	0	28	Beijing
GSM2184834	contact_zip/postal_code	0	29	102206
GSM2184834	contact_country	0	30	China
GSM2184834	supplementary_file	0	31	ftp://ftp.ncbi.nlm.nih.gov/geo/samples/GSM2184nnn/GSM2184834/suppl/GSM2184834_YFV2012017-2.CEL.gz
GSM2184834	data_row_count	0	32	18563
GSM2184835	title	0	0	YFV2012017 PBMC Day 7
GSM2184835	geo_accession	0	1	GSM2184835
GSM2184835	status	0	2	Public on Jun 25 2017
GSM2184835	submission_date	0	3	Jun 02 2016
GSM2184835	last_update_date	0	4	Jun 26 2017
GSM2184835	type	0	5	RNA
GSM2184835	channel_count	0	6	1
GSM2184835	source_name_ch1	0	7	human Day 7
GSM2184835	organism_ch1	0	8	Homo sapiens
GSM2184835	characteristics_ch1	0	9	subject id: YFV2012017
GSM2184835	characteristics_ch1	1	10	time points: Day 7
GSM2184835	characteristics_ch1	2	11	groups: G7
GSM2184835	characteristics_ch1	3	12	gender: Male
GSM2184835	molecule_ch1	0	13	total RNA
GSM2184835	extract_protocol_ch1	0	14	After PMBC isolation, 1 × 10^6 PBMC cells were lysed in 1 ml of TRIzol (Life technologies, Carlsbad, CA, USA) immediately and stored at -80℃. The samples were thawed and RNA extracted following the manufacturer’s instructions. The quality of the RNA was assessed by using Nanodrop 2000 Spectrometer (Thermo Scientific, MA, USA) as well as by visualization of the integrity of the 28S and 18S band on Agilent Bioanalyzer 2100 (Agilent technologies, Santa Clara, CA, USA).  Qualified total RNA was further purified by RNeasy micro kit (QIAGEN, GmBH, Germany) and removed genomic contamination by RNase-Free DNase Set (QIAGEN, GmBH, Germany).  The purified RNA was stored at -80℃.
GSM2184835	label_ch1	0	15	biotin
GSM2184835	label_protocol_ch1	0	16	Total RNA were amplified, labeled and purified by using the GeneChip 3’IVT Express Kit (Affymetrix, Santa Clara, CA, USA) followed the manufacturer’s instructions to obtain biotin labeled cRNA.
GSM2184835	taxid_ch1	0	17	9606
GSM2184835	hyb_protocol	0	18	After hybridization on Human PrimeView Arrays for 16 h at 45℃ and 60 rpm in Hybridization Oven 640 (Affymetrix, Santa Clara, CA, USA), slides were washed and stained with a Fluidics Station 450 (Affymetrix, Santa Clara, CA, USA).
GSM2184835	scan_protocol	0	19	Scanning was performed on a seventh-generation GeneChip Scanner 3000 (Affymetrix, Santa Clara, CA, USA). Affymetrix GCOS software was used to perform image analysis and generate raw intensity data.
GSM2184835	data_processing	0	20	Initially, data quality was assessed by background level, 3’ labeling bias, RNA quality and pair-wise correlation among samples. For the PrimeView chip, the customized CDF (version 17, ENTREZG) downloaded from the BrainArray website was performed in probe set mapping. IQR was applied for raw data filtering using the genefilter package, and the threshold was set to remove probes/genes with IQR less than the 20th percentile of the IQR’s across all probes/genes. . Normalization was performed with RMA algorithm that includes global background adjustment and quantile normalization. The resulting matrix showed genes as rows and samples as columns was log2 transformed and used as input for linear modeling using the limma package.The limma package was performed to identify differentially expressed genes (DEG) at any time point post immunization, compared with baseline (Day 0). Empirical Bayes moderation of the standard error and Benjamini and Hochberg false-discovery rate (FDR) correction for multiple testing were employed, and the criteria for differentially expressed genes (DEG) were threshold fold change more than 1.5 and BH adjusted FDR less than 0.01.
GSM2184835	platform_id	0	21	GPL21975
GSM2184835	contact_name	0	22	Yiming,,Shao
GSM2184835	contact_email	0	23	yshao@bjmu.edu.cn
GSM2184835	contact_department	0	24	National Center for AIDS/STD Control and Prevention
GSM2184835	contact_institute	0	25	Chinese Center for Disease Control and Prevention
GSM2184835	contact_address	0	26	No. 155 Changbai Road, Changping District
GSM2184835	contact_city	0	27	Beijing
GSM2184835	contact_state	0	28	Beijing
GSM2184835	contact_zip/postal_code	0	29	102206
GSM2184835	contact_country	0	30	China
GSM2184835	supplementary_file	0	31	ftp://ftp.ncbi.nlm.nih.gov/geo/samples/GSM2184nnn/GSM2184835/suppl/GSM2184835_YFV2012017-7.CEL.gz
GSM2184835	data_row_count	0	32	18563
GSM2184836	title	0	0	YFV2012017 PBMC Day 28
GSM2184836	geo_accession	0	1	GSM2184836
GSM2184836	status	0	2	Public on Jun 25 2017
GSM2184836	submission_date	0	3	Jun 02 2016
GSM2184836	last_update_date	0	4	Jun 26 2017
GSM2184836	type	0	5	RNA
GSM2184836	channel_count	0	6	1
GSM2184836	source_name_ch1	0	7	human Day 28
GSM2184836	organism_ch1	0	8	Homo sapiens
GSM2184836	characteristics_ch1	0	9	subject id: YFV2012017
GSM2184836	characteristics_ch1	1	10	time points: Day 28
GSM2184836	characteristics_ch1	2	11	groups: G9
GSM2184836	characteristics_ch1	3	12	gender: Male
GSM2184836	molecule_ch1	0	13	total RNA
GSM2184836	extract_protocol_ch1	0	14	After PMBC isolation, 1 × 10^6 PBMC cells were lysed in 1 ml of TRIzol (Life technologies, Carlsbad, CA, USA) immediately and stored at -80℃. The samples were thawed and RNA extracted following the manufacturer’s instructions. The quality of the RNA was assessed by using Nanodrop 2000 Spectrometer (Thermo Scientific, MA, USA) as well as by visualization of the integrity of the 28S and 18S band on Agilent Bioanalyzer 2100 (Agilent technologies, Santa Clara, CA, USA).  Qualified total RNA was further purified by RNeasy micro kit (QIAGEN, GmBH, Germany) and removed genomic contamination by RNase-Free DNase Set (QIAGEN, GmBH, Germany).  The purified RNA was stored at -80℃.
GSM2184836	label_ch1	0	15	biotin
GSM2184836	label_protocol_ch1	0	16	Total RNA were amplified, labeled and purified by using the GeneChip 3’IVT Express Kit (Affymetrix, Santa Clara, CA, USA) followed the manufacturer’s instructions to obtain biotin labeled cRNA.
GSM2184836	taxid_ch1	0	17	9606
GSM2184836	hyb_protocol	0	18	After hybridization on Human PrimeView Arrays for 16 h at 45℃ and 60 rpm in Hybridization Oven 640 (Affymetrix, Santa Clara, CA, USA), slides were washed and stained with a Fluidics Station 450 (Affymetrix, Santa Clara, CA, USA).
GSM2184836	scan_protocol	0	19	Scanning was performed on a seventh-generation GeneChip Scanner 3000 (Affymetrix, Santa Clara, CA, USA). Affymetrix GCOS software was used to perform image analysis and generate raw intensity data.
GSM2184836	data_processing	0	20	Initially, data quality was assessed by background level, 3’ labeling bias, RNA quality and pair-wise correlation among samples. For the PrimeView chip, the customized CDF (version 17, ENTREZG) downloaded from the BrainArray website was performed in probe set mapping. IQR was applied for raw data filtering using the genefilter package, and the threshold was set to remove probes/genes with IQR less than the 20th percentile of the IQR’s across all probes/genes. . Normalization was performed with RMA algorithm that includes global background adjustment and quantile normalization. The resulting matrix showed genes as rows and samples as columns was log2 transformed and used as input for linear modeling using the limma package.The limma package was performed to identify differentially expressed genes (DEG) at any time point post immunization, compared with baseline (Day 0). Empirical Bayes moderation of the standard error and Benjamini and Hochberg false-discovery rate (FDR) correction for multiple testing were employed, and the criteria for differentially expressed genes (DEG) were threshold fold change more than 1.5 and BH adjusted FDR less than 0.01.
GSM2184836	platform_id	0	21	GPL21975
GSM2184836	contact_name	0	22	Yiming,,Shao
GSM2184836	contact_email	0	23	yshao@bjmu.edu.cn
GSM2184836	contact_department	0	24	National Center for AIDS/STD Control and Prevention
GSM2184836	contact_institute	0	25	Chinese Center for Disease Control and Prevention
GSM2184836	contact_address	0	26	No. 155 Changbai Road, Changping District
GSM2184836	contact_city	0	27	Beijing
GSM2184836	contact_state	0	28	Beijing
GSM2184836	contact_zip/postal_code	0	29	102206
GSM2184836	contact_country	0	30	China
GSM2184836	supplementary_file	0	31	ftp://ftp.ncbi.nlm.nih.gov/geo/samples/GSM2184nnn/GSM2184836/suppl/GSM2184836_YFV2012017-9.CEL.gz
GSM2184836	data_row_count	0	32	18563
GSM2184837	title	0	0	YFV2012018 PBMC Day 0
GSM2184837	geo_accession	0	1	GSM2184837
GSM2184837	status	0	2	Public on Jun 25 2017
GSM2184837	submission_date	0	3	Jun 02 2016
GSM2184837	last_update_date	0	4	Jun 26 2017
GSM2184837	type	0	5	RNA
GSM2184837	channel_count	0	6	1
GSM2184837	source_name_ch1	0	7	human Day 0
GSM2184837	organism_ch1	0	8	Homo sapiens
GSM2184837	characteristics_ch1	0	9	subject id: YFV2012018
GSM2184837	characteristics_ch1	1	10	time points: Day 0
GSM2184837	characteristics_ch1	2	11	groups: G1
GSM2184837	characteristics_ch1	3	12	gender: Male
GSM2184837	molecule_ch1	0	13	total RNA
GSM2184837	extract_protocol_ch1	0	14	After PMBC isolation, 1 × 10^6 PBMC cells were lysed in 1 ml of TRIzol (Life technologies, Carlsbad, CA, USA) immediately and stored at -80℃. The samples were thawed and RNA extracted following the manufacturer’s instructions. The quality of the RNA was assessed by using Nanodrop 2000 Spectrometer (Thermo Scientific, MA, USA) as well as by visualization of the integrity of the 28S and 18S band on Agilent Bioanalyzer 2100 (Agilent technologies, Santa Clara, CA, USA).  Qualified total RNA was further purified by RNeasy micro kit (QIAGEN, GmBH, Germany) and removed genomic contamination by RNase-Free DNase Set (QIAGEN, GmBH, Germany).  The purified RNA was stored at -80℃.
GSM2184837	label_ch1	0	15	biotin
GSM2184837	label_protocol_ch1	0	16	Total RNA were amplified, labeled and purified by using the GeneChip 3’IVT Express Kit (Affymetrix, Santa Clara, CA, USA) followed the manufacturer’s instructions to obtain biotin labeled cRNA.
GSM2184837	taxid_ch1	0	17	9606
GSM2184837	hyb_protocol	0	18	After hybridization on Human PrimeView Arrays for 16 h at 45℃ and 60 rpm in Hybridization Oven 640 (Affymetrix, Santa Clara, CA, USA), slides were washed and stained with a Fluidics Station 450 (Affymetrix, Santa Clara, CA, USA).
GSM2184837	scan_protocol	0	19	Scanning was performed on a seventh-generation GeneChip Scanner 3000 (Affymetrix, Santa Clara, CA, USA). Affymetrix GCOS software was used to perform image analysis and generate raw intensity data.
GSM2184837	data_processing	0	20	Initially, data quality was assessed by background level, 3’ labeling bias, RNA quality and pair-wise correlation among samples. For the PrimeView chip, the customized CDF (version 17, ENTREZG) downloaded from the BrainArray website was performed in probe set mapping. IQR was applied for raw data filtering using the genefilter package, and the threshold was set to remove probes/genes with IQR less than the 20th percentile of the IQR’s across all probes/genes. . Normalization was performed with RMA algorithm that includes global background adjustment and quantile normalization. The resulting matrix showed genes as rows and samples as columns was log2 transformed and used as input for linear modeling using the limma package.The limma package was performed to identify differentially expressed genes (DEG) at any time point post immunization, compared with baseline (Day 0). Empirical Bayes moderation of the standard error and Benjamini and Hochberg false-discovery rate (FDR) correction for multiple testing were employed, and the criteria for differentially expressed genes (DEG) were threshold fold change more than 1.5 and BH adjusted FDR less than 0.01.
GSM2184837	platform_id	0	21	GPL21975
GSM2184837	contact_name	0	22	Yiming,,Shao
GSM2184837	contact_email	0	23	yshao@bjmu.edu.cn
GSM2184837	contact_department	0	24	National Center for AIDS/STD Control and Prevention
GSM2184837	contact_institute	0	25	Chinese Center for Disease Control and Prevention
GSM2184837	contact_address	0	26	No. 155 Changbai Road, Changping District
GSM2184837	contact_city	0	27	Beijing
GSM2184837	contact_state	0	28	Beijing
GSM2184837	contact_zip/postal_code	0	29	102206
GSM2184837	contact_country	0	30	China
GSM2184837	supplementary_file	0	31	ftp://ftp.ncbi.nlm.nih.gov/geo/samples/GSM2184nnn/GSM2184837/suppl/GSM2184837_YFV2012018-1.CEL.gz
GSM2184837	data_row_count	0	32	18563
GSM2184838	title	0	0	YFV2012018 PBMC Hour 4
GSM2184838	geo_accession	0	1	GSM2184838
GSM2184838	status	0	2	Public on Jun 25 2017
GSM2184838	submission_date	0	3	Jun 02 2016
GSM2184838	last_update_date	0	4	Jun 26 2017
GSM2184838	type	0	5	RNA
GSM2184838	channel_count	0	6	1
GSM2184838	source_name_ch1	0	7	human Hour 4
GSM2184838	organism_ch1	0	8	Homo sapiens
GSM2184838	characteristics_ch1	0	9	subject id: YFV2012018
GSM2184838	characteristics_ch1	1	10	time points: Hour 4
GSM2184838	characteristics_ch1	2	11	groups: G2
GSM2184838	characteristics_ch1	3	12	gender: Male
GSM2184838	molecule_ch1	0	13	total RNA
GSM2184838	extract_protocol_ch1	0	14	After PMBC isolation, 1 × 10^6 PBMC cells were lysed in 1 ml of TRIzol (Life technologies, Carlsbad, CA, USA) immediately and stored at -80℃. The samples were thawed and RNA extracted following the manufacturer’s instructions. The quality of the RNA was assessed by using Nanodrop 2000 Spectrometer (Thermo Scientific, MA, USA) as well as by visualization of the integrity of the 28S and 18S band on Agilent Bioanalyzer 2100 (Agilent technologies, Santa Clara, CA, USA).  Qualified total RNA was further purified by RNeasy micro kit (QIAGEN, GmBH, Germany) and removed genomic contamination by RNase-Free DNase Set (QIAGEN, GmBH, Germany).  The purified RNA was stored at -80℃.
GSM2184838	label_ch1	0	15	biotin
GSM2184838	label_protocol_ch1	0	16	Total RNA were amplified, labeled and purified by using the GeneChip 3’IVT Express Kit (Affymetrix, Santa Clara, CA, USA) followed the manufacturer’s instructions to obtain biotin labeled cRNA.
GSM2184838	taxid_ch1	0	17	9606
GSM2184838	hyb_protocol	0	18	After hybridization on Human PrimeView Arrays for 16 h at 45℃ and 60 rpm in Hybridization Oven 640 (Affymetrix, Santa Clara, CA, USA), slides were washed and stained with a Fluidics Station 450 (Affymetrix, Santa Clara, CA, USA).
GSM2184838	scan_protocol	0	19	Scanning was performed on a seventh-generation GeneChip Scanner 3000 (Affymetrix, Santa Clara, CA, USA). Affymetrix GCOS software was used to perform image analysis and generate raw intensity data.
GSM2184838	data_processing	0	20	Initially, data quality was assessed by background level, 3’ labeling bias, RNA quality and pair-wise correlation among samples. For the PrimeView chip, the customized CDF (version 17, ENTREZG) downloaded from the BrainArray website was performed in probe set mapping. IQR was applied for raw data filtering using the genefilter package, and the threshold was set to remove probes/genes with IQR less than the 20th percentile of the IQR’s across all probes/genes. . Normalization was performed with RMA algorithm that includes global background adjustment and quantile normalization. The resulting matrix showed genes as rows and samples as columns was log2 transformed and used as input for linear modeling using the limma package.The limma package was performed to identify differentially expressed genes (DEG) at any time point post immunization, compared with baseline (Day 0). Empirical Bayes moderation of the standard error and Benjamini and Hochberg false-discovery rate (FDR) correction for multiple testing were employed, and the criteria for differentially expressed genes (DEG) were threshold fold change more than 1.5 and BH adjusted FDR less than 0.01.
GSM2184838	platform_id	0	21	GPL21975
GSM2184838	contact_name	0	22	Yiming,,Shao
GSM2184838	contact_email	0	23	yshao@bjmu.edu.cn
GSM2184838	contact_department	0	24	National Center for AIDS/STD Control and Prevention
GSM2184838	contact_institute	0	25	Chinese Center for Disease Control and Prevention
GSM2184838	contact_address	0	26	No. 155 Changbai Road, Changping District
GSM2184838	contact_city	0	27	Beijing
GSM2184838	contact_state	0	28	Beijing
GSM2184838	contact_zip/postal_code	0	29	102206
GSM2184838	contact_country	0	30	China
GSM2184838	supplementary_file	0	31	ftp://ftp.ncbi.nlm.nih.gov/geo/samples/GSM2184nnn/GSM2184838/suppl/GSM2184838_YFV2012018-2.CEL.gz
GSM2184838	data_row_count	0	32	18563
GSM2184839	title	0	0	YFV2012018 PBMC Day 7
GSM2184839	geo_accession	0	1	GSM2184839
GSM2184839	status	0	2	Public on Jun 25 2017
GSM2184839	submission_date	0	3	Jun 02 2016
GSM2184839	last_update_date	0	4	Jun 26 2017
GSM2184839	type	0	5	RNA
GSM2184839	channel_count	0	6	1
GSM2184839	source_name_ch1	0	7	human Day 7
GSM2184839	organism_ch1	0	8	Homo sapiens
GSM2184839	characteristics_ch1	0	9	subject id: YFV2012018
GSM2184839	characteristics_ch1	1	10	time points: Day 7
GSM2184839	characteristics_ch1	2	11	groups: G7
GSM2184839	characteristics_ch1	3	12	gender: Male
GSM2184839	molecule_ch1	0	13	total RNA
GSM2184839	extract_protocol_ch1	0	14	After PMBC isolation, 1 × 10^6 PBMC cells were lysed in 1 ml of TRIzol (Life technologies, Carlsbad, CA, USA) immediately and stored at -80℃. The samples were thawed and RNA extracted following the manufacturer’s instructions. The quality of the RNA was assessed by using Nanodrop 2000 Spectrometer (Thermo Scientific, MA, USA) as well as by visualization of the integrity of the 28S and 18S band on Agilent Bioanalyzer 2100 (Agilent technologies, Santa Clara, CA, USA).  Qualified total RNA was further purified by RNeasy micro kit (QIAGEN, GmBH, Germany) and removed genomic contamination by RNase-Free DNase Set (QIAGEN, GmBH, Germany).  The purified RNA was stored at -80℃.
GSM2184839	label_ch1	0	15	biotin
GSM2184839	label_protocol_ch1	0	16	Total RNA were amplified, labeled and purified by using the GeneChip 3’IVT Express Kit (Affymetrix, Santa Clara, CA, USA) followed the manufacturer’s instructions to obtain biotin labeled cRNA.
GSM2184839	taxid_ch1	0	17	9606
GSM2184839	hyb_protocol	0	18	After hybridization on Human PrimeView Arrays for 16 h at 45℃ and 60 rpm in Hybridization Oven 640 (Affymetrix, Santa Clara, CA, USA), slides were washed and stained with a Fluidics Station 450 (Affymetrix, Santa Clara, CA, USA).
GSM2184839	scan_protocol	0	19	Scanning was performed on a seventh-generation GeneChip Scanner 3000 (Affymetrix, Santa Clara, CA, USA). Affymetrix GCOS software was used to perform image analysis and generate raw intensity data.
GSM2184839	data_processing	0	20	Initially, data quality was assessed by background level, 3’ labeling bias, RNA quality and pair-wise correlation among samples. For the PrimeView chip, the customized CDF (version 17, ENTREZG) downloaded from the BrainArray website was performed in probe set mapping. IQR was applied for raw data filtering using the genefilter package, and the threshold was set to remove probes/genes with IQR less than the 20th percentile of the IQR’s across all probes/genes. . Normalization was performed with RMA algorithm that includes global background adjustment and quantile normalization. The resulting matrix showed genes as rows and samples as columns was log2 transformed and used as input for linear modeling using the limma package.The limma package was performed to identify differentially expressed genes (DEG) at any time point post immunization, compared with baseline (Day 0). Empirical Bayes moderation of the standard error and Benjamini and Hochberg false-discovery rate (FDR) correction for multiple testing were employed, and the criteria for differentially expressed genes (DEG) were threshold fold change more than 1.5 and BH adjusted FDR less than 0.01.
GSM2184839	platform_id	0	21	GPL21975
GSM2184839	contact_name	0	22	Yiming,,Shao
GSM2184839	contact_email	0	23	yshao@bjmu.edu.cn
GSM2184839	contact_department	0	24	National Center for AIDS/STD Control and Prevention
GSM2184839	contact_institute	0	25	Chinese Center for Disease Control and Prevention
GSM2184839	contact_address	0	26	No. 155 Changbai Road, Changping District
GSM2184839	contact_city	0	27	Beijing
GSM2184839	contact_state	0	28	Beijing
GSM2184839	contact_zip/postal_code	0	29	102206
GSM2184839	contact_country	0	30	China
GSM2184839	supplementary_file	0	31	ftp://ftp.ncbi.nlm.nih.gov/geo/samples/GSM2184nnn/GSM2184839/suppl/GSM2184839_YFV2012018-7.CEL.gz
GSM2184839	data_row_count	0	32	18563
GSM2184840	title	0	0	YFV2012018 PBMC Day 28
GSM2184840	geo_accession	0	1	GSM2184840
GSM2184840	status	0	2	Public on Jun 25 2017
GSM2184840	submission_date	0	3	Jun 02 2016
GSM2184840	last_update_date	0	4	Jun 26 2017
GSM2184840	type	0	5	RNA
GSM2184840	channel_count	0	6	1
GSM2184840	source_name_ch1	0	7	human Day 28
GSM2184840	organism_ch1	0	8	Homo sapiens
GSM2184840	characteristics_ch1	0	9	subject id: YFV2012018
GSM2184840	characteristics_ch1	1	10	time points: Day 28
GSM2184840	characteristics_ch1	2	11	groups: G9
GSM2184840	characteristics_ch1	3	12	gender: Male
GSM2184840	molecule_ch1	0	13	total RNA
GSM2184840	extract_protocol_ch1	0	14	After PMBC isolation, 1 × 10^6 PBMC cells were lysed in 1 ml of TRIzol (Life technologies, Carlsbad, CA, USA) immediately and stored at -80℃. The samples were thawed and RNA extracted following the manufacturer’s instructions. The quality of the RNA was assessed by using Nanodrop 2000 Spectrometer (Thermo Scientific, MA, USA) as well as by visualization of the integrity of the 28S and 18S band on Agilent Bioanalyzer 2100 (Agilent technologies, Santa Clara, CA, USA).  Qualified total RNA was further purified by RNeasy micro kit (QIAGEN, GmBH, Germany) and removed genomic contamination by RNase-Free DNase Set (QIAGEN, GmBH, Germany).  The purified RNA was stored at -80℃.
GSM2184840	label_ch1	0	15	biotin
GSM2184840	label_protocol_ch1	0	16	Total RNA were amplified, labeled and purified by using the GeneChip 3’IVT Express Kit (Affymetrix, Santa Clara, CA, USA) followed the manufacturer’s instructions to obtain biotin labeled cRNA.
GSM2184840	taxid_ch1	0	17	9606
GSM2184840	hyb_protocol	0	18	After hybridization on Human PrimeView Arrays for 16 h at 45℃ and 60 rpm in Hybridization Oven 640 (Affymetrix, Santa Clara, CA, USA), slides were washed and stained with a Fluidics Station 450 (Affymetrix, Santa Clara, CA, USA).
GSM2184840	scan_protocol	0	19	Scanning was performed on a seventh-generation GeneChip Scanner 3000 (Affymetrix, Santa Clara, CA, USA). Affymetrix GCOS software was used to perform image analysis and generate raw intensity data.
GSM2184840	data_processing	0	20	Initially, data quality was assessed by background level, 3’ labeling bias, RNA quality and pair-wise correlation among samples. For the PrimeView chip, the customized CDF (version 17, ENTREZG) downloaded from the BrainArray website was performed in probe set mapping. IQR was applied for raw data filtering using the genefilter package, and the threshold was set to remove probes/genes with IQR less than the 20th percentile of the IQR’s across all probes/genes. . Normalization was performed with RMA algorithm that includes global background adjustment and quantile normalization. The resulting matrix showed genes as rows and samples as columns was log2 transformed and used as input for linear modeling using the limma package.The limma package was performed to identify differentially expressed genes (DEG) at any time point post immunization, compared with baseline (Day 0). Empirical Bayes moderation of the standard error and Benjamini and Hochberg false-discovery rate (FDR) correction for multiple testing were employed, and the criteria for differentially expressed genes (DEG) were threshold fold change more than 1.5 and BH adjusted FDR less than 0.01.
GSM2184840	platform_id	0	21	GPL21975
GSM2184840	contact_name	0	22	Yiming,,Shao
GSM2184840	contact_email	0	23	yshao@bjmu.edu.cn
GSM2184840	contact_department	0	24	National Center for AIDS/STD Control and Prevention
GSM2184840	contact_institute	0	25	Chinese Center for Disease Control and Prevention
GSM2184840	contact_address	0	26	No. 155 Changbai Road, Changping District
GSM2184840	contact_city	0	27	Beijing
GSM2184840	contact_state	0	28	Beijing
GSM2184840	contact_zip/postal_code	0	29	102206
GSM2184840	contact_country	0	30	China
GSM2184840	supplementary_file	0	31	ftp://ftp.ncbi.nlm.nih.gov/geo/samples/GSM2184nnn/GSM2184840/suppl/GSM2184840_YFV2012018-9.CEL.gz
GSM2184840	data_row_count	0	32	18563
GSM2184841	title	0	0	YFV2012019 PBMC Day 0
GSM2184841	geo_accession	0	1	GSM2184841
GSM2184841	status	0	2	Public on Jun 25 2017
GSM2184841	submission_date	0	3	Jun 02 2016
GSM2184841	last_update_date	0	4	Jun 26 2017
GSM2184841	type	0	5	RNA
GSM2184841	channel_count	0	6	1
GSM2184841	source_name_ch1	0	7	human Day 0
GSM2184841	organism_ch1	0	8	Homo sapiens
GSM2184841	characteristics_ch1	0	9	subject id: YFV2012019
GSM2184841	characteristics_ch1	1	10	time points: Day 0
GSM2184841	characteristics_ch1	2	11	groups: G1
GSM2184841	characteristics_ch1	3	12	gender: Male
GSM2184841	molecule_ch1	0	13	total RNA
GSM2184841	extract_protocol_ch1	0	14	After PMBC isolation, 1 × 10^6 PBMC cells were lysed in 1 ml of TRIzol (Life technologies, Carlsbad, CA, USA) immediately and stored at -80℃. The samples were thawed and RNA extracted following the manufacturer’s instructions. The quality of the RNA was assessed by using Nanodrop 2000 Spectrometer (Thermo Scientific, MA, USA) as well as by visualization of the integrity of the 28S and 18S band on Agilent Bioanalyzer 2100 (Agilent technologies, Santa Clara, CA, USA).  Qualified total RNA was further purified by RNeasy micro kit (QIAGEN, GmBH, Germany) and removed genomic contamination by RNase-Free DNase Set (QIAGEN, GmBH, Germany).  The purified RNA was stored at -80℃.
GSM2184841	label_ch1	0	15	biotin
GSM2184841	label_protocol_ch1	0	16	Total RNA were amplified, labeled and purified by using the GeneChip 3’IVT Express Kit (Affymetrix, Santa Clara, CA, USA) followed the manufacturer’s instructions to obtain biotin labeled cRNA.
GSM2184841	taxid_ch1	0	17	9606
GSM2184841	hyb_protocol	0	18	After hybridization on Human PrimeView Arrays for 16 h at 45℃ and 60 rpm in Hybridization Oven 640 (Affymetrix, Santa Clara, CA, USA), slides were washed and stained with a Fluidics Station 450 (Affymetrix, Santa Clara, CA, USA).
GSM2184841	scan_protocol	0	19	Scanning was performed on a seventh-generation GeneChip Scanner 3000 (Affymetrix, Santa Clara, CA, USA). Affymetrix GCOS software was used to perform image analysis and generate raw intensity data.
GSM2184841	data_processing	0	20	Initially, data quality was assessed by background level, 3’ labeling bias, RNA quality and pair-wise correlation among samples. For the PrimeView chip, the customized CDF (version 17, ENTREZG) downloaded from the BrainArray website was performed in probe set mapping. IQR was applied for raw data filtering using the genefilter package, and the threshold was set to remove probes/genes with IQR less than the 20th percentile of the IQR’s across all probes/genes. . Normalization was performed with RMA algorithm that includes global background adjustment and quantile normalization. The resulting matrix showed genes as rows and samples as columns was log2 transformed and used as input for linear modeling using the limma package.The limma package was performed to identify differentially expressed genes (DEG) at any time point post immunization, compared with baseline (Day 0). Empirical Bayes moderation of the standard error and Benjamini and Hochberg false-discovery rate (FDR) correction for multiple testing were employed, and the criteria for differentially expressed genes (DEG) were threshold fold change more than 1.5 and BH adjusted FDR less than 0.01.
GSM2184841	platform_id	0	21	GPL21975
GSM2184841	contact_name	0	22	Yiming,,Shao
GSM2184841	contact_email	0	23	yshao@bjmu.edu.cn
GSM2184841	contact_department	0	24	National Center for AIDS/STD Control and Prevention
GSM2184841	contact_institute	0	25	Chinese Center for Disease Control and Prevention
GSM2184841	contact_address	0	26	No. 155 Changbai Road, Changping District
GSM2184841	contact_city	0	27	Beijing
GSM2184841	contact_state	0	28	Beijing
GSM2184841	contact_zip/postal_code	0	29	102206
GSM2184841	contact_country	0	30	China
GSM2184841	supplementary_file	0	31	ftp://ftp.ncbi.nlm.nih.gov/geo/samples/GSM2184nnn/GSM2184841/suppl/GSM2184841_YFV2012019-1.CEL.gz
GSM2184841	data_row_count	0	32	18563
GSM2184842	title	0	0	YFV2012019 PBMC Hour 4
GSM2184842	geo_accession	0	1	GSM2184842
GSM2184842	status	0	2	Public on Jun 25 2017
GSM2184842	submission_date	0	3	Jun 02 2016
GSM2184842	last_update_date	0	4	Jun 26 2017
GSM2184842	type	0	5	RNA
GSM2184842	channel_count	0	6	1
GSM2184842	source_name_ch1	0	7	human Hour 4
GSM2184842	organism_ch1	0	8	Homo sapiens
GSM2184842	characteristics_ch1	0	9	subject id: YFV2012019
GSM2184842	characteristics_ch1	1	10	time points: Hour 4
GSM2184842	characteristics_ch1	2	11	groups: G2
GSM2184842	characteristics_ch1	3	12	gender: Male
GSM2184842	molecule_ch1	0	13	total RNA
GSM2184842	extract_protocol_ch1	0	14	After PMBC isolation, 1 × 10^6 PBMC cells were lysed in 1 ml of TRIzol (Life technologies, Carlsbad, CA, USA) immediately and stored at -80℃. The samples were thawed and RNA extracted following the manufacturer’s instructions. The quality of the RNA was assessed by using Nanodrop 2000 Spectrometer (Thermo Scientific, MA, USA) as well as by visualization of the integrity of the 28S and 18S band on Agilent Bioanalyzer 2100 (Agilent technologies, Santa Clara, CA, USA).  Qualified total RNA was further purified by RNeasy micro kit (QIAGEN, GmBH, Germany) and removed genomic contamination by RNase-Free DNase Set (QIAGEN, GmBH, Germany).  The purified RNA was stored at -80℃.
GSM2184842	label_ch1	0	15	biotin
GSM2184842	label_protocol_ch1	0	16	Total RNA were amplified, labeled and purified by using the GeneChip 3’IVT Express Kit (Affymetrix, Santa Clara, CA, USA) followed the manufacturer’s instructions to obtain biotin labeled cRNA.
GSM2184842	taxid_ch1	0	17	9606
GSM2184842	hyb_protocol	0	18	After hybridization on Human PrimeView Arrays for 16 h at 45℃ and 60 rpm in Hybridization Oven 640 (Affymetrix, Santa Clara, CA, USA), slides were washed and stained with a Fluidics Station 450 (Affymetrix, Santa Clara, CA, USA).
GSM2184842	scan_protocol	0	19	Scanning was performed on a seventh-generation GeneChip Scanner 3000 (Affymetrix, Santa Clara, CA, USA). Affymetrix GCOS software was used to perform image analysis and generate raw intensity data.
GSM2184842	data_processing	0	20	Initially, data quality was assessed by background level, 3’ labeling bias, RNA quality and pair-wise correlation among samples. For the PrimeView chip, the customized CDF (version 17, ENTREZG) downloaded from the BrainArray website was performed in probe set mapping. IQR was applied for raw data filtering using the genefilter package, and the threshold was set to remove probes/genes with IQR less than the 20th percentile of the IQR’s across all probes/genes. . Normalization was performed with RMA algorithm that includes global background adjustment and quantile normalization. The resulting matrix showed genes as rows and samples as columns was log2 transformed and used as input for linear modeling using the limma package.The limma package was performed to identify differentially expressed genes (DEG) at any time point post immunization, compared with baseline (Day 0). Empirical Bayes moderation of the standard error and Benjamini and Hochberg false-discovery rate (FDR) correction for multiple testing were employed, and the criteria for differentially expressed genes (DEG) were threshold fold change more than 1.5 and BH adjusted FDR less than 0.01.
GSM2184842	platform_id	0	21	GPL21975
GSM2184842	contact_name	0	22	Yiming,,Shao
GSM2184842	contact_email	0	23	yshao@bjmu.edu.cn
GSM2184842	contact_department	0	24	National Center for AIDS/STD Control and Prevention
GSM2184842	contact_institute	0	25	Chinese Center for Disease Control and Prevention
GSM2184842	contact_address	0	26	No. 155 Changbai Road, Changping District
GSM2184842	contact_city	0	27	Beijing
GSM2184842	contact_state	0	28	Beijing
GSM2184842	contact_zip/postal_code	0	29	102206
GSM2184842	contact_country	0	30	China
GSM2184842	supplementary_file	0	31	ftp://ftp.ncbi.nlm.nih.gov/geo/samples/GSM2184nnn/GSM2184842/suppl/GSM2184842_YFV2012019-2.CEL.gz
GSM2184842	data_row_count	0	32	18563
GSM2184843	title	0	0	YFV2012019 PBMC Day 7
GSM2184843	geo_accession	0	1	GSM2184843
GSM2184843	status	0	2	Public on Jun 25 2017
GSM2184843	submission_date	0	3	Jun 02 2016
GSM2184843	last_update_date	0	4	Jun 26 2017
GSM2184843	type	0	5	RNA
GSM2184843	channel_count	0	6	1
GSM2184843	source_name_ch1	0	7	human Day 7
GSM2184843	organism_ch1	0	8	Homo sapiens
GSM2184843	characteristics_ch1	0	9	subject id: YFV2012019
GSM2184843	characteristics_ch1	1	10	time points: Day 7
GSM2184843	characteristics_ch1	2	11	groups: G7
GSM2184843	characteristics_ch1	3	12	gender: Male
GSM2184843	molecule_ch1	0	13	total RNA
GSM2184843	extract_protocol_ch1	0	14	After PMBC isolation, 1 × 10^6 PBMC cells were lysed in 1 ml of TRIzol (Life technologies, Carlsbad, CA, USA) immediately and stored at -80℃. The samples were thawed and RNA extracted following the manufacturer’s instructions. The quality of the RNA was assessed by using Nanodrop 2000 Spectrometer (Thermo Scientific, MA, USA) as well as by visualization of the integrity of the 28S and 18S band on Agilent Bioanalyzer 2100 (Agilent technologies, Santa Clara, CA, USA).  Qualified total RNA was further purified by RNeasy micro kit (QIAGEN, GmBH, Germany) and removed genomic contamination by RNase-Free DNase Set (QIAGEN, GmBH, Germany).  The purified RNA was stored at -80℃.
GSM2184843	label_ch1	0	15	biotin
GSM2184843	label_protocol_ch1	0	16	Total RNA were amplified, labeled and purified by using the GeneChip 3’IVT Express Kit (Affymetrix, Santa Clara, CA, USA) followed the manufacturer’s instructions to obtain biotin labeled cRNA.
GSM2184843	taxid_ch1	0	17	9606
GSM2184843	hyb_protocol	0	18	After hybridization on Human PrimeView Arrays for 16 h at 45℃ and 60 rpm in Hybridization Oven 640 (Affymetrix, Santa Clara, CA, USA), slides were washed and stained with a Fluidics Station 450 (Affymetrix, Santa Clara, CA, USA).
GSM2184843	scan_protocol	0	19	Scanning was performed on a seventh-generation GeneChip Scanner 3000 (Affymetrix, Santa Clara, CA, USA). Affymetrix GCOS software was used to perform image analysis and generate raw intensity data.
GSM2184843	data_processing	0	20	Initially, data quality was assessed by background level, 3’ labeling bias, RNA quality and pair-wise correlation among samples. For the PrimeView chip, the customized CDF (version 17, ENTREZG) downloaded from the BrainArray website was performed in probe set mapping. IQR was applied for raw data filtering using the genefilter package, and the threshold was set to remove probes/genes with IQR less than the 20th percentile of the IQR’s across all probes/genes. . Normalization was performed with RMA algorithm that includes global background adjustment and quantile normalization. The resulting matrix showed genes as rows and samples as columns was log2 transformed and used as input for linear modeling using the limma package.The limma package was performed to identify differentially expressed genes (DEG) at any time point post immunization, compared with baseline (Day 0). Empirical Bayes moderation of the standard error and Benjamini and Hochberg false-discovery rate (FDR) correction for multiple testing were employed, and the criteria for differentially expressed genes (DEG) were threshold fold change more than 1.5 and BH adjusted FDR less than 0.01.
GSM2184843	platform_id	0	21	GPL21975
GSM2184843	contact_name	0	22	Yiming,,Shao
GSM2184843	contact_email	0	23	yshao@bjmu.edu.cn
GSM2184843	contact_department	0	24	National Center for AIDS/STD Control and Prevention
GSM2184843	contact_institute	0	25	Chinese Center for Disease Control and Prevention
GSM2184843	contact_address	0	26	No. 155 Changbai Road, Changping District
GSM2184843	contact_city	0	27	Beijing
GSM2184843	contact_state	0	28	Beijing
GSM2184843	contact_zip/postal_code	0	29	102206
GSM2184843	contact_country	0	30	China
GSM2184843	supplementary_file	0	31	ftp://ftp.ncbi.nlm.nih.gov/geo/samples/GSM2184nnn/GSM2184843/suppl/GSM2184843_YFV2012019-7.CEL.gz
GSM2184843	data_row_count	0	32	18563
GSM2184844	title	0	0	YFV2012019 PBMC Day 28
GSM2184844	geo_accession	0	1	GSM2184844
GSM2184844	status	0	2	Public on Jun 25 2017
GSM2184844	submission_date	0	3	Jun 02 2016
GSM2184844	last_update_date	0	4	Jun 26 2017
GSM2184844	type	0	5	RNA
GSM2184844	channel_count	0	6	1
GSM2184844	source_name_ch1	0	7	human Day 28
GSM2184844	organism_ch1	0	8	Homo sapiens
GSM2184844	characteristics_ch1	0	9	subject id: YFV2012019
GSM2184844	characteristics_ch1	1	10	time points: Day 28
GSM2184844	characteristics_ch1	2	11	groups: G9
GSM2184844	characteristics_ch1	3	12	gender: Male
GSM2184844	molecule_ch1	0	13	total RNA
GSM2184844	extract_protocol_ch1	0	14	After PMBC isolation, 1 × 10^6 PBMC cells were lysed in 1 ml of TRIzol (Life technologies, Carlsbad, CA, USA) immediately and stored at -80℃. The samples were thawed and RNA extracted following the manufacturer’s instructions. The quality of the RNA was assessed by using Nanodrop 2000 Spectrometer (Thermo Scientific, MA, USA) as well as by visualization of the integrity of the 28S and 18S band on Agilent Bioanalyzer 2100 (Agilent technologies, Santa Clara, CA, USA).  Qualified total RNA was further purified by RNeasy micro kit (QIAGEN, GmBH, Germany) and removed genomic contamination by RNase-Free DNase Set (QIAGEN, GmBH, Germany).  The purified RNA was stored at -80℃.
GSM2184844	label_ch1	0	15	biotin
GSM2184844	label_protocol_ch1	0	16	Total RNA were amplified, labeled and purified by using the GeneChip 3’IVT Express Kit (Affymetrix, Santa Clara, CA, USA) followed the manufacturer’s instructions to obtain biotin labeled cRNA.
GSM2184844	taxid_ch1	0	17	9606
GSM2184844	hyb_protocol	0	18	After hybridization on Human PrimeView Arrays for 16 h at 45℃ and 60 rpm in Hybridization Oven 640 (Affymetrix, Santa Clara, CA, USA), slides were washed and stained with a Fluidics Station 450 (Affymetrix, Santa Clara, CA, USA).
GSM2184844	scan_protocol	0	19	Scanning was performed on a seventh-generation GeneChip Scanner 3000 (Affymetrix, Santa Clara, CA, USA). Affymetrix GCOS software was used to perform image analysis and generate raw intensity data.
GSM2184844	data_processing	0	20	Initially, data quality was assessed by background level, 3’ labeling bias, RNA quality and pair-wise correlation among samples. For the PrimeView chip, the customized CDF (version 17, ENTREZG) downloaded from the BrainArray website was performed in probe set mapping. IQR was applied for raw data filtering using the genefilter package, and the threshold was set to remove probes/genes with IQR less than the 20th percentile of the IQR’s across all probes/genes. . Normalization was performed with RMA algorithm that includes global background adjustment and quantile normalization. The resulting matrix showed genes as rows and samples as columns was log2 transformed and used as input for linear modeling using the limma package.The limma package was performed to identify differentially expressed genes (DEG) at any time point post immunization, compared with baseline (Day 0). Empirical Bayes moderation of the standard error and Benjamini and Hochberg false-discovery rate (FDR) correction for multiple testing were employed, and the criteria for differentially expressed genes (DEG) were threshold fold change more than 1.5 and BH adjusted FDR less than 0.01.
GSM2184844	platform_id	0	21	GPL21975
GSM2184844	contact_name	0	22	Yiming,,Shao
GSM2184844	contact_email	0	23	yshao@bjmu.edu.cn
GSM2184844	contact_department	0	24	National Center for AIDS/STD Control and Prevention
GSM2184844	contact_institute	0	25	Chinese Center for Disease Control and Prevention
GSM2184844	contact_address	0	26	No. 155 Changbai Road, Changping District
GSM2184844	contact_city	0	27	Beijing
GSM2184844	contact_state	0	28	Beijing
GSM2184844	contact_zip/postal_code	0	29	102206
GSM2184844	contact_country	0	30	China
GSM2184844	supplementary_file	0	31	ftp://ftp.ncbi.nlm.nih.gov/geo/samples/GSM2184nnn/GSM2184844/suppl/GSM2184844_YFV2012019-9.CEL.gz
GSM2184844	data_row_count	0	32	18563
GSM2184845	title	0	0	YFV2012020 PBMC Day 0
GSM2184845	geo_accession	0	1	GSM2184845
GSM2184845	status	0	2	Public on Jun 25 2017
GSM2184845	submission_date	0	3	Jun 02 2016
GSM2184845	last_update_date	0	4	Jun 26 2017
GSM2184845	type	0	5	RNA
GSM2184845	channel_count	0	6	1
GSM2184845	source_name_ch1	0	7	human Day 0
GSM2184845	organism_ch1	0	8	Homo sapiens
GSM2184845	characteristics_ch1	0	9	subject id: YFV2012020
GSM2184845	characteristics_ch1	1	10	time points: Day 0
GSM2184845	characteristics_ch1	2	11	groups: G1
GSM2184845	characteristics_ch1	3	12	gender: Male
GSM2184845	molecule_ch1	0	13	total RNA
GSM2184845	extract_protocol_ch1	0	14	After PMBC isolation, 1 × 10^6 PBMC cells were lysed in 1 ml of TRIzol (Life technologies, Carlsbad, CA, USA) immediately and stored at -80℃. The samples were thawed and RNA extracted following the manufacturer’s instructions. The quality of the RNA was assessed by using Nanodrop 2000 Spectrometer (Thermo Scientific, MA, USA) as well as by visualization of the integrity of the 28S and 18S band on Agilent Bioanalyzer 2100 (Agilent technologies, Santa Clara, CA, USA).  Qualified total RNA was further purified by RNeasy micro kit (QIAGEN, GmBH, Germany) and removed genomic contamination by RNase-Free DNase Set (QIAGEN, GmBH, Germany).  The purified RNA was stored at -80℃.
GSM2184845	label_ch1	0	15	biotin
GSM2184845	label_protocol_ch1	0	16	Total RNA were amplified, labeled and purified by using the GeneChip 3’IVT Express Kit (Affymetrix, Santa Clara, CA, USA) followed the manufacturer’s instructions to obtain biotin labeled cRNA.
GSM2184845	taxid_ch1	0	17	9606
GSM2184845	hyb_protocol	0	18	After hybridization on Human PrimeView Arrays for 16 h at 45℃ and 60 rpm in Hybridization Oven 640 (Affymetrix, Santa Clara, CA, USA), slides were washed and stained with a Fluidics Station 450 (Affymetrix, Santa Clara, CA, USA).
GSM2184845	scan_protocol	0	19	Scanning was performed on a seventh-generation GeneChip Scanner 3000 (Affymetrix, Santa Clara, CA, USA). Affymetrix GCOS software was used to perform image analysis and generate raw intensity data.
GSM2184845	data_processing	0	20	Initially, data quality was assessed by background level, 3’ labeling bias, RNA quality and pair-wise correlation among samples. For the PrimeView chip, the customized CDF (version 17, ENTREZG) downloaded from the BrainArray website was performed in probe set mapping. IQR was applied for raw data filtering using the genefilter package, and the threshold was set to remove probes/genes with IQR less than the 20th percentile of the IQR’s across all probes/genes. . Normalization was performed with RMA algorithm that includes global background adjustment and quantile normalization. The resulting matrix showed genes as rows and samples as columns was log2 transformed and used as input for linear modeling using the limma package.The limma package was performed to identify differentially expressed genes (DEG) at any time point post immunization, compared with baseline (Day 0). Empirical Bayes moderation of the standard error and Benjamini and Hochberg false-discovery rate (FDR) correction for multiple testing were employed, and the criteria for differentially expressed genes (DEG) were threshold fold change more than 1.5 and BH adjusted FDR less than 0.01.
GSM2184845	platform_id	0	21	GPL21975
GSM2184845	contact_name	0	22	Yiming,,Shao
GSM2184845	contact_email	0	23	yshao@bjmu.edu.cn
GSM2184845	contact_department	0	24	National Center for AIDS/STD Control and Prevention
GSM2184845	contact_institute	0	25	Chinese Center for Disease Control and Prevention
GSM2184845	contact_address	0	26	No. 155 Changbai Road, Changping District
GSM2184845	contact_city	0	27	Beijing
GSM2184845	contact_state	0	28	Beijing
GSM2184845	contact_zip/postal_code	0	29	102206
GSM2184845	contact_country	0	30	China
GSM2184845	supplementary_file	0	31	ftp://ftp.ncbi.nlm.nih.gov/geo/samples/GSM2184nnn/GSM2184845/suppl/GSM2184845_YFV2012020-1.CEL.gz
GSM2184845	data_row_count	0	32	18563
GSM2184846	title	0	0	YFV2012020 PBMC Hour 4
GSM2184846	geo_accession	0	1	GSM2184846
GSM2184846	status	0	2	Public on Jun 25 2017
GSM2184846	submission_date	0	3	Jun 02 2016
GSM2184846	last_update_date	0	4	Jun 26 2017
GSM2184846	type	0	5	RNA
GSM2184846	channel_count	0	6	1
GSM2184846	source_name_ch1	0	7	human Hour 4
GSM2184846	organism_ch1	0	8	Homo sapiens
GSM2184846	characteristics_ch1	0	9	subject id: YFV2012020
GSM2184846	characteristics_ch1	1	10	time points: Hour 4
GSM2184846	characteristics_ch1	2	11	groups: G2
GSM2184846	characteristics_ch1	3	12	gender: Male
GSM2184846	molecule_ch1	0	13	total RNA
GSM2184846	extract_protocol_ch1	0	14	After PMBC isolation, 1 × 10^6 PBMC cells were lysed in 1 ml of TRIzol (Life technologies, Carlsbad, CA, USA) immediately and stored at -80℃. The samples were thawed and RNA extracted following the manufacturer’s instructions. The quality of the RNA was assessed by using Nanodrop 2000 Spectrometer (Thermo Scientific, MA, USA) as well as by visualization of the integrity of the 28S and 18S band on Agilent Bioanalyzer 2100 (Agilent technologies, Santa Clara, CA, USA).  Qualified total RNA was further purified by RNeasy micro kit (QIAGEN, GmBH, Germany) and removed genomic contamination by RNase-Free DNase Set (QIAGEN, GmBH, Germany).  The purified RNA was stored at -80℃.
GSM2184846	label_ch1	0	15	biotin
GSM2184846	label_protocol_ch1	0	16	Total RNA were amplified, labeled and purified by using the GeneChip 3’IVT Express Kit (Affymetrix, Santa Clara, CA, USA) followed the manufacturer’s instructions to obtain biotin labeled cRNA.
GSM2184846	taxid_ch1	0	17	9606
GSM2184846	hyb_protocol	0	18	After hybridization on Human PrimeView Arrays for 16 h at 45℃ and 60 rpm in Hybridization Oven 640 (Affymetrix, Santa Clara, CA, USA), slides were washed and stained with a Fluidics Station 450 (Affymetrix, Santa Clara, CA, USA).
GSM2184846	scan_protocol	0	19	Scanning was performed on a seventh-generation GeneChip Scanner 3000 (Affymetrix, Santa Clara, CA, USA). Affymetrix GCOS software was used to perform image analysis and generate raw intensity data.
GSM2184846	data_processing	0	20	Initially, data quality was assessed by background level, 3’ labeling bias, RNA quality and pair-wise correlation among samples. For the PrimeView chip, the customized CDF (version 17, ENTREZG) downloaded from the BrainArray website was performed in probe set mapping. IQR was applied for raw data filtering using the genefilter package, and the threshold was set to remove probes/genes with IQR less than the 20th percentile of the IQR’s across all probes/genes. . Normalization was performed with RMA algorithm that includes global background adjustment and quantile normalization. The resulting matrix showed genes as rows and samples as columns was log2 transformed and used as input for linear modeling using the limma package.The limma package was performed to identify differentially expressed genes (DEG) at any time point post immunization, compared with baseline (Day 0). Empirical Bayes moderation of the standard error and Benjamini and Hochberg false-discovery rate (FDR) correction for multiple testing were employed, and the criteria for differentially expressed genes (DEG) were threshold fold change more than 1.5 and BH adjusted FDR less than 0.01.
GSM2184846	platform_id	0	21	GPL21975
GSM2184846	contact_name	0	22	Yiming,,Shao
GSM2184846	contact_email	0	23	yshao@bjmu.edu.cn
GSM2184846	contact_department	0	24	National Center for AIDS/STD Control and Prevention
GSM2184846	contact_institute	0	25	Chinese Center for Disease Control and Prevention
GSM2184846	contact_address	0	26	No. 155 Changbai Road, Changping District
GSM2184846	contact_city	0	27	Beijing
GSM2184846	contact_state	0	28	Beijing
GSM2184846	contact_zip/postal_code	0	29	102206
GSM2184846	contact_country	0	30	China
GSM2184846	supplementary_file	0	31	ftp://ftp.ncbi.nlm.nih.gov/geo/samples/GSM2184nnn/GSM2184846/suppl/GSM2184846_YFV2012020-2.CEL.gz
GSM2184846	data_row_count	0	32	18563
GSM2184847	title	0	0	YFV2012020 PBMC Day 7
GSM2184847	geo_accession	0	1	GSM2184847
GSM2184847	status	0	2	Public on Jun 25 2017
GSM2184847	submission_date	0	3	Jun 02 2016
GSM2184847	last_update_date	0	4	Jun 26 2017
GSM2184847	type	0	5	RNA
GSM2184847	channel_count	0	6	1
GSM2184847	source_name_ch1	0	7	human Day 7
GSM2184847	organism_ch1	0	8	Homo sapiens
GSM2184847	characteristics_ch1	0	9	subject id: YFV2012020
GSM2184847	characteristics_ch1	1	10	time points: Day 7
GSM2184847	characteristics_ch1	2	11	groups: G7
GSM2184847	characteristics_ch1	3	12	gender: Male
GSM2184847	molecule_ch1	0	13	total RNA
GSM2184847	extract_protocol_ch1	0	14	After PMBC isolation, 1 × 10^6 PBMC cells were lysed in 1 ml of TRIzol (Life technologies, Carlsbad, CA, USA) immediately and stored at -80℃. The samples were thawed and RNA extracted following the manufacturer’s instructions. The quality of the RNA was assessed by using Nanodrop 2000 Spectrometer (Thermo Scientific, MA, USA) as well as by visualization of the integrity of the 28S and 18S band on Agilent Bioanalyzer 2100 (Agilent technologies, Santa Clara, CA, USA).  Qualified total RNA was further purified by RNeasy micro kit (QIAGEN, GmBH, Germany) and removed genomic contamination by RNase-Free DNase Set (QIAGEN, GmBH, Germany).  The purified RNA was stored at -80℃.
GSM2184847	label_ch1	0	15	biotin
GSM2184847	label_protocol_ch1	0	16	Total RNA were amplified, labeled and purified by using the GeneChip 3’IVT Express Kit (Affymetrix, Santa Clara, CA, USA) followed the manufacturer’s instructions to obtain biotin labeled cRNA.
GSM2184847	taxid_ch1	0	17	9606
GSM2184847	hyb_protocol	0	18	After hybridization on Human PrimeView Arrays for 16 h at 45℃ and 60 rpm in Hybridization Oven 640 (Affymetrix, Santa Clara, CA, USA), slides were washed and stained with a Fluidics Station 450 (Affymetrix, Santa Clara, CA, USA).
GSM2184847	scan_protocol	0	19	Scanning was performed on a seventh-generation GeneChip Scanner 3000 (Affymetrix, Santa Clara, CA, USA). Affymetrix GCOS software was used to perform image analysis and generate raw intensity data.
GSM2184847	data_processing	0	20	Initially, data quality was assessed by background level, 3’ labeling bias, RNA quality and pair-wise correlation among samples. For the PrimeView chip, the customized CDF (version 17, ENTREZG) downloaded from the BrainArray website was performed in probe set mapping. IQR was applied for raw data filtering using the genefilter package, and the threshold was set to remove probes/genes with IQR less than the 20th percentile of the IQR’s across all probes/genes. . Normalization was performed with RMA algorithm that includes global background adjustment and quantile normalization. The resulting matrix showed genes as rows and samples as columns was log2 transformed and used as input for linear modeling using the limma package.The limma package was performed to identify differentially expressed genes (DEG) at any time point post immunization, compared with baseline (Day 0). Empirical Bayes moderation of the standard error and Benjamini and Hochberg false-discovery rate (FDR) correction for multiple testing were employed, and the criteria for differentially expressed genes (DEG) were threshold fold change more than 1.5 and BH adjusted FDR less than 0.01.
GSM2184847	platform_id	0	21	GPL21975
GSM2184847	contact_name	0	22	Yiming,,Shao
GSM2184847	contact_email	0	23	yshao@bjmu.edu.cn
GSM2184847	contact_department	0	24	National Center for AIDS/STD Control and Prevention
GSM2184847	contact_institute	0	25	Chinese Center for Disease Control and Prevention
GSM2184847	contact_address	0	26	No. 155 Changbai Road, Changping District
GSM2184847	contact_city	0	27	Beijing
GSM2184847	contact_state	0	28	Beijing
GSM2184847	contact_zip/postal_code	0	29	102206
GSM2184847	contact_country	0	30	China
GSM2184847	supplementary_file	0	31	ftp://ftp.ncbi.nlm.nih.gov/geo/samples/GSM2184nnn/GSM2184847/suppl/GSM2184847_YFV2012020-7.CEL.gz
GSM2184847	data_row_count	0	32	18563
GSM2184848	title	0	0	YFV2012020 PBMC Day 28
GSM2184848	geo_accession	0	1	GSM2184848
GSM2184848	status	0	2	Public on Jun 25 2017
GSM2184848	submission_date	0	3	Jun 02 2016
GSM2184848	last_update_date	0	4	Jun 26 2017
GSM2184848	type	0	5	RNA
GSM2184848	channel_count	0	6	1
GSM2184848	source_name_ch1	0	7	human Day 28
GSM2184848	organism_ch1	0	8	Homo sapiens
GSM2184848	characteristics_ch1	0	9	subject id: YFV2012020
GSM2184848	characteristics_ch1	1	10	time points: Day 28
GSM2184848	characteristics_ch1	2	11	groups: G9
GSM2184848	characteristics_ch1	3	12	gender: Male
GSM2184848	molecule_ch1	0	13	total RNA
GSM2184848	extract_protocol_ch1	0	14	After PMBC isolation, 1 × 10^6 PBMC cells were lysed in 1 ml of TRIzol (Life technologies, Carlsbad, CA, USA) immediately and stored at -80℃. The samples were thawed and RNA extracted following the manufacturer’s instructions. The quality of the RNA was assessed by using Nanodrop 2000 Spectrometer (Thermo Scientific, MA, USA) as well as by visualization of the integrity of the 28S and 18S band on Agilent Bioanalyzer 2100 (Agilent technologies, Santa Clara, CA, USA).  Qualified total RNA was further purified by RNeasy micro kit (QIAGEN, GmBH, Germany) and removed genomic contamination by RNase-Free DNase Set (QIAGEN, GmBH, Germany).  The purified RNA was stored at -80℃.
GSM2184848	label_ch1	0	15	biotin
GSM2184848	label_protocol_ch1	0	16	Total RNA were amplified, labeled and purified by using the GeneChip 3’IVT Express Kit (Affymetrix, Santa Clara, CA, USA) followed the manufacturer’s instructions to obtain biotin labeled cRNA.
GSM2184848	taxid_ch1	0	17	9606
GSM2184848	hyb_protocol	0	18	After hybridization on Human PrimeView Arrays for 16 h at 45℃ and 60 rpm in Hybridization Oven 640 (Affymetrix, Santa Clara, CA, USA), slides were washed and stained with a Fluidics Station 450 (Affymetrix, Santa Clara, CA, USA).
GSM2184848	scan_protocol	0	19	Scanning was performed on a seventh-generation GeneChip Scanner 3000 (Affymetrix, Santa Clara, CA, USA). Affymetrix GCOS software was used to perform image analysis and generate raw intensity data.
GSM2184848	data_processing	0	20	Initially, data quality was assessed by background level, 3’ labeling bias, RNA quality and pair-wise correlation among samples. For the PrimeView chip, the customized CDF (version 17, ENTREZG) downloaded from the BrainArray website was performed in probe set mapping. IQR was applied for raw data filtering using the genefilter package, and the threshold was set to remove probes/genes with IQR less than the 20th percentile of the IQR’s across all probes/genes. . Normalization was performed with RMA algorithm that includes global background adjustment and quantile normalization. The resulting matrix showed genes as rows and samples as columns was log2 transformed and used as input for linear modeling using the limma package.The limma package was performed to identify differentially expressed genes (DEG) at any time point post immunization, compared with baseline (Day 0). Empirical Bayes moderation of the standard error and Benjamini and Hochberg false-discovery rate (FDR) correction for multiple testing were employed, and the criteria for differentially expressed genes (DEG) were threshold fold change more than 1.5 and BH adjusted FDR less than 0.01.
GSM2184848	platform_id	0	21	GPL21975
GSM2184848	contact_name	0	22	Yiming,,Shao
GSM2184848	contact_email	0	23	yshao@bjmu.edu.cn
GSM2184848	contact_department	0	24	National Center for AIDS/STD Control and Prevention
GSM2184848	contact_institute	0	25	Chinese Center for Disease Control and Prevention
GSM2184848	contact_address	0	26	No. 155 Changbai Road, Changping District
GSM2184848	contact_city	0	27	Beijing
GSM2184848	contact_state	0	28	Beijing
GSM2184848	contact_zip/postal_code	0	29	102206
GSM2184848	contact_country	0	30	China
GSM2184848	supplementary_file	0	31	ftp://ftp.ncbi.nlm.nih.gov/geo/samples/GSM2184nnn/GSM2184848/suppl/GSM2184848_YFV2012020-9.CEL.gz
GSM2184848	data_row_count	0	32	18563
GSM2184849	title	0	0	YFV2012021 PBMC Day 0
GSM2184849	geo_accession	0	1	GSM2184849
GSM2184849	status	0	2	Public on Jun 25 2017
GSM2184849	submission_date	0	3	Jun 02 2016
GSM2184849	last_update_date	0	4	Jun 26 2017
GSM2184849	type	0	5	RNA
GSM2184849	channel_count	0	6	1
GSM2184849	source_name_ch1	0	7	human Day 0
GSM2184849	organism_ch1	0	8	Homo sapiens
GSM2184849	characteristics_ch1	0	9	subject id: YFV2012021
GSM2184849	characteristics_ch1	1	10	time points: Day 0
GSM2184849	characteristics_ch1	2	11	groups: G1
GSM2184849	characteristics_ch1	3	12	gender: Male
GSM2184849	molecule_ch1	0	13	total RNA
GSM2184849	extract_protocol_ch1	0	14	After PMBC isolation, 1 × 10^6 PBMC cells were lysed in 1 ml of TRIzol (Life technologies, Carlsbad, CA, USA) immediately and stored at -80℃. The samples were thawed and RNA extracted following the manufacturer’s instructions. The quality of the RNA was assessed by using Nanodrop 2000 Spectrometer (Thermo Scientific, MA, USA) as well as by visualization of the integrity of the 28S and 18S band on Agilent Bioanalyzer 2100 (Agilent technologies, Santa Clara, CA, USA).  Qualified total RNA was further purified by RNeasy micro kit (QIAGEN, GmBH, Germany) and removed genomic contamination by RNase-Free DNase Set (QIAGEN, GmBH, Germany).  The purified RNA was stored at -80℃.
GSM2184849	label_ch1	0	15	biotin
GSM2184849	label_protocol_ch1	0	16	Total RNA were amplified, labeled and purified by using the GeneChip 3’IVT Express Kit (Affymetrix, Santa Clara, CA, USA) followed the manufacturer’s instructions to obtain biotin labeled cRNA.
GSM2184849	taxid_ch1	0	17	9606
GSM2184849	hyb_protocol	0	18	After hybridization on Human PrimeView Arrays for 16 h at 45℃ and 60 rpm in Hybridization Oven 640 (Affymetrix, Santa Clara, CA, USA), slides were washed and stained with a Fluidics Station 450 (Affymetrix, Santa Clara, CA, USA).
GSM2184849	scan_protocol	0	19	Scanning was performed on a seventh-generation GeneChip Scanner 3000 (Affymetrix, Santa Clara, CA, USA). Affymetrix GCOS software was used to perform image analysis and generate raw intensity data.
GSM2184849	data_processing	0	20	Initially, data quality was assessed by background level, 3’ labeling bias, RNA quality and pair-wise correlation among samples. For the PrimeView chip, the customized CDF (version 17, ENTREZG) downloaded from the BrainArray website was performed in probe set mapping. IQR was applied for raw data filtering using the genefilter package, and the threshold was set to remove probes/genes with IQR less than the 20th percentile of the IQR’s across all probes/genes. . Normalization was performed with RMA algorithm that includes global background adjustment and quantile normalization. The resulting matrix showed genes as rows and samples as columns was log2 transformed and used as input for linear modeling using the limma package.The limma package was performed to identify differentially expressed genes (DEG) at any time point post immunization, compared with baseline (Day 0). Empirical Bayes moderation of the standard error and Benjamini and Hochberg false-discovery rate (FDR) correction for multiple testing were employed, and the criteria for differentially expressed genes (DEG) were threshold fold change more than 1.5 and BH adjusted FDR less than 0.01.
GSM2184849	platform_id	0	21	GPL21975
GSM2184849	contact_name	0	22	Yiming,,Shao
GSM2184849	contact_email	0	23	yshao@bjmu.edu.cn
GSM2184849	contact_department	0	24	National Center for AIDS/STD Control and Prevention
GSM2184849	contact_institute	0	25	Chinese Center for Disease Control and Prevention
GSM2184849	contact_address	0	26	No. 155 Changbai Road, Changping District
GSM2184849	contact_city	0	27	Beijing
GSM2184849	contact_state	0	28	Beijing
GSM2184849	contact_zip/postal_code	0	29	102206
GSM2184849	contact_country	0	30	China
GSM2184849	supplementary_file	0	31	ftp://ftp.ncbi.nlm.nih.gov/geo/samples/GSM2184nnn/GSM2184849/suppl/GSM2184849_YFV2012021-1.CEL.gz
GSM2184849	data_row_count	0	32	18563
GSM2184850	title	0	0	YFV2012021 PBMC Hour 4
GSM2184850	geo_accession	0	1	GSM2184850
GSM2184850	status	0	2	Public on Jun 25 2017
GSM2184850	submission_date	0	3	Jun 02 2016
GSM2184850	last_update_date	0	4	Jun 26 2017
GSM2184850	type	0	5	RNA
GSM2184850	channel_count	0	6	1
GSM2184850	source_name_ch1	0	7	human Hour 4
GSM2184850	organism_ch1	0	8	Homo sapiens
GSM2184850	characteristics_ch1	0	9	subject id: YFV2012021
GSM2184850	characteristics_ch1	1	10	time points: Hour 4
GSM2184850	characteristics_ch1	2	11	groups: G2
GSM2184850	characteristics_ch1	3	12	gender: Male
GSM2184850	molecule_ch1	0	13	total RNA
GSM2184850	extract_protocol_ch1	0	14	After PMBC isolation, 1 × 10^6 PBMC cells were lysed in 1 ml of TRIzol (Life technologies, Carlsbad, CA, USA) immediately and stored at -80℃. The samples were thawed and RNA extracted following the manufacturer’s instructions. The quality of the RNA was assessed by using Nanodrop 2000 Spectrometer (Thermo Scientific, MA, USA) as well as by visualization of the integrity of the 28S and 18S band on Agilent Bioanalyzer 2100 (Agilent technologies, Santa Clara, CA, USA).  Qualified total RNA was further purified by RNeasy micro kit (QIAGEN, GmBH, Germany) and removed genomic contamination by RNase-Free DNase Set (QIAGEN, GmBH, Germany).  The purified RNA was stored at -80℃.
GSM2184850	label_ch1	0	15	biotin
GSM2184850	label_protocol_ch1	0	16	Total RNA were amplified, labeled and purified by using the GeneChip 3’IVT Express Kit (Affymetrix, Santa Clara, CA, USA) followed the manufacturer’s instructions to obtain biotin labeled cRNA.
GSM2184850	taxid_ch1	0	17	9606
GSM2184850	hyb_protocol	0	18	After hybridization on Human PrimeView Arrays for 16 h at 45℃ and 60 rpm in Hybridization Oven 640 (Affymetrix, Santa Clara, CA, USA), slides were washed and stained with a Fluidics Station 450 (Affymetrix, Santa Clara, CA, USA).
GSM2184850	scan_protocol	0	19	Scanning was performed on a seventh-generation GeneChip Scanner 3000 (Affymetrix, Santa Clara, CA, USA). Affymetrix GCOS software was used to perform image analysis and generate raw intensity data.
GSM2184850	data_processing	0	20	Initially, data quality was assessed by background level, 3’ labeling bias, RNA quality and pair-wise correlation among samples. For the PrimeView chip, the customized CDF (version 17, ENTREZG) downloaded from the BrainArray website was performed in probe set mapping. IQR was applied for raw data filtering using the genefilter package, and the threshold was set to remove probes/genes with IQR less than the 20th percentile of the IQR’s across all probes/genes. . Normalization was performed with RMA algorithm that includes global background adjustment and quantile normalization. The resulting matrix showed genes as rows and samples as columns was log2 transformed and used as input for linear modeling using the limma package.The limma package was performed to identify differentially expressed genes (DEG) at any time point post immunization, compared with baseline (Day 0). Empirical Bayes moderation of the standard error and Benjamini and Hochberg false-discovery rate (FDR) correction for multiple testing were employed, and the criteria for differentially expressed genes (DEG) were threshold fold change more than 1.5 and BH adjusted FDR less than 0.01.
GSM2184850	platform_id	0	21	GPL21975
GSM2184850	contact_name	0	22	Yiming,,Shao
GSM2184850	contact_email	0	23	yshao@bjmu.edu.cn
GSM2184850	contact_department	0	24	National Center for AIDS/STD Control and Prevention
GSM2184850	contact_institute	0	25	Chinese Center for Disease Control and Prevention
GSM2184850	contact_address	0	26	No. 155 Changbai Road, Changping District
GSM2184850	contact_city	0	27	Beijing
GSM2184850	contact_state	0	28	Beijing
GSM2184850	contact_zip/postal_code	0	29	102206
GSM2184850	contact_country	0	30	China
GSM2184850	supplementary_file	0	31	ftp://ftp.ncbi.nlm.nih.gov/geo/samples/GSM2184nnn/GSM2184850/suppl/GSM2184850_YFV2012021-2.CEL.gz
GSM2184850	data_row_count	0	32	18563
GSM2184851	title	0	0	YFV2012021 PBMC Day 7
GSM2184851	geo_accession	0	1	GSM2184851
GSM2184851	status	0	2	Public on Jun 25 2017
GSM2184851	submission_date	0	3	Jun 02 2016
GSM2184851	last_update_date	0	4	Jun 26 2017
GSM2184851	type	0	5	RNA
GSM2184851	channel_count	0	6	1
GSM2184851	source_name_ch1	0	7	human Day 7
GSM2184851	organism_ch1	0	8	Homo sapiens
GSM2184851	characteristics_ch1	0	9	subject id: YFV2012021
GSM2184851	characteristics_ch1	1	10	time points: Day 7
GSM2184851	characteristics_ch1	2	11	groups: G7
GSM2184851	characteristics_ch1	3	12	gender: Male
GSM2184851	molecule_ch1	0	13	total RNA
GSM2184851	extract_protocol_ch1	0	14	After PMBC isolation, 1 × 10^6 PBMC cells were lysed in 1 ml of TRIzol (Life technologies, Carlsbad, CA, USA) immediately and stored at -80℃. The samples were thawed and RNA extracted following the manufacturer’s instructions. The quality of the RNA was assessed by using Nanodrop 2000 Spectrometer (Thermo Scientific, MA, USA) as well as by visualization of the integrity of the 28S and 18S band on Agilent Bioanalyzer 2100 (Agilent technologies, Santa Clara, CA, USA).  Qualified total RNA was further purified by RNeasy micro kit (QIAGEN, GmBH, Germany) and removed genomic contamination by RNase-Free DNase Set (QIAGEN, GmBH, Germany).  The purified RNA was stored at -80℃.
GSM2184851	label_ch1	0	15	biotin
GSM2184851	label_protocol_ch1	0	16	Total RNA were amplified, labeled and purified by using the GeneChip 3’IVT Express Kit (Affymetrix, Santa Clara, CA, USA) followed the manufacturer’s instructions to obtain biotin labeled cRNA.
GSM2184851	taxid_ch1	0	17	9606
GSM2184851	hyb_protocol	0	18	After hybridization on Human PrimeView Arrays for 16 h at 45℃ and 60 rpm in Hybridization Oven 640 (Affymetrix, Santa Clara, CA, USA), slides were washed and stained with a Fluidics Station 450 (Affymetrix, Santa Clara, CA, USA).
GSM2184851	scan_protocol	0	19	Scanning was performed on a seventh-generation GeneChip Scanner 3000 (Affymetrix, Santa Clara, CA, USA). Affymetrix GCOS software was used to perform image analysis and generate raw intensity data.
GSM2184851	data_processing	0	20	Initially, data quality was assessed by background level, 3’ labeling bias, RNA quality and pair-wise correlation among samples. For the PrimeView chip, the customized CDF (version 17, ENTREZG) downloaded from the BrainArray website was performed in probe set mapping. IQR was applied for raw data filtering using the genefilter package, and the threshold was set to remove probes/genes with IQR less than the 20th percentile of the IQR’s across all probes/genes. . Normalization was performed with RMA algorithm that includes global background adjustment and quantile normalization. The resulting matrix showed genes as rows and samples as columns was log2 transformed and used as input for linear modeling using the limma package.The limma package was performed to identify differentially expressed genes (DEG) at any time point post immunization, compared with baseline (Day 0). Empirical Bayes moderation of the standard error and Benjamini and Hochberg false-discovery rate (FDR) correction for multiple testing were employed, and the criteria for differentially expressed genes (DEG) were threshold fold change more than 1.5 and BH adjusted FDR less than 0.01.
GSM2184851	platform_id	0	21	GPL21975
GSM2184851	contact_name	0	22	Yiming,,Shao
GSM2184851	contact_email	0	23	yshao@bjmu.edu.cn
GSM2184851	contact_department	0	24	National Center for AIDS/STD Control and Prevention
GSM2184851	contact_institute	0	25	Chinese Center for Disease Control and Prevention
GSM2184851	contact_address	0	26	No. 155 Changbai Road, Changping District
GSM2184851	contact_city	0	27	Beijing
GSM2184851	contact_state	0	28	Beijing
GSM2184851	contact_zip/postal_code	0	29	102206
GSM2184851	contact_country	0	30	China
GSM2184851	supplementary_file	0	31	ftp://ftp.ncbi.nlm.nih.gov/geo/samples/GSM2184nnn/GSM2184851/suppl/GSM2184851_YFV2012021-7.CEL.gz
GSM2184851	data_row_count	0	32	18563
GSM2184852	title	0	0	YFV2012021 PBMC Day 28
GSM2184852	geo_accession	0	1	GSM2184852
GSM2184852	status	0	2	Public on Jun 25 2017
GSM2184852	submission_date	0	3	Jun 02 2016
GSM2184852	last_update_date	0	4	Jun 26 2017
GSM2184852	type	0	5	RNA
GSM2184852	channel_count	0	6	1
GSM2184852	source_name_ch1	0	7	human Day 28
GSM2184852	organism_ch1	0	8	Homo sapiens
GSM2184852	characteristics_ch1	0	9	subject id: YFV2012021
GSM2184852	characteristics_ch1	1	10	time points: Day 28
GSM2184852	characteristics_ch1	2	11	groups: G9
GSM2184852	characteristics_ch1	3	12	gender: Male
GSM2184852	molecule_ch1	0	13	total RNA
GSM2184852	extract_protocol_ch1	0	14	After PMBC isolation, 1 × 10^6 PBMC cells were lysed in 1 ml of TRIzol (Life technologies, Carlsbad, CA, USA) immediately and stored at -80℃. The samples were thawed and RNA extracted following the manufacturer’s instructions. The quality of the RNA was assessed by using Nanodrop 2000 Spectrometer (Thermo Scientific, MA, USA) as well as by visualization of the integrity of the 28S and 18S band on Agilent Bioanalyzer 2100 (Agilent technologies, Santa Clara, CA, USA).  Qualified total RNA was further purified by RNeasy micro kit (QIAGEN, GmBH, Germany) and removed genomic contamination by RNase-Free DNase Set (QIAGEN, GmBH, Germany).  The purified RNA was stored at -80℃.
GSM2184852	label_ch1	0	15	biotin
GSM2184852	label_protocol_ch1	0	16	Total RNA were amplified, labeled and purified by using the GeneChip 3’IVT Express Kit (Affymetrix, Santa Clara, CA, USA) followed the manufacturer’s instructions to obtain biotin labeled cRNA.
GSM2184852	taxid_ch1	0	17	9606
GSM2184852	hyb_protocol	0	18	After hybridization on Human PrimeView Arrays for 16 h at 45℃ and 60 rpm in Hybridization Oven 640 (Affymetrix, Santa Clara, CA, USA), slides were washed and stained with a Fluidics Station 450 (Affymetrix, Santa Clara, CA, USA).
GSM2184852	scan_protocol	0	19	Scanning was performed on a seventh-generation GeneChip Scanner 3000 (Affymetrix, Santa Clara, CA, USA). Affymetrix GCOS software was used to perform image analysis and generate raw intensity data.
GSM2184852	data_processing	0	20	Initially, data quality was assessed by background level, 3’ labeling bias, RNA quality and pair-wise correlation among samples. For the PrimeView chip, the customized CDF (version 17, ENTREZG) downloaded from the BrainArray website was performed in probe set mapping. IQR was applied for raw data filtering using the genefilter package, and the threshold was set to remove probes/genes with IQR less than the 20th percentile of the IQR’s across all probes/genes. . Normalization was performed with RMA algorithm that includes global background adjustment and quantile normalization. The resulting matrix showed genes as rows and samples as columns was log2 transformed and used as input for linear modeling using the limma package.The limma package was performed to identify differentially expressed genes (DEG) at any time point post immunization, compared with baseline (Day 0). Empirical Bayes moderation of the standard error and Benjamini and Hochberg false-discovery rate (FDR) correction for multiple testing were employed, and the criteria for differentially expressed genes (DEG) were threshold fold change more than 1.5 and BH adjusted FDR less than 0.01.
GSM2184852	platform_id	0	21	GPL21975
GSM2184852	contact_name	0	22	Yiming,,Shao
GSM2184852	contact_email	0	23	yshao@bjmu.edu.cn
GSM2184852	contact_department	0	24	National Center for AIDS/STD Control and Prevention
GSM2184852	contact_institute	0	25	Chinese Center for Disease Control and Prevention
GSM2184852	contact_address	0	26	No. 155 Changbai Road, Changping District
GSM2184852	contact_city	0	27	Beijing
GSM2184852	contact_state	0	28	Beijing
GSM2184852	contact_zip/postal_code	0	29	102206
GSM2184852	contact_country	0	30	China
GSM2184852	supplementary_file	0	31	ftp://ftp.ncbi.nlm.nih.gov/geo/samples/GSM2184nnn/GSM2184852/suppl/GSM2184852_YFV2012021-9.CEL.gz
GSM2184852	data_row_count	0	32	18563
GSM2184853	title	0	0	YFV2012022 PBMC Day 0
GSM2184853	geo_accession	0	1	GSM2184853
GSM2184853	status	0	2	Public on Jun 25 2017
GSM2184853	submission_date	0	3	Jun 02 2016
GSM2184853	last_update_date	0	4	Jun 26 2017
GSM2184853	type	0	5	RNA
GSM2184853	channel_count	0	6	1
GSM2184853	source_name_ch1	0	7	human Day 0
GSM2184853	organism_ch1	0	8	Homo sapiens
GSM2184853	characteristics_ch1	0	9	subject id: YFV2012022
GSM2184853	characteristics_ch1	1	10	time points: Day 0
GSM2184853	characteristics_ch1	2	11	groups: G1
GSM2184853	characteristics_ch1	3	12	gender: Female
GSM2184853	molecule_ch1	0	13	total RNA
GSM2184853	extract_protocol_ch1	0	14	After PMBC isolation, 1 × 10^6 PBMC cells were lysed in 1 ml of TRIzol (Life technologies, Carlsbad, CA, USA) immediately and stored at -80℃. The samples were thawed and RNA extracted following the manufacturer’s instructions. The quality of the RNA was assessed by using Nanodrop 2000 Spectrometer (Thermo Scientific, MA, USA) as well as by visualization of the integrity of the 28S and 18S band on Agilent Bioanalyzer 2100 (Agilent technologies, Santa Clara, CA, USA).  Qualified total RNA was further purified by RNeasy micro kit (QIAGEN, GmBH, Germany) and removed genomic contamination by RNase-Free DNase Set (QIAGEN, GmBH, Germany).  The purified RNA was stored at -80℃.
GSM2184853	label_ch1	0	15	biotin
GSM2184853	label_protocol_ch1	0	16	Total RNA were amplified, labeled and purified by using the GeneChip 3’IVT Express Kit (Affymetrix, Santa Clara, CA, USA) followed the manufacturer’s instructions to obtain biotin labeled cRNA.
GSM2184853	taxid_ch1	0	17	9606
GSM2184853	hyb_protocol	0	18	After hybridization on Human PrimeView Arrays for 16 h at 45℃ and 60 rpm in Hybridization Oven 640 (Affymetrix, Santa Clara, CA, USA), slides were washed and stained with a Fluidics Station 450 (Affymetrix, Santa Clara, CA, USA).
GSM2184853	scan_protocol	0	19	Scanning was performed on a seventh-generation GeneChip Scanner 3000 (Affymetrix, Santa Clara, CA, USA). Affymetrix GCOS software was used to perform image analysis and generate raw intensity data.
GSM2184853	data_processing	0	20	Initially, data quality was assessed by background level, 3’ labeling bias, RNA quality and pair-wise correlation among samples. For the PrimeView chip, the customized CDF (version 17, ENTREZG) downloaded from the BrainArray website was performed in probe set mapping. IQR was applied for raw data filtering using the genefilter package, and the threshold was set to remove probes/genes with IQR less than the 20th percentile of the IQR’s across all probes/genes. . Normalization was performed with RMA algorithm that includes global background adjustment and quantile normalization. The resulting matrix showed genes as rows and samples as columns was log2 transformed and used as input for linear modeling using the limma package.The limma package was performed to identify differentially expressed genes (DEG) at any time point post immunization, compared with baseline (Day 0). Empirical Bayes moderation of the standard error and Benjamini and Hochberg false-discovery rate (FDR) correction for multiple testing were employed, and the criteria for differentially expressed genes (DEG) were threshold fold change more than 1.5 and BH adjusted FDR less than 0.01.
GSM2184853	platform_id	0	21	GPL21975
GSM2184853	contact_name	0	22	Yiming,,Shao
GSM2184853	contact_email	0	23	yshao@bjmu.edu.cn
GSM2184853	contact_department	0	24	National Center for AIDS/STD Control and Prevention
GSM2184853	contact_institute	0	25	Chinese Center for Disease Control and Prevention
GSM2184853	contact_address	0	26	No. 155 Changbai Road, Changping District
GSM2184853	contact_city	0	27	Beijing
GSM2184853	contact_state	0	28	Beijing
GSM2184853	contact_zip/postal_code	0	29	102206
GSM2184853	contact_country	0	30	China
GSM2184853	supplementary_file	0	31	ftp://ftp.ncbi.nlm.nih.gov/geo/samples/GSM2184nnn/GSM2184853/suppl/GSM2184853_YFV2012022-1.CEL.gz
GSM2184853	data_row_count	0	32	18563
GSM2184854	title	0	0	YFV2012022 PBMC Hour 4
GSM2184854	geo_accession	0	1	GSM2184854
GSM2184854	status	0	2	Public on Jun 25 2017
GSM2184854	submission_date	0	3	Jun 02 2016
GSM2184854	last_update_date	0	4	Jun 26 2017
GSM2184854	type	0	5	RNA
GSM2184854	channel_count	0	6	1
GSM2184854	source_name_ch1	0	7	human Hour 4
GSM2184854	organism_ch1	0	8	Homo sapiens
GSM2184854	characteristics_ch1	0	9	subject id: YFV2012022
GSM2184854	characteristics_ch1	1	10	time points: Hour 4
GSM2184854	characteristics_ch1	2	11	groups: G2
GSM2184854	characteristics_ch1	3	12	gender: Female
GSM2184854	molecule_ch1	0	13	total RNA
GSM2184854	extract_protocol_ch1	0	14	After PMBC isolation, 1 × 10^6 PBMC cells were lysed in 1 ml of TRIzol (Life technologies, Carlsbad, CA, USA) immediately and stored at -80℃. The samples were thawed and RNA extracted following the manufacturer’s instructions. The quality of the RNA was assessed by using Nanodrop 2000 Spectrometer (Thermo Scientific, MA, USA) as well as by visualization of the integrity of the 28S and 18S band on Agilent Bioanalyzer 2100 (Agilent technologies, Santa Clara, CA, USA).  Qualified total RNA was further purified by RNeasy micro kit (QIAGEN, GmBH, Germany) and removed genomic contamination by RNase-Free DNase Set (QIAGEN, GmBH, Germany).  The purified RNA was stored at -80℃.
GSM2184854	label_ch1	0	15	biotin
GSM2184854	label_protocol_ch1	0	16	Total RNA were amplified, labeled and purified by using the GeneChip 3’IVT Express Kit (Affymetrix, Santa Clara, CA, USA) followed the manufacturer’s instructions to obtain biotin labeled cRNA.
GSM2184854	taxid_ch1	0	17	9606
GSM2184854	hyb_protocol	0	18	After hybridization on Human PrimeView Arrays for 16 h at 45℃ and 60 rpm in Hybridization Oven 640 (Affymetrix, Santa Clara, CA, USA), slides were washed and stained with a Fluidics Station 450 (Affymetrix, Santa Clara, CA, USA).
GSM2184854	scan_protocol	0	19	Scanning was performed on a seventh-generation GeneChip Scanner 3000 (Affymetrix, Santa Clara, CA, USA). Affymetrix GCOS software was used to perform image analysis and generate raw intensity data.
GSM2184854	data_processing	0	20	Initially, data quality was assessed by background level, 3’ labeling bias, RNA quality and pair-wise correlation among samples. For the PrimeView chip, the customized CDF (version 17, ENTREZG) downloaded from the BrainArray website was performed in probe set mapping. IQR was applied for raw data filtering using the genefilter package, and the threshold was set to remove probes/genes with IQR less than the 20th percentile of the IQR’s across all probes/genes. . Normalization was performed with RMA algorithm that includes global background adjustment and quantile normalization. The resulting matrix showed genes as rows and samples as columns was log2 transformed and used as input for linear modeling using the limma package.The limma package was performed to identify differentially expressed genes (DEG) at any time point post immunization, compared with baseline (Day 0). Empirical Bayes moderation of the standard error and Benjamini and Hochberg false-discovery rate (FDR) correction for multiple testing were employed, and the criteria for differentially expressed genes (DEG) were threshold fold change more than 1.5 and BH adjusted FDR less than 0.01.
GSM2184854	platform_id	0	21	GPL21975
GSM2184854	contact_name	0	22	Yiming,,Shao
GSM2184854	contact_email	0	23	yshao@bjmu.edu.cn
GSM2184854	contact_department	0	24	National Center for AIDS/STD Control and Prevention
GSM2184854	contact_institute	0	25	Chinese Center for Disease Control and Prevention
GSM2184854	contact_address	0	26	No. 155 Changbai Road, Changping District
GSM2184854	contact_city	0	27	Beijing
GSM2184854	contact_state	0	28	Beijing
GSM2184854	contact_zip/postal_code	0	29	102206
GSM2184854	contact_country	0	30	China
GSM2184854	supplementary_file	0	31	ftp://ftp.ncbi.nlm.nih.gov/geo/samples/GSM2184nnn/GSM2184854/suppl/GSM2184854_YFV2012022-2.CEL.gz
GSM2184854	data_row_count	0	32	18563
GSM2184855	title	0	0	YFV2012022 PBMC Day 7
GSM2184855	geo_accession	0	1	GSM2184855
GSM2184855	status	0	2	Public on Jun 25 2017
GSM2184855	submission_date	0	3	Jun 02 2016
GSM2184855	last_update_date	0	4	Jun 26 2017
GSM2184855	type	0	5	RNA
GSM2184855	channel_count	0	6	1
GSM2184855	source_name_ch1	0	7	human Day 7
GSM2184855	organism_ch1	0	8	Homo sapiens
GSM2184855	characteristics_ch1	0	9	subject id: YFV2012022
GSM2184855	characteristics_ch1	1	10	time points: Day 7
GSM2184855	characteristics_ch1	2	11	groups: G7
GSM2184855	characteristics_ch1	3	12	gender: Female
GSM2184855	molecule_ch1	0	13	total RNA
GSM2184855	extract_protocol_ch1	0	14	After PMBC isolation, 1 × 10^6 PBMC cells were lysed in 1 ml of TRIzol (Life technologies, Carlsbad, CA, USA) immediately and stored at -80℃. The samples were thawed and RNA extracted following the manufacturer’s instructions. The quality of the RNA was assessed by using Nanodrop 2000 Spectrometer (Thermo Scientific, MA, USA) as well as by visualization of the integrity of the 28S and 18S band on Agilent Bioanalyzer 2100 (Agilent technologies, Santa Clara, CA, USA).  Qualified total RNA was further purified by RNeasy micro kit (QIAGEN, GmBH, Germany) and removed genomic contamination by RNase-Free DNase Set (QIAGEN, GmBH, Germany).  The purified RNA was stored at -80℃.
GSM2184855	label_ch1	0	15	biotin
GSM2184855	label_protocol_ch1	0	16	Total RNA were amplified, labeled and purified by using the GeneChip 3’IVT Express Kit (Affymetrix, Santa Clara, CA, USA) followed the manufacturer’s instructions to obtain biotin labeled cRNA.
GSM2184855	taxid_ch1	0	17	9606
GSM2184855	hyb_protocol	0	18	After hybridization on Human PrimeView Arrays for 16 h at 45℃ and 60 rpm in Hybridization Oven 640 (Affymetrix, Santa Clara, CA, USA), slides were washed and stained with a Fluidics Station 450 (Affymetrix, Santa Clara, CA, USA).
GSM2184855	scan_protocol	0	19	Scanning was performed on a seventh-generation GeneChip Scanner 3000 (Affymetrix, Santa Clara, CA, USA). Affymetrix GCOS software was used to perform image analysis and generate raw intensity data.
GSM2184855	data_processing	0	20	Initially, data quality was assessed by background level, 3’ labeling bias, RNA quality and pair-wise correlation among samples. For the PrimeView chip, the customized CDF (version 17, ENTREZG) downloaded from the BrainArray website was performed in probe set mapping. IQR was applied for raw data filtering using the genefilter package, and the threshold was set to remove probes/genes with IQR less than the 20th percentile of the IQR’s across all probes/genes. . Normalization was performed with RMA algorithm that includes global background adjustment and quantile normalization. The resulting matrix showed genes as rows and samples as columns was log2 transformed and used as input for linear modeling using the limma package.The limma package was performed to identify differentially expressed genes (DEG) at any time point post immunization, compared with baseline (Day 0). Empirical Bayes moderation of the standard error and Benjamini and Hochberg false-discovery rate (FDR) correction for multiple testing were employed, and the criteria for differentially expressed genes (DEG) were threshold fold change more than 1.5 and BH adjusted FDR less than 0.01.
GSM2184855	platform_id	0	21	GPL21975
GSM2184855	contact_name	0	22	Yiming,,Shao
GSM2184855	contact_email	0	23	yshao@bjmu.edu.cn
GSM2184855	contact_department	0	24	National Center for AIDS/STD Control and Prevention
GSM2184855	contact_institute	0	25	Chinese Center for Disease Control and Prevention
GSM2184855	contact_address	0	26	No. 155 Changbai Road, Changping District
GSM2184855	contact_city	0	27	Beijing
GSM2184855	contact_state	0	28	Beijing
GSM2184855	contact_zip/postal_code	0	29	102206
GSM2184855	contact_country	0	30	China
GSM2184855	supplementary_file	0	31	ftp://ftp.ncbi.nlm.nih.gov/geo/samples/GSM2184nnn/GSM2184855/suppl/GSM2184855_YFV2012022-7.CEL.gz
GSM2184855	data_row_count	0	32	18563
GSM2184856	title	0	0	YFV2012022 PBMC Day 28
GSM2184856	geo_accession	0	1	GSM2184856
GSM2184856	status	0	2	Public on Jun 25 2017
GSM2184856	submission_date	0	3	Jun 02 2016
GSM2184856	last_update_date	0	4	Jun 26 2017
GSM2184856	type	0	5	RNA
GSM2184856	channel_count	0	6	1
GSM2184856	source_name_ch1	0	7	human Day 28
GSM2184856	organism_ch1	0	8	Homo sapiens
GSM2184856	characteristics_ch1	0	9	subject id: YFV2012022
GSM2184856	characteristics_ch1	1	10	time points: Day 28
GSM2184856	characteristics_ch1	2	11	groups: G9
GSM2184856	characteristics_ch1	3	12	gender: Female
GSM2184856	molecule_ch1	0	13	total RNA
GSM2184856	extract_protocol_ch1	0	14	After PMBC isolation, 1 × 10^6 PBMC cells were lysed in 1 ml of TRIzol (Life technologies, Carlsbad, CA, USA) immediately and stored at -80℃. The samples were thawed and RNA extracted following the manufacturer’s instructions. The quality of the RNA was assessed by using Nanodrop 2000 Spectrometer (Thermo Scientific, MA, USA) as well as by visualization of the integrity of the 28S and 18S band on Agilent Bioanalyzer 2100 (Agilent technologies, Santa Clara, CA, USA).  Qualified total RNA was further purified by RNeasy micro kit (QIAGEN, GmBH, Germany) and removed genomic contamination by RNase-Free DNase Set (QIAGEN, GmBH, Germany).  The purified RNA was stored at -80℃.
GSM2184856	label_ch1	0	15	biotin
GSM2184856	label_protocol_ch1	0	16	Total RNA were amplified, labeled and purified by using the GeneChip 3’IVT Express Kit (Affymetrix, Santa Clara, CA, USA) followed the manufacturer’s instructions to obtain biotin labeled cRNA.
GSM2184856	taxid_ch1	0	17	9606
GSM2184856	hyb_protocol	0	18	After hybridization on Human PrimeView Arrays for 16 h at 45℃ and 60 rpm in Hybridization Oven 640 (Affymetrix, Santa Clara, CA, USA), slides were washed and stained with a Fluidics Station 450 (Affymetrix, Santa Clara, CA, USA).
GSM2184856	scan_protocol	0	19	Scanning was performed on a seventh-generation GeneChip Scanner 3000 (Affymetrix, Santa Clara, CA, USA). Affymetrix GCOS software was used to perform image analysis and generate raw intensity data.
GSM2184856	data_processing	0	20	Initially, data quality was assessed by background level, 3’ labeling bias, RNA quality and pair-wise correlation among samples. For the PrimeView chip, the customized CDF (version 17, ENTREZG) downloaded from the BrainArray website was performed in probe set mapping. IQR was applied for raw data filtering using the genefilter package, and the threshold was set to remove probes/genes with IQR less than the 20th percentile of the IQR’s across all probes/genes. . Normalization was performed with RMA algorithm that includes global background adjustment and quantile normalization. The resulting matrix showed genes as rows and samples as columns was log2 transformed and used as input for linear modeling using the limma package.The limma package was performed to identify differentially expressed genes (DEG) at any time point post immunization, compared with baseline (Day 0). Empirical Bayes moderation of the standard error and Benjamini and Hochberg false-discovery rate (FDR) correction for multiple testing were employed, and the criteria for differentially expressed genes (DEG) were threshold fold change more than 1.5 and BH adjusted FDR less than 0.01.
GSM2184856	platform_id	0	21	GPL21975
GSM2184856	contact_name	0	22	Yiming,,Shao
GSM2184856	contact_email	0	23	yshao@bjmu.edu.cn
GSM2184856	contact_department	0	24	National Center for AIDS/STD Control and Prevention
GSM2184856	contact_institute	0	25	Chinese Center for Disease Control and Prevention
GSM2184856	contact_address	0	26	No. 155 Changbai Road, Changping District
GSM2184856	contact_city	0	27	Beijing
GSM2184856	contact_state	0	28	Beijing
GSM2184856	contact_zip/postal_code	0	29	102206
GSM2184856	contact_country	0	30	China
GSM2184856	supplementary_file	0	31	ftp://ftp.ncbi.nlm.nih.gov/geo/samples/GSM2184nnn/GSM2184856/suppl/GSM2184856_YFV2012022-9.CEL.gz
GSM2184856	data_row_count	0	32	18563
GSM2184857	title	0	0	YFV2012023 PBMC Day 0
GSM2184857	geo_accession	0	1	GSM2184857
GSM2184857	status	0	2	Public on Jun 25 2017
GSM2184857	submission_date	0	3	Jun 02 2016
GSM2184857	last_update_date	0	4	Jun 26 2017
GSM2184857	type	0	5	RNA
GSM2184857	channel_count	0	6	1
GSM2184857	source_name_ch1	0	7	human Day 0
GSM2184857	organism_ch1	0	8	Homo sapiens
GSM2184857	characteristics_ch1	0	9	subject id: YFV2012023
GSM2184857	characteristics_ch1	1	10	time points: Day 0
GSM2184857	characteristics_ch1	2	11	groups: G1
GSM2184857	characteristics_ch1	3	12	gender: Male
GSM2184857	molecule_ch1	0	13	total RNA
GSM2184857	extract_protocol_ch1	0	14	After PMBC isolation, 1 × 10^6 PBMC cells were lysed in 1 ml of TRIzol (Life technologies, Carlsbad, CA, USA) immediately and stored at -80℃. The samples were thawed and RNA extracted following the manufacturer’s instructions. The quality of the RNA was assessed by using Nanodrop 2000 Spectrometer (Thermo Scientific, MA, USA) as well as by visualization of the integrity of the 28S and 18S band on Agilent Bioanalyzer 2100 (Agilent technologies, Santa Clara, CA, USA).  Qualified total RNA was further purified by RNeasy micro kit (QIAGEN, GmBH, Germany) and removed genomic contamination by RNase-Free DNase Set (QIAGEN, GmBH, Germany).  The purified RNA was stored at -80℃.
GSM2184857	label_ch1	0	15	biotin
GSM2184857	label_protocol_ch1	0	16	Total RNA were amplified, labeled and purified by using the GeneChip 3’IVT Express Kit (Affymetrix, Santa Clara, CA, USA) followed the manufacturer’s instructions to obtain biotin labeled cRNA.
GSM2184857	taxid_ch1	0	17	9606
GSM2184857	hyb_protocol	0	18	After hybridization on Human PrimeView Arrays for 16 h at 45℃ and 60 rpm in Hybridization Oven 640 (Affymetrix, Santa Clara, CA, USA), slides were washed and stained with a Fluidics Station 450 (Affymetrix, Santa Clara, CA, USA).
GSM2184857	scan_protocol	0	19	Scanning was performed on a seventh-generation GeneChip Scanner 3000 (Affymetrix, Santa Clara, CA, USA). Affymetrix GCOS software was used to perform image analysis and generate raw intensity data.
GSM2184857	data_processing	0	20	Initially, data quality was assessed by background level, 3’ labeling bias, RNA quality and pair-wise correlation among samples. For the PrimeView chip, the customized CDF (version 17, ENTREZG) downloaded from the BrainArray website was performed in probe set mapping. IQR was applied for raw data filtering using the genefilter package, and the threshold was set to remove probes/genes with IQR less than the 20th percentile of the IQR’s across all probes/genes. . Normalization was performed with RMA algorithm that includes global background adjustment and quantile normalization. The resulting matrix showed genes as rows and samples as columns was log2 transformed and used as input for linear modeling using the limma package.The limma package was performed to identify differentially expressed genes (DEG) at any time point post immunization, compared with baseline (Day 0). Empirical Bayes moderation of the standard error and Benjamini and Hochberg false-discovery rate (FDR) correction for multiple testing were employed, and the criteria for differentially expressed genes (DEG) were threshold fold change more than 1.5 and BH adjusted FDR less than 0.01.
GSM2184857	platform_id	0	21	GPL21975
GSM2184857	contact_name	0	22	Yiming,,Shao
GSM2184857	contact_email	0	23	yshao@bjmu.edu.cn
GSM2184857	contact_department	0	24	National Center for AIDS/STD Control and Prevention
GSM2184857	contact_institute	0	25	Chinese Center for Disease Control and Prevention
GSM2184857	contact_address	0	26	No. 155 Changbai Road, Changping District
GSM2184857	contact_city	0	27	Beijing
GSM2184857	contact_state	0	28	Beijing
GSM2184857	contact_zip/postal_code	0	29	102206
GSM2184857	contact_country	0	30	China
GSM2184857	supplementary_file	0	31	ftp://ftp.ncbi.nlm.nih.gov/geo/samples/GSM2184nnn/GSM2184857/suppl/GSM2184857_YFV2012023-1.CEL.gz
GSM2184857	data_row_count	0	32	18563
GSM2184858	title	0	0	YFV2012023 PBMC Hour 4
GSM2184858	geo_accession	0	1	GSM2184858
GSM2184858	status	0	2	Public on Jun 25 2017
GSM2184858	submission_date	0	3	Jun 02 2016
GSM2184858	last_update_date	0	4	Jun 26 2017
GSM2184858	type	0	5	RNA
GSM2184858	channel_count	0	6	1
GSM2184858	source_name_ch1	0	7	human Hour 4
GSM2184858	organism_ch1	0	8	Homo sapiens
GSM2184858	characteristics_ch1	0	9	subject id: YFV2012023
GSM2184858	characteristics_ch1	1	10	time points: Hour 4
GSM2184858	characteristics_ch1	2	11	groups: G2
GSM2184858	characteristics_ch1	3	12	gender: Male
GSM2184858	molecule_ch1	0	13	total RNA
GSM2184858	extract_protocol_ch1	0	14	After PMBC isolation, 1 × 10^6 PBMC cells were lysed in 1 ml of TRIzol (Life technologies, Carlsbad, CA, USA) immediately and stored at -80℃. The samples were thawed and RNA extracted following the manufacturer’s instructions. The quality of the RNA was assessed by using Nanodrop 2000 Spectrometer (Thermo Scientific, MA, USA) as well as by visualization of the integrity of the 28S and 18S band on Agilent Bioanalyzer 2100 (Agilent technologies, Santa Clara, CA, USA).  Qualified total RNA was further purified by RNeasy micro kit (QIAGEN, GmBH, Germany) and removed genomic contamination by RNase-Free DNase Set (QIAGEN, GmBH, Germany).  The purified RNA was stored at -80℃.
GSM2184858	label_ch1	0	15	biotin
GSM2184858	label_protocol_ch1	0	16	Total RNA were amplified, labeled and purified by using the GeneChip 3’IVT Express Kit (Affymetrix, Santa Clara, CA, USA) followed the manufacturer’s instructions to obtain biotin labeled cRNA.
GSM2184858	taxid_ch1	0	17	9606
GSM2184858	hyb_protocol	0	18	After hybridization on Human PrimeView Arrays for 16 h at 45℃ and 60 rpm in Hybridization Oven 640 (Affymetrix, Santa Clara, CA, USA), slides were washed and stained with a Fluidics Station 450 (Affymetrix, Santa Clara, CA, USA).
GSM2184858	scan_protocol	0	19	Scanning was performed on a seventh-generation GeneChip Scanner 3000 (Affymetrix, Santa Clara, CA, USA). Affymetrix GCOS software was used to perform image analysis and generate raw intensity data.
GSM2184858	data_processing	0	20	Initially, data quality was assessed by background level, 3’ labeling bias, RNA quality and pair-wise correlation among samples. For the PrimeView chip, the customized CDF (version 17, ENTREZG) downloaded from the BrainArray website was performed in probe set mapping. IQR was applied for raw data filtering using the genefilter package, and the threshold was set to remove probes/genes with IQR less than the 20th percentile of the IQR’s across all probes/genes. . Normalization was performed with RMA algorithm that includes global background adjustment and quantile normalization. The resulting matrix showed genes as rows and samples as columns was log2 transformed and used as input for linear modeling using the limma package.The limma package was performed to identify differentially expressed genes (DEG) at any time point post immunization, compared with baseline (Day 0). Empirical Bayes moderation of the standard error and Benjamini and Hochberg false-discovery rate (FDR) correction for multiple testing were employed, and the criteria for differentially expressed genes (DEG) were threshold fold change more than 1.5 and BH adjusted FDR less than 0.01.
GSM2184858	platform_id	0	21	GPL21975
GSM2184858	contact_name	0	22	Yiming,,Shao
GSM2184858	contact_email	0	23	yshao@bjmu.edu.cn
GSM2184858	contact_department	0	24	National Center for AIDS/STD Control and Prevention
GSM2184858	contact_institute	0	25	Chinese Center for Disease Control and Prevention
GSM2184858	contact_address	0	26	No. 155 Changbai Road, Changping District
GSM2184858	contact_city	0	27	Beijing
GSM2184858	contact_state	0	28	Beijing
GSM2184858	contact_zip/postal_code	0	29	102206
GSM2184858	contact_country	0	30	China
GSM2184858	supplementary_file	0	31	ftp://ftp.ncbi.nlm.nih.gov/geo/samples/GSM2184nnn/GSM2184858/suppl/GSM2184858_YFV2012023-2.CEL.gz
GSM2184858	data_row_count	0	32	18563
GSM2184859	title	0	0	YFV2012023 PBMC Day 7
GSM2184859	geo_accession	0	1	GSM2184859
GSM2184859	status	0	2	Public on Jun 25 2017
GSM2184859	submission_date	0	3	Jun 02 2016
GSM2184859	last_update_date	0	4	Jun 26 2017
GSM2184859	type	0	5	RNA
GSM2184859	channel_count	0	6	1
GSM2184859	source_name_ch1	0	7	human Day 7
GSM2184859	organism_ch1	0	8	Homo sapiens
GSM2184859	characteristics_ch1	0	9	subject id: YFV2012023
GSM2184859	characteristics_ch1	1	10	time points: Day 7
GSM2184859	characteristics_ch1	2	11	groups: G7
GSM2184859	characteristics_ch1	3	12	gender: Male
GSM2184859	molecule_ch1	0	13	total RNA
GSM2184859	extract_protocol_ch1	0	14	After PMBC isolation, 1 × 10^6 PBMC cells were lysed in 1 ml of TRIzol (Life technologies, Carlsbad, CA, USA) immediately and stored at -80℃. The samples were thawed and RNA extracted following the manufacturer’s instructions. The quality of the RNA was assessed by using Nanodrop 2000 Spectrometer (Thermo Scientific, MA, USA) as well as by visualization of the integrity of the 28S and 18S band on Agilent Bioanalyzer 2100 (Agilent technologies, Santa Clara, CA, USA).  Qualified total RNA was further purified by RNeasy micro kit (QIAGEN, GmBH, Germany) and removed genomic contamination by RNase-Free DNase Set (QIAGEN, GmBH, Germany).  The purified RNA was stored at -80℃.
GSM2184859	label_ch1	0	15	biotin
GSM2184859	label_protocol_ch1	0	16	Total RNA were amplified, labeled and purified by using the GeneChip 3’IVT Express Kit (Affymetrix, Santa Clara, CA, USA) followed the manufacturer’s instructions to obtain biotin labeled cRNA.
GSM2184859	taxid_ch1	0	17	9606
GSM2184859	hyb_protocol	0	18	After hybridization on Human PrimeView Arrays for 16 h at 45℃ and 60 rpm in Hybridization Oven 640 (Affymetrix, Santa Clara, CA, USA), slides were washed and stained with a Fluidics Station 450 (Affymetrix, Santa Clara, CA, USA).
GSM2184859	scan_protocol	0	19	Scanning was performed on a seventh-generation GeneChip Scanner 3000 (Affymetrix, Santa Clara, CA, USA). Affymetrix GCOS software was used to perform image analysis and generate raw intensity data.
GSM2184859	data_processing	0	20	Initially, data quality was assessed by background level, 3’ labeling bias, RNA quality and pair-wise correlation among samples. For the PrimeView chip, the customized CDF (version 17, ENTREZG) downloaded from the BrainArray website was performed in probe set mapping. IQR was applied for raw data filtering using the genefilter package, and the threshold was set to remove probes/genes with IQR less than the 20th percentile of the IQR’s across all probes/genes. . Normalization was performed with RMA algorithm that includes global background adjustment and quantile normalization. The resulting matrix showed genes as rows and samples as columns was log2 transformed and used as input for linear modeling using the limma package.The limma package was performed to identify differentially expressed genes (DEG) at any time point post immunization, compared with baseline (Day 0). Empirical Bayes moderation of the standard error and Benjamini and Hochberg false-discovery rate (FDR) correction for multiple testing were employed, and the criteria for differentially expressed genes (DEG) were threshold fold change more than 1.5 and BH adjusted FDR less than 0.01.
GSM2184859	platform_id	0	21	GPL21975
GSM2184859	contact_name	0	22	Yiming,,Shao
GSM2184859	contact_email	0	23	yshao@bjmu.edu.cn
GSM2184859	contact_department	0	24	National Center for AIDS/STD Control and Prevention
GSM2184859	contact_institute	0	25	Chinese Center for Disease Control and Prevention
GSM2184859	contact_address	0	26	No. 155 Changbai Road, Changping District
GSM2184859	contact_city	0	27	Beijing
GSM2184859	contact_state	0	28	Beijing
GSM2184859	contact_zip/postal_code	0	29	102206
GSM2184859	contact_country	0	30	China
GSM2184859	supplementary_file	0	31	ftp://ftp.ncbi.nlm.nih.gov/geo/samples/GSM2184nnn/GSM2184859/suppl/GSM2184859_YFV2012023-7.CEL.gz
GSM2184859	data_row_count	0	32	18563
GSM2184860	title	0	0	YFV2012023 PBMC Day 28
GSM2184860	geo_accession	0	1	GSM2184860
GSM2184860	status	0	2	Public on Jun 25 2017
GSM2184860	submission_date	0	3	Jun 02 2016
GSM2184860	last_update_date	0	4	Jun 26 2017
GSM2184860	type	0	5	RNA
GSM2184860	channel_count	0	6	1
GSM2184860	source_name_ch1	0	7	human Day 28
GSM2184860	organism_ch1	0	8	Homo sapiens
GSM2184860	characteristics_ch1	0	9	subject id: YFV2012023
GSM2184860	characteristics_ch1	1	10	time points: Day 28
GSM2184860	characteristics_ch1	2	11	groups: G9
GSM2184860	characteristics_ch1	3	12	gender: Male
GSM2184860	molecule_ch1	0	13	total RNA
GSM2184860	extract_protocol_ch1	0	14	After PMBC isolation, 1 × 10^6 PBMC cells were lysed in 1 ml of TRIzol (Life technologies, Carlsbad, CA, USA) immediately and stored at -80℃. The samples were thawed and RNA extracted following the manufacturer’s instructions. The quality of the RNA was assessed by using Nanodrop 2000 Spectrometer (Thermo Scientific, MA, USA) as well as by visualization of the integrity of the 28S and 18S band on Agilent Bioanalyzer 2100 (Agilent technologies, Santa Clara, CA, USA).  Qualified total RNA was further purified by RNeasy micro kit (QIAGEN, GmBH, Germany) and removed genomic contamination by RNase-Free DNase Set (QIAGEN, GmBH, Germany).  The purified RNA was stored at -80℃.
GSM2184860	label_ch1	0	15	biotin
GSM2184860	label_protocol_ch1	0	16	Total RNA were amplified, labeled and purified by using the GeneChip 3’IVT Express Kit (Affymetrix, Santa Clara, CA, USA) followed the manufacturer’s instructions to obtain biotin labeled cRNA.
GSM2184860	taxid_ch1	0	17	9606
GSM2184860	hyb_protocol	0	18	After hybridization on Human PrimeView Arrays for 16 h at 45℃ and 60 rpm in Hybridization Oven 640 (Affymetrix, Santa Clara, CA, USA), slides were washed and stained with a Fluidics Station 450 (Affymetrix, Santa Clara, CA, USA).
GSM2184860	scan_protocol	0	19	Scanning was performed on a seventh-generation GeneChip Scanner 3000 (Affymetrix, Santa Clara, CA, USA). Affymetrix GCOS software was used to perform image analysis and generate raw intensity data.
GSM2184860	data_processing	0	20	Initially, data quality was assessed by background level, 3’ labeling bias, RNA quality and pair-wise correlation among samples. For the PrimeView chip, the customized CDF (version 17, ENTREZG) downloaded from the BrainArray website was performed in probe set mapping. IQR was applied for raw data filtering using the genefilter package, and the threshold was set to remove probes/genes with IQR less than the 20th percentile of the IQR’s across all probes/genes. . Normalization was performed with RMA algorithm that includes global background adjustment and quantile normalization. The resulting matrix showed genes as rows and samples as columns was log2 transformed and used as input for linear modeling using the limma package.The limma package was performed to identify differentially expressed genes (DEG) at any time point post immunization, compared with baseline (Day 0). Empirical Bayes moderation of the standard error and Benjamini and Hochberg false-discovery rate (FDR) correction for multiple testing were employed, and the criteria for differentially expressed genes (DEG) were threshold fold change more than 1.5 and BH adjusted FDR less than 0.01.
GSM2184860	platform_id	0	21	GPL21975
GSM2184860	contact_name	0	22	Yiming,,Shao
GSM2184860	contact_email	0	23	yshao@bjmu.edu.cn
GSM2184860	contact_department	0	24	National Center for AIDS/STD Control and Prevention
GSM2184860	contact_institute	0	25	Chinese Center for Disease Control and Prevention
GSM2184860	contact_address	0	26	No. 155 Changbai Road, Changping District
GSM2184860	contact_city	0	27	Beijing
GSM2184860	contact_state	0	28	Beijing
GSM2184860	contact_zip/postal_code	0	29	102206
GSM2184860	contact_country	0	30	China
GSM2184860	supplementary_file	0	31	ftp://ftp.ncbi.nlm.nih.gov/geo/samples/GSM2184nnn/GSM2184860/suppl/GSM2184860_YFV2012023-9.CEL.gz
GSM2184860	data_row_count	0	32	18563
GSM2184861	title	0	0	YFV2012024 PBMC Day 0
GSM2184861	geo_accession	0	1	GSM2184861
GSM2184861	status	0	2	Public on Jun 25 2017
GSM2184861	submission_date	0	3	Jun 02 2016
GSM2184861	last_update_date	0	4	Jun 26 2017
GSM2184861	type	0	5	RNA
GSM2184861	channel_count	0	6	1
GSM2184861	source_name_ch1	0	7	human Day 0
GSM2184861	organism_ch1	0	8	Homo sapiens
GSM2184861	characteristics_ch1	0	9	subject id: YFV2012024
GSM2184861	characteristics_ch1	1	10	time points: Day 0
GSM2184861	characteristics_ch1	2	11	groups: G1
GSM2184861	characteristics_ch1	3	12	gender: Female
GSM2184861	molecule_ch1	0	13	total RNA
GSM2184861	extract_protocol_ch1	0	14	After PMBC isolation, 1 × 10^6 PBMC cells were lysed in 1 ml of TRIzol (Life technologies, Carlsbad, CA, USA) immediately and stored at -80℃. The samples were thawed and RNA extracted following the manufacturer’s instructions. The quality of the RNA was assessed by using Nanodrop 2000 Spectrometer (Thermo Scientific, MA, USA) as well as by visualization of the integrity of the 28S and 18S band on Agilent Bioanalyzer 2100 (Agilent technologies, Santa Clara, CA, USA).  Qualified total RNA was further purified by RNeasy micro kit (QIAGEN, GmBH, Germany) and removed genomic contamination by RNase-Free DNase Set (QIAGEN, GmBH, Germany).  The purified RNA was stored at -80℃.
GSM2184861	label_ch1	0	15	biotin
GSM2184861	label_protocol_ch1	0	16	Total RNA were amplified, labeled and purified by using the GeneChip 3’IVT Express Kit (Affymetrix, Santa Clara, CA, USA) followed the manufacturer’s instructions to obtain biotin labeled cRNA.
GSM2184861	taxid_ch1	0	17	9606
GSM2184861	hyb_protocol	0	18	After hybridization on Human PrimeView Arrays for 16 h at 45℃ and 60 rpm in Hybridization Oven 640 (Affymetrix, Santa Clara, CA, USA), slides were washed and stained with a Fluidics Station 450 (Affymetrix, Santa Clara, CA, USA).
GSM2184861	scan_protocol	0	19	Scanning was performed on a seventh-generation GeneChip Scanner 3000 (Affymetrix, Santa Clara, CA, USA). Affymetrix GCOS software was used to perform image analysis and generate raw intensity data.
GSM2184861	data_processing	0	20	Initially, data quality was assessed by background level, 3’ labeling bias, RNA quality and pair-wise correlation among samples. For the PrimeView chip, the customized CDF (version 17, ENTREZG) downloaded from the BrainArray website was performed in probe set mapping. IQR was applied for raw data filtering using the genefilter package, and the threshold was set to remove probes/genes with IQR less than the 20th percentile of the IQR’s across all probes/genes. . Normalization was performed with RMA algorithm that includes global background adjustment and quantile normalization. The resulting matrix showed genes as rows and samples as columns was log2 transformed and used as input for linear modeling using the limma package.The limma package was performed to identify differentially expressed genes (DEG) at any time point post immunization, compared with baseline (Day 0). Empirical Bayes moderation of the standard error and Benjamini and Hochberg false-discovery rate (FDR) correction for multiple testing were employed, and the criteria for differentially expressed genes (DEG) were threshold fold change more than 1.5 and BH adjusted FDR less than 0.01.
GSM2184861	platform_id	0	21	GPL21975
GSM2184861	contact_name	0	22	Yiming,,Shao
GSM2184861	contact_email	0	23	yshao@bjmu.edu.cn
GSM2184861	contact_department	0	24	National Center for AIDS/STD Control and Prevention
GSM2184861	contact_institute	0	25	Chinese Center for Disease Control and Prevention
GSM2184861	contact_address	0	26	No. 155 Changbai Road, Changping District
GSM2184861	contact_city	0	27	Beijing
GSM2184861	contact_state	0	28	Beijing
GSM2184861	contact_zip/postal_code	0	29	102206
GSM2184861	contact_country	0	30	China
GSM2184861	supplementary_file	0	31	ftp://ftp.ncbi.nlm.nih.gov/geo/samples/GSM2184nnn/GSM2184861/suppl/GSM2184861_YFV2012024-1.CEL.gz
GSM2184861	data_row_count	0	32	18563
GSM2184862	title	0	0	YFV2012024 PBMC Hour 4
GSM2184862	geo_accession	0	1	GSM2184862
GSM2184862	status	0	2	Public on Jun 25 2017
GSM2184862	submission_date	0	3	Jun 02 2016
GSM2184862	last_update_date	0	4	Jun 26 2017
GSM2184862	type	0	5	RNA
GSM2184862	channel_count	0	6	1
GSM2184862	source_name_ch1	0	7	human Hour 4
GSM2184862	organism_ch1	0	8	Homo sapiens
GSM2184862	characteristics_ch1	0	9	subject id: YFV2012024
GSM2184862	characteristics_ch1	1	10	time points: Hour 4
GSM2184862	characteristics_ch1	2	11	groups: G2
GSM2184862	characteristics_ch1	3	12	gender: Female
GSM2184862	molecule_ch1	0	13	total RNA
GSM2184862	extract_protocol_ch1	0	14	After PMBC isolation, 1 × 10^6 PBMC cells were lysed in 1 ml of TRIzol (Life technologies, Carlsbad, CA, USA) immediately and stored at -80℃. The samples were thawed and RNA extracted following the manufacturer’s instructions. The quality of the RNA was assessed by using Nanodrop 2000 Spectrometer (Thermo Scientific, MA, USA) as well as by visualization of the integrity of the 28S and 18S band on Agilent Bioanalyzer 2100 (Agilent technologies, Santa Clara, CA, USA).  Qualified total RNA was further purified by RNeasy micro kit (QIAGEN, GmBH, Germany) and removed genomic contamination by RNase-Free DNase Set (QIAGEN, GmBH, Germany).  The purified RNA was stored at -80℃.
GSM2184862	label_ch1	0	15	biotin
GSM2184862	label_protocol_ch1	0	16	Total RNA were amplified, labeled and purified by using the GeneChip 3’IVT Express Kit (Affymetrix, Santa Clara, CA, USA) followed the manufacturer’s instructions to obtain biotin labeled cRNA.
GSM2184862	taxid_ch1	0	17	9606
GSM2184862	hyb_protocol	0	18	After hybridization on Human PrimeView Arrays for 16 h at 45℃ and 60 rpm in Hybridization Oven 640 (Affymetrix, Santa Clara, CA, USA), slides were washed and stained with a Fluidics Station 450 (Affymetrix, Santa Clara, CA, USA).
GSM2184862	scan_protocol	0	19	Scanning was performed on a seventh-generation GeneChip Scanner 3000 (Affymetrix, Santa Clara, CA, USA). Affymetrix GCOS software was used to perform image analysis and generate raw intensity data.
GSM2184862	data_processing	0	20	Initially, data quality was assessed by background level, 3’ labeling bias, RNA quality and pair-wise correlation among samples. For the PrimeView chip, the customized CDF (version 17, ENTREZG) downloaded from the BrainArray website was performed in probe set mapping. IQR was applied for raw data filtering using the genefilter package, and the threshold was set to remove probes/genes with IQR less than the 20th percentile of the IQR’s across all probes/genes. . Normalization was performed with RMA algorithm that includes global background adjustment and quantile normalization. The resulting matrix showed genes as rows and samples as columns was log2 transformed and used as input for linear modeling using the limma package.The limma package was performed to identify differentially expressed genes (DEG) at any time point post immunization, compared with baseline (Day 0). Empirical Bayes moderation of the standard error and Benjamini and Hochberg false-discovery rate (FDR) correction for multiple testing were employed, and the criteria for differentially expressed genes (DEG) were threshold fold change more than 1.5 and BH adjusted FDR less than 0.01.
GSM2184862	platform_id	0	21	GPL21975
GSM2184862	contact_name	0	22	Yiming,,Shao
GSM2184862	contact_email	0	23	yshao@bjmu.edu.cn
GSM2184862	contact_department	0	24	National Center for AIDS/STD Control and Prevention
GSM2184862	contact_institute	0	25	Chinese Center for Disease Control and Prevention
GSM2184862	contact_address	0	26	No. 155 Changbai Road, Changping District
GSM2184862	contact_city	0	27	Beijing
GSM2184862	contact_state	0	28	Beijing
GSM2184862	contact_zip/postal_code	0	29	102206
GSM2184862	contact_country	0	30	China
GSM2184862	supplementary_file	0	31	ftp://ftp.ncbi.nlm.nih.gov/geo/samples/GSM2184nnn/GSM2184862/suppl/GSM2184862_YFV2012024-2.CEL.gz
GSM2184862	data_row_count	0	32	18563
GSM2184863	title	0	0	YFV2012024 PBMC Day 7
GSM2184863	geo_accession	0	1	GSM2184863
GSM2184863	status	0	2	Public on Jun 25 2017
GSM2184863	submission_date	0	3	Jun 02 2016
GSM2184863	last_update_date	0	4	Jun 26 2017
GSM2184863	type	0	5	RNA
GSM2184863	channel_count	0	6	1
GSM2184863	source_name_ch1	0	7	human Day 7
GSM2184863	organism_ch1	0	8	Homo sapiens
GSM2184863	characteristics_ch1	0	9	subject id: YFV2012024
GSM2184863	characteristics_ch1	1	10	time points: Day 7
GSM2184863	characteristics_ch1	2	11	groups: G7
GSM2184863	characteristics_ch1	3	12	gender: Female
GSM2184863	molecule_ch1	0	13	total RNA
GSM2184863	extract_protocol_ch1	0	14	After PMBC isolation, 1 × 10^6 PBMC cells were lysed in 1 ml of TRIzol (Life technologies, Carlsbad, CA, USA) immediately and stored at -80℃. The samples were thawed and RNA extracted following the manufacturer’s instructions. The quality of the RNA was assessed by using Nanodrop 2000 Spectrometer (Thermo Scientific, MA, USA) as well as by visualization of the integrity of the 28S and 18S band on Agilent Bioanalyzer 2100 (Agilent technologies, Santa Clara, CA, USA).  Qualified total RNA was further purified by RNeasy micro kit (QIAGEN, GmBH, Germany) and removed genomic contamination by RNase-Free DNase Set (QIAGEN, GmBH, Germany).  The purified RNA was stored at -80℃.
GSM2184863	label_ch1	0	15	biotin
GSM2184863	label_protocol_ch1	0	16	Total RNA were amplified, labeled and purified by using the GeneChip 3’IVT Express Kit (Affymetrix, Santa Clara, CA, USA) followed the manufacturer’s instructions to obtain biotin labeled cRNA.
GSM2184863	taxid_ch1	0	17	9606
GSM2184863	hyb_protocol	0	18	After hybridization on Human PrimeView Arrays for 16 h at 45℃ and 60 rpm in Hybridization Oven 640 (Affymetrix, Santa Clara, CA, USA), slides were washed and stained with a Fluidics Station 450 (Affymetrix, Santa Clara, CA, USA).
GSM2184863	scan_protocol	0	19	Scanning was performed on a seventh-generation GeneChip Scanner 3000 (Affymetrix, Santa Clara, CA, USA). Affymetrix GCOS software was used to perform image analysis and generate raw intensity data.
GSM2184863	data_processing	0	20	Initially, data quality was assessed by background level, 3’ labeling bias, RNA quality and pair-wise correlation among samples. For the PrimeView chip, the customized CDF (version 17, ENTREZG) downloaded from the BrainArray website was performed in probe set mapping. IQR was applied for raw data filtering using the genefilter package, and the threshold was set to remove probes/genes with IQR less than the 20th percentile of the IQR’s across all probes/genes. . Normalization was performed with RMA algorithm that includes global background adjustment and quantile normalization. The resulting matrix showed genes as rows and samples as columns was log2 transformed and used as input for linear modeling using the limma package.The limma package was performed to identify differentially expressed genes (DEG) at any time point post immunization, compared with baseline (Day 0). Empirical Bayes moderation of the standard error and Benjamini and Hochberg false-discovery rate (FDR) correction for multiple testing were employed, and the criteria for differentially expressed genes (DEG) were threshold fold change more than 1.5 and BH adjusted FDR less than 0.01.
GSM2184863	platform_id	0	21	GPL21975
GSM2184863	contact_name	0	22	Yiming,,Shao
GSM2184863	contact_email	0	23	yshao@bjmu.edu.cn
GSM2184863	contact_department	0	24	National Center for AIDS/STD Control and Prevention
GSM2184863	contact_institute	0	25	Chinese Center for Disease Control and Prevention
GSM2184863	contact_address	0	26	No. 155 Changbai Road, Changping District
GSM2184863	contact_city	0	27	Beijing
GSM2184863	contact_state	0	28	Beijing
GSM2184863	contact_zip/postal_code	0	29	102206
GSM2184863	contact_country	0	30	China
GSM2184863	supplementary_file	0	31	ftp://ftp.ncbi.nlm.nih.gov/geo/samples/GSM2184nnn/GSM2184863/suppl/GSM2184863_YFV2012024-7.CEL.gz
GSM2184863	data_row_count	0	32	18563
GSM2184864	title	0	0	YFV2012024 PBMC Day 28
GSM2184864	geo_accession	0	1	GSM2184864
GSM2184864	status	0	2	Public on Jun 25 2017
GSM2184864	submission_date	0	3	Jun 02 2016
GSM2184864	last_update_date	0	4	Jun 26 2017
GSM2184864	type	0	5	RNA
GSM2184864	channel_count	0	6	1
GSM2184864	source_name_ch1	0	7	human Day 28
GSM2184864	organism_ch1	0	8	Homo sapiens
GSM2184864	characteristics_ch1	0	9	subject id: YFV2012024
GSM2184864	characteristics_ch1	1	10	time points: Day 28
GSM2184864	characteristics_ch1	2	11	groups: G9
GSM2184864	characteristics_ch1	3	12	gender: Female
GSM2184864	molecule_ch1	0	13	total RNA
GSM2184864	extract_protocol_ch1	0	14	After PMBC isolation, 1 × 10^6 PBMC cells were lysed in 1 ml of TRIzol (Life technologies, Carlsbad, CA, USA) immediately and stored at -80℃. The samples were thawed and RNA extracted following the manufacturer’s instructions. The quality of the RNA was assessed by using Nanodrop 2000 Spectrometer (Thermo Scientific, MA, USA) as well as by visualization of the integrity of the 28S and 18S band on Agilent Bioanalyzer 2100 (Agilent technologies, Santa Clara, CA, USA).  Qualified total RNA was further purified by RNeasy micro kit (QIAGEN, GmBH, Germany) and removed genomic contamination by RNase-Free DNase Set (QIAGEN, GmBH, Germany).  The purified RNA was stored at -80℃.
GSM2184864	label_ch1	0	15	biotin
GSM2184864	label_protocol_ch1	0	16	Total RNA were amplified, labeled and purified by using the GeneChip 3’IVT Express Kit (Affymetrix, Santa Clara, CA, USA) followed the manufacturer’s instructions to obtain biotin labeled cRNA.
GSM2184864	taxid_ch1	0	17	9606
GSM2184864	hyb_protocol	0	18	After hybridization on Human PrimeView Arrays for 16 h at 45℃ and 60 rpm in Hybridization Oven 640 (Affymetrix, Santa Clara, CA, USA), slides were washed and stained with a Fluidics Station 450 (Affymetrix, Santa Clara, CA, USA).
GSM2184864	scan_protocol	0	19	Scanning was performed on a seventh-generation GeneChip Scanner 3000 (Affymetrix, Santa Clara, CA, USA). Affymetrix GCOS software was used to perform image analysis and generate raw intensity data.
GSM2184864	data_processing	0	20	Initially, data quality was assessed by background level, 3’ labeling bias, RNA quality and pair-wise correlation among samples. For the PrimeView chip, the customized CDF (version 17, ENTREZG) downloaded from the BrainArray website was performed in probe set mapping. IQR was applied for raw data filtering using the genefilter package, and the threshold was set to remove probes/genes with IQR less than the 20th percentile of the IQR’s across all probes/genes. . Normalization was performed with RMA algorithm that includes global background adjustment and quantile normalization. The resulting matrix showed genes as rows and samples as columns was log2 transformed and used as input for linear modeling using the limma package.The limma package was performed to identify differentially expressed genes (DEG) at any time point post immunization, compared with baseline (Day 0). Empirical Bayes moderation of the standard error and Benjamini and Hochberg false-discovery rate (FDR) correction for multiple testing were employed, and the criteria for differentially expressed genes (DEG) were threshold fold change more than 1.5 and BH adjusted FDR less than 0.01.
GSM2184864	platform_id	0	21	GPL21975
GSM2184864	contact_name	0	22	Yiming,,Shao
GSM2184864	contact_email	0	23	yshao@bjmu.edu.cn
GSM2184864	contact_department	0	24	National Center for AIDS/STD Control and Prevention
GSM2184864	contact_institute	0	25	Chinese Center for Disease Control and Prevention
GSM2184864	contact_address	0	26	No. 155 Changbai Road, Changping District
GSM2184864	contact_city	0	27	Beijing
GSM2184864	contact_state	0	28	Beijing
GSM2184864	contact_zip/postal_code	0	29	102206
GSM2184864	contact_country	0	30	China
GSM2184864	supplementary_file	0	31	ftp://ftp.ncbi.nlm.nih.gov/geo/samples/GSM2184nnn/GSM2184864/suppl/GSM2184864_YFV2012024-9.CEL.gz
GSM2184864	data_row_count	0	32	18563
GSM2184865	title	0	0	YFV2012002 PBMC Day 1
GSM2184865	geo_accession	0	1	GSM2184865
GSM2184865	status	0	2	Public on Jun 25 2017
GSM2184865	submission_date	0	3	Jun 02 2016
GSM2184865	last_update_date	0	4	Jun 26 2017
GSM2184865	type	0	5	RNA
GSM2184865	channel_count	0	6	1
GSM2184865	source_name_ch1	0	7	human Day 1
GSM2184865	organism_ch1	0	8	Homo sapiens
GSM2184865	characteristics_ch1	0	9	subject id: YFV2012002
GSM2184865	characteristics_ch1	1	10	time points: Day 1
GSM2184865	characteristics_ch1	2	11	groups: G3
GSM2184865	characteristics_ch1	3	12	gender: Male
GSM2184865	molecule_ch1	0	13	total RNA
GSM2184865	extract_protocol_ch1	0	14	After PMBC isolation, 1 × 10^6 PBMC cells were lysed in 1 ml of TRIzol (Life technologies, Carlsbad, CA, USA) immediately and stored at -80℃. The samples were thawed and RNA extracted following the manufacturer’s instructions. The quality of the RNA was assessed by using Nanodrop 2000 Spectrometer (Thermo Scientific, MA, USA) as well as by visualization of the integrity of the 28S and 18S band on Agilent Bioanalyzer 2100 (Agilent technologies, Santa Clara, CA, USA).  Qualified total RNA was further purified by RNeasy micro kit (QIAGEN, GmBH, Germany) and removed genomic contamination by RNase-Free DNase Set (QIAGEN, GmBH, Germany).  The purified RNA was stored at -80℃.
GSM2184865	label_ch1	0	15	biotin
GSM2184865	label_protocol_ch1	0	16	Total RNA were amplified, labeled and purified by using the GeneChip 3’IVT Express Kit (Affymetrix, Santa Clara, CA, USA) followed the manufacturer’s instructions to obtain biotin labeled cRNA.
GSM2184865	taxid_ch1	0	17	9606
GSM2184865	hyb_protocol	0	18	After hybridization on Human PrimeView Arrays for 16 h at 45℃ and 60 rpm in Hybridization Oven 640 (Affymetrix, Santa Clara, CA, USA), slides were washed and stained with a Fluidics Station 450 (Affymetrix, Santa Clara, CA, USA).
GSM2184865	scan_protocol	0	19	Scanning was performed on a seventh-generation GeneChip Scanner 3000 (Affymetrix, Santa Clara, CA, USA). Affymetrix GCOS software was used to perform image analysis and generate raw intensity data.
GSM2184865	data_processing	0	20	Initially, data quality was assessed by background level, 3’ labeling bias, RNA quality and pair-wise correlation among samples. For the PrimeView chip, the customized CDF (version 17, ENTREZG) downloaded from the BrainArray website was performed in probe set mapping. IQR was applied for raw data filtering using the genefilter package, and the threshold was set to remove probes/genes with IQR less than the 20th percentile of the IQR’s across all probes/genes. . Normalization was performed with RMA algorithm that includes global background adjustment and quantile normalization. The resulting matrix showed genes as rows and samples as columns was log2 transformed and used as input for linear modeling using the limma package.The limma package was performed to identify differentially expressed genes (DEG) at any time point post immunization, compared with baseline (Day 0). Empirical Bayes moderation of the standard error and Benjamini and Hochberg false-discovery rate (FDR) correction for multiple testing were employed, and the criteria for differentially expressed genes (DEG) were threshold fold change more than 1.5 and BH adjusted FDR less than 0.01.
GSM2184865	platform_id	0	21	GPL21975
GSM2184865	contact_name	0	22	Yiming,,Shao
GSM2184865	contact_email	0	23	yshao@bjmu.edu.cn
GSM2184865	contact_department	0	24	National Center for AIDS/STD Control and Prevention
GSM2184865	contact_institute	0	25	Chinese Center for Disease Control and Prevention
GSM2184865	contact_address	0	26	No. 155 Changbai Road, Changping District
GSM2184865	contact_city	0	27	Beijing
GSM2184865	contact_state	0	28	Beijing
GSM2184865	contact_zip/postal_code	0	29	102206
GSM2184865	contact_country	0	30	China
GSM2184865	supplementary_file	0	31	ftp://ftp.ncbi.nlm.nih.gov/geo/samples/GSM2184nnn/GSM2184865/suppl/GSM2184865_YFV2012002-3.CEL.gz
GSM2184865	data_row_count	0	32	18563
GSM2184866	title	0	0	YFV2012002 PBMC Day 2
GSM2184866	geo_accession	0	1	GSM2184866
GSM2184866	status	0	2	Public on Jun 25 2017
GSM2184866	submission_date	0	3	Jun 02 2016
GSM2184866	last_update_date	0	4	Jun 26 2017
GSM2184866	type	0	5	RNA
GSM2184866	channel_count	0	6	1
GSM2184866	source_name_ch1	0	7	human Day 2
GSM2184866	organism_ch1	0	8	Homo sapiens
GSM2184866	characteristics_ch1	0	9	subject id: YFV2012002
GSM2184866	characteristics_ch1	1	10	time points: Day 2
GSM2184866	characteristics_ch1	2	11	groups: G4
GSM2184866	characteristics_ch1	3	12	gender: Male
GSM2184866	molecule_ch1	0	13	total RNA
GSM2184866	extract_protocol_ch1	0	14	After PMBC isolation, 1 × 10^6 PBMC cells were lysed in 1 ml of TRIzol (Life technologies, Carlsbad, CA, USA) immediately and stored at -80℃. The samples were thawed and RNA extracted following the manufacturer’s instructions. The quality of the RNA was assessed by using Nanodrop 2000 Spectrometer (Thermo Scientific, MA, USA) as well as by visualization of the integrity of the 28S and 18S band on Agilent Bioanalyzer 2100 (Agilent technologies, Santa Clara, CA, USA).  Qualified total RNA was further purified by RNeasy micro kit (QIAGEN, GmBH, Germany) and removed genomic contamination by RNase-Free DNase Set (QIAGEN, GmBH, Germany).  The purified RNA was stored at -80℃.
GSM2184866	label_ch1	0	15	biotin
GSM2184866	label_protocol_ch1	0	16	Total RNA were amplified, labeled and purified by using the GeneChip 3’IVT Express Kit (Affymetrix, Santa Clara, CA, USA) followed the manufacturer’s instructions to obtain biotin labeled cRNA.
GSM2184866	taxid_ch1	0	17	9606
GSM2184866	hyb_protocol	0	18	After hybridization on Human PrimeView Arrays for 16 h at 45℃ and 60 rpm in Hybridization Oven 640 (Affymetrix, Santa Clara, CA, USA), slides were washed and stained with a Fluidics Station 450 (Affymetrix, Santa Clara, CA, USA).
GSM2184866	scan_protocol	0	19	Scanning was performed on a seventh-generation GeneChip Scanner 3000 (Affymetrix, Santa Clara, CA, USA). Affymetrix GCOS software was used to perform image analysis and generate raw intensity data.
GSM2184866	data_processing	0	20	Initially, data quality was assessed by background level, 3’ labeling bias, RNA quality and pair-wise correlation among samples. For the PrimeView chip, the customized CDF (version 17, ENTREZG) downloaded from the BrainArray website was performed in probe set mapping. IQR was applied for raw data filtering using the genefilter package, and the threshold was set to remove probes/genes with IQR less than the 20th percentile of the IQR’s across all probes/genes. . Normalization was performed with RMA algorithm that includes global background adjustment and quantile normalization. The resulting matrix showed genes as rows and samples as columns was log2 transformed and used as input for linear modeling using the limma package.The limma package was performed to identify differentially expressed genes (DEG) at any time point post immunization, compared with baseline (Day 0). Empirical Bayes moderation of the standard error and Benjamini and Hochberg false-discovery rate (FDR) correction for multiple testing were employed, and the criteria for differentially expressed genes (DEG) were threshold fold change more than 1.5 and BH adjusted FDR less than 0.01.
GSM2184866	platform_id	0	21	GPL21975
GSM2184866	contact_name	0	22	Yiming,,Shao
GSM2184866	contact_email	0	23	yshao@bjmu.edu.cn
GSM2184866	contact_department	0	24	National Center for AIDS/STD Control and Prevention
GSM2184866	contact_institute	0	25	Chinese Center for Disease Control and Prevention
GSM2184866	contact_address	0	26	No. 155 Changbai Road, Changping District
GSM2184866	contact_city	0	27	Beijing
GSM2184866	contact_state	0	28	Beijing
GSM2184866	contact_zip/postal_code	0	29	102206
GSM2184866	contact_country	0	30	China
GSM2184866	supplementary_file	0	31	ftp://ftp.ncbi.nlm.nih.gov/geo/samples/GSM2184nnn/GSM2184866/suppl/GSM2184866_YFV2012002-4.CEL.gz
GSM2184866	data_row_count	0	32	18563
GSM2184867	title	0	0	YFV2012002 PBMC Day 3
GSM2184867	geo_accession	0	1	GSM2184867
GSM2184867	status	0	2	Public on Jun 25 2017
GSM2184867	submission_date	0	3	Jun 02 2016
GSM2184867	last_update_date	0	4	Jun 26 2017
GSM2184867	type	0	5	RNA
GSM2184867	channel_count	0	6	1
GSM2184867	source_name_ch1	0	7	human Day 3
GSM2184867	organism_ch1	0	8	Homo sapiens
GSM2184867	characteristics_ch1	0	9	subject id: YFV2012002
GSM2184867	characteristics_ch1	1	10	time points: Day 3
GSM2184867	characteristics_ch1	2	11	groups: G5
GSM2184867	characteristics_ch1	3	12	gender: Male
GSM2184867	molecule_ch1	0	13	total RNA
GSM2184867	extract_protocol_ch1	0	14	After PMBC isolation, 1 × 10^6 PBMC cells were lysed in 1 ml of TRIzol (Life technologies, Carlsbad, CA, USA) immediately and stored at -80℃. The samples were thawed and RNA extracted following the manufacturer’s instructions. The quality of the RNA was assessed by using Nanodrop 2000 Spectrometer (Thermo Scientific, MA, USA) as well as by visualization of the integrity of the 28S and 18S band on Agilent Bioanalyzer 2100 (Agilent technologies, Santa Clara, CA, USA).  Qualified total RNA was further purified by RNeasy micro kit (QIAGEN, GmBH, Germany) and removed genomic contamination by RNase-Free DNase Set (QIAGEN, GmBH, Germany).  The purified RNA was stored at -80℃.
GSM2184867	label_ch1	0	15	biotin
GSM2184867	label_protocol_ch1	0	16	Total RNA were amplified, labeled and purified by using the GeneChip 3’IVT Express Kit (Affymetrix, Santa Clara, CA, USA) followed the manufacturer’s instructions to obtain biotin labeled cRNA.
GSM2184867	taxid_ch1	0	17	9606
GSM2184867	hyb_protocol	0	18	After hybridization on Human PrimeView Arrays for 16 h at 45℃ and 60 rpm in Hybridization Oven 640 (Affymetrix, Santa Clara, CA, USA), slides were washed and stained with a Fluidics Station 450 (Affymetrix, Santa Clara, CA, USA).
GSM2184867	scan_protocol	0	19	Scanning was performed on a seventh-generation GeneChip Scanner 3000 (Affymetrix, Santa Clara, CA, USA). Affymetrix GCOS software was used to perform image analysis and generate raw intensity data.
GSM2184867	data_processing	0	20	Initially, data quality was assessed by background level, 3’ labeling bias, RNA quality and pair-wise correlation among samples. For the PrimeView chip, the customized CDF (version 17, ENTREZG) downloaded from the BrainArray website was performed in probe set mapping. IQR was applied for raw data filtering using the genefilter package, and the threshold was set to remove probes/genes with IQR less than the 20th percentile of the IQR’s across all probes/genes. . Normalization was performed with RMA algorithm that includes global background adjustment and quantile normalization. The resulting matrix showed genes as rows and samples as columns was log2 transformed and used as input for linear modeling using the limma package.The limma package was performed to identify differentially expressed genes (DEG) at any time point post immunization, compared with baseline (Day 0). Empirical Bayes moderation of the standard error and Benjamini and Hochberg false-discovery rate (FDR) correction for multiple testing were employed, and the criteria for differentially expressed genes (DEG) were threshold fold change more than 1.5 and BH adjusted FDR less than 0.01.
GSM2184867	platform_id	0	21	GPL21975
GSM2184867	contact_name	0	22	Yiming,,Shao
GSM2184867	contact_email	0	23	yshao@bjmu.edu.cn
GSM2184867	contact_department	0	24	National Center for AIDS/STD Control and Prevention
GSM2184867	contact_institute	0	25	Chinese Center for Disease Control and Prevention
GSM2184867	contact_address	0	26	No. 155 Changbai Road, Changping District
GSM2184867	contact_city	0	27	Beijing
GSM2184867	contact_state	0	28	Beijing
GSM2184867	contact_zip/postal_code	0	29	102206
GSM2184867	contact_country	0	30	China
GSM2184867	supplementary_file	0	31	ftp://ftp.ncbi.nlm.nih.gov/geo/samples/GSM2184nnn/GSM2184867/suppl/GSM2184867_YFV2012002-5.CEL.gz
GSM2184867	data_row_count	0	32	18563
GSM2184868	title	0	0	YFV2012002 PBMC Day 5
GSM2184868	geo_accession	0	1	GSM2184868
GSM2184868	status	0	2	Public on Jun 25 2017
GSM2184868	submission_date	0	3	Jun 02 2016
GSM2184868	last_update_date	0	4	Jun 26 2017
GSM2184868	type	0	5	RNA
GSM2184868	channel_count	0	6	1
GSM2184868	source_name_ch1	0	7	human Day 5
GSM2184868	organism_ch1	0	8	Homo sapiens
GSM2184868	characteristics_ch1	0	9	subject id: YFV2012002
GSM2184868	characteristics_ch1	1	10	time points: Day 5
GSM2184868	characteristics_ch1	2	11	groups: G6
GSM2184868	characteristics_ch1	3	12	gender: Male
GSM2184868	molecule_ch1	0	13	total RNA
GSM2184868	extract_protocol_ch1	0	14	After PMBC isolation, 1 × 10^6 PBMC cells were lysed in 1 ml of TRIzol (Life technologies, Carlsbad, CA, USA) immediately and stored at -80℃. The samples were thawed and RNA extracted following the manufacturer’s instructions. The quality of the RNA was assessed by using Nanodrop 2000 Spectrometer (Thermo Scientific, MA, USA) as well as by visualization of the integrity of the 28S and 18S band on Agilent Bioanalyzer 2100 (Agilent technologies, Santa Clara, CA, USA).  Qualified total RNA was further purified by RNeasy micro kit (QIAGEN, GmBH, Germany) and removed genomic contamination by RNase-Free DNase Set (QIAGEN, GmBH, Germany).  The purified RNA was stored at -80℃.
GSM2184868	label_ch1	0	15	biotin
GSM2184868	label_protocol_ch1	0	16	Total RNA were amplified, labeled and purified by using the GeneChip 3’IVT Express Kit (Affymetrix, Santa Clara, CA, USA) followed the manufacturer’s instructions to obtain biotin labeled cRNA.
GSM2184868	taxid_ch1	0	17	9606
GSM2184868	hyb_protocol	0	18	After hybridization on Human PrimeView Arrays for 16 h at 45℃ and 60 rpm in Hybridization Oven 640 (Affymetrix, Santa Clara, CA, USA), slides were washed and stained with a Fluidics Station 450 (Affymetrix, Santa Clara, CA, USA).
GSM2184868	scan_protocol	0	19	Scanning was performed on a seventh-generation GeneChip Scanner 3000 (Affymetrix, Santa Clara, CA, USA). Affymetrix GCOS software was used to perform image analysis and generate raw intensity data.
GSM2184868	data_processing	0	20	Initially, data quality was assessed by background level, 3’ labeling bias, RNA quality and pair-wise correlation among samples. For the PrimeView chip, the customized CDF (version 17, ENTREZG) downloaded from the BrainArray website was performed in probe set mapping. IQR was applied for raw data filtering using the genefilter package, and the threshold was set to remove probes/genes with IQR less than the 20th percentile of the IQR’s across all probes/genes. . Normalization was performed with RMA algorithm that includes global background adjustment and quantile normalization. The resulting matrix showed genes as rows and samples as columns was log2 transformed and used as input for linear modeling using the limma package.The limma package was performed to identify differentially expressed genes (DEG) at any time point post immunization, compared with baseline (Day 0). Empirical Bayes moderation of the standard error and Benjamini and Hochberg false-discovery rate (FDR) correction for multiple testing were employed, and the criteria for differentially expressed genes (DEG) were threshold fold change more than 1.5 and BH adjusted FDR less than 0.01.
GSM2184868	platform_id	0	21	GPL21975
GSM2184868	contact_name	0	22	Yiming,,Shao
GSM2184868	contact_email	0	23	yshao@bjmu.edu.cn
GSM2184868	contact_department	0	24	National Center for AIDS/STD Control and Prevention
GSM2184868	contact_institute	0	25	Chinese Center for Disease Control and Prevention
GSM2184868	contact_address	0	26	No. 155 Changbai Road, Changping District
GSM2184868	contact_city	0	27	Beijing
GSM2184868	contact_state	0	28	Beijing
GSM2184868	contact_zip/postal_code	0	29	102206
GSM2184868	contact_country	0	30	China
GSM2184868	supplementary_file	0	31	ftp://ftp.ncbi.nlm.nih.gov/geo/samples/GSM2184nnn/GSM2184868/suppl/GSM2184868_YFV2012002-6.CEL.gz
GSM2184868	data_row_count	0	32	18563
GSM2184869	title	0	0	YFV2012002 PBMC Day 14
GSM2184869	geo_accession	0	1	GSM2184869
GSM2184869	status	0	2	Public on Jun 25 2017
GSM2184869	submission_date	0	3	Jun 02 2016
GSM2184869	last_update_date	0	4	Jun 26 2017
GSM2184869	type	0	5	RNA
GSM2184869	channel_count	0	6	1
GSM2184869	source_name_ch1	0	7	human Day 14
GSM2184869	organism_ch1	0	8	Homo sapiens
GSM2184869	characteristics_ch1	0	9	subject id: YFV2012002
GSM2184869	characteristics_ch1	1	10	time points: Day 14
GSM2184869	characteristics_ch1	2	11	groups: G8
GSM2184869	characteristics_ch1	3	12	gender: Male
GSM2184869	molecule_ch1	0	13	total RNA
GSM2184869	extract_protocol_ch1	0	14	After PMBC isolation, 1 × 10^6 PBMC cells were lysed in 1 ml of TRIzol (Life technologies, Carlsbad, CA, USA) immediately and stored at -80℃. The samples were thawed and RNA extracted following the manufacturer’s instructions. The quality of the RNA was assessed by using Nanodrop 2000 Spectrometer (Thermo Scientific, MA, USA) as well as by visualization of the integrity of the 28S and 18S band on Agilent Bioanalyzer 2100 (Agilent technologies, Santa Clara, CA, USA).  Qualified total RNA was further purified by RNeasy micro kit (QIAGEN, GmBH, Germany) and removed genomic contamination by RNase-Free DNase Set (QIAGEN, GmBH, Germany).  The purified RNA was stored at -80℃.
GSM2184869	label_ch1	0	15	biotin
GSM2184869	label_protocol_ch1	0	16	Total RNA were amplified, labeled and purified by using the GeneChip 3’IVT Express Kit (Affymetrix, Santa Clara, CA, USA) followed the manufacturer’s instructions to obtain biotin labeled cRNA.
GSM2184869	taxid_ch1	0	17	9606
GSM2184869	hyb_protocol	0	18	After hybridization on Human PrimeView Arrays for 16 h at 45℃ and 60 rpm in Hybridization Oven 640 (Affymetrix, Santa Clara, CA, USA), slides were washed and stained with a Fluidics Station 450 (Affymetrix, Santa Clara, CA, USA).
GSM2184869	scan_protocol	0	19	Scanning was performed on a seventh-generation GeneChip Scanner 3000 (Affymetrix, Santa Clara, CA, USA). Affymetrix GCOS software was used to perform image analysis and generate raw intensity data.
GSM2184869	data_processing	0	20	Initially, data quality was assessed by background level, 3’ labeling bias, RNA quality and pair-wise correlation among samples. For the PrimeView chip, the customized CDF (version 17, ENTREZG) downloaded from the BrainArray website was performed in probe set mapping. IQR was applied for raw data filtering using the genefilter package, and the threshold was set to remove probes/genes with IQR less than the 20th percentile of the IQR’s across all probes/genes. . Normalization was performed with RMA algorithm that includes global background adjustment and quantile normalization. The resulting matrix showed genes as rows and samples as columns was log2 transformed and used as input for linear modeling using the limma package.The limma package was performed to identify differentially expressed genes (DEG) at any time point post immunization, compared with baseline (Day 0). Empirical Bayes moderation of the standard error and Benjamini and Hochberg false-discovery rate (FDR) correction for multiple testing were employed, and the criteria for differentially expressed genes (DEG) were threshold fold change more than 1.5 and BH adjusted FDR less than 0.01.
GSM2184869	platform_id	0	21	GPL21975
GSM2184869	contact_name	0	22	Yiming,,Shao
GSM2184869	contact_email	0	23	yshao@bjmu.edu.cn
GSM2184869	contact_department	0	24	National Center for AIDS/STD Control and Prevention
GSM2184869	contact_institute	0	25	Chinese Center for Disease Control and Prevention
GSM2184869	contact_address	0	26	No. 155 Changbai Road, Changping District
GSM2184869	contact_city	0	27	Beijing
GSM2184869	contact_state	0	28	Beijing
GSM2184869	contact_zip/postal_code	0	29	102206
GSM2184869	contact_country	0	30	China
GSM2184869	supplementary_file	0	31	ftp://ftp.ncbi.nlm.nih.gov/geo/samples/GSM2184nnn/GSM2184869/suppl/GSM2184869_YFV2012002-8.CEL.gz
GSM2184869	data_row_count	0	32	18563
GSM2184870	title	0	0	YFV2012004 PBMC Day 1
GSM2184870	geo_accession	0	1	GSM2184870
GSM2184870	status	0	2	Public on Jun 25 2017
GSM2184870	submission_date	0	3	Jun 02 2016
GSM2184870	last_update_date	0	4	Jun 26 2017
GSM2184870	type	0	5	RNA
GSM2184870	channel_count	0	6	1
GSM2184870	source_name_ch1	0	7	human Day 1
GSM2184870	organism_ch1	0	8	Homo sapiens
GSM2184870	characteristics_ch1	0	9	subject id: YFV2012004
GSM2184870	characteristics_ch1	1	10	time points: Day 1
GSM2184870	characteristics_ch1	2	11	groups: G3
GSM2184870	characteristics_ch1	3	12	gender: Female
GSM2184870	molecule_ch1	0	13	total RNA
GSM2184870	extract_protocol_ch1	0	14	After PMBC isolation, 1 × 10^6 PBMC cells were lysed in 1 ml of TRIzol (Life technologies, Carlsbad, CA, USA) immediately and stored at -80℃. The samples were thawed and RNA extracted following the manufacturer’s instructions. The quality of the RNA was assessed by using Nanodrop 2000 Spectrometer (Thermo Scientific, MA, USA) as well as by visualization of the integrity of the 28S and 18S band on Agilent Bioanalyzer 2100 (Agilent technologies, Santa Clara, CA, USA).  Qualified total RNA was further purified by RNeasy micro kit (QIAGEN, GmBH, Germany) and removed genomic contamination by RNase-Free DNase Set (QIAGEN, GmBH, Germany).  The purified RNA was stored at -80℃.
GSM2184870	label_ch1	0	15	biotin
GSM2184870	label_protocol_ch1	0	16	Total RNA were amplified, labeled and purified by using the GeneChip 3’IVT Express Kit (Affymetrix, Santa Clara, CA, USA) followed the manufacturer’s instructions to obtain biotin labeled cRNA.
GSM2184870	taxid_ch1	0	17	9606
GSM2184870	hyb_protocol	0	18	After hybridization on Human PrimeView Arrays for 16 h at 45℃ and 60 rpm in Hybridization Oven 640 (Affymetrix, Santa Clara, CA, USA), slides were washed and stained with a Fluidics Station 450 (Affymetrix, Santa Clara, CA, USA).
GSM2184870	scan_protocol	0	19	Scanning was performed on a seventh-generation GeneChip Scanner 3000 (Affymetrix, Santa Clara, CA, USA). Affymetrix GCOS software was used to perform image analysis and generate raw intensity data.
GSM2184870	data_processing	0	20	Initially, data quality was assessed by background level, 3’ labeling bias, RNA quality and pair-wise correlation among samples. For the PrimeView chip, the customized CDF (version 17, ENTREZG) downloaded from the BrainArray website was performed in probe set mapping. IQR was applied for raw data filtering using the genefilter package, and the threshold was set to remove probes/genes with IQR less than the 20th percentile of the IQR’s across all probes/genes. . Normalization was performed with RMA algorithm that includes global background adjustment and quantile normalization. The resulting matrix showed genes as rows and samples as columns was log2 transformed and used as input for linear modeling using the limma package.The limma package was performed to identify differentially expressed genes (DEG) at any time point post immunization, compared with baseline (Day 0). Empirical Bayes moderation of the standard error and Benjamini and Hochberg false-discovery rate (FDR) correction for multiple testing were employed, and the criteria for differentially expressed genes (DEG) were threshold fold change more than 1.5 and BH adjusted FDR less than 0.01.
GSM2184870	platform_id	0	21	GPL21975
GSM2184870	contact_name	0	22	Yiming,,Shao
GSM2184870	contact_email	0	23	yshao@bjmu.edu.cn
GSM2184870	contact_department	0	24	National Center for AIDS/STD Control and Prevention
GSM2184870	contact_institute	0	25	Chinese Center for Disease Control and Prevention
GSM2184870	contact_address	0	26	No. 155 Changbai Road, Changping District
GSM2184870	contact_city	0	27	Beijing
GSM2184870	contact_state	0	28	Beijing
GSM2184870	contact_zip/postal_code	0	29	102206
GSM2184870	contact_country	0	30	China
GSM2184870	supplementary_file	0	31	ftp://ftp.ncbi.nlm.nih.gov/geo/samples/GSM2184nnn/GSM2184870/suppl/GSM2184870_YFV2012004-3.CEL.gz
GSM2184870	data_row_count	0	32	18563
GSM2184871	title	0	0	YFV2012004 PBMC Day 2
GSM2184871	geo_accession	0	1	GSM2184871
GSM2184871	status	0	2	Public on Jun 25 2017
GSM2184871	submission_date	0	3	Jun 02 2016
GSM2184871	last_update_date	0	4	Jun 26 2017
GSM2184871	type	0	5	RNA
GSM2184871	channel_count	0	6	1
GSM2184871	source_name_ch1	0	7	human Day 2
GSM2184871	organism_ch1	0	8	Homo sapiens
GSM2184871	characteristics_ch1	0	9	subject id: YFV2012004
GSM2184871	characteristics_ch1	1	10	time points: Day 2
GSM2184871	characteristics_ch1	2	11	groups: G4
GSM2184871	characteristics_ch1	3	12	gender: Female
GSM2184871	molecule_ch1	0	13	total RNA
GSM2184871	extract_protocol_ch1	0	14	After PMBC isolation, 1 × 10^6 PBMC cells were lysed in 1 ml of TRIzol (Life technologies, Carlsbad, CA, USA) immediately and stored at -80℃. The samples were thawed and RNA extracted following the manufacturer’s instructions. The quality of the RNA was assessed by using Nanodrop 2000 Spectrometer (Thermo Scientific, MA, USA) as well as by visualization of the integrity of the 28S and 18S band on Agilent Bioanalyzer 2100 (Agilent technologies, Santa Clara, CA, USA).  Qualified total RNA was further purified by RNeasy micro kit (QIAGEN, GmBH, Germany) and removed genomic contamination by RNase-Free DNase Set (QIAGEN, GmBH, Germany).  The purified RNA was stored at -80℃.
GSM2184871	label_ch1	0	15	biotin
GSM2184871	label_protocol_ch1	0	16	Total RNA were amplified, labeled and purified by using the GeneChip 3’IVT Express Kit (Affymetrix, Santa Clara, CA, USA) followed the manufacturer’s instructions to obtain biotin labeled cRNA.
GSM2184871	taxid_ch1	0	17	9606
GSM2184871	hyb_protocol	0	18	After hybridization on Human PrimeView Arrays for 16 h at 45℃ and 60 rpm in Hybridization Oven 640 (Affymetrix, Santa Clara, CA, USA), slides were washed and stained with a Fluidics Station 450 (Affymetrix, Santa Clara, CA, USA).
GSM2184871	scan_protocol	0	19	Scanning was performed on a seventh-generation GeneChip Scanner 3000 (Affymetrix, Santa Clara, CA, USA). Affymetrix GCOS software was used to perform image analysis and generate raw intensity data.
GSM2184871	data_processing	0	20	Initially, data quality was assessed by background level, 3’ labeling bias, RNA quality and pair-wise correlation among samples. For the PrimeView chip, the customized CDF (version 17, ENTREZG) downloaded from the BrainArray website was performed in probe set mapping. IQR was applied for raw data filtering using the genefilter package, and the threshold was set to remove probes/genes with IQR less than the 20th percentile of the IQR’s across all probes/genes. . Normalization was performed with RMA algorithm that includes global background adjustment and quantile normalization. The resulting matrix showed genes as rows and samples as columns was log2 transformed and used as input for linear modeling using the limma package.The limma package was performed to identify differentially expressed genes (DEG) at any time point post immunization, compared with baseline (Day 0). Empirical Bayes moderation of the standard error and Benjamini and Hochberg false-discovery rate (FDR) correction for multiple testing were employed, and the criteria for differentially expressed genes (DEG) were threshold fold change more than 1.5 and BH adjusted FDR less than 0.01.
GSM2184871	platform_id	0	21	GPL21975
GSM2184871	contact_name	0	22	Yiming,,Shao
GSM2184871	contact_email	0	23	yshao@bjmu.edu.cn
GSM2184871	contact_department	0	24	National Center for AIDS/STD Control and Prevention
GSM2184871	contact_institute	0	25	Chinese Center for Disease Control and Prevention
GSM2184871	contact_address	0	26	No. 155 Changbai Road, Changping District
GSM2184871	contact_city	0	27	Beijing
GSM2184871	contact_state	0	28	Beijing
GSM2184871	contact_zip/postal_code	0	29	102206
GSM2184871	contact_country	0	30	China
GSM2184871	supplementary_file	0	31	ftp://ftp.ncbi.nlm.nih.gov/geo/samples/GSM2184nnn/GSM2184871/suppl/GSM2184871_YFV2012004-4.CEL.gz
GSM2184871	data_row_count	0	32	18563
GSM2184872	title	0	0	YFV2012004 PBMC Day 3
GSM2184872	geo_accession	0	1	GSM2184872
GSM2184872	status	0	2	Public on Jun 25 2017
GSM2184872	submission_date	0	3	Jun 02 2016
GSM2184872	last_update_date	0	4	Jun 26 2017
GSM2184872	type	0	5	RNA
GSM2184872	channel_count	0	6	1
GSM2184872	source_name_ch1	0	7	human Day 3
GSM2184872	organism_ch1	0	8	Homo sapiens
GSM2184872	characteristics_ch1	0	9	subject id: YFV2012004
GSM2184872	characteristics_ch1	1	10	time points: Day 3
GSM2184872	characteristics_ch1	2	11	groups: G5
GSM2184872	characteristics_ch1	3	12	gender: Female
GSM2184872	molecule_ch1	0	13	total RNA
GSM2184872	extract_protocol_ch1	0	14	After PMBC isolation, 1 × 10^6 PBMC cells were lysed in 1 ml of TRIzol (Life technologies, Carlsbad, CA, USA) immediately and stored at -80℃. The samples were thawed and RNA extracted following the manufacturer’s instructions. The quality of the RNA was assessed by using Nanodrop 2000 Spectrometer (Thermo Scientific, MA, USA) as well as by visualization of the integrity of the 28S and 18S band on Agilent Bioanalyzer 2100 (Agilent technologies, Santa Clara, CA, USA).  Qualified total RNA was further purified by RNeasy micro kit (QIAGEN, GmBH, Germany) and removed genomic contamination by RNase-Free DNase Set (QIAGEN, GmBH, Germany).  The purified RNA was stored at -80℃.
GSM2184872	label_ch1	0	15	biotin
GSM2184872	label_protocol_ch1	0	16	Total RNA were amplified, labeled and purified by using the GeneChip 3’IVT Express Kit (Affymetrix, Santa Clara, CA, USA) followed the manufacturer’s instructions to obtain biotin labeled cRNA.
GSM2184872	taxid_ch1	0	17	9606
GSM2184872	hyb_protocol	0	18	After hybridization on Human PrimeView Arrays for 16 h at 45℃ and 60 rpm in Hybridization Oven 640 (Affymetrix, Santa Clara, CA, USA), slides were washed and stained with a Fluidics Station 450 (Affymetrix, Santa Clara, CA, USA).
GSM2184872	scan_protocol	0	19	Scanning was performed on a seventh-generation GeneChip Scanner 3000 (Affymetrix, Santa Clara, CA, USA). Affymetrix GCOS software was used to perform image analysis and generate raw intensity data.
GSM2184872	data_processing	0	20	Initially, data quality was assessed by background level, 3’ labeling bias, RNA quality and pair-wise correlation among samples. For the PrimeView chip, the customized CDF (version 17, ENTREZG) downloaded from the BrainArray website was performed in probe set mapping. IQR was applied for raw data filtering using the genefilter package, and the threshold was set to remove probes/genes with IQR less than the 20th percentile of the IQR’s across all probes/genes. . Normalization was performed with RMA algorithm that includes global background adjustment and quantile normalization. The resulting matrix showed genes as rows and samples as columns was log2 transformed and used as input for linear modeling using the limma package.The limma package was performed to identify differentially expressed genes (DEG) at any time point post immunization, compared with baseline (Day 0). Empirical Bayes moderation of the standard error and Benjamini and Hochberg false-discovery rate (FDR) correction for multiple testing were employed, and the criteria for differentially expressed genes (DEG) were threshold fold change more than 1.5 and BH adjusted FDR less than 0.01.
GSM2184872	platform_id	0	21	GPL21975
GSM2184872	contact_name	0	22	Yiming,,Shao
GSM2184872	contact_email	0	23	yshao@bjmu.edu.cn
GSM2184872	contact_department	0	24	National Center for AIDS/STD Control and Prevention
GSM2184872	contact_institute	0	25	Chinese Center for Disease Control and Prevention
GSM2184872	contact_address	0	26	No. 155 Changbai Road, Changping District
GSM2184872	contact_city	0	27	Beijing
GSM2184872	contact_state	0	28	Beijing
GSM2184872	contact_zip/postal_code	0	29	102206
GSM2184872	contact_country	0	30	China
GSM2184872	supplementary_file	0	31	ftp://ftp.ncbi.nlm.nih.gov/geo/samples/GSM2184nnn/GSM2184872/suppl/GSM2184872_YFV2012004-5.CEL.gz
GSM2184872	data_row_count	0	32	18563
GSM2184873	title	0	0	YFV2012004 PBMC Day 5
GSM2184873	geo_accession	0	1	GSM2184873
GSM2184873	status	0	2	Public on Jun 25 2017
GSM2184873	submission_date	0	3	Jun 02 2016
GSM2184873	last_update_date	0	4	Jun 26 2017
GSM2184873	type	0	5	RNA
GSM2184873	channel_count	0	6	1
GSM2184873	source_name_ch1	0	7	human Day 5
GSM2184873	organism_ch1	0	8	Homo sapiens
GSM2184873	characteristics_ch1	0	9	subject id: YFV2012004
GSM2184873	characteristics_ch1	1	10	time points: Day 5
GSM2184873	characteristics_ch1	2	11	groups: G6
GSM2184873	characteristics_ch1	3	12	gender: Female
GSM2184873	molecule_ch1	0	13	total RNA
GSM2184873	extract_protocol_ch1	0	14	After PMBC isolation, 1 × 10^6 PBMC cells were lysed in 1 ml of TRIzol (Life technologies, Carlsbad, CA, USA) immediately and stored at -80℃. The samples were thawed and RNA extracted following the manufacturer’s instructions. The quality of the RNA was assessed by using Nanodrop 2000 Spectrometer (Thermo Scientific, MA, USA) as well as by visualization of the integrity of the 28S and 18S band on Agilent Bioanalyzer 2100 (Agilent technologies, Santa Clara, CA, USA).  Qualified total RNA was further purified by RNeasy micro kit (QIAGEN, GmBH, Germany) and removed genomic contamination by RNase-Free DNase Set (QIAGEN, GmBH, Germany).  The purified RNA was stored at -80℃.
GSM2184873	label_ch1	0	15	biotin
GSM2184873	label_protocol_ch1	0	16	Total RNA were amplified, labeled and purified by using the GeneChip 3’IVT Express Kit (Affymetrix, Santa Clara, CA, USA) followed the manufacturer’s instructions to obtain biotin labeled cRNA.
GSM2184873	taxid_ch1	0	17	9606
GSM2184873	hyb_protocol	0	18	After hybridization on Human PrimeView Arrays for 16 h at 45℃ and 60 rpm in Hybridization Oven 640 (Affymetrix, Santa Clara, CA, USA), slides were washed and stained with a Fluidics Station 450 (Affymetrix, Santa Clara, CA, USA).
GSM2184873	scan_protocol	0	19	Scanning was performed on a seventh-generation GeneChip Scanner 3000 (Affymetrix, Santa Clara, CA, USA). Affymetrix GCOS software was used to perform image analysis and generate raw intensity data.
GSM2184873	data_processing	0	20	Initially, data quality was assessed by background level, 3’ labeling bias, RNA quality and pair-wise correlation among samples. For the PrimeView chip, the customized CDF (version 17, ENTREZG) downloaded from the BrainArray website was performed in probe set mapping. IQR was applied for raw data filtering using the genefilter package, and the threshold was set to remove probes/genes with IQR less than the 20th percentile of the IQR’s across all probes/genes. . Normalization was performed with RMA algorithm that includes global background adjustment and quantile normalization. The resulting matrix showed genes as rows and samples as columns was log2 transformed and used as input for linear modeling using the limma package.The limma package was performed to identify differentially expressed genes (DEG) at any time point post immunization, compared with baseline (Day 0). Empirical Bayes moderation of the standard error and Benjamini and Hochberg false-discovery rate (FDR) correction for multiple testing were employed, and the criteria for differentially expressed genes (DEG) were threshold fold change more than 1.5 and BH adjusted FDR less than 0.01.
GSM2184873	platform_id	0	21	GPL21975
GSM2184873	contact_name	0	22	Yiming,,Shao
GSM2184873	contact_email	0	23	yshao@bjmu.edu.cn
GSM2184873	contact_department	0	24	National Center for AIDS/STD Control and Prevention
GSM2184873	contact_institute	0	25	Chinese Center for Disease Control and Prevention
GSM2184873	contact_address	0	26	No. 155 Changbai Road, Changping District
GSM2184873	contact_city	0	27	Beijing
GSM2184873	contact_state	0	28	Beijing
GSM2184873	contact_zip/postal_code	0	29	102206
GSM2184873	contact_country	0	30	China
GSM2184873	supplementary_file	0	31	ftp://ftp.ncbi.nlm.nih.gov/geo/samples/GSM2184nnn/GSM2184873/suppl/GSM2184873_YFV2012004-6.CEL.gz
GSM2184873	data_row_count	0	32	18563
GSM2184874	title	0	0	YFV2012004 PBMC Day 14
GSM2184874	geo_accession	0	1	GSM2184874
GSM2184874	status	0	2	Public on Jun 25 2017
GSM2184874	submission_date	0	3	Jun 02 2016
GSM2184874	last_update_date	0	4	Jun 26 2017
GSM2184874	type	0	5	RNA
GSM2184874	channel_count	0	6	1
GSM2184874	source_name_ch1	0	7	human Day 14
GSM2184874	organism_ch1	0	8	Homo sapiens
GSM2184874	characteristics_ch1	0	9	subject id: YFV2012004
GSM2184874	characteristics_ch1	1	10	time points: Day 14
GSM2184874	characteristics_ch1	2	11	groups: G8
GSM2184874	characteristics_ch1	3	12	gender: Female
GSM2184874	molecule_ch1	0	13	total RNA
GSM2184874	extract_protocol_ch1	0	14	After PMBC isolation, 1 × 10^6 PBMC cells were lysed in 1 ml of TRIzol (Life technologies, Carlsbad, CA, USA) immediately and stored at -80℃. The samples were thawed and RNA extracted following the manufacturer’s instructions. The quality of the RNA was assessed by using Nanodrop 2000 Spectrometer (Thermo Scientific, MA, USA) as well as by visualization of the integrity of the 28S and 18S band on Agilent Bioanalyzer 2100 (Agilent technologies, Santa Clara, CA, USA).  Qualified total RNA was further purified by RNeasy micro kit (QIAGEN, GmBH, Germany) and removed genomic contamination by RNase-Free DNase Set (QIAGEN, GmBH, Germany).  The purified RNA was stored at -80℃.
GSM2184874	label_ch1	0	15	biotin
GSM2184874	label_protocol_ch1	0	16	Total RNA were amplified, labeled and purified by using the GeneChip 3’IVT Express Kit (Affymetrix, Santa Clara, CA, USA) followed the manufacturer’s instructions to obtain biotin labeled cRNA.
GSM2184874	taxid_ch1	0	17	9606
GSM2184874	hyb_protocol	0	18	After hybridization on Human PrimeView Arrays for 16 h at 45℃ and 60 rpm in Hybridization Oven 640 (Affymetrix, Santa Clara, CA, USA), slides were washed and stained with a Fluidics Station 450 (Affymetrix, Santa Clara, CA, USA).
GSM2184874	scan_protocol	0	19	Scanning was performed on a seventh-generation GeneChip Scanner 3000 (Affymetrix, Santa Clara, CA, USA). Affymetrix GCOS software was used to perform image analysis and generate raw intensity data.
GSM2184874	data_processing	0	20	Initially, data quality was assessed by background level, 3’ labeling bias, RNA quality and pair-wise correlation among samples. For the PrimeView chip, the customized CDF (version 17, ENTREZG) downloaded from the BrainArray website was performed in probe set mapping. IQR was applied for raw data filtering using the genefilter package, and the threshold was set to remove probes/genes with IQR less than the 20th percentile of the IQR’s across all probes/genes. . Normalization was performed with RMA algorithm that includes global background adjustment and quantile normalization. The resulting matrix showed genes as rows and samples as columns was log2 transformed and used as input for linear modeling using the limma package.The limma package was performed to identify differentially expressed genes (DEG) at any time point post immunization, compared with baseline (Day 0). Empirical Bayes moderation of the standard error and Benjamini and Hochberg false-discovery rate (FDR) correction for multiple testing were employed, and the criteria for differentially expressed genes (DEG) were threshold fold change more than 1.5 and BH adjusted FDR less than 0.01.
GSM2184874	platform_id	0	21	GPL21975
GSM2184874	contact_name	0	22	Yiming,,Shao
GSM2184874	contact_email	0	23	yshao@bjmu.edu.cn
GSM2184874	contact_department	0	24	National Center for AIDS/STD Control and Prevention
GSM2184874	contact_institute	0	25	Chinese Center for Disease Control and Prevention
GSM2184874	contact_address	0	26	No. 155 Changbai Road, Changping District
GSM2184874	contact_city	0	27	Beijing
GSM2184874	contact_state	0	28	Beijing
GSM2184874	contact_zip/postal_code	0	29	102206
GSM2184874	contact_country	0	30	China
GSM2184874	supplementary_file	0	31	ftp://ftp.ncbi.nlm.nih.gov/geo/samples/GSM2184nnn/GSM2184874/suppl/GSM2184874_YFV2012004-8.CEL.gz
GSM2184874	data_row_count	0	32	18563
GSM2184875	title	0	0	YFV2012006 PBMC Day 1
GSM2184875	geo_accession	0	1	GSM2184875
GSM2184875	status	0	2	Public on Jun 25 2017
GSM2184875	submission_date	0	3	Jun 02 2016
GSM2184875	last_update_date	0	4	Jun 26 2017
GSM2184875	type	0	5	RNA
GSM2184875	channel_count	0	6	1
GSM2184875	source_name_ch1	0	7	human Day 1
GSM2184875	organism_ch1	0	8	Homo sapiens
GSM2184875	characteristics_ch1	0	9	subject id: YFV2012006
GSM2184875	characteristics_ch1	1	10	time points: Day 1
GSM2184875	characteristics_ch1	2	11	groups: G3
GSM2184875	characteristics_ch1	3	12	gender: Female
GSM2184875	molecule_ch1	0	13	total RNA
GSM2184875	extract_protocol_ch1	0	14	After PMBC isolation, 1 × 10^6 PBMC cells were lysed in 1 ml of TRIzol (Life technologies, Carlsbad, CA, USA) immediately and stored at -80℃. The samples were thawed and RNA extracted following the manufacturer’s instructions. The quality of the RNA was assessed by using Nanodrop 2000 Spectrometer (Thermo Scientific, MA, USA) as well as by visualization of the integrity of the 28S and 18S band on Agilent Bioanalyzer 2100 (Agilent technologies, Santa Clara, CA, USA).  Qualified total RNA was further purified by RNeasy micro kit (QIAGEN, GmBH, Germany) and removed genomic contamination by RNase-Free DNase Set (QIAGEN, GmBH, Germany).  The purified RNA was stored at -80℃.
GSM2184875	label_ch1	0	15	biotin
GSM2184875	label_protocol_ch1	0	16	Total RNA were amplified, labeled and purified by using the GeneChip 3’IVT Express Kit (Affymetrix, Santa Clara, CA, USA) followed the manufacturer’s instructions to obtain biotin labeled cRNA.
GSM2184875	taxid_ch1	0	17	9606
GSM2184875	hyb_protocol	0	18	After hybridization on Human PrimeView Arrays for 16 h at 45℃ and 60 rpm in Hybridization Oven 640 (Affymetrix, Santa Clara, CA, USA), slides were washed and stained with a Fluidics Station 450 (Affymetrix, Santa Clara, CA, USA).
GSM2184875	scan_protocol	0	19	Scanning was performed on a seventh-generation GeneChip Scanner 3000 (Affymetrix, Santa Clara, CA, USA). Affymetrix GCOS software was used to perform image analysis and generate raw intensity data.
GSM2184875	data_processing	0	20	Initially, data quality was assessed by background level, 3’ labeling bias, RNA quality and pair-wise correlation among samples. For the PrimeView chip, the customized CDF (version 17, ENTREZG) downloaded from the BrainArray website was performed in probe set mapping. IQR was applied for raw data filtering using the genefilter package, and the threshold was set to remove probes/genes with IQR less than the 20th percentile of the IQR’s across all probes/genes. . Normalization was performed with RMA algorithm that includes global background adjustment and quantile normalization. The resulting matrix showed genes as rows and samples as columns was log2 transformed and used as input for linear modeling using the limma package.The limma package was performed to identify differentially expressed genes (DEG) at any time point post immunization, compared with baseline (Day 0). Empirical Bayes moderation of the standard error and Benjamini and Hochberg false-discovery rate (FDR) correction for multiple testing were employed, and the criteria for differentially expressed genes (DEG) were threshold fold change more than 1.5 and BH adjusted FDR less than 0.01.
GSM2184875	platform_id	0	21	GPL21975
GSM2184875	contact_name	0	22	Yiming,,Shao
GSM2184875	contact_email	0	23	yshao@bjmu.edu.cn
GSM2184875	contact_department	0	24	National Center for AIDS/STD Control and Prevention
GSM2184875	contact_institute	0	25	Chinese Center for Disease Control and Prevention
GSM2184875	contact_address	0	26	No. 155 Changbai Road, Changping District
GSM2184875	contact_city	0	27	Beijing
GSM2184875	contact_state	0	28	Beijing
GSM2184875	contact_zip/postal_code	0	29	102206
GSM2184875	contact_country	0	30	China
GSM2184875	supplementary_file	0	31	ftp://ftp.ncbi.nlm.nih.gov/geo/samples/GSM2184nnn/GSM2184875/suppl/GSM2184875_YFV2012006-3.CEL.gz
GSM2184875	data_row_count	0	32	18563
GSM2184876	title	0	0	YFV2012006 PBMC Day 2
GSM2184876	geo_accession	0	1	GSM2184876
GSM2184876	status	0	2	Public on Jun 25 2017
GSM2184876	submission_date	0	3	Jun 02 2016
GSM2184876	last_update_date	0	4	Jun 26 2017
GSM2184876	type	0	5	RNA
GSM2184876	channel_count	0	6	1
GSM2184876	source_name_ch1	0	7	human Day 2
GSM2184876	organism_ch1	0	8	Homo sapiens
GSM2184876	characteristics_ch1	0	9	subject id: YFV2012006
GSM2184876	characteristics_ch1	1	10	time points: Day 2
GSM2184876	characteristics_ch1	2	11	groups: G4
GSM2184876	characteristics_ch1	3	12	gender: Female
GSM2184876	molecule_ch1	0	13	total RNA
GSM2184876	extract_protocol_ch1	0	14	After PMBC isolation, 1 × 10^6 PBMC cells were lysed in 1 ml of TRIzol (Life technologies, Carlsbad, CA, USA) immediately and stored at -80℃. The samples were thawed and RNA extracted following the manufacturer’s instructions. The quality of the RNA was assessed by using Nanodrop 2000 Spectrometer (Thermo Scientific, MA, USA) as well as by visualization of the integrity of the 28S and 18S band on Agilent Bioanalyzer 2100 (Agilent technologies, Santa Clara, CA, USA).  Qualified total RNA was further purified by RNeasy micro kit (QIAGEN, GmBH, Germany) and removed genomic contamination by RNase-Free DNase Set (QIAGEN, GmBH, Germany).  The purified RNA was stored at -80℃.
GSM2184876	label_ch1	0	15	biotin
GSM2184876	label_protocol_ch1	0	16	Total RNA were amplified, labeled and purified by using the GeneChip 3’IVT Express Kit (Affymetrix, Santa Clara, CA, USA) followed the manufacturer’s instructions to obtain biotin labeled cRNA.
GSM2184876	taxid_ch1	0	17	9606
GSM2184876	hyb_protocol	0	18	After hybridization on Human PrimeView Arrays for 16 h at 45℃ and 60 rpm in Hybridization Oven 640 (Affymetrix, Santa Clara, CA, USA), slides were washed and stained with a Fluidics Station 450 (Affymetrix, Santa Clara, CA, USA).
GSM2184876	scan_protocol	0	19	Scanning was performed on a seventh-generation GeneChip Scanner 3000 (Affymetrix, Santa Clara, CA, USA). Affymetrix GCOS software was used to perform image analysis and generate raw intensity data.
GSM2184876	data_processing	0	20	Initially, data quality was assessed by background level, 3’ labeling bias, RNA quality and pair-wise correlation among samples. For the PrimeView chip, the customized CDF (version 17, ENTREZG) downloaded from the BrainArray website was performed in probe set mapping. IQR was applied for raw data filtering using the genefilter package, and the threshold was set to remove probes/genes with IQR less than the 20th percentile of the IQR’s across all probes/genes. . Normalization was performed with RMA algorithm that includes global background adjustment and quantile normalization. The resulting matrix showed genes as rows and samples as columns was log2 transformed and used as input for linear modeling using the limma package.The limma package was performed to identify differentially expressed genes (DEG) at any time point post immunization, compared with baseline (Day 0). Empirical Bayes moderation of the standard error and Benjamini and Hochberg false-discovery rate (FDR) correction for multiple testing were employed, and the criteria for differentially expressed genes (DEG) were threshold fold change more than 1.5 and BH adjusted FDR less than 0.01.
GSM2184876	platform_id	0	21	GPL21975
GSM2184876	contact_name	0	22	Yiming,,Shao
GSM2184876	contact_email	0	23	yshao@bjmu.edu.cn
GSM2184876	contact_department	0	24	National Center for AIDS/STD Control and Prevention
GSM2184876	contact_institute	0	25	Chinese Center for Disease Control and Prevention
GSM2184876	contact_address	0	26	No. 155 Changbai Road, Changping District
GSM2184876	contact_city	0	27	Beijing
GSM2184876	contact_state	0	28	Beijing
GSM2184876	contact_zip/postal_code	0	29	102206
GSM2184876	contact_country	0	30	China
GSM2184876	supplementary_file	0	31	ftp://ftp.ncbi.nlm.nih.gov/geo/samples/GSM2184nnn/GSM2184876/suppl/GSM2184876_YFV2012006-4.CEL.gz
GSM2184876	data_row_count	0	32	18563
GSM2184877	title	0	0	YFV2012006 PBMC Day 3
GSM2184877	geo_accession	0	1	GSM2184877
GSM2184877	status	0	2	Public on Jun 25 2017
GSM2184877	submission_date	0	3	Jun 02 2016
GSM2184877	last_update_date	0	4	Jun 26 2017
GSM2184877	type	0	5	RNA
GSM2184877	channel_count	0	6	1
GSM2184877	source_name_ch1	0	7	human Day 3
GSM2184877	organism_ch1	0	8	Homo sapiens
GSM2184877	characteristics_ch1	0	9	subject id: YFV2012006
GSM2184877	characteristics_ch1	1	10	time points: Day 3
GSM2184877	characteristics_ch1	2	11	groups: G5
GSM2184877	characteristics_ch1	3	12	gender: Female
GSM2184877	molecule_ch1	0	13	total RNA
GSM2184877	extract_protocol_ch1	0	14	After PMBC isolation, 1 × 10^6 PBMC cells were lysed in 1 ml of TRIzol (Life technologies, Carlsbad, CA, USA) immediately and stored at -80℃. The samples were thawed and RNA extracted following the manufacturer’s instructions. The quality of the RNA was assessed by using Nanodrop 2000 Spectrometer (Thermo Scientific, MA, USA) as well as by visualization of the integrity of the 28S and 18S band on Agilent Bioanalyzer 2100 (Agilent technologies, Santa Clara, CA, USA).  Qualified total RNA was further purified by RNeasy micro kit (QIAGEN, GmBH, Germany) and removed genomic contamination by RNase-Free DNase Set (QIAGEN, GmBH, Germany).  The purified RNA was stored at -80℃.
GSM2184877	label_ch1	0	15	biotin
GSM2184877	label_protocol_ch1	0	16	Total RNA were amplified, labeled and purified by using the GeneChip 3’IVT Express Kit (Affymetrix, Santa Clara, CA, USA) followed the manufacturer’s instructions to obtain biotin labeled cRNA.
GSM2184877	taxid_ch1	0	17	9606
GSM2184877	hyb_protocol	0	18	After hybridization on Human PrimeView Arrays for 16 h at 45℃ and 60 rpm in Hybridization Oven 640 (Affymetrix, Santa Clara, CA, USA), slides were washed and stained with a Fluidics Station 450 (Affymetrix, Santa Clara, CA, USA).
GSM2184877	scan_protocol	0	19	Scanning was performed on a seventh-generation GeneChip Scanner 3000 (Affymetrix, Santa Clara, CA, USA). Affymetrix GCOS software was used to perform image analysis and generate raw intensity data.
GSM2184877	data_processing	0	20	Initially, data quality was assessed by background level, 3’ labeling bias, RNA quality and pair-wise correlation among samples. For the PrimeView chip, the customized CDF (version 17, ENTREZG) downloaded from the BrainArray website was performed in probe set mapping. IQR was applied for raw data filtering using the genefilter package, and the threshold was set to remove probes/genes with IQR less than the 20th percentile of the IQR’s across all probes/genes. . Normalization was performed with RMA algorithm that includes global background adjustment and quantile normalization. The resulting matrix showed genes as rows and samples as columns was log2 transformed and used as input for linear modeling using the limma package.The limma package was performed to identify differentially expressed genes (DEG) at any time point post immunization, compared with baseline (Day 0). Empirical Bayes moderation of the standard error and Benjamini and Hochberg false-discovery rate (FDR) correction for multiple testing were employed, and the criteria for differentially expressed genes (DEG) were threshold fold change more than 1.5 and BH adjusted FDR less than 0.01.
GSM2184877	platform_id	0	21	GPL21975
GSM2184877	contact_name	0	22	Yiming,,Shao
GSM2184877	contact_email	0	23	yshao@bjmu.edu.cn
GSM2184877	contact_department	0	24	National Center for AIDS/STD Control and Prevention
GSM2184877	contact_institute	0	25	Chinese Center for Disease Control and Prevention
GSM2184877	contact_address	0	26	No. 155 Changbai Road, Changping District
GSM2184877	contact_city	0	27	Beijing
GSM2184877	contact_state	0	28	Beijing
GSM2184877	contact_zip/postal_code	0	29	102206
GSM2184877	contact_country	0	30	China
GSM2184877	supplementary_file	0	31	ftp://ftp.ncbi.nlm.nih.gov/geo/samples/GSM2184nnn/GSM2184877/suppl/GSM2184877_YFV2012006-5.CEL.gz
GSM2184877	data_row_count	0	32	18563
GSM2184878	title	0	0	YFV2012006 PBMC Day 5
GSM2184878	geo_accession	0	1	GSM2184878
GSM2184878	status	0	2	Public on Jun 25 2017
GSM2184878	submission_date	0	3	Jun 02 2016
GSM2184878	last_update_date	0	4	Jun 26 2017
GSM2184878	type	0	5	RNA
GSM2184878	channel_count	0	6	1
GSM2184878	source_name_ch1	0	7	human Day 5
GSM2184878	organism_ch1	0	8	Homo sapiens
GSM2184878	characteristics_ch1	0	9	subject id: YFV2012006
GSM2184878	characteristics_ch1	1	10	time points: Day 5
GSM2184878	characteristics_ch1	2	11	groups: G6
GSM2184878	characteristics_ch1	3	12	gender: Female
GSM2184878	molecule_ch1	0	13	total RNA
GSM2184878	extract_protocol_ch1	0	14	After PMBC isolation, 1 × 10^6 PBMC cells were lysed in 1 ml of TRIzol (Life technologies, Carlsbad, CA, USA) immediately and stored at -80℃. The samples were thawed and RNA extracted following the manufacturer’s instructions. The quality of the RNA was assessed by using Nanodrop 2000 Spectrometer (Thermo Scientific, MA, USA) as well as by visualization of the integrity of the 28S and 18S band on Agilent Bioanalyzer 2100 (Agilent technologies, Santa Clara, CA, USA).  Qualified total RNA was further purified by RNeasy micro kit (QIAGEN, GmBH, Germany) and removed genomic contamination by RNase-Free DNase Set (QIAGEN, GmBH, Germany).  The purified RNA was stored at -80℃.
GSM2184878	label_ch1	0	15	biotin
GSM2184878	label_protocol_ch1	0	16	Total RNA were amplified, labeled and purified by using the GeneChip 3’IVT Express Kit (Affymetrix, Santa Clara, CA, USA) followed the manufacturer’s instructions to obtain biotin labeled cRNA.
GSM2184878	taxid_ch1	0	17	9606
GSM2184878	hyb_protocol	0	18	After hybridization on Human PrimeView Arrays for 16 h at 45℃ and 60 rpm in Hybridization Oven 640 (Affymetrix, Santa Clara, CA, USA), slides were washed and stained with a Fluidics Station 450 (Affymetrix, Santa Clara, CA, USA).
GSM2184878	scan_protocol	0	19	Scanning was performed on a seventh-generation GeneChip Scanner 3000 (Affymetrix, Santa Clara, CA, USA). Affymetrix GCOS software was used to perform image analysis and generate raw intensity data.
GSM2184878	data_processing	0	20	Initially, data quality was assessed by background level, 3’ labeling bias, RNA quality and pair-wise correlation among samples. For the PrimeView chip, the customized CDF (version 17, ENTREZG) downloaded from the BrainArray website was performed in probe set mapping. IQR was applied for raw data filtering using the genefilter package, and the threshold was set to remove probes/genes with IQR less than the 20th percentile of the IQR’s across all probes/genes. . Normalization was performed with RMA algorithm that includes global background adjustment and quantile normalization. The resulting matrix showed genes as rows and samples as columns was log2 transformed and used as input for linear modeling using the limma package.The limma package was performed to identify differentially expressed genes (DEG) at any time point post immunization, compared with baseline (Day 0). Empirical Bayes moderation of the standard error and Benjamini and Hochberg false-discovery rate (FDR) correction for multiple testing were employed, and the criteria for differentially expressed genes (DEG) were threshold fold change more than 1.5 and BH adjusted FDR less than 0.01.
GSM2184878	platform_id	0	21	GPL21975
GSM2184878	contact_name	0	22	Yiming,,Shao
GSM2184878	contact_email	0	23	yshao@bjmu.edu.cn
GSM2184878	contact_department	0	24	National Center for AIDS/STD Control and Prevention
GSM2184878	contact_institute	0	25	Chinese Center for Disease Control and Prevention
GSM2184878	contact_address	0	26	No. 155 Changbai Road, Changping District
GSM2184878	contact_city	0	27	Beijing
GSM2184878	contact_state	0	28	Beijing
GSM2184878	contact_zip/postal_code	0	29	102206
GSM2184878	contact_country	0	30	China
GSM2184878	supplementary_file	0	31	ftp://ftp.ncbi.nlm.nih.gov/geo/samples/GSM2184nnn/GSM2184878/suppl/GSM2184878_YFV2012006-6.CEL.gz
GSM2184878	data_row_count	0	32	18563
GSM2184879	title	0	0	YFV2012006 PBMC Day 14
GSM2184879	geo_accession	0	1	GSM2184879
GSM2184879	status	0	2	Public on Jun 25 2017
GSM2184879	submission_date	0	3	Jun 02 2016
GSM2184879	last_update_date	0	4	Jun 26 2017
GSM2184879	type	0	5	RNA
GSM2184879	channel_count	0	6	1
GSM2184879	source_name_ch1	0	7	human Day 14
GSM2184879	organism_ch1	0	8	Homo sapiens
GSM2184879	characteristics_ch1	0	9	subject id: YFV2012006
GSM2184879	characteristics_ch1	1	10	time points: Day 14
GSM2184879	characteristics_ch1	2	11	groups: G8
GSM2184879	characteristics_ch1	3	12	gender: Female
GSM2184879	molecule_ch1	0	13	total RNA
GSM2184879	extract_protocol_ch1	0	14	After PMBC isolation, 1 × 10^6 PBMC cells were lysed in 1 ml of TRIzol (Life technologies, Carlsbad, CA, USA) immediately and stored at -80℃. The samples were thawed and RNA extracted following the manufacturer’s instructions. The quality of the RNA was assessed by using Nanodrop 2000 Spectrometer (Thermo Scientific, MA, USA) as well as by visualization of the integrity of the 28S and 18S band on Agilent Bioanalyzer 2100 (Agilent technologies, Santa Clara, CA, USA).  Qualified total RNA was further purified by RNeasy micro kit (QIAGEN, GmBH, Germany) and removed genomic contamination by RNase-Free DNase Set (QIAGEN, GmBH, Germany).  The purified RNA was stored at -80℃.
GSM2184879	label_ch1	0	15	biotin
GSM2184879	label_protocol_ch1	0	16	Total RNA were amplified, labeled and purified by using the GeneChip 3’IVT Express Kit (Affymetrix, Santa Clara, CA, USA) followed the manufacturer’s instructions to obtain biotin labeled cRNA.
GSM2184879	taxid_ch1	0	17	9606
GSM2184879	hyb_protocol	0	18	After hybridization on Human PrimeView Arrays for 16 h at 45℃ and 60 rpm in Hybridization Oven 640 (Affymetrix, Santa Clara, CA, USA), slides were washed and stained with a Fluidics Station 450 (Affymetrix, Santa Clara, CA, USA).
GSM2184879	scan_protocol	0	19	Scanning was performed on a seventh-generation GeneChip Scanner 3000 (Affymetrix, Santa Clara, CA, USA). Affymetrix GCOS software was used to perform image analysis and generate raw intensity data.
GSM2184879	data_processing	0	20	Initially, data quality was assessed by background level, 3’ labeling bias, RNA quality and pair-wise correlation among samples. For the PrimeView chip, the customized CDF (version 17, ENTREZG) downloaded from the BrainArray website was performed in probe set mapping. IQR was applied for raw data filtering using the genefilter package, and the threshold was set to remove probes/genes with IQR less than the 20th percentile of the IQR’s across all probes/genes. . Normalization was performed with RMA algorithm that includes global background adjustment and quantile normalization. The resulting matrix showed genes as rows and samples as columns was log2 transformed and used as input for linear modeling using the limma package.The limma package was performed to identify differentially expressed genes (DEG) at any time point post immunization, compared with baseline (Day 0). Empirical Bayes moderation of the standard error and Benjamini and Hochberg false-discovery rate (FDR) correction for multiple testing were employed, and the criteria for differentially expressed genes (DEG) were threshold fold change more than 1.5 and BH adjusted FDR less than 0.01.
GSM2184879	platform_id	0	21	GPL21975
GSM2184879	contact_name	0	22	Yiming,,Shao
GSM2184879	contact_email	0	23	yshao@bjmu.edu.cn
GSM2184879	contact_department	0	24	National Center for AIDS/STD Control and Prevention
GSM2184879	contact_institute	0	25	Chinese Center for Disease Control and Prevention
GSM2184879	contact_address	0	26	No. 155 Changbai Road, Changping District
GSM2184879	contact_city	0	27	Beijing
GSM2184879	contact_state	0	28	Beijing
GSM2184879	contact_zip/postal_code	0	29	102206
GSM2184879	contact_country	0	30	China
GSM2184879	supplementary_file	0	31	ftp://ftp.ncbi.nlm.nih.gov/geo/samples/GSM2184nnn/GSM2184879/suppl/GSM2184879_YFV2012006-8.CEL.gz
GSM2184879	data_row_count	0	32	18563
GSM2184880	title	0	0	YFV2012007 PBMC Day 1
GSM2184880	geo_accession	0	1	GSM2184880
GSM2184880	status	0	2	Public on Jun 25 2017
GSM2184880	submission_date	0	3	Jun 02 2016
GSM2184880	last_update_date	0	4	Jun 26 2017
GSM2184880	type	0	5	RNA
GSM2184880	channel_count	0	6	1
GSM2184880	source_name_ch1	0	7	human Day 1
GSM2184880	organism_ch1	0	8	Homo sapiens
GSM2184880	characteristics_ch1	0	9	subject id: YFV2012007
GSM2184880	characteristics_ch1	1	10	time points: Day 1
GSM2184880	characteristics_ch1	2	11	groups: G3
GSM2184880	characteristics_ch1	3	12	gender: Female
GSM2184880	molecule_ch1	0	13	total RNA
GSM2184880	extract_protocol_ch1	0	14	After PMBC isolation, 1 × 10^6 PBMC cells were lysed in 1 ml of TRIzol (Life technologies, Carlsbad, CA, USA) immediately and stored at -80℃. The samples were thawed and RNA extracted following the manufacturer’s instructions. The quality of the RNA was assessed by using Nanodrop 2000 Spectrometer (Thermo Scientific, MA, USA) as well as by visualization of the integrity of the 28S and 18S band on Agilent Bioanalyzer 2100 (Agilent technologies, Santa Clara, CA, USA).  Qualified total RNA was further purified by RNeasy micro kit (QIAGEN, GmBH, Germany) and removed genomic contamination by RNase-Free DNase Set (QIAGEN, GmBH, Germany).  The purified RNA was stored at -80℃.
GSM2184880	label_ch1	0	15	biotin
GSM2184880	label_protocol_ch1	0	16	Total RNA were amplified, labeled and purified by using the GeneChip 3’IVT Express Kit (Affymetrix, Santa Clara, CA, USA) followed the manufacturer’s instructions to obtain biotin labeled cRNA.
GSM2184880	taxid_ch1	0	17	9606
GSM2184880	hyb_protocol	0	18	After hybridization on Human PrimeView Arrays for 16 h at 45℃ and 60 rpm in Hybridization Oven 640 (Affymetrix, Santa Clara, CA, USA), slides were washed and stained with a Fluidics Station 450 (Affymetrix, Santa Clara, CA, USA).
GSM2184880	scan_protocol	0	19	Scanning was performed on a seventh-generation GeneChip Scanner 3000 (Affymetrix, Santa Clara, CA, USA). Affymetrix GCOS software was used to perform image analysis and generate raw intensity data.
GSM2184880	data_processing	0	20	Initially, data quality was assessed by background level, 3’ labeling bias, RNA quality and pair-wise correlation among samples. For the PrimeView chip, the customized CDF (version 17, ENTREZG) downloaded from the BrainArray website was performed in probe set mapping. IQR was applied for raw data filtering using the genefilter package, and the threshold was set to remove probes/genes with IQR less than the 20th percentile of the IQR’s across all probes/genes. . Normalization was performed with RMA algorithm that includes global background adjustment and quantile normalization. The resulting matrix showed genes as rows and samples as columns was log2 transformed and used as input for linear modeling using the limma package.The limma package was performed to identify differentially expressed genes (DEG) at any time point post immunization, compared with baseline (Day 0). Empirical Bayes moderation of the standard error and Benjamini and Hochberg false-discovery rate (FDR) correction for multiple testing were employed, and the criteria for differentially expressed genes (DEG) were threshold fold change more than 1.5 and BH adjusted FDR less than 0.01.
GSM2184880	platform_id	0	21	GPL21975
GSM2184880	contact_name	0	22	Yiming,,Shao
GSM2184880	contact_email	0	23	yshao@bjmu.edu.cn
GSM2184880	contact_department	0	24	National Center for AIDS/STD Control and Prevention
GSM2184880	contact_institute	0	25	Chinese Center for Disease Control and Prevention
GSM2184880	contact_address	0	26	No. 155 Changbai Road, Changping District
GSM2184880	contact_city	0	27	Beijing
GSM2184880	contact_state	0	28	Beijing
GSM2184880	contact_zip/postal_code	0	29	102206
GSM2184880	contact_country	0	30	China
GSM2184880	supplementary_file	0	31	ftp://ftp.ncbi.nlm.nih.gov/geo/samples/GSM2184nnn/GSM2184880/suppl/GSM2184880_YFV2012007-3.CEL.gz
GSM2184880	data_row_count	0	32	18563
GSM2184881	title	0	0	YFV2012007 PBMC Day 2
GSM2184881	geo_accession	0	1	GSM2184881
GSM2184881	status	0	2	Public on Jun 25 2017
GSM2184881	submission_date	0	3	Jun 02 2016
GSM2184881	last_update_date	0	4	Jun 26 2017
GSM2184881	type	0	5	RNA
GSM2184881	channel_count	0	6	1
GSM2184881	source_name_ch1	0	7	human Day 2
GSM2184881	organism_ch1	0	8	Homo sapiens
GSM2184881	characteristics_ch1	0	9	subject id: YFV2012007
GSM2184881	characteristics_ch1	1	10	time points: Day 2
GSM2184881	characteristics_ch1	2	11	groups: G4
GSM2184881	characteristics_ch1	3	12	gender: Female
GSM2184881	molecule_ch1	0	13	total RNA
GSM2184881	extract_protocol_ch1	0	14	After PMBC isolation, 1 × 10^6 PBMC cells were lysed in 1 ml of TRIzol (Life technologies, Carlsbad, CA, USA) immediately and stored at -80℃. The samples were thawed and RNA extracted following the manufacturer’s instructions. The quality of the RNA was assessed by using Nanodrop 2000 Spectrometer (Thermo Scientific, MA, USA) as well as by visualization of the integrity of the 28S and 18S band on Agilent Bioanalyzer 2100 (Agilent technologies, Santa Clara, CA, USA).  Qualified total RNA was further purified by RNeasy micro kit (QIAGEN, GmBH, Germany) and removed genomic contamination by RNase-Free DNase Set (QIAGEN, GmBH, Germany).  The purified RNA was stored at -80℃.
GSM2184881	label_ch1	0	15	biotin
GSM2184881	label_protocol_ch1	0	16	Total RNA were amplified, labeled and purified by using the GeneChip 3’IVT Express Kit (Affymetrix, Santa Clara, CA, USA) followed the manufacturer’s instructions to obtain biotin labeled cRNA.
GSM2184881	taxid_ch1	0	17	9606
GSM2184881	hyb_protocol	0	18	After hybridization on Human PrimeView Arrays for 16 h at 45℃ and 60 rpm in Hybridization Oven 640 (Affymetrix, Santa Clara, CA, USA), slides were washed and stained with a Fluidics Station 450 (Affymetrix, Santa Clara, CA, USA).
GSM2184881	scan_protocol	0	19	Scanning was performed on a seventh-generation GeneChip Scanner 3000 (Affymetrix, Santa Clara, CA, USA). Affymetrix GCOS software was used to perform image analysis and generate raw intensity data.
GSM2184881	data_processing	0	20	Initially, data quality was assessed by background level, 3’ labeling bias, RNA quality and pair-wise correlation among samples. For the PrimeView chip, the customized CDF (version 17, ENTREZG) downloaded from the BrainArray website was performed in probe set mapping. IQR was applied for raw data filtering using the genefilter package, and the threshold was set to remove probes/genes with IQR less than the 20th percentile of the IQR’s across all probes/genes. . Normalization was performed with RMA algorithm that includes global background adjustment and quantile normalization. The resulting matrix showed genes as rows and samples as columns was log2 transformed and used as input for linear modeling using the limma package.The limma package was performed to identify differentially expressed genes (DEG) at any time point post immunization, compared with baseline (Day 0). Empirical Bayes moderation of the standard error and Benjamini and Hochberg false-discovery rate (FDR) correction for multiple testing were employed, and the criteria for differentially expressed genes (DEG) were threshold fold change more than 1.5 and BH adjusted FDR less than 0.01.
GSM2184881	platform_id	0	21	GPL21975
GSM2184881	contact_name	0	22	Yiming,,Shao
GSM2184881	contact_email	0	23	yshao@bjmu.edu.cn
GSM2184881	contact_department	0	24	National Center for AIDS/STD Control and Prevention
GSM2184881	contact_institute	0	25	Chinese Center for Disease Control and Prevention
GSM2184881	contact_address	0	26	No. 155 Changbai Road, Changping District
GSM2184881	contact_city	0	27	Beijing
GSM2184881	contact_state	0	28	Beijing
GSM2184881	contact_zip/postal_code	0	29	102206
GSM2184881	contact_country	0	30	China
GSM2184881	supplementary_file	0	31	ftp://ftp.ncbi.nlm.nih.gov/geo/samples/GSM2184nnn/GSM2184881/suppl/GSM2184881_YFV2012007-4.CEL.gz
GSM2184881	data_row_count	0	32	18563
GSM2184882	title	0	0	YFV2012007 PBMC Day 3
GSM2184882	geo_accession	0	1	GSM2184882
GSM2184882	status	0	2	Public on Jun 25 2017
GSM2184882	submission_date	0	3	Jun 02 2016
GSM2184882	last_update_date	0	4	Jun 26 2017
GSM2184882	type	0	5	RNA
GSM2184882	channel_count	0	6	1
GSM2184882	source_name_ch1	0	7	human Day 3
GSM2184882	organism_ch1	0	8	Homo sapiens
GSM2184882	characteristics_ch1	0	9	subject id: YFV2012007
GSM2184882	characteristics_ch1	1	10	time points: Day 3
GSM2184882	characteristics_ch1	2	11	groups: G5
GSM2184882	characteristics_ch1	3	12	gender: Female
GSM2184882	molecule_ch1	0	13	total RNA
GSM2184882	extract_protocol_ch1	0	14	After PMBC isolation, 1 × 10^6 PBMC cells were lysed in 1 ml of TRIzol (Life technologies, Carlsbad, CA, USA) immediately and stored at -80℃. The samples were thawed and RNA extracted following the manufacturer’s instructions. The quality of the RNA was assessed by using Nanodrop 2000 Spectrometer (Thermo Scientific, MA, USA) as well as by visualization of the integrity of the 28S and 18S band on Agilent Bioanalyzer 2100 (Agilent technologies, Santa Clara, CA, USA).  Qualified total RNA was further purified by RNeasy micro kit (QIAGEN, GmBH, Germany) and removed genomic contamination by RNase-Free DNase Set (QIAGEN, GmBH, Germany).  The purified RNA was stored at -80℃.
GSM2184882	label_ch1	0	15	biotin
GSM2184882	label_protocol_ch1	0	16	Total RNA were amplified, labeled and purified by using the GeneChip 3’IVT Express Kit (Affymetrix, Santa Clara, CA, USA) followed the manufacturer’s instructions to obtain biotin labeled cRNA.
GSM2184882	taxid_ch1	0	17	9606
GSM2184882	hyb_protocol	0	18	After hybridization on Human PrimeView Arrays for 16 h at 45℃ and 60 rpm in Hybridization Oven 640 (Affymetrix, Santa Clara, CA, USA), slides were washed and stained with a Fluidics Station 450 (Affymetrix, Santa Clara, CA, USA).
GSM2184882	scan_protocol	0	19	Scanning was performed on a seventh-generation GeneChip Scanner 3000 (Affymetrix, Santa Clara, CA, USA). Affymetrix GCOS software was used to perform image analysis and generate raw intensity data.
GSM2184882	data_processing	0	20	Initially, data quality was assessed by background level, 3’ labeling bias, RNA quality and pair-wise correlation among samples. For the PrimeView chip, the customized CDF (version 17, ENTREZG) downloaded from the BrainArray website was performed in probe set mapping. IQR was applied for raw data filtering using the genefilter package, and the threshold was set to remove probes/genes with IQR less than the 20th percentile of the IQR’s across all probes/genes. . Normalization was performed with RMA algorithm that includes global background adjustment and quantile normalization. The resulting matrix showed genes as rows and samples as columns was log2 transformed and used as input for linear modeling using the limma package.The limma package was performed to identify differentially expressed genes (DEG) at any time point post immunization, compared with baseline (Day 0). Empirical Bayes moderation of the standard error and Benjamini and Hochberg false-discovery rate (FDR) correction for multiple testing were employed, and the criteria for differentially expressed genes (DEG) were threshold fold change more than 1.5 and BH adjusted FDR less than 0.01.
GSM2184882	platform_id	0	21	GPL21975
GSM2184882	contact_name	0	22	Yiming,,Shao
GSM2184882	contact_email	0	23	yshao@bjmu.edu.cn
GSM2184882	contact_department	0	24	National Center for AIDS/STD Control and Prevention
GSM2184882	contact_institute	0	25	Chinese Center for Disease Control and Prevention
GSM2184882	contact_address	0	26	No. 155 Changbai Road, Changping District
GSM2184882	contact_city	0	27	Beijing
GSM2184882	contact_state	0	28	Beijing
GSM2184882	contact_zip/postal_code	0	29	102206
GSM2184882	contact_country	0	30	China
GSM2184882	supplementary_file	0	31	ftp://ftp.ncbi.nlm.nih.gov/geo/samples/GSM2184nnn/GSM2184882/suppl/GSM2184882_YFV2012007-5.CEL.gz
GSM2184882	data_row_count	0	32	18563
GSM2184883	title	0	0	YFV2012007 PBMC Day 5
GSM2184883	geo_accession	0	1	GSM2184883
GSM2184883	status	0	2	Public on Jun 25 2017
GSM2184883	submission_date	0	3	Jun 02 2016
GSM2184883	last_update_date	0	4	Jun 26 2017
GSM2184883	type	0	5	RNA
GSM2184883	channel_count	0	6	1
GSM2184883	source_name_ch1	0	7	human Day 5
GSM2184883	organism_ch1	0	8	Homo sapiens
GSM2184883	characteristics_ch1	0	9	subject id: YFV2012007
GSM2184883	characteristics_ch1	1	10	time points: Day 5
GSM2184883	characteristics_ch1	2	11	groups: G6
GSM2184883	characteristics_ch1	3	12	gender: Female
GSM2184883	molecule_ch1	0	13	total RNA
GSM2184883	extract_protocol_ch1	0	14	After PMBC isolation, 1 × 10^6 PBMC cells were lysed in 1 ml of TRIzol (Life technologies, Carlsbad, CA, USA) immediately and stored at -80℃. The samples were thawed and RNA extracted following the manufacturer’s instructions. The quality of the RNA was assessed by using Nanodrop 2000 Spectrometer (Thermo Scientific, MA, USA) as well as by visualization of the integrity of the 28S and 18S band on Agilent Bioanalyzer 2100 (Agilent technologies, Santa Clara, CA, USA).  Qualified total RNA was further purified by RNeasy micro kit (QIAGEN, GmBH, Germany) and removed genomic contamination by RNase-Free DNase Set (QIAGEN, GmBH, Germany).  The purified RNA was stored at -80℃.
GSM2184883	label_ch1	0	15	biotin
GSM2184883	label_protocol_ch1	0	16	Total RNA were amplified, labeled and purified by using the GeneChip 3’IVT Express Kit (Affymetrix, Santa Clara, CA, USA) followed the manufacturer’s instructions to obtain biotin labeled cRNA.
GSM2184883	taxid_ch1	0	17	9606
GSM2184883	hyb_protocol	0	18	After hybridization on Human PrimeView Arrays for 16 h at 45℃ and 60 rpm in Hybridization Oven 640 (Affymetrix, Santa Clara, CA, USA), slides were washed and stained with a Fluidics Station 450 (Affymetrix, Santa Clara, CA, USA).
GSM2184883	scan_protocol	0	19	Scanning was performed on a seventh-generation GeneChip Scanner 3000 (Affymetrix, Santa Clara, CA, USA). Affymetrix GCOS software was used to perform image analysis and generate raw intensity data.
GSM2184883	data_processing	0	20	Initially, data quality was assessed by background level, 3’ labeling bias, RNA quality and pair-wise correlation among samples. For the PrimeView chip, the customized CDF (version 17, ENTREZG) downloaded from the BrainArray website was performed in probe set mapping. IQR was applied for raw data filtering using the genefilter package, and the threshold was set to remove probes/genes with IQR less than the 20th percentile of the IQR’s across all probes/genes. . Normalization was performed with RMA algorithm that includes global background adjustment and quantile normalization. The resulting matrix showed genes as rows and samples as columns was log2 transformed and used as input for linear modeling using the limma package.The limma package was performed to identify differentially expressed genes (DEG) at any time point post immunization, compared with baseline (Day 0). Empirical Bayes moderation of the standard error and Benjamini and Hochberg false-discovery rate (FDR) correction for multiple testing were employed, and the criteria for differentially expressed genes (DEG) were threshold fold change more than 1.5 and BH adjusted FDR less than 0.01.
GSM2184883	platform_id	0	21	GPL21975
GSM2184883	contact_name	0	22	Yiming,,Shao
GSM2184883	contact_email	0	23	yshao@bjmu.edu.cn
GSM2184883	contact_department	0	24	National Center for AIDS/STD Control and Prevention
GSM2184883	contact_institute	0	25	Chinese Center for Disease Control and Prevention
GSM2184883	contact_address	0	26	No. 155 Changbai Road, Changping District
GSM2184883	contact_city	0	27	Beijing
GSM2184883	contact_state	0	28	Beijing
GSM2184883	contact_zip/postal_code	0	29	102206
GSM2184883	contact_country	0	30	China
GSM2184883	supplementary_file	0	31	ftp://ftp.ncbi.nlm.nih.gov/geo/samples/GSM2184nnn/GSM2184883/suppl/GSM2184883_YFV2012007-6.CEL.gz
GSM2184883	data_row_count	0	32	18563
GSM2184884	title	0	0	YFV2012007 PBMC Day 14
GSM2184884	geo_accession	0	1	GSM2184884
GSM2184884	status	0	2	Public on Jun 25 2017
GSM2184884	submission_date	0	3	Jun 02 2016
GSM2184884	last_update_date	0	4	Jun 26 2017
GSM2184884	type	0	5	RNA
GSM2184884	channel_count	0	6	1
GSM2184884	source_name_ch1	0	7	human Day 14
GSM2184884	organism_ch1	0	8	Homo sapiens
GSM2184884	characteristics_ch1	0	9	subject id: YFV2012007
GSM2184884	characteristics_ch1	1	10	time points: Day 14
GSM2184884	characteristics_ch1	2	11	groups: G8
GSM2184884	characteristics_ch1	3	12	gender: Female
GSM2184884	molecule_ch1	0	13	total RNA
GSM2184884	extract_protocol_ch1	0	14	After PMBC isolation, 1 × 10^6 PBMC cells were lysed in 1 ml of TRIzol (Life technologies, Carlsbad, CA, USA) immediately and stored at -80℃. The samples were thawed and RNA extracted following the manufacturer’s instructions. The quality of the RNA was assessed by using Nanodrop 2000 Spectrometer (Thermo Scientific, MA, USA) as well as by visualization of the integrity of the 28S and 18S band on Agilent Bioanalyzer 2100 (Agilent technologies, Santa Clara, CA, USA).  Qualified total RNA was further purified by RNeasy micro kit (QIAGEN, GmBH, Germany) and removed genomic contamination by RNase-Free DNase Set (QIAGEN, GmBH, Germany).  The purified RNA was stored at -80℃.
GSM2184884	label_ch1	0	15	biotin
GSM2184884	label_protocol_ch1	0	16	Total RNA were amplified, labeled and purified by using the GeneChip 3’IVT Express Kit (Affymetrix, Santa Clara, CA, USA) followed the manufacturer’s instructions to obtain biotin labeled cRNA.
GSM2184884	taxid_ch1	0	17	9606
GSM2184884	hyb_protocol	0	18	After hybridization on Human PrimeView Arrays for 16 h at 45℃ and 60 rpm in Hybridization Oven 640 (Affymetrix, Santa Clara, CA, USA), slides were washed and stained with a Fluidics Station 450 (Affymetrix, Santa Clara, CA, USA).
GSM2184884	scan_protocol	0	19	Scanning was performed on a seventh-generation GeneChip Scanner 3000 (Affymetrix, Santa Clara, CA, USA). Affymetrix GCOS software was used to perform image analysis and generate raw intensity data.
GSM2184884	data_processing	0	20	Initially, data quality was assessed by background level, 3’ labeling bias, RNA quality and pair-wise correlation among samples. For the PrimeView chip, the customized CDF (version 17, ENTREZG) downloaded from the BrainArray website was performed in probe set mapping. IQR was applied for raw data filtering using the genefilter package, and the threshold was set to remove probes/genes with IQR less than the 20th percentile of the IQR’s across all probes/genes. . Normalization was performed with RMA algorithm that includes global background adjustment and quantile normalization. The resulting matrix showed genes as rows and samples as columns was log2 transformed and used as input for linear modeling using the limma package.The limma package was performed to identify differentially expressed genes (DEG) at any time point post immunization, compared with baseline (Day 0). Empirical Bayes moderation of the standard error and Benjamini and Hochberg false-discovery rate (FDR) correction for multiple testing were employed, and the criteria for differentially expressed genes (DEG) were threshold fold change more than 1.5 and BH adjusted FDR less than 0.01.
GSM2184884	platform_id	0	21	GPL21975
GSM2184884	contact_name	0	22	Yiming,,Shao
GSM2184884	contact_email	0	23	yshao@bjmu.edu.cn
GSM2184884	contact_department	0	24	National Center for AIDS/STD Control and Prevention
GSM2184884	contact_institute	0	25	Chinese Center for Disease Control and Prevention
GSM2184884	contact_address	0	26	No. 155 Changbai Road, Changping District
GSM2184884	contact_city	0	27	Beijing
GSM2184884	contact_state	0	28	Beijing
GSM2184884	contact_zip/postal_code	0	29	102206
GSM2184884	contact_country	0	30	China
GSM2184884	supplementary_file	0	31	ftp://ftp.ncbi.nlm.nih.gov/geo/samples/GSM2184nnn/GSM2184884/suppl/GSM2184884_YFV2012007-8.CEL.gz
GSM2184884	data_row_count	0	32	18563
GSM2184885	title	0	0	YFV2012008 PBMC Day 1
GSM2184885	geo_accession	0	1	GSM2184885
GSM2184885	status	0	2	Public on Jun 25 2017
GSM2184885	submission_date	0	3	Jun 02 2016
GSM2184885	last_update_date	0	4	Jun 26 2017
GSM2184885	type	0	5	RNA
GSM2184885	channel_count	0	6	1
GSM2184885	source_name_ch1	0	7	human Day 1
GSM2184885	organism_ch1	0	8	Homo sapiens
GSM2184885	characteristics_ch1	0	9	subject id: YFV2012008
GSM2184885	characteristics_ch1	1	10	time points: Day 1
GSM2184885	characteristics_ch1	2	11	groups: G3
GSM2184885	characteristics_ch1	3	12	gender: Male
GSM2184885	molecule_ch1	0	13	total RNA
GSM2184885	extract_protocol_ch1	0	14	After PMBC isolation, 1 × 10^6 PBMC cells were lysed in 1 ml of TRIzol (Life technologies, Carlsbad, CA, USA) immediately and stored at -80℃. The samples were thawed and RNA extracted following the manufacturer’s instructions. The quality of the RNA was assessed by using Nanodrop 2000 Spectrometer (Thermo Scientific, MA, USA) as well as by visualization of the integrity of the 28S and 18S band on Agilent Bioanalyzer 2100 (Agilent technologies, Santa Clara, CA, USA).  Qualified total RNA was further purified by RNeasy micro kit (QIAGEN, GmBH, Germany) and removed genomic contamination by RNase-Free DNase Set (QIAGEN, GmBH, Germany).  The purified RNA was stored at -80℃.
GSM2184885	label_ch1	0	15	biotin
GSM2184885	label_protocol_ch1	0	16	Total RNA were amplified, labeled and purified by using the GeneChip 3’IVT Express Kit (Affymetrix, Santa Clara, CA, USA) followed the manufacturer’s instructions to obtain biotin labeled cRNA.
GSM2184885	taxid_ch1	0	17	9606
GSM2184885	hyb_protocol	0	18	After hybridization on Human PrimeView Arrays for 16 h at 45℃ and 60 rpm in Hybridization Oven 640 (Affymetrix, Santa Clara, CA, USA), slides were washed and stained with a Fluidics Station 450 (Affymetrix, Santa Clara, CA, USA).
GSM2184885	scan_protocol	0	19	Scanning was performed on a seventh-generation GeneChip Scanner 3000 (Affymetrix, Santa Clara, CA, USA). Affymetrix GCOS software was used to perform image analysis and generate raw intensity data.
GSM2184885	data_processing	0	20	Initially, data quality was assessed by background level, 3’ labeling bias, RNA quality and pair-wise correlation among samples. For the PrimeView chip, the customized CDF (version 17, ENTREZG) downloaded from the BrainArray website was performed in probe set mapping. IQR was applied for raw data filtering using the genefilter package, and the threshold was set to remove probes/genes with IQR less than the 20th percentile of the IQR’s across all probes/genes. . Normalization was performed with RMA algorithm that includes global background adjustment and quantile normalization. The resulting matrix showed genes as rows and samples as columns was log2 transformed and used as input for linear modeling using the limma package.The limma package was performed to identify differentially expressed genes (DEG) at any time point post immunization, compared with baseline (Day 0). Empirical Bayes moderation of the standard error and Benjamini and Hochberg false-discovery rate (FDR) correction for multiple testing were employed, and the criteria for differentially expressed genes (DEG) were threshold fold change more than 1.5 and BH adjusted FDR less than 0.01.
GSM2184885	platform_id	0	21	GPL21975
GSM2184885	contact_name	0	22	Yiming,,Shao
GSM2184885	contact_email	0	23	yshao@bjmu.edu.cn
GSM2184885	contact_department	0	24	National Center for AIDS/STD Control and Prevention
GSM2184885	contact_institute	0	25	Chinese Center for Disease Control and Prevention
GSM2184885	contact_address	0	26	No. 155 Changbai Road, Changping District
GSM2184885	contact_city	0	27	Beijing
GSM2184885	contact_state	0	28	Beijing
GSM2184885	contact_zip/postal_code	0	29	102206
GSM2184885	contact_country	0	30	China
GSM2184885	supplementary_file	0	31	ftp://ftp.ncbi.nlm.nih.gov/geo/samples/GSM2184nnn/GSM2184885/suppl/GSM2184885_YFV2012008-3.CEL.gz
GSM2184885	data_row_count	0	32	18563
GSM2184886	title	0	0	YFV2012008 PBMC Day 2
GSM2184886	geo_accession	0	1	GSM2184886
GSM2184886	status	0	2	Public on Jun 25 2017
GSM2184886	submission_date	0	3	Jun 02 2016
GSM2184886	last_update_date	0	4	Jun 26 2017
GSM2184886	type	0	5	RNA
GSM2184886	channel_count	0	6	1
GSM2184886	source_name_ch1	0	7	human Day 2
GSM2184886	organism_ch1	0	8	Homo sapiens
GSM2184886	characteristics_ch1	0	9	subject id: YFV2012008
GSM2184886	characteristics_ch1	1	10	time points: Day 2
GSM2184886	characteristics_ch1	2	11	groups: G4
GSM2184886	characteristics_ch1	3	12	gender: Male
GSM2184886	molecule_ch1	0	13	total RNA
GSM2184886	extract_protocol_ch1	0	14	After PMBC isolation, 1 × 10^6 PBMC cells were lysed in 1 ml of TRIzol (Life technologies, Carlsbad, CA, USA) immediately and stored at -80℃. The samples were thawed and RNA extracted following the manufacturer’s instructions. The quality of the RNA was assessed by using Nanodrop 2000 Spectrometer (Thermo Scientific, MA, USA) as well as by visualization of the integrity of the 28S and 18S band on Agilent Bioanalyzer 2100 (Agilent technologies, Santa Clara, CA, USA).  Qualified total RNA was further purified by RNeasy micro kit (QIAGEN, GmBH, Germany) and removed genomic contamination by RNase-Free DNase Set (QIAGEN, GmBH, Germany).  The purified RNA was stored at -80℃.
GSM2184886	label_ch1	0	15	biotin
GSM2184886	label_protocol_ch1	0	16	Total RNA were amplified, labeled and purified by using the GeneChip 3’IVT Express Kit (Affymetrix, Santa Clara, CA, USA) followed the manufacturer’s instructions to obtain biotin labeled cRNA.
GSM2184886	taxid_ch1	0	17	9606
GSM2184886	hyb_protocol	0	18	After hybridization on Human PrimeView Arrays for 16 h at 45℃ and 60 rpm in Hybridization Oven 640 (Affymetrix, Santa Clara, CA, USA), slides were washed and stained with a Fluidics Station 450 (Affymetrix, Santa Clara, CA, USA).
GSM2184886	scan_protocol	0	19	Scanning was performed on a seventh-generation GeneChip Scanner 3000 (Affymetrix, Santa Clara, CA, USA). Affymetrix GCOS software was used to perform image analysis and generate raw intensity data.
GSM2184886	data_processing	0	20	Initially, data quality was assessed by background level, 3’ labeling bias, RNA quality and pair-wise correlation among samples. For the PrimeView chip, the customized CDF (version 17, ENTREZG) downloaded from the BrainArray website was performed in probe set mapping. IQR was applied for raw data filtering using the genefilter package, and the threshold was set to remove probes/genes with IQR less than the 20th percentile of the IQR’s across all probes/genes. . Normalization was performed with RMA algorithm that includes global background adjustment and quantile normalization. The resulting matrix showed genes as rows and samples as columns was log2 transformed and used as input for linear modeling using the limma package.The limma package was performed to identify differentially expressed genes (DEG) at any time point post immunization, compared with baseline (Day 0). Empirical Bayes moderation of the standard error and Benjamini and Hochberg false-discovery rate (FDR) correction for multiple testing were employed, and the criteria for differentially expressed genes (DEG) were threshold fold change more than 1.5 and BH adjusted FDR less than 0.01.
GSM2184886	platform_id	0	21	GPL21975
GSM2184886	contact_name	0	22	Yiming,,Shao
GSM2184886	contact_email	0	23	yshao@bjmu.edu.cn
GSM2184886	contact_department	0	24	National Center for AIDS/STD Control and Prevention
GSM2184886	contact_institute	0	25	Chinese Center for Disease Control and Prevention
GSM2184886	contact_address	0	26	No. 155 Changbai Road, Changping District
GSM2184886	contact_city	0	27	Beijing
GSM2184886	contact_state	0	28	Beijing
GSM2184886	contact_zip/postal_code	0	29	102206
GSM2184886	contact_country	0	30	China
GSM2184886	supplementary_file	0	31	ftp://ftp.ncbi.nlm.nih.gov/geo/samples/GSM2184nnn/GSM2184886/suppl/GSM2184886_YFV2012008-4.CEL.gz
GSM2184886	data_row_count	0	32	18563
GSM2184887	title	0	0	YFV2012008 PBMC Day 3
GSM2184887	geo_accession	0	1	GSM2184887
GSM2184887	status	0	2	Public on Jun 25 2017
GSM2184887	submission_date	0	3	Jun 02 2016
GSM2184887	last_update_date	0	4	Jun 26 2017
GSM2184887	type	0	5	RNA
GSM2184887	channel_count	0	6	1
GSM2184887	source_name_ch1	0	7	human Day 3
GSM2184887	organism_ch1	0	8	Homo sapiens
GSM2184887	characteristics_ch1	0	9	subject id: YFV2012008
GSM2184887	characteristics_ch1	1	10	time points: Day 3
GSM2184887	characteristics_ch1	2	11	groups: G5
GSM2184887	characteristics_ch1	3	12	gender: Male
GSM2184887	molecule_ch1	0	13	total RNA
GSM2184887	extract_protocol_ch1	0	14	After PMBC isolation, 1 × 10^6 PBMC cells were lysed in 1 ml of TRIzol (Life technologies, Carlsbad, CA, USA) immediately and stored at -80℃. The samples were thawed and RNA extracted following the manufacturer’s instructions. The quality of the RNA was assessed by using Nanodrop 2000 Spectrometer (Thermo Scientific, MA, USA) as well as by visualization of the integrity of the 28S and 18S band on Agilent Bioanalyzer 2100 (Agilent technologies, Santa Clara, CA, USA).  Qualified total RNA was further purified by RNeasy micro kit (QIAGEN, GmBH, Germany) and removed genomic contamination by RNase-Free DNase Set (QIAGEN, GmBH, Germany).  The purified RNA was stored at -80℃.
GSM2184887	label_ch1	0	15	biotin
GSM2184887	label_protocol_ch1	0	16	Total RNA were amplified, labeled and purified by using the GeneChip 3’IVT Express Kit (Affymetrix, Santa Clara, CA, USA) followed the manufacturer’s instructions to obtain biotin labeled cRNA.
GSM2184887	taxid_ch1	0	17	9606
GSM2184887	hyb_protocol	0	18	After hybridization on Human PrimeView Arrays for 16 h at 45℃ and 60 rpm in Hybridization Oven 640 (Affymetrix, Santa Clara, CA, USA), slides were washed and stained with a Fluidics Station 450 (Affymetrix, Santa Clara, CA, USA).
GSM2184887	scan_protocol	0	19	Scanning was performed on a seventh-generation GeneChip Scanner 3000 (Affymetrix, Santa Clara, CA, USA). Affymetrix GCOS software was used to perform image analysis and generate raw intensity data.
GSM2184887	data_processing	0	20	Initially, data quality was assessed by background level, 3’ labeling bias, RNA quality and pair-wise correlation among samples. For the PrimeView chip, the customized CDF (version 17, ENTREZG) downloaded from the BrainArray website was performed in probe set mapping. IQR was applied for raw data filtering using the genefilter package, and the threshold was set to remove probes/genes with IQR less than the 20th percentile of the IQR’s across all probes/genes. . Normalization was performed with RMA algorithm that includes global background adjustment and quantile normalization. The resulting matrix showed genes as rows and samples as columns was log2 transformed and used as input for linear modeling using the limma package.The limma package was performed to identify differentially expressed genes (DEG) at any time point post immunization, compared with baseline (Day 0). Empirical Bayes moderation of the standard error and Benjamini and Hochberg false-discovery rate (FDR) correction for multiple testing were employed, and the criteria for differentially expressed genes (DEG) were threshold fold change more than 1.5 and BH adjusted FDR less than 0.01.
GSM2184887	platform_id	0	21	GPL21975
GSM2184887	contact_name	0	22	Yiming,,Shao
GSM2184887	contact_email	0	23	yshao@bjmu.edu.cn
GSM2184887	contact_department	0	24	National Center for AIDS/STD Control and Prevention
GSM2184887	contact_institute	0	25	Chinese Center for Disease Control and Prevention
GSM2184887	contact_address	0	26	No. 155 Changbai Road, Changping District
GSM2184887	contact_city	0	27	Beijing
GSM2184887	contact_state	0	28	Beijing
GSM2184887	contact_zip/postal_code	0	29	102206
GSM2184887	contact_country	0	30	China
GSM2184887	supplementary_file	0	31	ftp://ftp.ncbi.nlm.nih.gov/geo/samples/GSM2184nnn/GSM2184887/suppl/GSM2184887_YFV2012008-5.CEL.gz
GSM2184887	data_row_count	0	32	18563
GSM2184888	title	0	0	YFV2012008 PBMC Day 5
GSM2184888	geo_accession	0	1	GSM2184888
GSM2184888	status	0	2	Public on Jun 25 2017
GSM2184888	submission_date	0	3	Jun 02 2016
GSM2184888	last_update_date	0	4	Jun 26 2017
GSM2184888	type	0	5	RNA
GSM2184888	channel_count	0	6	1
GSM2184888	source_name_ch1	0	7	human Day 5
GSM2184888	organism_ch1	0	8	Homo sapiens
GSM2184888	characteristics_ch1	0	9	subject id: YFV2012008
GSM2184888	characteristics_ch1	1	10	time points: Day 5
GSM2184888	characteristics_ch1	2	11	groups: G6
GSM2184888	characteristics_ch1	3	12	gender: Male
GSM2184888	molecule_ch1	0	13	total RNA
GSM2184888	extract_protocol_ch1	0	14	After PMBC isolation, 1 × 10^6 PBMC cells were lysed in 1 ml of TRIzol (Life technologies, Carlsbad, CA, USA) immediately and stored at -80℃. The samples were thawed and RNA extracted following the manufacturer’s instructions. The quality of the RNA was assessed by using Nanodrop 2000 Spectrometer (Thermo Scientific, MA, USA) as well as by visualization of the integrity of the 28S and 18S band on Agilent Bioanalyzer 2100 (Agilent technologies, Santa Clara, CA, USA).  Qualified total RNA was further purified by RNeasy micro kit (QIAGEN, GmBH, Germany) and removed genomic contamination by RNase-Free DNase Set (QIAGEN, GmBH, Germany).  The purified RNA was stored at -80℃.
GSM2184888	label_ch1	0	15	biotin
GSM2184888	label_protocol_ch1	0	16	Total RNA were amplified, labeled and purified by using the GeneChip 3’IVT Express Kit (Affymetrix, Santa Clara, CA, USA) followed the manufacturer’s instructions to obtain biotin labeled cRNA.
GSM2184888	taxid_ch1	0	17	9606
GSM2184888	hyb_protocol	0	18	After hybridization on Human PrimeView Arrays for 16 h at 45℃ and 60 rpm in Hybridization Oven 640 (Affymetrix, Santa Clara, CA, USA), slides were washed and stained with a Fluidics Station 450 (Affymetrix, Santa Clara, CA, USA).
GSM2184888	scan_protocol	0	19	Scanning was performed on a seventh-generation GeneChip Scanner 3000 (Affymetrix, Santa Clara, CA, USA). Affymetrix GCOS software was used to perform image analysis and generate raw intensity data.
GSM2184888	data_processing	0	20	Initially, data quality was assessed by background level, 3’ labeling bias, RNA quality and pair-wise correlation among samples. For the PrimeView chip, the customized CDF (version 17, ENTREZG) downloaded from the BrainArray website was performed in probe set mapping. IQR was applied for raw data filtering using the genefilter package, and the threshold was set to remove probes/genes with IQR less than the 20th percentile of the IQR’s across all probes/genes. . Normalization was performed with RMA algorithm that includes global background adjustment and quantile normalization. The resulting matrix showed genes as rows and samples as columns was log2 transformed and used as input for linear modeling using the limma package.The limma package was performed to identify differentially expressed genes (DEG) at any time point post immunization, compared with baseline (Day 0). Empirical Bayes moderation of the standard error and Benjamini and Hochberg false-discovery rate (FDR) correction for multiple testing were employed, and the criteria for differentially expressed genes (DEG) were threshold fold change more than 1.5 and BH adjusted FDR less than 0.01.
GSM2184888	platform_id	0	21	GPL21975
GSM2184888	contact_name	0	22	Yiming,,Shao
GSM2184888	contact_email	0	23	yshao@bjmu.edu.cn
GSM2184888	contact_department	0	24	National Center for AIDS/STD Control and Prevention
GSM2184888	contact_institute	0	25	Chinese Center for Disease Control and Prevention
GSM2184888	contact_address	0	26	No. 155 Changbai Road, Changping District
GSM2184888	contact_city	0	27	Beijing
GSM2184888	contact_state	0	28	Beijing
GSM2184888	contact_zip/postal_code	0	29	102206
GSM2184888	contact_country	0	30	China
GSM2184888	supplementary_file	0	31	ftp://ftp.ncbi.nlm.nih.gov/geo/samples/GSM2184nnn/GSM2184888/suppl/GSM2184888_YFV2012008-6.CEL.gz
GSM2184888	data_row_count	0	32	18563
GSM2184889	title	0	0	YFV2012008 PBMC Day 14
GSM2184889	geo_accession	0	1	GSM2184889
GSM2184889	status	0	2	Public on Jun 25 2017
GSM2184889	submission_date	0	3	Jun 02 2016
GSM2184889	last_update_date	0	4	Jun 26 2017
GSM2184889	type	0	5	RNA
GSM2184889	channel_count	0	6	1
GSM2184889	source_name_ch1	0	7	human Day 14
GSM2184889	organism_ch1	0	8	Homo sapiens
GSM2184889	characteristics_ch1	0	9	subject id: YFV2012008
GSM2184889	characteristics_ch1	1	10	time points: Day 14
GSM2184889	characteristics_ch1	2	11	groups: G8
GSM2184889	characteristics_ch1	3	12	gender: Male
GSM2184889	molecule_ch1	0	13	total RNA
GSM2184889	extract_protocol_ch1	0	14	After PMBC isolation, 1 × 10^6 PBMC cells were lysed in 1 ml of TRIzol (Life technologies, Carlsbad, CA, USA) immediately and stored at -80℃. The samples were thawed and RNA extracted following the manufacturer’s instructions. The quality of the RNA was assessed by using Nanodrop 2000 Spectrometer (Thermo Scientific, MA, USA) as well as by visualization of the integrity of the 28S and 18S band on Agilent Bioanalyzer 2100 (Agilent technologies, Santa Clara, CA, USA).  Qualified total RNA was further purified by RNeasy micro kit (QIAGEN, GmBH, Germany) and removed genomic contamination by RNase-Free DNase Set (QIAGEN, GmBH, Germany).  The purified RNA was stored at -80℃.
GSM2184889	label_ch1	0	15	biotin
GSM2184889	label_protocol_ch1	0	16	Total RNA were amplified, labeled and purified by using the GeneChip 3’IVT Express Kit (Affymetrix, Santa Clara, CA, USA) followed the manufacturer’s instructions to obtain biotin labeled cRNA.
GSM2184889	taxid_ch1	0	17	9606
GSM2184889	hyb_protocol	0	18	After hybridization on Human PrimeView Arrays for 16 h at 45℃ and 60 rpm in Hybridization Oven 640 (Affymetrix, Santa Clara, CA, USA), slides were washed and stained with a Fluidics Station 450 (Affymetrix, Santa Clara, CA, USA).
GSM2184889	scan_protocol	0	19	Scanning was performed on a seventh-generation GeneChip Scanner 3000 (Affymetrix, Santa Clara, CA, USA). Affymetrix GCOS software was used to perform image analysis and generate raw intensity data.
GSM2184889	data_processing	0	20	Initially, data quality was assessed by background level, 3’ labeling bias, RNA quality and pair-wise correlation among samples. For the PrimeView chip, the customized CDF (version 17, ENTREZG) downloaded from the BrainArray website was performed in probe set mapping. IQR was applied for raw data filtering using the genefilter package, and the threshold was set to remove probes/genes with IQR less than the 20th percentile of the IQR’s across all probes/genes. . Normalization was performed with RMA algorithm that includes global background adjustment and quantile normalization. The resulting matrix showed genes as rows and samples as columns was log2 transformed and used as input for linear modeling using the limma package.The limma package was performed to identify differentially expressed genes (DEG) at any time point post immunization, compared with baseline (Day 0). Empirical Bayes moderation of the standard error and Benjamini and Hochberg false-discovery rate (FDR) correction for multiple testing were employed, and the criteria for differentially expressed genes (DEG) were threshold fold change more than 1.5 and BH adjusted FDR less than 0.01.
GSM2184889	platform_id	0	21	GPL21975
GSM2184889	contact_name	0	22	Yiming,,Shao
GSM2184889	contact_email	0	23	yshao@bjmu.edu.cn
GSM2184889	contact_department	0	24	National Center for AIDS/STD Control and Prevention
GSM2184889	contact_institute	0	25	Chinese Center for Disease Control and Prevention
GSM2184889	contact_address	0	26	No. 155 Changbai Road, Changping District
GSM2184889	contact_city	0	27	Beijing
GSM2184889	contact_state	0	28	Beijing
GSM2184889	contact_zip/postal_code	0	29	102206
GSM2184889	contact_country	0	30	China
GSM2184889	supplementary_file	0	31	ftp://ftp.ncbi.nlm.nih.gov/geo/samples/GSM2184nnn/GSM2184889/suppl/GSM2184889_YFV2012008-8.CEL.gz
GSM2184889	data_row_count	0	32	18563
