probe_id	rho	p	q_BH
Hs.438265_at	0.895359	6.467714e-06	9.674625e-02
Hs.268849_at	-0.884528	1.194170e-05	9.674625e-02
Hs.632912_at	0.880918	1.445628e-05	9.674625e-02
Hs.334772_at	-0.873697	2.081531e-05	1.044773e-01
Hs.527061_at	0.859256	4.057095e-05	1.163633e-01
Hs.528432_at	0.859256	4.057095e-05	1.163633e-01
Hs.77695_at	-0.859256	4.057095e-05	1.163633e-01
Hs.372688_at	0.852036	5.514704e-05	1.230208e-01
Hs.35947_at	-0.852036	5.514704e-05	1.230208e-01
Hs.636206_at	0.848425	6.391497e-05	1.283221e-01
Hs.520120_at	0.841205	8.492061e-05	1.303446e-01
Hs.631627_at	0.841205	8.492061e-05	1.303446e-01
Hs.470217_at	0.837594	9.738356e-05	1.303446e-01
Hs.644922_at	-0.837594	9.738356e-05	1.303446e-01
Hs.530227_at	0.837594	9.738356e-05	1.303446e-01
Hs.498586_at	0.833984	1.113158e-04	1.396805e-01
Hs.155919_at	-0.830374	1.268489e-04	1.424619e-01
Hs.136280_at	0.826763	1.441223e-04	1.424619e-01
Hs.86092_at	0.826763	1.441223e-04	1.424619e-01
Hs.632344_at	-0.826763	1.441223e-04	1.424619e-01
Hs.143681_at	0.823153	1.632840e-04	1.424619e-01
Hs.86368_at	-0.819543	1.844901e-04	1.424619e-01
Hs.437846_at	0.819543	1.844901e-04	1.424619e-01
Hs.592769_at	0.819543	1.844901e-04	1.424619e-01
Hs.463320_at	0.819543	1.844901e-04	1.424619e-01
Hs.522818_at	0.819543	1.844901e-04	1.424619e-01
Hs.412707_at	-0.815932	2.079057e-04	1.439353e-01
Hs.436214_at	-0.815932	2.079057e-04	1.439353e-01
Hs.497123_at	0.815932	2.079057e-04	1.439353e-01
Hs.516173_at	-0.812322	2.337047e-04	1.460176e-01
Hs.537958_at	0.812322	2.337047e-04	1.460176e-01
Hs.336810_at	0.812322	2.337047e-04	1.460176e-01
Hs.591171_at	-0.808712	2.620701e-04	1.460176e-01
Hs.352253_at	0.808712	2.620701e-04	1.460176e-01
Hs.652292_at	0.808712	2.620701e-04	1.460176e-01
Hs.213603_at	0.808712	2.620701e-04	1.460176e-01
Hs.594095_at	0.805101	2.931944e-04	1.460176e-01
Hs.652138_at	0.805101	2.931944e-04	1.460176e-01
Hs.522433_at	0.805101	2.931944e-04	1.460176e-01
Hs.592123_at	0.805101	2.931944e-04	1.460176e-01
Hs.312485_at	0.801491	3.272795e-04	1.460176e-01
Hs.230601_at	-0.801491	3.272795e-04	1.460176e-01
Hs.520136_at	0.801491	3.272795e-04	1.460176e-01
Hs.591996_at	0.801491	3.272795e-04	1.460176e-01
Hs.498173_at	0.801491	3.272795e-04	1.460176e-01
Hs.24956_at	0.797881	3.645373e-04	1.524753e-01
Hs.103505_at	0.797881	3.645373e-04	1.524753e-01
Hs.207776_at	-0.797881	3.645373e-04	1.524753e-01
Hs.287759_at	0.794270	4.051894e-04	1.660202e-01
Hs.148078_at	0.790660	4.494677e-04	1.671104e-01
Hs.369932_at	-0.790660	4.494677e-04	1.671104e-01
Hs.421437_at	0.790660	4.494677e-04	1.671104e-01
Hs.121575_at	0.790660	4.494677e-04	1.671104e-01
Hs.597383_at	0.790660	4.494677e-04	1.671104e-01
Hs.481235_at	0.787050	4.976145e-04	1.784037e-01
Hs.2246_at	0.787050	4.976145e-04	1.784037e-01
Hs.380210_at	-0.783439	5.498824e-04	1.809834e-01
Hs.569843_at	0.783439	5.498824e-04	1.809834e-01
Hs.550_at	0.783439	5.498824e-04	1.809834e-01
Hs.98202_at	0.783439	5.498824e-04	1.809834e-01
Hs.379548_at	-0.783439	5.498824e-04	1.809834e-01
Hs.517610_at	0.779829	6.065347e-04	1.873446e-01
Hs.148951_at	0.779829	6.065347e-04	1.873446e-01
Hs.110062_at	0.779829	6.065347e-04	1.873446e-01
Hs.28144_at	0.779829	6.065347e-04	1.873446e-01
Hs.254560_at	0.776219	6.678457e-04	1.930155e-01
Hs.521251_at	0.776219	6.678457e-04	1.930155e-01
Hs.407621_at	0.776219	6.678457e-04	1.930155e-01
Hs.480055_at	0.776219	6.678457e-04	1.930155e-01
Hs.620884_at	-0.772608	7.341005e-04	1.930155e-01
Hs.88156_at	-0.772608	7.341005e-04	1.930155e-01
Hs.17589_at	0.772608	7.341005e-04	1.930155e-01
Hs.150136_at	0.772608	7.341005e-04	1.930155e-01
Hs.592213_at	0.768998	8.055952e-04	1.930155e-01
Hs.433668_at	-0.768998	8.055952e-04	1.930155e-01
Hs.369557_at	0.768998	8.055952e-04	1.930155e-01
Hs.591503_at	0.768998	8.055952e-04	1.930155e-01
Hs.35101_at	0.768998	8.055952e-04	1.930155e-01
Hs.12144_at	-0.768998	8.055952e-04	1.930155e-01
Hs.104320_at	-0.768998	8.055952e-04	1.930155e-01
Hs.134491_at	-0.768998	8.055952e-04	1.930155e-01
Hs.319481_at	0.768998	8.055952e-04	1.930155e-01
Hs.648990_at	0.768998	8.055952e-04	1.930155e-01
Hs.6764_at	0.765388	8.826374e-04	1.930155e-01
Hs.299567_at	0.765388	8.826374e-04	1.930155e-01
Hs.225936_at	0.765388	8.826374e-04	1.930155e-01
Hs.632365_at	0.765388	8.826374e-04	1.930155e-01
Hs.533657_at	-0.765388	8.826374e-04	1.930155e-01
Hs.348531_at	0.765388	8.826374e-04	1.930155e-01
Hs.516243_at	0.765388	8.826374e-04	1.930155e-01
Hs.202542_at	0.761778	9.655459e-04	1.930155e-01
Hs.75639_at	-0.761778	9.655459e-04	1.930155e-01
Hs.75061_at	0.761778	9.655459e-04	1.930155e-01
Hs.335413_at	0.761778	9.655459e-04	1.930155e-01
Hs.469022_at	-0.761778	9.655459e-04	1.930155e-01
Hs.429_at	-0.761778	9.655459e-04	1.930155e-01
Hs.491695_at	-0.761778	9.655459e-04	1.930155e-01
Hs.4029_at	-0.761778	9.655459e-04	1.930155e-01
Hs.436913_at	-0.761778	9.655459e-04	1.930155e-01
Hs.476218_at	0.758167	1.054651e-03	1.930155e-01
Hs.524788_at	0.758167	1.054651e-03	1.930155e-01
Hs.25010_at	-0.758167	1.054651e-03	1.930155e-01
Hs.531581_at	0.758167	1.054651e-03	1.930155e-01
Hs.590893_at	0.758167	1.054651e-03	1.930155e-01
Hs.43697_at	0.758167	1.054651e-03	1.930155e-01
Hs.291623_at	0.754557	1.150294e-03	1.930155e-01
Hs.645862_at	-0.754557	1.150294e-03	1.930155e-01
Hs.595477_at	0.754557	1.150294e-03	1.930155e-01
Hs.624346_at	0.754557	1.150294e-03	1.930155e-01
Hs.136885_at	-0.754557	1.150294e-03	1.930155e-01
Hs.137570_at	0.754557	1.150294e-03	1.930155e-01
Hs.139053_at	-0.754557	1.150294e-03	1.930155e-01
Hs.382874_at	0.750947	1.252830e-03	1.930155e-01
Hs.546554_at	0.750947	1.252830e-03	1.930155e-01
Hs.82098_at	-0.750947	1.252830e-03	1.930155e-01
Hs.474270_at	0.750947	1.252830e-03	1.930155e-01
Hs.46689_at	-0.750947	1.252830e-03	1.930155e-01
Hs.334936_at	-0.750947	1.252830e-03	1.930155e-01
Hs.368912_at	-0.750947	1.252830e-03	1.930155e-01
Hs.437156_at	0.750947	1.252830e-03	1.930155e-01
Hs.636838_at	0.750947	1.252830e-03	1.930155e-01
Hs.597961_at	-0.750947	1.252830e-03	1.930155e-01
Hs.15154_at	0.747336	1.362622e-03	1.930155e-01
Hs.518424_at	-0.747336	1.362622e-03	1.930155e-01
Hs.2159_at	0.747336	1.362622e-03	1.930155e-01
Hs.615178_at	-0.747336	1.362622e-03	1.930155e-01
Hs.495704_at	-0.747336	1.362622e-03	1.930155e-01
Hs.490454_at	-0.747336	1.362622e-03	1.930155e-01
Hs.145402_at	-0.747336	1.362622e-03	1.930155e-01
Hs.69771_at	0.747336	1.362622e-03	1.930155e-01
Hs.652304_at	-0.747336	1.362622e-03	1.930155e-01
Hs.632653_at	0.747336	1.362622e-03	1.930155e-01
Hs.51483_at	0.747336	1.362622e-03	1.930155e-01
Hs.502770_at	-0.747336	1.362622e-03	1.930155e-01
Hs.397153_at	0.747336	1.362622e-03	1.930155e-01
Hs.593997_at	0.747336	1.362622e-03	1.930155e-01
Hs.446164_at	-0.747336	1.362622e-03	1.930155e-01
Hs.438779_at	0.747336	1.362622e-03	1.930155e-01
Hs.55276_at	0.743726	1.480049e-03	1.930155e-01
Hs.591036_at	-0.743726	1.480049e-03	1.930155e-01
Hs.192477_at	0.743726	1.480049e-03	1.930155e-01
Hs.159509_at	0.743726	1.480049e-03	1.930155e-01
Hs.591159_at	0.743726	1.480049e-03	1.930155e-01
Hs.438862_at	0.743726	1.480049e-03	1.930155e-01
Hs.647081_at	0.743726	1.480049e-03	1.930155e-01
Hs.505662_at	0.743726	1.480049e-03	1.930155e-01
Hs.153521_at	0.740116	1.605498e-03	1.930155e-01
Hs.477159_at	-0.740116	1.605498e-03	1.930155e-01
Hs.643030_at	-0.740116	1.605498e-03	1.930155e-01
Hs.406106_at	-0.740116	1.605498e-03	1.930155e-01
Hs.604081_at	0.740116	1.605498e-03	1.930155e-01
Hs.454418_at	0.740116	1.605498e-03	1.930155e-01
Hs.604202_at	0.740116	1.605498e-03	1.930155e-01
Hs.512867_at	-0.740116	1.605498e-03	1.930155e-01
Hs.182231_at	0.740116	1.605498e-03	1.930155e-01
Hs.584739_at	-0.740116	1.605498e-03	1.930155e-01
Hs.631838_at	0.740116	1.605498e-03	1.930155e-01
Hs.606308_at	0.740116	1.605498e-03	1.930155e-01
Hs.592116_at	0.740116	1.605498e-03	1.930155e-01
Hs.533258_at	0.740116	1.605498e-03	1.930155e-01
Hs.469376_at	-0.740116	1.605498e-03	1.930155e-01
Hs.609179_at	-0.740116	1.605498e-03	1.930155e-01
Hs.491805_at	-0.740116	1.605498e-03	1.930155e-01
Hs.625674_at	0.740116	1.605498e-03	1.930155e-01
Hs.480452_at	-0.740116	1.605498e-03	1.930155e-01
Hs.614052_at	0.740116	1.605498e-03	1.930155e-01
Hs.7432_at	-0.740116	1.605498e-03	1.930155e-01
Hs.603683_at	0.736505	1.739372e-03	1.984169e-01
Hs.140443_at	-0.736505	1.739372e-03	1.984169e-01
Hs.512714_at	0.736505	1.739372e-03	1.984169e-01
Hs.445037_at	0.736505	1.739372e-03	1.984169e-01
Hs.348541_at	0.736505	1.739372e-03	1.984169e-01
Hs.473495_at	-0.736505	1.739372e-03	1.984169e-01
Hs.277101_at	0.736505	1.739372e-03	1.984169e-01
Hs.162717_at	0.736505	1.739372e-03	1.984169e-01
Hs.524214_at	0.736505	1.739372e-03	1.984169e-01
Hs.382856_at	0.732895	1.882082e-03	1.985746e-01
Hs.104570_at	0.732895	1.882082e-03	1.985746e-01
Hs.469060_at	-0.732895	1.882082e-03	1.985746e-01
Hs.632108_at	-0.732895	1.882082e-03	1.985746e-01
Hs.480400_at	-0.732895	1.882082e-03	1.985746e-01
Hs.515570_at	0.732895	1.882082e-03	1.985746e-01
Hs.97541_at	0.732895	1.882082e-03	1.985746e-01
Hs.21016_at	-0.732895	1.882082e-03	1.985746e-01
Hs.493516_at	-0.732895	1.882082e-03	1.985746e-01
Hs.434285_at	-0.732895	1.882082e-03	1.985746e-01
Hs.268788_at	0.732895	1.882082e-03	1.985746e-01
Hs.44402_at	-0.732895	1.882082e-03	1.985746e-01
Hs.362728_at	-0.732895	1.882082e-03	1.985746e-01
Hs.412294_at	0.729285	2.034054e-03	1.985746e-01
Hs.513134_at	0.729285	2.034054e-03	1.985746e-01
Hs.631709_at	0.729285	2.034054e-03	1.985746e-01
Hs.458345_at	0.729285	2.034054e-03	1.985746e-01
Hs.488478_at	-0.729285	2.034054e-03	1.985746e-01
Hs.198003_at	0.729285	2.034054e-03	1.985746e-01
Hs.652162_at	0.729285	2.034054e-03	1.985746e-01
Hs.31968_at	-0.729285	2.034054e-03	1.985746e-01
Hs.511668_at	-0.729285	2.034054e-03	1.985746e-01
Hs.433764_at	0.729285	2.034054e-03	1.985746e-01
Hs.120658_at	0.729285	2.034054e-03	1.985746e-01
Hs.436387_at	-0.729285	2.034054e-03	1.985746e-01
Hs.335057_at	-0.729285	2.034054e-03	1.985746e-01
Hs.481898_at	-0.729285	2.034054e-03	1.985746e-01
Hs.644788_at	-0.729285	2.034054e-03	1.985746e-01
Hs.596235_at	-0.725674	2.195725e-03	1.985746e-01
Hs.591873_at	-0.725674	2.195725e-03	1.985746e-01
Hs.558446_at	-0.725674	2.195725e-03	1.985746e-01
Hs.506748_at	0.725674	2.195725e-03	1.985746e-01
Hs.591725_at	0.725674	2.195725e-03	1.985746e-01
Hs.644629_at	0.725674	2.195725e-03	1.985746e-01
Hs.387239_at	0.725674	2.195725e-03	1.985746e-01
Hs.151167_at	0.725674	2.195725e-03	1.985746e-01
Hs.177930_at	0.725674	2.195725e-03	1.985746e-01
Hs.502977_at	0.725674	2.195725e-03	1.985746e-01
Hs.515560_at	0.725674	2.195725e-03	1.985746e-01
Hs.600315_at	-0.725674	2.195725e-03	1.985746e-01
Hs.288809_at	-0.725674	2.195725e-03	1.985746e-01
Hs.418012_at	0.725674	2.195725e-03	1.985746e-01
Hs.649838_at	-0.725674	2.195725e-03	1.985746e-01
Hs.16349_at	-0.725674	2.195725e-03	1.985746e-01
Hs.435579_at	-0.725674	2.195725e-03	1.985746e-01
Hs.271940_at	0.725674	2.195725e-03	1.985746e-01
Hs.371597_at	-0.722064	2.367543e-03	1.997191e-01
Hs.515104_at	0.722064	2.367543e-03	1.997191e-01
Hs.533540_at	-0.722064	2.367543e-03	1.997191e-01
Hs.510262_at	-0.722064	2.367543e-03	1.997191e-01
Hs.23671_at	0.722064	2.367543e-03	1.997191e-01
Hs.513313_at	0.722064	2.367543e-03	1.997191e-01
Hs.479634_at	-0.722064	2.367543e-03	1.997191e-01
Hs.1340_at	-0.722064	2.367543e-03	1.997191e-01
Hs.229641_at	-0.722064	2.367543e-03	1.997191e-01
Hs.414740_at	0.722064	2.367543e-03	1.997191e-01
Hs.446118_at	0.722064	2.367543e-03	1.997191e-01
Hs.434265_at	0.722064	2.367543e-03	1.997191e-01
Hs.25131_at	0.722064	2.367543e-03	1.997191e-01
Hs.631926_at	0.722064	2.367543e-03	1.997191e-01
Hs.351665_at	-0.722064	2.367543e-03	1.997191e-01
Hs.527295_at	0.722064	2.367543e-03	1.997191e-01
Hs.516217_at	-0.718454	2.549968e-03	2.031576e-01
Hs.592202_at	-0.718454	2.549968e-03	2.031576e-01
Hs.536850_at	-0.718454	2.549968e-03	2.031576e-01
Hs.388739_at	-0.718454	2.549968e-03	2.031576e-01
Hs.413494_at	0.718454	2.549968e-03	2.031576e-01
Hs.16130_at	0.718454	2.549968e-03	2.031576e-01
Hs.442705_at	0.718454	2.549968e-03	2.031576e-01
Hs.468878_at	0.718454	2.549968e-03	2.031576e-01
Hs.436062_at	-0.718454	2.549968e-03	2.031576e-01
Hs.439023_at	0.718454	2.549968e-03	2.031576e-01
Hs.454534_at	0.718454	2.549968e-03	2.031576e-01
Hs.522029_at	-0.718454	2.549968e-03	2.031576e-01
Hs.444668_at	-0.718454	2.549968e-03	2.031576e-01
Hs.91393_at	-0.718454	2.549968e-03	2.031576e-01
Hs.127897_at	0.714843	2.743476e-03	2.062649e-01
Hs.436618_at	-0.714843	2.743476e-03	2.062649e-01
Hs.427236_at	-0.714843	2.743476e-03	2.062649e-01
Hs.233404_at	0.714843	2.743476e-03	2.062649e-01
Hs.351815_at	0.714843	2.743476e-03	2.062649e-01
Hs.486818_at	-0.714843	2.743476e-03	2.062649e-01
Hs.406157_at	0.714843	2.743476e-03	2.062649e-01
Hs.236774_at	-0.714843	2.743476e-03	2.062649e-01
Hs.264345_at	-0.714843	2.743476e-03	2.062649e-01
Hs.525479_at	0.714843	2.743476e-03	2.062649e-01
Hs.470654_at	-0.711233	2.948549e-03	2.062649e-01
Hs.580807_at	0.711233	2.948549e-03	2.062649e-01
Hs.513153_at	0.711233	2.948549e-03	2.062649e-01
Hs.63348_at	0.711233	2.948549e-03	2.062649e-01
Hs.511311_at	-0.711233	2.948549e-03	2.062649e-01
Hs.511367_at	0.711233	2.948549e-03	2.062649e-01
Hs.126573_at	0.711233	2.948549e-03	2.062649e-01
Hs.600861_at	-0.711233	2.948549e-03	2.062649e-01
Hs.36989_at	0.711233	2.948549e-03	2.062649e-01
Hs.585152_at	-0.711233	2.948549e-03	2.062649e-01
Hs.292754_at	0.711233	2.948549e-03	2.062649e-01
Hs.482976_at	-0.711233	2.948549e-03	2.062649e-01
Hs.320151_at	0.711233	2.948549e-03	2.062649e-01
Hs.133122_at	0.711233	2.948549e-03	2.062649e-01
Hs.234786_at	0.711233	2.948549e-03	2.062649e-01
Hs.82921_at	0.711233	2.948549e-03	2.062649e-01
Hs.630019_at	-0.711233	2.948549e-03	2.062649e-01
Hs.476415_at	-0.711233	2.948549e-03	2.062649e-01
Hs.412719_at	0.711233	2.948549e-03	2.062649e-01
Hs.489448_at	0.711233	2.948549e-03	2.062649e-01
Hs.499453_at	-0.711233	2.948549e-03	2.062649e-01
Hs.459790_at	-0.711233	2.948549e-03	2.062649e-01
Hs.644930_at	0.711233	2.948549e-03	2.062649e-01
Hs.608220_at	0.711233	2.948549e-03	2.062649e-01
Hs.482868_at	-0.711233	2.948549e-03	2.062649e-01
Hs.121847_at	-0.707623	3.165685e-03	2.118582e-01
Hs.597351_at	0.707623	3.165685e-03	2.118582e-01
Hs.272191_at	0.707623	3.165685e-03	2.118582e-01
Hs.520245_at	-0.707623	3.165685e-03	2.118582e-01
Hs.631869_at	0.707623	3.165685e-03	2.118582e-01
Hs.462392_at	0.707623	3.165685e-03	2.118582e-01
Hs.132513_at	-0.707623	3.165685e-03	2.118582e-01
Hs.435811_at	0.707623	3.165685e-03	2.118582e-01
Hs.603568_at	0.707623	3.165685e-03	2.118582e-01
Hs.25450_at	0.707623	3.165685e-03	2.118582e-01
Hs.439894_at	0.707623	3.165685e-03	2.118582e-01
Hs.501452_at	0.707623	3.165685e-03	2.118582e-01
Hs.522401_at	0.707623	3.165685e-03	2.118582e-01
Hs.592269_at	-0.704012	3.395393e-03	2.123654e-01
Hs.652106_at	-0.704012	3.395393e-03	2.123654e-01
Hs.503787_at	-0.704012	3.395393e-03	2.123654e-01
Hs.594886_at	0.704012	3.395393e-03	2.123654e-01
Hs.586830_at	0.704012	3.395393e-03	2.123654e-01
Hs.584242_at	-0.704012	3.395393e-03	2.123654e-01
Hs.709_at	-0.704012	3.395393e-03	2.123654e-01
Hs.413434_at	-0.704012	3.395393e-03	2.123654e-01
Hs.233119_at	-0.704012	3.395393e-03	2.123654e-01
Hs.495554_at	0.704012	3.395393e-03	2.123654e-01
Hs.107510_at	-0.704012	3.395393e-03	2.123654e-01
Hs.631840_at	0.704012	3.395393e-03	2.123654e-01
Hs.482587_at	-0.704012	3.395393e-03	2.123654e-01
Hs.421202_at	0.704012	3.395393e-03	2.123654e-01
Hs.121180_at	0.704012	3.395393e-03	2.123654e-01
Hs.532711_at	0.704012	3.395393e-03	2.123654e-01
Hs.642715_at	-0.704012	3.395393e-03	2.123654e-01
Hs.431307_at	-0.704012	3.395393e-03	2.123654e-01
Hs.301696_at	0.704012	3.395393e-03	2.123654e-01
Hs.652431_at	-0.704012	3.395393e-03	2.123654e-01
Hs.651109_at	-0.704012	3.395393e-03	2.123654e-01
Hs.317740_at	-0.700402	3.638193e-03	2.148353e-01
Hs.484241_at	0.700402	3.638193e-03	2.148353e-01
Hs.333503_at	0.700402	3.638193e-03	2.148353e-01
Hs.50002_at	0.700402	3.638193e-03	2.148353e-01
Hs.558348_at	-0.700402	3.638193e-03	2.148353e-01
Hs.276925_at	0.700402	3.638193e-03	2.148353e-01
Hs.592139_at	0.700402	3.638193e-03	2.148353e-01
Hs.412196_at	-0.700402	3.638193e-03	2.148353e-01
Hs.23439_at	-0.700402	3.638193e-03	2.148353e-01
Hs.577769_at	-0.700402	3.638193e-03	2.148353e-01
Hs.592053_at	0.700402	3.638193e-03	2.148353e-01
Hs.567828_at	-0.700402	3.638193e-03	2.148353e-01
Hs.304781_at	0.700402	3.638193e-03	2.148353e-01
Hs.608666_at	-0.700402	3.638193e-03	2.148353e-01
Hs.633204_at	-0.700402	3.638193e-03	2.148353e-01
Hs.591012_at	0.700402	3.638193e-03	2.148353e-01
Hs.475125_at	-0.700402	3.638193e-03	2.148353e-01
Hs.652318_at	0.700402	3.638193e-03	2.148353e-01
Hs.193745_at	0.700402	3.638193e-03	2.148353e-01
Hs.434900_at	0.696792	3.894619e-03	2.160853e-01
Hs.552082_at	-0.696792	3.894619e-03	2.160853e-01
Hs.478095_at	-0.696792	3.894619e-03	2.160853e-01
Hs.593985_at	-0.696792	3.894619e-03	2.160853e-01
Hs.412818_at	0.696792	3.894619e-03	2.160853e-01
Hs.326579_at	0.696792	3.894619e-03	2.160853e-01
Hs.479386_at	-0.696792	3.894619e-03	2.160853e-01
Hs.532345_at	0.696792	3.894619e-03	2.160853e-01
Hs.125113_at	-0.696792	3.894619e-03	2.160853e-01
Hs.632802_at	0.696792	3.894619e-03	2.160853e-01
Hs.651278_at	0.696792	3.894619e-03	2.160853e-01
Hs.601181_at	-0.696792	3.894619e-03	2.160853e-01
Hs.413133_at	0.696792	3.894619e-03	2.160853e-01
Hs.171054_at	0.696792	3.894619e-03	2.160853e-01
Hs.432503_at	0.696792	3.894619e-03	2.160853e-01
Hs.500645_at	-0.696792	3.894619e-03	2.160853e-01
Hs.368433_at	-0.696792	3.894619e-03	2.160853e-01
Hs.347144_at	-0.696792	3.894619e-03	2.160853e-01
Hs.57732_at	0.696792	3.894619e-03	2.160853e-01
Hs.498732_at	-0.696792	3.894619e-03	2.160853e-01
Hs.375834_at	0.693181	4.165214e-03	2.160853e-01
Hs.55131_at	-0.693181	4.165214e-03	2.160853e-01
Hs.370147_at	-0.693181	4.165214e-03	2.160853e-01
Hs.515255_at	-0.693181	4.165214e-03	2.160853e-01
Hs.418287_at	-0.693181	4.165214e-03	2.160853e-01
Hs.526521_at	-0.693181	4.165214e-03	2.160853e-01
Hs.648568_at	0.693181	4.165214e-03	2.160853e-01
Hs.441708_at	0.693181	4.165214e-03	2.160853e-01
Hs.333125_at	0.693181	4.165214e-03	2.160853e-01
Hs.87726_at	0.693181	4.165214e-03	2.160853e-01
Hs.523413_at	0.693181	4.165214e-03	2.160853e-01
Hs.459649_at	0.693181	4.165214e-03	2.160853e-01
Hs.568509_at	0.693181	4.165214e-03	2.160853e-01
Hs.33446_at	0.693181	4.165214e-03	2.160853e-01
Hs.351814_at	0.693181	4.165214e-03	2.160853e-01
Hs.374126_at	-0.693181	4.165214e-03	2.160853e-01
Hs.517407_at	0.693181	4.165214e-03	2.160853e-01
Hs.514016_at	0.693181	4.165214e-03	2.160853e-01
Hs.632815_at	0.693181	4.165214e-03	2.160853e-01
Hs.161357_at	-0.693181	4.165214e-03	2.160853e-01
Hs.602811_at	-0.693181	4.165214e-03	2.160853e-01
Hs.461405_at	0.693181	4.165214e-03	2.160853e-01
Hs.539003+_at	0.693181	4.165214e-03	2.160853e-01
Hs.527751_at	0.693181	4.165214e-03	2.160853e-01
Hs.602521_at	0.693181	4.165214e-03	2.160853e-01
Hs.434059_at	0.693181	4.165214e-03	2.160853e-01
Hs.97616_at	0.693181	4.165214e-03	2.160853e-01
Hs.58559_at	-0.689571	4.450534e-03	2.174048e-01
Hs.221447_at	0.689571	4.450534e-03	2.174048e-01
Hs.524828_at	-0.689571	4.450534e-03	2.174048e-01
Hs.348615_at	0.689571	4.450534e-03	2.174048e-01
Hs.246284_at	0.689571	4.450534e-03	2.174048e-01
Hs.511477_at	-0.689571	4.450534e-03	2.174048e-01
Hs.25245_at	-0.689571	4.450534e-03	2.174048e-01
Hs.591096_at	0.689571	4.450534e-03	2.174048e-01
Hs.424908_at	-0.689571	4.450534e-03	2.174048e-01
Hs.486410_at	-0.689571	4.450534e-03	2.174048e-01
Hs.23871_at	0.689571	4.450534e-03	2.174048e-01
Hs.59761_at	0.689571	4.450534e-03	2.174048e-01
Hs.82794_at	-0.689571	4.450534e-03	2.174048e-01
Hs.502315_at	-0.689571	4.450534e-03	2.174048e-01
Hs.151218_at	0.689571	4.450534e-03	2.174048e-01
Hs.501012_at	-0.689571	4.450534e-03	2.174048e-01
Hs.643291_at	0.689571	4.450534e-03	2.174048e-01
Hs.437393_at	-0.689571	4.450534e-03	2.174048e-01
Hs.651588_at	0.689571	4.450534e-03	2.174048e-01
Hs.257664_at	-0.689571	4.450534e-03	2.174048e-01
Hs.38738_at	0.689571	4.450534e-03	2.174048e-01
Hs.21278_at	0.689571	4.450534e-03	2.174048e-01
Hs.645243_at	0.689571	4.450534e-03	2.174048e-01
Hs.64968_at	0.689571	4.450534e-03	2.174048e-01
Hs.524767_at	-0.685961	4.751146e-03	2.187816e-01
Hs.591419_at	-0.685961	4.751146e-03	2.187816e-01
Hs.280782_at	0.685961	4.751146e-03	2.187816e-01
Hs.307004_at	0.685961	4.751146e-03	2.187816e-01
Hs.150549_at	0.685961	4.751146e-03	2.187816e-01
Hs.480615_at	0.685961	4.751146e-03	2.187816e-01
Hs.9597_at	0.685961	4.751146e-03	2.187816e-01
Hs.645522_at	-0.685961	4.751146e-03	2.187816e-01
Hs.384668_at	0.685961	4.751146e-03	2.187816e-01
Hs.469116_at	0.685961	4.751146e-03	2.187816e-01
Hs.88651_at	-0.685961	4.751146e-03	2.187816e-01
Hs.364544_at	-0.685961	4.751146e-03	2.187816e-01
Hs.478153_at	-0.685961	4.751146e-03	2.187816e-01
Hs.200943_at	-0.685961	4.751146e-03	2.187816e-01
Hs.513043_at	-0.685961	4.751146e-03	2.187816e-01
Hs.76460_at	0.685961	4.751146e-03	2.187816e-01
Hs.154029_at	0.685961	4.751146e-03	2.187816e-01
Hs.532138_at	0.685961	4.751146e-03	2.187816e-01
Hs.117780_at	0.685961	4.751146e-03	2.187816e-01
Hs.127982_at	0.685961	4.751146e-03	2.187816e-01
Hs.486304_at	0.685961	4.751146e-03	2.187816e-01
Hs.128841_at	-0.685961	4.751146e-03	2.187816e-01
Hs.29698_at	-0.685961	4.751146e-03	2.187816e-01
Hs.267120_at	-0.685961	4.751146e-03	2.187816e-01
Hs.408062_at	0.685961	4.751146e-03	2.187816e-01
Hs.94896_at	-0.682350	5.067630e-03	2.202225e-01
Hs.287664_at	0.682350	5.067630e-03	2.202225e-01
Hs.435237_at	-0.682350	5.067630e-03	2.202225e-01
Hs.148778_at	-0.682350	5.067630e-03	2.202225e-01
Hs.596537_at	-0.682350	5.067630e-03	2.202225e-01
Hs.515432_at	0.682350	5.067630e-03	2.202225e-01
Hs.591146_at	-0.682350	5.067630e-03	2.202225e-01
Hs.496449_at	-0.682350	5.067630e-03	2.202225e-01
Hs.651422_at	-0.682350	5.067630e-03	2.202225e-01
Hs.356872_at	0.682350	5.067630e-03	2.202225e-01
Hs.638542_at	0.682350	5.067630e-03	2.202225e-01
Hs.8417_at	0.682350	5.067630e-03	2.202225e-01
Hs.128959_at	-0.682350	5.067630e-03	2.202225e-01
Hs.513617_at	0.682350	5.067630e-03	2.202225e-01
Hs.123198_at	0.682350	5.067630e-03	2.202225e-01
Hs.412941_at	0.682350	5.067630e-03	2.202225e-01
Hs.131835_at	0.682350	5.067630e-03	2.202225e-01
Hs.97627_at	-0.682350	5.067630e-03	2.202225e-01
Hs.591704_at	0.682350	5.067630e-03	2.202225e-01
Hs.434340_at	-0.682350	5.067630e-03	2.202225e-01
Hs.591747_at	-0.682350	5.067630e-03	2.202225e-01
Hs.130054_at	0.682350	5.067630e-03	2.202225e-01
Hs.436926_at	0.682350	5.067630e-03	2.202225e-01
Hs.484324_at	-0.682350	5.067630e-03	2.202225e-01
Hs.473788_at	0.682350	5.067630e-03	2.202225e-01
Hs.631818_at	-0.682350	5.067630e-03	2.202225e-01
Hs.112751_at	0.678740	5.400576e-03	2.229338e-01
Hs.251399_at	0.678740	5.400576e-03	2.229338e-01
Hs.448825_at	0.678740	5.400576e-03	2.229338e-01
Hs.467151_at	0.678740	5.400576e-03	2.229338e-01
Hs.22393_at	-0.678740	5.400576e-03	2.229338e-01
Hs.24553_at	0.678740	5.400576e-03	2.229338e-01
Hs.592343_at	0.678740	5.400576e-03	2.229338e-01
Hs.173716_at	0.678740	5.400576e-03	2.229338e-01
Hs.2556_at	-0.678740	5.400576e-03	2.229338e-01
Hs.130197_at	0.678740	5.400576e-03	2.229338e-01
Hs.559722_at	0.678740	5.400576e-03	2.229338e-01
Hs.159863_at	0.678740	5.400576e-03	2.229338e-01
Hs.104476_at	0.678740	5.400576e-03	2.229338e-01
Hs.647873_at	-0.678740	5.400576e-03	2.229338e-01
Hs.652384_at	0.678740	5.400576e-03	2.229338e-01
Hs.102696_at	-0.675130	5.750585e-03	2.229338e-01
Hs.183817_at	-0.675130	5.750585e-03	2.229338e-01
Hs.530101_at	0.675130	5.750585e-03	2.229338e-01
Hs.479971_at	-0.675130	5.750585e-03	2.229338e-01
Hs.75317_at	0.675130	5.750585e-03	2.229338e-01
Hs.591805_at	0.675130	5.750585e-03	2.229338e-01
Hs.61552_at	0.675130	5.750585e-03	2.229338e-01
Hs.614816_at	-0.675130	5.750585e-03	2.229338e-01
Hs.121380_at	0.675130	5.750585e-03	2.229338e-01
Hs.567261_at	0.675130	5.750585e-03	2.229338e-01
Hs.606191_at	-0.675130	5.750585e-03	2.229338e-01
Hs.609333_at	0.675130	5.750585e-03	2.229338e-01
Hs.374856_at	0.675130	5.750585e-03	2.229338e-01
Hs.418506_at	0.675130	5.750585e-03	2.229338e-01
Hs.9521_at	-0.675130	5.750585e-03	2.229338e-01
Hs.458406_at	0.675130	5.750585e-03	2.229338e-01
Hs.159360_at	0.675130	5.750585e-03	2.229338e-01
Hs.438712_at	0.675130	5.750585e-03	2.229338e-01
Hs.434253_at	-0.675130	5.750585e-03	2.229338e-01
Hs.25300_at	0.675130	5.750585e-03	2.229338e-01
Hs.352240_at	0.675130	5.750585e-03	2.229338e-01
Hs.388236_at	0.675130	5.750585e-03	2.229338e-01
Hs.96886_at	-0.675130	5.750585e-03	2.229338e-01
Hs.213144-_at	0.675130	5.750585e-03	2.229338e-01
Hs.512799_at	0.675130	5.750585e-03	2.229338e-01
Hs.158297_at	0.675130	5.750585e-03	2.229338e-01
Hs.213722_at	0.675130	5.750585e-03	2.229338e-01
Hs.6168_at	0.675130	5.750585e-03	2.229338e-01
Hs.97316_at	0.675130	5.750585e-03	2.229338e-01
Hs.485606_at	-0.675130	5.750585e-03	2.229338e-01
Hs.470457_at	-0.675130	5.750585e-03	2.229338e-01
Hs.22452_at	-0.675130	5.750585e-03	2.229338e-01
Hs.596913_at	-0.675130	5.750585e-03	2.229338e-01
Hs.652127_at	0.675130	5.750585e-03	2.229338e-01
Hs.514342_at	0.675130	5.750585e-03	2.229338e-01
Hs.128556_at	0.675130	5.750585e-03	2.229338e-01
Hs.416007_at	0.675130	5.750585e-03	2.229338e-01
Hs.99927_at	0.675130	5.750585e-03	2.229338e-01
Hs.591177_at	0.671520	6.118270e-03	2.229338e-01
Hs.407490_at	0.671520	6.118270e-03	2.229338e-01
Hs.514840_at	-0.671520	6.118270e-03	2.229338e-01
Hs.16732_at	-0.671520	6.118270e-03	2.229338e-01
Hs.631604_at	0.671520	6.118270e-03	2.229338e-01
Hs.165296_at	0.671520	6.118270e-03	2.229338e-01
Hs.652361_at	-0.671520	6.118270e-03	2.229338e-01
Hs.631633_at	0.671520	6.118270e-03	2.229338e-01
Hs.32721_at	0.671520	6.118270e-03	2.229338e-01
Hs.632837_at	-0.671520	6.118270e-03	2.229338e-01
Hs.152774_at	-0.671520	6.118270e-03	2.229338e-01
Hs.467304_at	0.671520	6.118270e-03	2.229338e-01
Hs.466693_at	0.671520	6.118270e-03	2.229338e-01
Hs.463978_at	-0.671520	6.118270e-03	2.229338e-01
Hs.616416_at	0.671520	6.118270e-03	2.229338e-01
Hs.568397_at	0.671520	6.118270e-03	2.229338e-01
Hs.150725_at	0.671520	6.118270e-03	2.229338e-01
Hs.649558_at	-0.671520	6.118270e-03	2.229338e-01
Hs.178244_at	0.671520	6.118270e-03	2.229338e-01
Hs.465041_at	-0.671520	6.118270e-03	2.229338e-01
Hs.645589_at	-0.671520	6.118270e-03	2.229338e-01
Hs.439363_at	-0.671520	6.118270e-03	2.229338e-01
Hs.57907_at	0.671520	6.118270e-03	2.229338e-01
Hs.380801_at	0.671520	6.118270e-03	2.229338e-01
Hs.58382_at	-0.671520	6.118270e-03	2.229338e-01
Hs.596942_at	-0.671520	6.118270e-03	2.229338e-01
Hs.421622_at	0.671520	6.118270e-03	2.229338e-01
Hs.606156_at	0.671520	6.118270e-03	2.229338e-01
Hs.371674_at	0.671520	6.118270e-03	2.229338e-01
Hs.632720_at	-0.671520	6.118270e-03	2.229338e-01
Hs.2090_at	-0.671520	6.118270e-03	2.229338e-01
Hs.114033_at	-0.671520	6.118270e-03	2.229338e-01
Hs.415768_at	0.671520	6.118270e-03	2.229338e-01
Hs.482043_at	-0.671520	6.118270e-03	2.229338e-01
Hs.517939_at	0.671520	6.118270e-03	2.229338e-01
Hs.591325_at	0.671520	6.118270e-03	2.229338e-01
Hs.524920_at	0.667909	6.504253e-03	2.243744e-01
Hs.380929_at	0.667909	6.504253e-03	2.243744e-01
Hs.522632_at	0.667909	6.504253e-03	2.243744e-01
Hs.631535_at	0.667909	6.504253e-03	2.243744e-01
Hs.271667_at	-0.667909	6.504253e-03	2.243744e-01
Hs.592313_at	-0.667909	6.504253e-03	2.243744e-01
Hs.598843_at	-0.667909	6.504253e-03	2.243744e-01
Hs.82045_at	0.667909	6.504253e-03	2.243744e-01
Hs.465295_at	-0.667909	6.504253e-03	2.243744e-01
Hs.570737_at	0.667909	6.504253e-03	2.243744e-01
Hs.24119_at	-0.667909	6.504253e-03	2.243744e-01
Hs.505802_at	0.667909	6.504253e-03	2.243744e-01
Hs.124537_at	-0.667909	6.504253e-03	2.243744e-01
Hs.529178_at	-0.667909	6.504253e-03	2.243744e-01
Hs.23956_at	-0.667909	6.504253e-03	2.243744e-01
Hs.483296_at	-0.667909	6.504253e-03	2.243744e-01
Hs.517059_at	0.667909	6.504253e-03	2.243744e-01
Hs.597915_at	0.667909	6.504253e-03	2.243744e-01
Hs.563443_at	-0.667909	6.504253e-03	2.243744e-01
Hs.71787_at	-0.667909	6.504253e-03	2.243744e-01
Hs.211823_at	-0.667909	6.504253e-03	2.243744e-01
Hs.533440_at	-0.667909	6.504253e-03	2.243744e-01
Hs.187461_at	0.667909	6.504253e-03	2.243744e-01
Hs.533291_at	-0.667909	6.504253e-03	2.243744e-01
Hs.387794_at	-0.667909	6.504253e-03	2.243744e-01
Hs.609951_at	-0.667909	6.504253e-03	2.243744e-01
Hs.48823_at	-0.667909	6.504253e-03	2.243744e-01
Hs.352633_at	0.667909	6.504253e-03	2.243744e-01
Hs.14222_at	-0.667909	6.504253e-03	2.243744e-01
Hs.585530_at	0.667909	6.504253e-03	2.243744e-01
Hs.101014_at	-0.667909	6.504253e-03	2.243744e-01
Hs.348387_at	-0.664299	6.909170e-03	2.296613e-01
Hs.649726_at	-0.664299	6.909170e-03	2.296613e-01
Hs.445061_at	0.664299	6.909170e-03	2.296613e-01
Hs.48924_at	-0.664299	6.909170e-03	2.296613e-01
Hs.6651_at	-0.664299	6.909170e-03	2.296613e-01
Hs.433700_at	-0.664299	6.909170e-03	2.296613e-01
Hs.388813_at	-0.664299	6.909170e-03	2.296613e-01
Hs.567769_at	0.664299	6.909170e-03	2.296613e-01
Hs.441550_at	0.664299	6.909170e-03	2.296613e-01
Hs.443406_at	0.664299	6.909170e-03	2.296613e-01
Hs.443490_at	-0.664299	6.909170e-03	2.296613e-01
Hs.435845_at	0.664299	6.909170e-03	2.296613e-01
Hs.429294_at	0.664299	6.909170e-03	2.296613e-01
Hs.591156_at	-0.664299	6.909170e-03	2.296613e-01
Hs.128180_at	-0.664299	6.909170e-03	2.296613e-01
Hs.529778_at	-0.664299	6.909170e-03	2.296613e-01
Hs.632391_at	0.664299	6.909170e-03	2.296613e-01
Hs.466907_at	0.664299	6.909170e-03	2.296613e-01
Hs.21754_at	0.664299	6.909170e-03	2.296613e-01
Hs.547465_at	0.664299	6.909170e-03	2.296613e-01
Hs.624043_at	0.664299	6.909170e-03	2.296613e-01
Hs.511316_at	-0.664299	6.909170e-03	2.296613e-01
Hs.155742_at	-0.660689	7.333664e-03	2.313582e-01
Hs.327252_at	-0.660689	7.333664e-03	2.313582e-01
Hs.516153_at	0.660689	7.333664e-03	2.313582e-01
Hs.1437_at	0.660689	7.333664e-03	2.313582e-01
Hs.590908_at	-0.660689	7.333664e-03	2.313582e-01
Hs.402773_at	0.660689	7.333664e-03	2.313582e-01
Hs.438040_at	-0.660689	7.333664e-03	2.313582e-01
Hs.607076_at	-0.660689	7.333664e-03	2.313582e-01
Hs.532056_at	-0.660689	7.333664e-03	2.313582e-01
Hs.348809_at	0.660689	7.333664e-03	2.313582e-01
Hs.498455_at	-0.660689	7.333664e-03	2.313582e-01
Hs.535293_at	-0.660689	7.333664e-03	2.313582e-01
Hs.150793_at	0.660689	7.333664e-03	2.313582e-01
Hs.433337_at	0.660689	7.333664e-03	2.313582e-01
Hs.116233_at	0.660689	7.333664e-03	2.313582e-01
Hs.97270_at	-0.660689	7.333664e-03	2.313582e-01
Hs.132359_at	-0.660689	7.333664e-03	2.313582e-01
Hs.604321_at	0.660689	7.333664e-03	2.313582e-01
Hs.126888_at	-0.660689	7.333664e-03	2.313582e-01
Hs.446962_at	0.660689	7.333664e-03	2.313582e-01
Hs.197613_at	0.660689	7.333664e-03	2.313582e-01
Hs.128856_at	0.660689	7.333664e-03	2.313582e-01
Hs.25584_at	0.660689	7.333664e-03	2.313582e-01
Hs.44004_at	-0.660689	7.333664e-03	2.313582e-01
Hs.458713_at	0.660689	7.333664e-03	2.313582e-01
Hs.47061_at	0.660689	7.333664e-03	2.313582e-01
Hs.533022_at	0.660689	7.333664e-03	2.313582e-01
Hs.604198_at	-0.660689	7.333664e-03	2.313582e-01
Hs.435615_at	0.660689	7.333664e-03	2.313582e-01
Hs.193268_at	-0.660689	7.333664e-03	2.313582e-01
Hs.523660_at	-0.657078	7.778392e-03	2.313582e-01
Hs.18426_at	-0.657078	7.778392e-03	2.313582e-01
Hs.176479_at	0.657078	7.778392e-03	2.313582e-01
Hs.491322_at	0.657078	7.778392e-03	2.313582e-01
Hs.498028_at	-0.657078	7.778392e-03	2.313582e-01
Hs.495227_at	0.657078	7.778392e-03	2.313582e-01
Hs.368260_at	0.657078	7.778392e-03	2.313582e-01
Hs.113314_at	0.657078	7.778392e-03	2.313582e-01
Hs.535059_at	0.657078	7.778392e-03	2.313582e-01
Hs.329502_at	0.657078	7.778392e-03	2.313582e-01
Hs.636446_at	0.657078	7.778392e-03	2.313582e-01
Hs.234149_at	-0.657078	7.778392e-03	2.313582e-01
Hs.323363_at	0.657078	7.778392e-03	2.313582e-01
Hs.179213_at	0.657078	7.778392e-03	2.313582e-01
Hs.605922_at	-0.657078	7.778392e-03	2.313582e-01
Hs.386189_at	0.657078	7.778392e-03	2.313582e-01
Hs.405614_at	0.657078	7.778392e-03	2.313582e-01
Hs.277937_at	-0.657078	7.778392e-03	2.313582e-01
Hs.42547_at	-0.657078	7.778392e-03	2.313582e-01
Hs.507805_at	-0.657078	7.778392e-03	2.313582e-01
Hs.58351_at	0.657078	7.778392e-03	2.313582e-01
Hs.144287_at	0.657078	7.778392e-03	2.313582e-01
Hs.380704_at	0.657078	7.778392e-03	2.313582e-01
Hs.133469_at	-0.657078	7.778392e-03	2.313582e-01
Hs.503763_at	-0.657078	7.778392e-03	2.313582e-01
Hs.518060_at	-0.657078	7.778392e-03	2.313582e-01
Hs.334639_at	0.657078	7.778392e-03	2.313582e-01
Hs.533720_at	0.657078	7.778392e-03	2.313582e-01
Hs.333130_at	0.657078	7.778392e-03	2.313582e-01
Hs.608042_at	-0.657078	7.778392e-03	2.313582e-01
Hs.506908_at	0.657078	7.778392e-03	2.313582e-01
Hs.631761_at	0.657078	7.778392e-03	2.313582e-01
Hs.276876_at	-0.657078	7.778392e-03	2.313582e-01
Hs.226780_at	-0.657078	7.778392e-03	2.313582e-01
Hs.518513_at	0.657078	7.778392e-03	2.313582e-01
Hs.591623_at	0.657078	7.778392e-03	2.313582e-01
Hs.143077_at	0.657078	7.778392e-03	2.313582e-01
Hs.473058_at	0.657078	7.778392e-03	2.313582e-01
Hs.348609_at	0.657078	7.778392e-03	2.313582e-01
Hs.601429_at	-0.657078	7.778392e-03	2.313582e-01
Hs.105465_at	-0.657078	7.778392e-03	2.313582e-01
Hs.170944_at	0.653468	8.244017e-03	2.344407e-01
Hs.569915_at	0.653468	8.244017e-03	2.344407e-01
Hs.436803_at	-0.653468	8.244017e-03	2.344407e-01
Hs.71827_at	-0.653468	8.244017e-03	2.344407e-01
Hs.532609_at	-0.653468	8.244017e-03	2.344407e-01
Hs.160550_at	0.653468	8.244017e-03	2.344407e-01
Hs.529351_at	0.653468	8.244017e-03	2.344407e-01
Hs.83634_at	0.653468	8.244017e-03	2.344407e-01
Hs.638938_at	0.653468	8.244017e-03	2.344407e-01
Hs.260041_at	-0.653468	8.244017e-03	2.344407e-01
Hs.111749_at	-0.653468	8.244017e-03	2.344407e-01
Hs.632239_at	0.653468	8.244017e-03	2.344407e-01
Hs.443061_at	-0.653468	8.244017e-03	2.344407e-01
Hs.181042_at	-0.653468	8.244017e-03	2.344407e-01
Hs.632067_at	0.653468	8.244017e-03	2.344407e-01
Hs.21417_at	0.653468	8.244017e-03	2.344407e-01
Hs.255973_at	-0.653468	8.244017e-03	2.344407e-01
Hs.279463_at	0.653468	8.244017e-03	2.344407e-01
Hs.468801_at	-0.653468	8.244017e-03	2.344407e-01
Hs.579928_at	0.653468	8.244017e-03	2.344407e-01
Hs.194609_at	0.653468	8.244017e-03	2.344407e-01
Hs.621320_at	0.653468	8.244017e-03	2.344407e-01
Hs.536045_at	0.653468	8.244017e-03	2.344407e-01
Hs.249600_at	0.653468	8.244017e-03	2.344407e-01
Hs.477144_at	-0.653468	8.244017e-03	2.344407e-01
Hs.116428_at	0.653468	8.244017e-03	2.344407e-01
Hs.563630_at	-0.653468	8.244017e-03	2.344407e-01
Hs.248149_at	0.653468	8.244017e-03	2.344407e-01
Hs.525518_at	-0.653468	8.244017e-03	2.344407e-01
Hs.525061_at	-0.653468	8.244017e-03	2.344407e-01
Hs.515081_at	0.653468	8.244017e-03	2.344407e-01
Hs.444980_at	0.649858	8.731216e-03	2.346675e-01
Hs.569510_at	0.649858	8.731216e-03	2.346675e-01
Hs.585378_at	-0.649858	8.731216e-03	2.346675e-01
Hs.527213_at	-0.649858	8.731216e-03	2.346675e-01
Hs.440534_at	-0.649858	8.731216e-03	2.346675e-01
Hs.591976_at	-0.649858	8.731216e-03	2.346675e-01
Hs.584750_at	-0.649858	8.731216e-03	2.346675e-01
Hs.372719_at	0.649858	8.731216e-03	2.346675e-01
Hs.166091_at	-0.649858	8.731216e-03	2.346675e-01
Hs.503163_at	0.649858	8.731216e-03	2.346675e-01
Hs.104633_at	0.649858	8.731216e-03	2.346675e-01
Hs.645017_at	-0.649858	8.731216e-03	2.346675e-01
Hs.415414_at	-0.649858	8.731216e-03	2.346675e-01
Hs.205558_at	-0.649858	8.731216e-03	2.346675e-01
Hs.633191_at	0.649858	8.731216e-03	2.346675e-01
Hs.156979_at	0.649858	8.731216e-03	2.346675e-01
Hs.480364_at	-0.649858	8.731216e-03	2.346675e-01
Hs.483259_at	-0.649858	8.731216e-03	2.346675e-01
Hs.290154_at	0.649858	8.731216e-03	2.346675e-01
Hs.412355_at	0.649858	8.731216e-03	2.346675e-01
Hs.70769_at	-0.649858	8.731216e-03	2.346675e-01
Hs.167371_at	0.649858	8.731216e-03	2.346675e-01
Hs.519693_at	0.649858	8.731216e-03	2.346675e-01
Hs.516632_at	-0.649858	8.731216e-03	2.346675e-01
Hs.274356_at	0.649858	8.731216e-03	2.346675e-01
Hs.159581_at	0.649858	8.731216e-03	2.346675e-01
Hs.197116_at	0.649858	8.731216e-03	2.346675e-01
Hs.606172_at	0.649858	8.731216e-03	2.346675e-01
Hs.603707_at	-0.649858	8.731216e-03	2.346675e-01
Hs.166539_at	-0.649858	8.731216e-03	2.346675e-01
Hs.371617_at	0.649858	8.731216e-03	2.346675e-01
Hs.79335_at	0.649858	8.731216e-03	2.346675e-01
Hs.513883_at	0.649858	8.731216e-03	2.346675e-01
Hs.435832_at	0.649858	8.731216e-03	2.346675e-01
Hs.371588_at	-0.649858	8.731216e-03	2.346675e-01
Hs.55016_at	0.649858	8.731216e-03	2.346675e-01
Hs.578167_at	0.649858	8.731216e-03	2.346675e-01
Hs.465506_at	0.649858	8.731216e-03	2.346675e-01
Hs.116014_at	-0.649858	8.731216e-03	2.346675e-01
Hs.517235_at	0.649858	8.731216e-03	2.346675e-01
Hs.11355_at	-0.649858	8.731216e-03	2.346675e-01
Hs.88372_at	0.646247	9.240673e-03	2.363376e-01
Hs.288880_at	-0.646247	9.240673e-03	2.363376e-01
Hs.496323_at	0.646247	9.240673e-03	2.363376e-01
Hs.602105-_at	0.646247	9.240673e-03	2.363376e-01
Hs.74405_at	-0.646247	9.240673e-03	2.363376e-01
Hs.196073_at	-0.646247	9.240673e-03	2.363376e-01
Hs.601648_at	-0.646247	9.240673e-03	2.363376e-01
Hs.95162_at	0.646247	9.240673e-03	2.363376e-01
Hs.248153_at	0.646247	9.240673e-03	2.363376e-01
Hs.22157_at	0.646247	9.240673e-03	2.363376e-01
Hs.161803_at	0.646247	9.240673e-03	2.363376e-01
Hs.635685_at	-0.646247	9.240673e-03	2.363376e-01
Hs.287433_at	0.646247	9.240673e-03	2.363376e-01
Hs.632102_at	0.646247	9.240673e-03	2.363376e-01
Hs.128060_at	0.646247	9.240673e-03	2.363376e-01
Hs.81934_at	-0.646247	9.240673e-03	2.363376e-01
Hs.586188_at	0.646247	9.240673e-03	2.363376e-01
Hs.282735_at	0.646247	9.240673e-03	2.363376e-01
Hs.487471_at	0.646247	9.240673e-03	2.363376e-01
Hs.371372_at	-0.646247	9.240673e-03	2.363376e-01
Hs.417022_at	-0.646247	9.240673e-03	2.363376e-01
Hs.124027_at	-0.646247	9.240673e-03	2.363376e-01
Hs.228474_at	0.646247	9.240673e-03	2.363376e-01
Hs.367854_at	-0.646247	9.240673e-03	2.363376e-01
Hs.235873_at	0.646247	9.240673e-03	2.363376e-01
Hs.127111_at	0.646247	9.240673e-03	2.363376e-01
Hs.591209_at	0.646247	9.240673e-03	2.363376e-01
Hs.405662_at	0.646247	9.240673e-03	2.363376e-01
Hs.546268_at	-0.646247	9.240673e-03	2.363376e-01
Hs.73797_at	0.646247	9.240673e-03	2.363376e-01
Hs.529023_at	-0.646247	9.240673e-03	2.363376e-01
Hs.258798_at	-0.646247	9.240673e-03	2.363376e-01
Hs.21902_at	-0.646247	9.240673e-03	2.363376e-01
Hs.117715_at	0.646247	9.240673e-03	2.363376e-01
Hs.481569_at	-0.646247	9.240673e-03	2.363376e-01
Hs.624776_at	-0.646247	9.240673e-03	2.363376e-01
Hs.99488_at	-0.646247	9.240673e-03	2.363376e-01
Hs.369438_at	-0.646247	9.240673e-03	2.363376e-01
Hs.632313_at	0.642637	9.773084e-03	2.397438e-01
Hs.26714_at	0.642637	9.773084e-03	2.397438e-01
Hs.268177_at	0.642637	9.773084e-03	2.397438e-01
Hs.521653_at	0.642637	9.773084e-03	2.397438e-01
Hs.491813_at	0.642637	9.773084e-03	2.397438e-01
Hs.608549_at	0.642637	9.773084e-03	2.397438e-01
Hs.644853_at	0.642637	9.773084e-03	2.397438e-01
Hs.652393_at	-0.642637	9.773084e-03	2.397438e-01
Hs.524953_at	-0.642637	9.773084e-03	2.397438e-01
Hs.481307_at	-0.642637	9.773084e-03	2.397438e-01
Hs.43666_at	0.642637	9.773084e-03	2.397438e-01
Hs.446414_at	-0.642637	9.773084e-03	2.397438e-01
Hs.6829_at	0.642637	9.773084e-03	2.397438e-01
Hs.257045_at	0.642637	9.773084e-03	2.397438e-01
Hs.188591_at	-0.642637	9.773084e-03	2.397438e-01
Hs.586460_at	0.642637	9.773084e-03	2.397438e-01
Hs.372_at	0.642637	9.773084e-03	2.397438e-01
Hs.6846_at	0.642637	9.773084e-03	2.397438e-01
Hs.489734_at	-0.642637	9.773084e-03	2.397438e-01
Hs.84549_at	-0.642637	9.773084e-03	2.397438e-01
Hs.159492_at	-0.642637	9.773084e-03	2.397438e-01
Hs.1270_at	0.642637	9.773084e-03	2.397438e-01
Hs.471119_at	-0.642637	9.773084e-03	2.397438e-01
Hs.623661_at	-0.642637	9.773084e-03	2.397438e-01
Hs.533245_at	-0.642637	9.773084e-03	2.397438e-01
Hs.592149_at	0.642637	9.773084e-03	2.397438e-01
Hs.599179_at	-0.642637	9.773084e-03	2.397438e-01
Hs.591727_at	0.642637	9.773084e-03	2.397438e-01
Hs.95034_at	0.642637	9.773084e-03	2.397438e-01
Hs.594838_at	-0.642637	9.773084e-03	2.397438e-01
Hs.248171_at	0.642637	9.773084e-03	2.397438e-01
Hs.503594_at	0.642637	9.773084e-03	2.397438e-01
Hs.83722_at	-0.642637	9.773084e-03	2.397438e-01
Hs.521482_at	0.639027	1.032915e-02	2.397438e-01
Hs.424312_at	0.639027	1.032915e-02	2.397438e-01
Hs.483616_at	-0.639027	1.032915e-02	2.397438e-01
Hs.529408_at	-0.639027	1.032915e-02	2.397438e-01
Hs.602898_at	0.639027	1.032915e-02	2.397438e-01
Hs.194777_at	0.639027	1.032915e-02	2.397438e-01
Hs.494457_at	0.639027	1.032915e-02	2.397438e-01
Hs.10101_at	0.639027	1.032915e-02	2.397438e-01
Hs.505871_at	-0.639027	1.032915e-02	2.397438e-01
Hs.301412_at	-0.639027	1.032915e-02	2.397438e-01
Hs.450763_at	0.639027	1.032915e-02	2.397438e-01
Hs.573143_at	-0.639027	1.032915e-02	2.397438e-01
Hs.461300_at	-0.639027	1.032915e-02	2.397438e-01
Hs.611806_at	-0.639027	1.032915e-02	2.397438e-01
Hs.648502_at	-0.639027	1.032915e-02	2.397438e-01
Hs.471014_at	0.639027	1.032915e-02	2.397438e-01
Hs.471148_at	-0.639027	1.032915e-02	2.397438e-01
Hs.600037_at	-0.639027	1.032915e-02	2.397438e-01
Hs.621195_at	0.639027	1.032915e-02	2.397438e-01
Hs.507498_at	-0.639027	1.032915e-02	2.397438e-01
Hs.54642_at	-0.639027	1.032915e-02	2.397438e-01
Hs.639405_at	0.639027	1.032915e-02	2.397438e-01
Hs.558595_at	-0.639027	1.032915e-02	2.397438e-01
Hs.440544_at	-0.639027	1.032915e-02	2.397438e-01
Hs.478031_at	-0.639027	1.032915e-02	2.397438e-01
Hs.405659_at	0.639027	1.032915e-02	2.397438e-01
Hs.646614_at	-0.639027	1.032915e-02	2.397438e-01
Hs.631735_at	0.639027	1.032915e-02	2.397438e-01
Hs.144879_at	0.639027	1.032915e-02	2.397438e-01
Hs.272380_at	0.639027	1.032915e-02	2.397438e-01
Hs.370166_at	0.639027	1.032915e-02	2.397438e-01
Hs.143410_at	-0.639027	1.032915e-02	2.397438e-01
Hs.632854_at	0.639027	1.032915e-02	2.397438e-01
Hs.651379_at	0.639027	1.032915e-02	2.397438e-01
Hs.591980_at	0.639027	1.032915e-02	2.397438e-01
Hs.303980_at	0.639027	1.032915e-02	2.397438e-01
Hs.591375_at	-0.639027	1.032915e-02	2.397438e-01
Hs.369123_at	0.639027	1.032915e-02	2.397438e-01
Hs.43213_at	-0.639027	1.032915e-02	2.397438e-01
Hs.364980_at	-0.639027	1.032915e-02	2.397438e-01
Hs.375103_at	0.639027	1.032915e-02	2.397438e-01
Hs.79411_at	-0.639027	1.032915e-02	2.397438e-01
Hs.596101_at	-0.639027	1.032915e-02	2.397438e-01
Hs.596347_at	-0.639027	1.032915e-02	2.397438e-01
Hs.630579_at	0.639027	1.032915e-02	2.397438e-01
Hs.473163_at	0.639027	1.032915e-02	2.397438e-01
Hs.631613_at	0.639027	1.032915e-02	2.397438e-01
Hs.459376_at	0.635416	1.090959e-02	2.404301e-01
Hs.567295_at	-0.635416	1.090959e-02	2.404301e-01
Hs.146059_at	0.635416	1.090959e-02	2.404301e-01
Hs.374201_at	-0.635416	1.090959e-02	2.404301e-01
Hs.198161_at	0.635416	1.090959e-02	2.404301e-01
Hs.293394_at	0.635416	1.090959e-02	2.404301e-01
Hs.234775_at	0.635416	1.090959e-02	2.404301e-01
Hs.487635_at	-0.635416	1.090959e-02	2.404301e-01
Hs.298573_at	0.635416	1.090959e-02	2.404301e-01
Hs.602758_at	0.635416	1.090959e-02	2.404301e-01
Hs.123107_at	0.635416	1.090959e-02	2.404301e-01
Hs.590879_at	0.635416	1.090959e-02	2.404301e-01
Hs.444982_at	-0.635416	1.090959e-02	2.404301e-01
Hs.651465_at	-0.635416	1.090959e-02	2.404301e-01
Hs.408458_at	0.635416	1.090959e-02	2.404301e-01
Hs.58633_at	-0.635416	1.090959e-02	2.404301e-01
Hs.436743_at	0.635416	1.090959e-02	2.404301e-01
Hs.444179_at	0.635416	1.090959e-02	2.404301e-01
Hs.608580_at	0.635416	1.090959e-02	2.404301e-01
Hs.238996_at	-0.635416	1.090959e-02	2.404301e-01
Hs.443852_at	-0.635416	1.090959e-02	2.404301e-01
Hs.496943_at	-0.635416	1.090959e-02	2.404301e-01
Hs.88251_at	0.635416	1.090959e-02	2.404301e-01
Hs.112577_at	0.635416	1.090959e-02	2.404301e-01
Hs.109212_at	0.635416	1.090959e-02	2.404301e-01
Hs.635632_at	-0.635416	1.090959e-02	2.404301e-01
Hs.29899_at	-0.635416	1.090959e-02	2.404301e-01
Hs.288151_at	-0.635416	1.090959e-02	2.404301e-01
Hs.188859_at	0.635416	1.090959e-02	2.404301e-01
Hs.1321_at	0.635416	1.090959e-02	2.404301e-01
Hs.15114_at	0.635416	1.090959e-02	2.404301e-01
Hs.436350_at	-0.635416	1.090959e-02	2.404301e-01
Hs.652509_at	-0.635416	1.090959e-02	2.404301e-01
Hs.264887_at	0.635416	1.090959e-02	2.404301e-01
Hs.22500_at	0.635416	1.090959e-02	2.404301e-01
Hs.99477_at	0.635416	1.090959e-02	2.404301e-01
Hs.524308_at	0.635416	1.090959e-02	2.404301e-01
Hs.160436_at	0.635416	1.090959e-02	2.404301e-01
Hs.166551_at	-0.635416	1.090959e-02	2.404301e-01
Hs.408190_at	-0.635416	1.090959e-02	2.404301e-01
Hs.279913_at	-0.635416	1.090959e-02	2.404301e-01
Hs.28020_at	-0.635416	1.090959e-02	2.404301e-01
Hs.624881_at	-0.635416	1.090959e-02	2.404301e-01
Hs.632099_at	0.635416	1.090959e-02	2.404301e-01
Hs.503389_at	-0.635416	1.090959e-02	2.404301e-01
Hs.556095_at	0.635416	1.090959e-02	2.404301e-01
Hs.194236_at	0.631806	1.151512e-02	2.456844e-01
Hs.136555_at	0.631806	1.151512e-02	2.456844e-01
Hs.647051_at	0.631806	1.151512e-02	2.456844e-01
Hs.389669_at	0.631806	1.151512e-02	2.456844e-01
Hs.42949_at	0.631806	1.151512e-02	2.456844e-01
Hs.42221_at	0.631806	1.151512e-02	2.456844e-01
Hs.549405_at	-0.631806	1.151512e-02	2.456844e-01
Hs.486189_at	0.631806	1.151512e-02	2.456844e-01
Hs.483473_at	-0.631806	1.151512e-02	2.456844e-01
Hs.161220_at	-0.631806	1.151512e-02	2.456844e-01
Hs.652218_at	-0.631806	1.151512e-02	2.456844e-01
Hs.605998_at	0.631806	1.151512e-02	2.456844e-01
Hs.333786_at	-0.631806	1.151512e-02	2.456844e-01
Hs.194659_at	0.631806	1.151512e-02	2.456844e-01
Hs.14229_at	-0.631806	1.151512e-02	2.456844e-01
Hs.286226_at	0.631806	1.151512e-02	2.456844e-01
Hs.385493_at	0.631806	1.151512e-02	2.456844e-01
Hs.171057_at	0.631806	1.151512e-02	2.456844e-01
Hs.3100_at	-0.631806	1.151512e-02	2.456844e-01
Hs.435274_at	-0.631806	1.151512e-02	2.456844e-01
Hs.266308_at	0.631806	1.151512e-02	2.456844e-01
Hs.433439_at	-0.631806	1.151512e-02	2.456844e-01
Hs.464912_at	-0.631806	1.151512e-02	2.456844e-01
Hs.297988_at	0.631806	1.151512e-02	2.456844e-01
Hs.12253_at	-0.631806	1.151512e-02	2.456844e-01
Hs.532401_at	0.631806	1.151512e-02	2.456844e-01
Hs.129419_at	0.631806	1.151512e-02	2.456844e-01
Hs.77558_at	-0.631806	1.151512e-02	2.456844e-01
Hs.481704_at	-0.631806	1.151512e-02	2.456844e-01
Hs.1497_at	0.631806	1.151512e-02	2.456844e-01
Hs.129159_at	-0.628196	1.214647e-02	2.480821e-01
Hs.513734_at	-0.628196	1.214647e-02	2.480821e-01
Hs.15536_at	-0.628196	1.214647e-02	2.480821e-01
Hs.465490_at	0.628196	1.214647e-02	2.480821e-01
Hs.175905_at	-0.628196	1.214647e-02	2.480821e-01
Hs.17731_at	0.628196	1.214647e-02	2.480821e-01
Hs.591311_at	-0.628196	1.214647e-02	2.480821e-01
Hs.444157_at	-0.628196	1.214647e-02	2.480821e-01
Hs.594406_at	-0.628196	1.214647e-02	2.480821e-01
Hs.132682_at	-0.628196	1.214647e-02	2.480821e-01
Hs.132553_at	-0.628196	1.214647e-02	2.480821e-01
Hs.546294_at	0.628196	1.214647e-02	2.480821e-01
Hs.140903_at	-0.628196	1.214647e-02	2.480821e-01
Hs.408903_at	0.628196	1.214647e-02	2.480821e-01
Hs.553488_at	0.628196	1.214647e-02	2.480821e-01
Hs.519557_at	-0.628196	1.214647e-02	2.480821e-01
Hs.11125_at	-0.628196	1.214647e-02	2.480821e-01
Hs.272062_at	0.628196	1.214647e-02	2.480821e-01
Hs.11463_at	-0.628196	1.214647e-02	2.480821e-01
Hs.249170_at	0.628196	1.214647e-02	2.480821e-01
Hs.369999_at	0.628196	1.214647e-02	2.480821e-01
Hs.21975_at	0.628196	1.214647e-02	2.480821e-01
Hs.595389_at	-0.628196	1.214647e-02	2.480821e-01
Hs.248127_at	0.628196	1.214647e-02	2.480821e-01
Hs.122006_at	-0.628196	1.214647e-02	2.480821e-01
Hs.591000_at	0.628196	1.214647e-02	2.480821e-01
Hs.650727_at	0.628196	1.214647e-02	2.480821e-01
Hs.469254_at	-0.628196	1.214647e-02	2.480821e-01
Hs.406392_at	0.628196	1.214647e-02	2.480821e-01
Hs.146602_at	-0.628196	1.214647e-02	2.480821e-01
Hs.333738_at	-0.628196	1.214647e-02	2.480821e-01
Hs.524368_at	0.628196	1.214647e-02	2.480821e-01
Hs.248192_at	0.628196	1.214647e-02	2.480821e-01
Hs.515032_at	0.628196	1.214647e-02	2.480821e-01
Hs.100217_at	0.628196	1.214647e-02	2.480821e-01
Hs.77498_at	-0.628196	1.214647e-02	2.480821e-01
Hs.643491_at	-0.628196	1.214647e-02	2.480821e-01
Hs.540658_at	0.628196	1.214647e-02	2.480821e-01
Hs.434248_at	0.628196	1.214647e-02	2.480821e-01
Hs.521693_at	-0.628196	1.214647e-02	2.480821e-01
Hs.632642_at	0.628196	1.214647e-02	2.480821e-01
Hs.627290_at	-0.628196	1.214647e-02	2.480821e-01
Hs.5394_at	0.624585	1.280439e-02	2.520330e-01
Hs.7517_at	-0.624585	1.280439e-02	2.520330e-01
Hs.89901_at	0.624585	1.280439e-02	2.520330e-01
Hs.47261_at	0.624585	1.280439e-02	2.520330e-01
Hs.472847_at	0.624585	1.280439e-02	2.520330e-01
Hs.47546_at	-0.624585	1.280439e-02	2.520330e-01
Hs.306721_at	0.624585	1.280439e-02	2.520330e-01
Hs.352602_at	0.624585	1.280439e-02	2.520330e-01
Hs.170843_at	0.624585	1.280439e-02	2.520330e-01
Hs.437225_at	0.624585	1.280439e-02	2.520330e-01
Hs.2913_at	0.624585	1.280439e-02	2.520330e-01
Hs.16229_at	-0.624585	1.280439e-02	2.520330e-01
Hs.67197_at	-0.624585	1.280439e-02	2.520330e-01
Hs.525462_at	-0.624585	1.280439e-02	2.520330e-01
Hs.520313_at	-0.624585	1.280439e-02	2.520330e-01
Hs.7138_at	0.624585	1.280439e-02	2.520330e-01
Hs.18573_at	-0.624585	1.280439e-02	2.520330e-01
Hs.388034_at	0.624585	1.280439e-02	2.520330e-01
Hs.260720_at	0.624585	1.280439e-02	2.520330e-01
Hs.530685_at	0.624585	1.280439e-02	2.520330e-01
Hs.646325_at	-0.624585	1.280439e-02	2.520330e-01
Hs.497417_at	0.624585	1.280439e-02	2.520330e-01
Hs.496829_at	-0.624585	1.280439e-02	2.520330e-01
Hs.283900_at	-0.624585	1.280439e-02	2.520330e-01
Hs.592115_at	0.624585	1.280439e-02	2.520330e-01
Hs.443636_at	0.624585	1.280439e-02	2.520330e-01
Hs.95582_at	0.624585	1.280439e-02	2.520330e-01
Hs.82129_at	-0.624585	1.280439e-02	2.520330e-01
Hs.126688_at	0.624585	1.280439e-02	2.520330e-01
Hs.152173_at	-0.624585	1.280439e-02	2.520330e-01
Hs.123070_at	0.624585	1.280439e-02	2.520330e-01
Hs.435741_at	-0.624585	1.280439e-02	2.520330e-01
Hs.435132_at	0.624585	1.280439e-02	2.520330e-01
Hs.406788_at	0.624585	1.280439e-02	2.520330e-01
Hs.125247_at	0.624585	1.280439e-02	2.520330e-01
Hs.467125_at	0.624585	1.280439e-02	2.520330e-01
Hs.420483_at	0.624585	1.280439e-02	2.520330e-01
Hs.268326_at	-0.620975	1.348961e-02	2.552600e-01
Hs.434806_at	0.620975	1.348961e-02	2.552600e-01
Hs.465543_at	0.620975	1.348961e-02	2.552600e-01
Hs.130704_at	0.620975	1.348961e-02	2.552600e-01
Hs.603044_at	0.620975	1.348961e-02	2.552600e-01
Hs.481208_at	-0.620975	1.348961e-02	2.552600e-01
Hs.385813_at	0.620975	1.348961e-02	2.552600e-01
Hs.526464_at	0.620975	1.348961e-02	2.552600e-01
Hs.425769_at	-0.620975	1.348961e-02	2.552600e-01
Hs.127821_at	0.620975	1.348961e-02	2.552600e-01
Hs.499960_at	0.620975	1.348961e-02	2.552600e-01
Hs.116448_at	-0.620975	1.348961e-02	2.552600e-01
Hs.116631_at	0.620975	1.348961e-02	2.552600e-01
Hs.646859_at	-0.620975	1.348961e-02	2.552600e-01
Hs.71913_at	0.620975	1.348961e-02	2.552600e-01
Hs.83293_at	-0.620975	1.348961e-02	2.552600e-01
Hs.536687_at	0.620975	1.348961e-02	2.552600e-01
Hs.505855_at	0.620975	1.348961e-02	2.552600e-01
Hs.251412_at	0.620975	1.348961e-02	2.552600e-01
Hs.159918_at	-0.620975	1.348961e-02	2.552600e-01
Hs.409352_at	-0.620975	1.348961e-02	2.552600e-01
Hs.1372_at	0.620975	1.348961e-02	2.552600e-01
Hs.567396_at	0.620975	1.348961e-02	2.552600e-01
Hs.400431_at	0.620975	1.348961e-02	2.552600e-01
Hs.1892_at	0.620975	1.348961e-02	2.552600e-01
Hs.485871_at	-0.620975	1.348961e-02	2.552600e-01
Hs.53985_at	0.620975	1.348961e-02	2.552600e-01
Hs.157429_at	0.620975	1.348961e-02	2.552600e-01
Hs.134822_at	-0.620975	1.348961e-02	2.552600e-01
Hs.363315_at	0.620975	1.348961e-02	2.552600e-01
Hs.216386_at	-0.620975	1.348961e-02	2.552600e-01
Hs.256639_at	-0.620975	1.348961e-02	2.552600e-01
Hs.516539_at	-0.620975	1.348961e-02	2.552600e-01
Hs.441709_at	0.620975	1.348961e-02	2.552600e-01
Hs.480506_at	-0.620975	1.348961e-02	2.552600e-01
Hs.631596_at	0.620975	1.348961e-02	2.552600e-01
Hs.462348_at	0.620975	1.348961e-02	2.552600e-01
Hs.607684_at	-0.620975	1.348961e-02	2.552600e-01
Hs.201805_at	0.620975	1.348961e-02	2.552600e-01
Hs.647607_at	0.620975	1.348961e-02	2.552600e-01
Hs.645227_at	0.620975	1.348961e-02	2.552600e-01
Hs.381285_at	-0.617365	1.420289e-02	2.585236e-01
Hs.511025_at	0.617365	1.420289e-02	2.585236e-01
Hs.134585_at	0.617365	1.420289e-02	2.585236e-01
Hs.561180_at	0.617365	1.420289e-02	2.585236e-01
Hs.107387_at	0.617365	1.420289e-02	2.585236e-01
Hs.525899_at	-0.617365	1.420289e-02	2.585236e-01
Hs.606283_at	0.617365	1.420289e-02	2.585236e-01
Hs.301048_at	-0.617365	1.420289e-02	2.585236e-01
Hs.371845_at	0.617365	1.420289e-02	2.585236e-01
Hs.513491_at	0.617365	1.420289e-02	2.585236e-01
Hs.444913_at	0.617365	1.420289e-02	2.585236e-01
Hs.595400_at	-0.617365	1.420289e-02	2.585236e-01
Hs.511504_at	-0.617365	1.420289e-02	2.585236e-01
Hs.157031_at	-0.617365	1.420289e-02	2.585236e-01
Hs.586264_at	0.617365	1.420289e-02	2.585236e-01
Hs.569039_at	0.617365	1.420289e-02	2.585236e-01
Hs.389438_at	0.617365	1.420289e-02	2.585236e-01
Hs.170128_at	-0.617365	1.420289e-02	2.585236e-01
Hs.227782_at	0.617365	1.420289e-02	2.585236e-01
Hs.594620_at	-0.617365	1.420289e-02	2.585236e-01
Hs.618477_at	0.617365	1.420289e-02	2.585236e-01
Hs.75841_at	-0.617365	1.420289e-02	2.585236e-01
Hs.248158_at	0.617365	1.420289e-02	2.585236e-01
Hs.409210_at	-0.617365	1.420289e-02	2.585236e-01
Hs.584756_at	0.617365	1.420289e-02	2.585236e-01
Hs.255596_at	0.617365	1.420289e-02	2.585236e-01
Hs.153322_at	-0.617365	1.420289e-02	2.585236e-01
Hs.437415_at	0.617365	1.420289e-02	2.585236e-01
Hs.647104_at	0.617365	1.420289e-02	2.585236e-01
Hs.475896_at	-0.617365	1.420289e-02	2.585236e-01
Hs.592184_at	-0.617365	1.420289e-02	2.585236e-01
Hs.173438_at	-0.617365	1.420289e-02	2.585236e-01
Hs.515500_at	-0.617365	1.420289e-02	2.585236e-01
Hs.186756_at	0.617365	1.420289e-02	2.585236e-01
Hs.101174_at	0.617365	1.420289e-02	2.585236e-01
Hs.622151_at	0.617365	1.420289e-02	2.585236e-01
Hs.102402_at	0.617365	1.420289e-02	2.585236e-01
Hs.78888_at	-0.617365	1.420289e-02	2.585236e-01
Hs.461954_at	-0.617365	1.420289e-02	2.585236e-01
Hs.480597_at	-0.617365	1.420289e-02	2.585236e-01
Hs.272391_at	0.617365	1.420289e-02	2.585236e-01
Hs.519659_at	0.617365	1.420289e-02	2.585236e-01
Hs.368783_at	-0.613754	1.494501e-02	2.604608e-01
Hs.524399_at	0.613754	1.494501e-02	2.604608e-01
Hs.549152_at	-0.613754	1.494501e-02	2.604608e-01
Hs.192720_at	0.613754	1.494501e-02	2.604608e-01
Hs.147481_at	0.613754	1.494501e-02	2.604608e-01
Hs.508480_at	-0.613754	1.494501e-02	2.604608e-01
Hs.435122_at	-0.613754	1.494501e-02	2.604608e-01
Hs.24135_at	-0.613754	1.494501e-02	2.604608e-01
Hs.611425_at	0.613754	1.494501e-02	2.604608e-01
Hs.369819_at	0.613754	1.494501e-02	2.604608e-01
Hs.83636_at	0.613754	1.494501e-02	2.604608e-01
Hs.632735_at	-0.613754	1.494501e-02	2.604608e-01
Hs.555225_at	0.613754	1.494501e-02	2.604608e-01
Hs.481166_at	-0.613754	1.494501e-02	2.604608e-01
Hs.75335_at	-0.613754	1.494501e-02	2.604608e-01
Hs.647414_at	0.613754	1.494501e-02	2.604608e-01
Hs.178095_at	0.613754	1.494501e-02	2.604608e-01
Hs.444202_at	0.613754	1.494501e-02	2.604608e-01
Hs.583855_at	-0.613754	1.494501e-02	2.604608e-01
Hs.184846_at	0.613754	1.494501e-02	2.604608e-01
Hs.471277_at	0.613754	1.494501e-02	2.604608e-01
Hs.16187_at	-0.613754	1.494501e-02	2.604608e-01
Hs.477361_at	-0.613754	1.494501e-02	2.604608e-01
Hs.591457_at	-0.613754	1.494501e-02	2.604608e-01
Hs.339639_at	-0.613754	1.494501e-02	2.604608e-01
Hs.128316_at	0.613754	1.494501e-02	2.604608e-01
Hs.433845_at	0.613754	1.494501e-02	2.604608e-01
Hs.130917_at	-0.613754	1.494501e-02	2.604608e-01
Hs.647065_at	0.613754	1.494501e-02	2.604608e-01
Hs.598590_at	0.613754	1.494501e-02	2.604608e-01
Hs.256587_at	0.613754	1.494501e-02	2.604608e-01
Hs.94949_at	-0.613754	1.494501e-02	2.604608e-01
Hs.651950_at	-0.613754	1.494501e-02	2.604608e-01
Hs.586790_at	0.613754	1.494501e-02	2.604608e-01
Hs.371690_at	0.613754	1.494501e-02	2.604608e-01
Hs.372309_at	-0.613754	1.494501e-02	2.604608e-01
Hs.372616_at	-0.613754	1.494501e-02	2.604608e-01
Hs.323878_at	0.613754	1.494501e-02	2.604608e-01
Hs.463105_at	0.613754	1.494501e-02	2.604608e-01
Hs.635762_at	-0.613754	1.494501e-02	2.604608e-01
Hs.591293_at	-0.613754	1.494501e-02	2.604608e-01
Hs.133397_at	-0.613754	1.494501e-02	2.604608e-01
Hs.148342_at	-0.613754	1.494501e-02	2.604608e-01
Hs.478383_at	-0.613754	1.494501e-02	2.604608e-01
Hs.35755_at	0.613754	1.494501e-02	2.604608e-01
Hs.122363_at	0.613754	1.494501e-02	2.604608e-01
Hs.21811_at	0.613754	1.494501e-02	2.604608e-01
Hs.249129_at	0.613754	1.494501e-02	2.604608e-01
Hs.591910_at	-0.613754	1.494501e-02	2.604608e-01
Hs.268726_at	0.610144	1.571671e-02	2.618626e-01
Hs.522291_at	0.610144	1.571671e-02	2.618626e-01
Hs.133205_at	0.610144	1.571671e-02	2.618626e-01
Hs.481369_at	0.610144	1.571671e-02	2.618626e-01
Hs.497332_at	-0.610144	1.571671e-02	2.618626e-01
Hs.144873_at	-0.610144	1.571671e-02	2.618626e-01
Hs.634495_at	0.610144	1.571671e-02	2.618626e-01
Hs.595606_at	-0.610144	1.571671e-02	2.618626e-01
Hs.121494_at	0.610144	1.571671e-02	2.618626e-01
Hs.87383_at	0.610144	1.571671e-02	2.618626e-01
Hs.496512_at	-0.610144	1.571671e-02	2.618626e-01
Hs.95231_at	0.610144	1.571671e-02	2.618626e-01
Hs.591264_at	0.610144	1.571671e-02	2.618626e-01
Hs.12845_at	-0.610144	1.571671e-02	2.618626e-01
Hs.526711_at	0.610144	1.571671e-02	2.618626e-01
Hs.462829_at	-0.610144	1.571671e-02	2.618626e-01
Hs.534398_at	-0.610144	1.571671e-02	2.618626e-01
Hs.653057_at	-0.610144	1.571671e-02	2.618626e-01
Hs.190520_at	-0.610144	1.571671e-02	2.618626e-01
Hs.594262_at	-0.610144	1.571671e-02	2.618626e-01
Hs.516746_at	-0.610144	1.571671e-02	2.618626e-01
Hs.635617_at	0.610144	1.571671e-02	2.618626e-01
Hs.34447_at	0.610144	1.571671e-02	2.618626e-01
Hs.567895_at	-0.610144	1.571671e-02	2.618626e-01
Hs.516493_at	0.610144	1.571671e-02	2.618626e-01
Hs.468415_at	-0.610144	1.571671e-02	2.618626e-01
Hs.156457_at	0.610144	1.571671e-02	2.618626e-01
Hs.293796_at	-0.610144	1.571671e-02	2.618626e-01
Hs.632109_at	0.610144	1.571671e-02	2.618626e-01
Hs.591742_at	-0.610144	1.571671e-02	2.618626e-01
Hs.288998_at	0.610144	1.571671e-02	2.618626e-01
Hs.606496_at	-0.610144	1.571671e-02	2.618626e-01
Hs.554274_at	0.610144	1.571671e-02	2.618626e-01
Hs.367930_at	0.610144	1.571671e-02	2.618626e-01
Hs.504136_at	-0.610144	1.571671e-02	2.618626e-01
Hs.372295_at	0.610144	1.571671e-02	2.618626e-01
Hs.599339_at	0.610144	1.571671e-02	2.618626e-01
Hs.515985_at	-0.610144	1.571671e-02	2.618626e-01
Hs.649016_at	-0.610144	1.571671e-02	2.618626e-01
Hs.154658_at	0.610144	1.571671e-02	2.618626e-01
Hs.143036_at	0.610144	1.571671e-02	2.618626e-01
Hs.232002_at	-0.610144	1.571671e-02	2.618626e-01
Hs.567582_at	0.610144	1.571671e-02	2.618626e-01
Hs.142023_at	-0.610144	1.571671e-02	2.618626e-01
Hs.352541_at	-0.610144	1.571671e-02	2.618626e-01
Hs.651211_at	-0.610144	1.571671e-02	2.618626e-01
Hs.80919_at	-0.610144	1.571671e-02	2.618626e-01
Hs.269909_at	-0.610144	1.571671e-02	2.618626e-01
Hs.439548_at	-0.610144	1.571671e-02	2.618626e-01
Hs.645331_at	0.610144	1.571671e-02	2.618626e-01
Hs.573976_at	-0.610144	1.571671e-02	2.618626e-01
Hs.30824_at	-0.610144	1.571671e-02	2.618626e-01
Hs.193326_at	0.610144	1.571671e-02	2.618626e-01
Hs.30385_at	-0.606534	1.651879e-02	2.640507e-01
Hs.148609_at	-0.606534	1.651879e-02	2.640507e-01
Hs.413095_at	0.606534	1.651879e-02	2.640507e-01
Hs.55220_at	-0.606534	1.651879e-02	2.640507e-01
Hs.124112_at	0.606534	1.651879e-02	2.640507e-01
Hs.632031_at	0.606534	1.651879e-02	2.640507e-01
Hs.484547_at	-0.606534	1.651879e-02	2.640507e-01
Hs.599232_at	0.606534	1.651879e-02	2.640507e-01
Hs.530816_at	0.606534	1.651879e-02	2.640507e-01
Hs.379858_at	0.606534	1.651879e-02	2.640507e-01
Hs.595801_at	-0.606534	1.651879e-02	2.640507e-01
Hs.517597_at	0.606534	1.651879e-02	2.640507e-01
Hs.548784+_at	0.606534	1.651879e-02	2.640507e-01
Hs.262823_at	-0.606534	1.651879e-02	2.640507e-01
Hs.9730_at	0.606534	1.651879e-02	2.640507e-01
Hs.646618_at	0.606534	1.651879e-02	2.640507e-01
Hs.502100_at	0.606534	1.651879e-02	2.640507e-01
Hs.37044_at	0.606534	1.651879e-02	2.640507e-01
Hs.514012_at	0.606534	1.651879e-02	2.640507e-01
Hs.454452_at	0.606534	1.651879e-02	2.640507e-01
Hs.561815_at	-0.606534	1.651879e-02	2.640507e-01
Hs.178305_at	-0.606534	1.651879e-02	2.640507e-01
Hs.251383_at	0.606534	1.651879e-02	2.640507e-01
Hs.518469_at	-0.606534	1.651879e-02	2.640507e-01
Hs.285847_at	-0.606534	1.651879e-02	2.640507e-01
Hs.448342_at	0.606534	1.651879e-02	2.640507e-01
Hs.284307-_at	0.606534	1.651879e-02	2.640507e-01
Hs.510989_at	0.606534	1.651879e-02	2.640507e-01
Hs.123159_at	0.606534	1.651879e-02	2.640507e-01
Hs.495989_at	-0.606534	1.651879e-02	2.640507e-01
Hs.519884_at	-0.606534	1.651879e-02	2.640507e-01
Hs.27183_at	0.606534	1.651879e-02	2.640507e-01
Hs.652382_at	0.606534	1.651879e-02	2.640507e-01
Hs.445040_at	-0.606534	1.651879e-02	2.640507e-01
Hs.594952_at	0.606534	1.651879e-02	2.640507e-01
Hs.191219_at	-0.606534	1.651879e-02	2.640507e-01
Hs.448497_at	0.606534	1.651879e-02	2.640507e-01
Hs.115232_at	0.606534	1.651879e-02	2.640507e-01
Hs.651254_at	-0.606534	1.651879e-02	2.640507e-01
Hs.468186_at	-0.606534	1.651879e-02	2.640507e-01
Hs.65234_at	0.606534	1.651879e-02	2.640507e-01
Hs.522795_at	-0.606534	1.651879e-02	2.640507e-01
Hs.622174_at	0.606534	1.651879e-02	2.640507e-01
Hs.23582_at	0.606534	1.651879e-02	2.640507e-01
Hs.440092_at	0.606534	1.651879e-02	2.640507e-01
Hs.567431_at	-0.606534	1.651879e-02	2.640507e-01
Hs.591358_at	-0.606534	1.651879e-02	2.640507e-01
Hs.370102_at	-0.606534	1.651879e-02	2.640507e-01
Hs.647631_at	0.606534	1.651879e-02	2.640507e-01
Hs.414407_at	-0.606534	1.651879e-02	2.640507e-01
Hs.480819_at	-0.606534	1.651879e-02	2.640507e-01
Hs.434953_at	-0.602923	1.735202e-02	2.679819e-01
Hs.643430_at	0.602923	1.735202e-02	2.679819e-01
Hs.75850_at	-0.602923	1.735202e-02	2.679819e-01
Hs.439643_at	-0.602923	1.735202e-02	2.679819e-01
Hs.116877_at	-0.602923	1.735202e-02	2.679819e-01
Hs.651169_at	-0.602923	1.735202e-02	2.679819e-01
Hs.483136_at	-0.602923	1.735202e-02	2.679819e-01
Hs.591590_at	0.602923	1.735202e-02	2.679819e-01
Hs.516646_at	-0.602923	1.735202e-02	2.679819e-01
Hs.57771_at	0.602923	1.735202e-02	2.679819e-01
Hs.192492_at	0.602923	1.735202e-02	2.679819e-01
Hs.97124_at	0.602923	1.735202e-02	2.679819e-01
Hs.187646_at	-0.602923	1.735202e-02	2.679819e-01
Hs.258501_at	-0.602923	1.735202e-02	2.679819e-01
Hs.594058_at	-0.602923	1.735202e-02	2.679819e-01
Hs.120831_at	0.602923	1.735202e-02	2.679819e-01
Hs.647085_at	0.602923	1.735202e-02	2.679819e-01
Hs.520886_at	-0.602923	1.735202e-02	2.679819e-01
Hs.521922_at	0.602923	1.735202e-02	2.679819e-01
Hs.324746_at	0.602923	1.735202e-02	2.679819e-01
Hs.467142_at	0.602923	1.735202e-02	2.679819e-01
Hs.510409_at	0.602923	1.735202e-02	2.679819e-01
Hs.625098_at	-0.602923	1.735202e-02	2.679819e-01
Hs.614516-_at	0.602923	1.735202e-02	2.679819e-01
Hs.210891_at	-0.602923	1.735202e-02	2.679819e-01
Hs.535030_at	0.602923	1.735202e-02	2.679819e-01
Hs.567023_at	0.602923	1.735202e-02	2.679819e-01
Hs.253420_at	0.602923	1.735202e-02	2.679819e-01
Hs.63841_at	-0.602923	1.735202e-02	2.679819e-01
Hs.652371_at	-0.602923	1.735202e-02	2.679819e-01
Hs.487458_at	0.602923	1.735202e-02	2.679819e-01
Hs.112143_at	-0.602923	1.735202e-02	2.679819e-01
Hs.66581_at	0.602923	1.735202e-02	2.679819e-01
Hs.567498_at	-0.602923	1.735202e-02	2.679819e-01
Hs.532851_at	-0.602923	1.735202e-02	2.679819e-01
Hs.279565_at	0.602923	1.735202e-02	2.679819e-01
Hs.644621_at	-0.602923	1.735202e-02	2.679819e-01
Hs.386684_at	0.602923	1.735202e-02	2.679819e-01
Hs.126889_at	-0.602923	1.735202e-02	2.679819e-01
Hs.445603_at	-0.602923	1.735202e-02	2.679819e-01
Hs.18442_at	-0.602923	1.735202e-02	2.679819e-01
Hs.184727_at	0.602923	1.735202e-02	2.679819e-01
Hs.632236_at	-0.602923	1.735202e-02	2.679819e-01
Hs.552770_at	0.602923	1.735202e-02	2.679819e-01
Hs.410228_at	-0.599313	1.821719e-02	2.687336e-01
Hs.467223_at	-0.599313	1.821719e-02	2.687336e-01
Hs.408927_at	-0.599313	1.821719e-02	2.687336e-01
Hs.617800_at	0.599313	1.821719e-02	2.687336e-01
Hs.434289_at	-0.599313	1.821719e-02	2.687336e-01
Hs.169182_at	0.599313	1.821719e-02	2.687336e-01
Hs.131180_at	-0.599313	1.821719e-02	2.687336e-01
Hs.363308_at	0.599313	1.821719e-02	2.687336e-01
Hs.651136_at	0.599313	1.821719e-02	2.687336e-01
Hs.447968_at	0.599313	1.821719e-02	2.687336e-01
Hs.474833_at	0.599313	1.821719e-02	2.687336e-01
Hs.196054_at	-0.599313	1.821719e-02	2.687336e-01
Hs.297483_at	0.599313	1.821719e-02	2.687336e-01
Hs.131269_at	0.599313	1.821719e-02	2.687336e-01
Hs.326801_at	-0.599313	1.821719e-02	2.687336e-01
Hs.293970_at	-0.599313	1.821719e-02	2.687336e-01
Hs.248198_at	0.599313	1.821719e-02	2.687336e-01
Hs.591710_at	-0.599313	1.821719e-02	2.687336e-01
Hs.591697_at	-0.599313	1.821719e-02	2.687336e-01
Hs.124136_at	0.599313	1.821719e-02	2.687336e-01
Hs.134962_at	0.599313	1.821719e-02	2.687336e-01
Hs.20103_at	0.599313	1.821719e-02	2.687336e-01
Hs.24178_at	0.599313	1.821719e-02	2.687336e-01
Hs.631564_at	0.599313	1.821719e-02	2.687336e-01
Hs.192039_at	-0.599313	1.821719e-02	2.687336e-01
Hs.652560_at	0.599313	1.821719e-02	2.687336e-01
Hs.370724_at	0.599313	1.821719e-02	2.687336e-01
Hs.506216_at	0.599313	1.821719e-02	2.687336e-01
Hs.523500_at	-0.599313	1.821719e-02	2.687336e-01
Hs.524479_at	0.599313	1.821719e-02	2.687336e-01
Hs.99486_at	0.599313	1.821719e-02	2.687336e-01
Hs.13323_at	0.599313	1.821719e-02	2.687336e-01
Hs.73677_at	0.599313	1.821719e-02	2.687336e-01
Hs.252820_at	0.599313	1.821719e-02	2.687336e-01
Hs.647083_at	0.599313	1.821719e-02	2.687336e-01
Hs.638581_at	0.599313	1.821719e-02	2.687336e-01
Hs.323445_at	0.599313	1.821719e-02	2.687336e-01
Hs.821_at	0.599313	1.821719e-02	2.687336e-01
Hs.504115_at	0.599313	1.821719e-02	2.687336e-01
Hs.336954_at	0.599313	1.821719e-02	2.687336e-01
Hs.518299_at	-0.599313	1.821719e-02	2.687336e-01
Hs.591915_at	0.599313	1.821719e-02	2.687336e-01
Hs.633853_at	-0.599313	1.821719e-02	2.687336e-01
Hs.147111_at	0.599313	1.821719e-02	2.687336e-01
Hs.572073_at	-0.599313	1.821719e-02	2.687336e-01
Hs.652996_at	0.599313	1.821719e-02	2.687336e-01
Hs.516370_at	0.599313	1.821719e-02	2.687336e-01
Hs.638037_at	-0.599313	1.821719e-02	2.687336e-01
Hs.461329_at	0.599313	1.821719e-02	2.687336e-01
Hs.532019_at	-0.599313	1.821719e-02	2.687336e-01
Hs.247862_at	0.599313	1.821719e-02	2.687336e-01
Hs.592735_at	-0.599313	1.821719e-02	2.687336e-01
Hs.534332_at	0.599313	1.821719e-02	2.687336e-01
Hs.540870_at	0.599313	1.821719e-02	2.687336e-01
Hs.626427_at	0.599313	1.821719e-02	2.687336e-01
Hs.7962_at	-0.599313	1.821719e-02	2.687336e-01
Hs.4998_at	-0.599313	1.821719e-02	2.687336e-01
Hs.108268_at	0.599313	1.821719e-02	2.687336e-01
Hs.570608_at	0.599313	1.821719e-02	2.687336e-01
Hs.558531_at	-0.599313	1.821719e-02	2.687336e-01
Hs.301526_at	0.599313	1.821719e-02	2.687336e-01
Hs.105460_at	-0.595703	1.911509e-02	2.693149e-01
Hs.607425_at	-0.595703	1.911509e-02	2.693149e-01
Hs.23363_at	-0.595703	1.911509e-02	2.693149e-01
Hs.282982_at	0.595703	1.911509e-02	2.693149e-01
Hs.632208_at	0.595703	1.911509e-02	2.693149e-01
Hs.346868_at	-0.595703	1.911509e-02	2.693149e-01
Hs.600925_at	-0.595703	1.911509e-02	2.693149e-01
Hs.533237_at	-0.595703	1.911509e-02	2.693149e-01
Hs.523506_at	-0.595703	1.911509e-02	2.693149e-01
Hs.60772_at	-0.595703	1.911509e-02	2.693149e-01
Hs.192586_at	0.595703	1.911509e-02	2.693149e-01
Hs.10734_at	0.595703	1.911509e-02	2.693149e-01
Hs.479954_at	-0.595703	1.911509e-02	2.693149e-01
Hs.520096_at	0.595703	1.911509e-02	2.693149e-01
Hs.382017_at	0.595703	1.911509e-02	2.693149e-01
Hs.558364_at	-0.595703	1.911509e-02	2.693149e-01
Hs.202010_at	-0.595703	1.911509e-02	2.693149e-01
Hs.631781_at	0.595703	1.911509e-02	2.693149e-01
Hs.388045_at	0.595703	1.911509e-02	2.693149e-01
Hs.102914_at	-0.595703	1.911509e-02	2.693149e-01
Hs.194698_at	-0.595703	1.911509e-02	2.693149e-01
Hs.301062_at	0.595703	1.911509e-02	2.693149e-01
Hs.202001_at	-0.595703	1.911509e-02	2.693149e-01
Hs.560594_at	0.595703	1.911509e-02	2.693149e-01
Hs.131367_at	0.595703	1.911509e-02	2.693149e-01
Hs.591947_at	0.595703	1.911509e-02	2.693149e-01
Hs.491912_at	-0.595703	1.911509e-02	2.693149e-01
Hs.494312_at	0.595703	1.911509e-02	2.693149e-01
Hs.612872_at	0.595703	1.911509e-02	2.693149e-01
Hs.397403_at	0.595703	1.911509e-02	2.693149e-01
Hs.920_at	0.595703	1.911509e-02	2.693149e-01
Hs.513609_at	-0.595703	1.911509e-02	2.693149e-01
Hs.502775_at	-0.595703	1.911509e-02	2.693149e-01
Hs.119689_at	0.595703	1.911509e-02	2.693149e-01
Hs.17250_at	-0.595703	1.911509e-02	2.693149e-01
Hs.647071_at	-0.595703	1.911509e-02	2.693149e-01
Hs.567619_at	-0.595703	1.911509e-02	2.693149e-01
Hs.470553_at	-0.595703	1.911509e-02	2.693149e-01
Hs.638957_at	0.595703	1.911509e-02	2.693149e-01
Hs.567642_at	-0.595703	1.911509e-02	2.693149e-01
Hs.623543_at	0.595703	1.911509e-02	2.693149e-01
Hs.651939_at	0.595703	1.911509e-02	2.693149e-01
Hs.516157_at	-0.595703	1.911509e-02	2.693149e-01
Hs.302017_at	0.595703	1.911509e-02	2.693149e-01
Hs.368410_at	0.595703	1.911509e-02	2.693149e-01
Hs.465818_at	0.595703	1.911509e-02	2.693149e-01
Hs.127735_at	0.595703	1.911509e-02	2.693149e-01
Hs.535800_at	0.595703	1.911509e-02	2.693149e-01
Hs.343380_at	0.595703	1.911509e-02	2.693149e-01
Hs.112377_at	0.595703	1.911509e-02	2.693149e-01
Hs.145209_at	-0.595703	1.911509e-02	2.693149e-01
Hs.151184_at	0.595703	1.911509e-02	2.693149e-01
Hs.591379_at	0.595703	1.911509e-02	2.693149e-01
Hs.647096_at	0.595703	1.911509e-02	2.693149e-01
Hs.474388_at	0.595703	1.911509e-02	2.693149e-01
Hs.239108_at	0.595703	1.911509e-02	2.693149e-01
Hs.584997_at	0.595703	1.911509e-02	2.693149e-01
Hs.497589_at	0.595703	1.911509e-02	2.693149e-01
Hs.23131_at	0.595703	1.911509e-02	2.693149e-01
Hs.93210_at	0.595703	1.911509e-02	2.693149e-01
Hs.1428_at	0.595703	1.911509e-02	2.693149e-01
Hs.257970_at	0.595703	1.911509e-02	2.693149e-01
Hs.188746_at	0.595703	1.911509e-02	2.693149e-01
Hs.627111_at	0.595703	1.911509e-02	2.693149e-01
Hs.216363_at	0.592092	2.004654e-02	2.724945e-01
Hs.436977_at	0.592092	2.004654e-02	2.724945e-01
Hs.438673_at	0.592092	2.004654e-02	2.724945e-01
Hs.445475_at	-0.592092	2.004654e-02	2.724945e-01
Hs.279915_at	-0.592092	2.004654e-02	2.724945e-01
Hs.324335_at	0.592092	2.004654e-02	2.724945e-01
Hs.610976_at	0.592092	2.004654e-02	2.724945e-01
Hs.6702_at	0.592092	2.004654e-02	2.724945e-01
Hs.468048_at	-0.592092	2.004654e-02	2.724945e-01
Hs.187823_at	-0.592092	2.004654e-02	2.724945e-01
Hs.567495_at	-0.592092	2.004654e-02	2.724945e-01
Hs.553501_at	-0.592092	2.004654e-02	2.724945e-01
Hs.122908_at	0.592092	2.004654e-02	2.724945e-01
Hs.118394_at	-0.592092	2.004654e-02	2.724945e-01
Hs.592238_at	-0.592092	2.004654e-02	2.724945e-01
Hs.71608_at	0.592092	2.004654e-02	2.724945e-01
Hs.467662_at	-0.592092	2.004654e-02	2.724945e-01
Hs.334481_at	0.592092	2.004654e-02	2.724945e-01
Hs.500007_at	-0.592092	2.004654e-02	2.724945e-01
Hs.647075_at	0.592092	2.004654e-02	2.724945e-01
Hs.61430_at	0.592092	2.004654e-02	2.724945e-01
Hs.270279_at	0.592092	2.004654e-02	2.724945e-01
Hs.558577_at	-0.592092	2.004654e-02	2.724945e-01
Hs.344872+_at	0.592092	2.004654e-02	2.724945e-01
Hs.608008_at	0.592092	2.004654e-02	2.724945e-01
Hs.302026_at	0.592092	2.004654e-02	2.724945e-01
Hs.128071_at	0.592092	2.004654e-02	2.724945e-01
Hs.272294_at	0.592092	2.004654e-02	2.724945e-01
Hs.93832_at	-0.592092	2.004654e-02	2.724945e-01
Hs.404088_at	0.592092	2.004654e-02	2.724945e-01
Hs.556096_at	-0.592092	2.004654e-02	2.724945e-01
Hs.127407_at	-0.592092	2.004654e-02	2.724945e-01
Hs.174424_at	0.592092	2.004654e-02	2.724945e-01
Hs.535276_at	-0.592092	2.004654e-02	2.724945e-01
Hs.75527_at	-0.592092	2.004654e-02	2.724945e-01
Hs.365405_at	0.592092	2.004654e-02	2.724945e-01
Hs.437855_at	-0.592092	2.004654e-02	2.724945e-01
Hs.37135_at	0.592092	2.004654e-02	2.724945e-01
Hs.159368_at	0.592092	2.004654e-02	2.724945e-01
Hs.597084_at	-0.592092	2.004654e-02	2.724945e-01
Hs.191346_at	-0.592092	2.004654e-02	2.724945e-01
Hs.101761_at	0.592092	2.004654e-02	2.724945e-01
Hs.643420_at	-0.592092	2.004654e-02	2.724945e-01
Hs.642633_at	0.592092	2.004654e-02	2.724945e-01
Hs.380740_at	0.592092	2.004654e-02	2.724945e-01
Hs.534781_at	0.592092	2.004654e-02	2.724945e-01
Hs.435267_at	-0.592092	2.004654e-02	2.724945e-01
Hs.148271_at	0.592092	2.004654e-02	2.724945e-01
Hs.471918_at	0.592092	2.004654e-02	2.724945e-01
Hs.593650_at	0.592092	2.004654e-02	2.724945e-01
Hs.278221_at	0.592092	2.004654e-02	2.724945e-01
Hs.350671_at	0.592092	2.004654e-02	2.724945e-01
Hs.9731_at	0.588482	2.101233e-02	2.764512e-01
Hs.131673_at	-0.588482	2.101233e-02	2.764512e-01
Hs.522504_at	0.588482	2.101233e-02	2.764512e-01
Hs.591447_at	-0.588482	2.101233e-02	2.764512e-01
Hs.370108_at	0.588482	2.101233e-02	2.764512e-01
Hs.526396_at	0.588482	2.101233e-02	2.764512e-01
Hs.27788_at	0.588482	2.101233e-02	2.764512e-01
Hs.133294-_at	0.588482	2.101233e-02	2.764512e-01
Hs.175613_at	0.588482	2.101233e-02	2.764512e-01
Hs.157606_at	-0.588482	2.101233e-02	2.764512e-01
Hs.652331_at	-0.588482	2.101233e-02	2.764512e-01
Hs.480938_at	-0.588482	2.101233e-02	2.764512e-01
Hs.108029_at	-0.588482	2.101233e-02	2.764512e-01
Hs.335293_at	0.588482	2.101233e-02	2.764512e-01
Hs.133709_at	0.588482	2.101233e-02	2.764512e-01
Hs.482269_at	-0.588482	2.101233e-02	2.764512e-01
Hs.309203_at	0.588482	2.101233e-02	2.764512e-01
Hs.100915_at	0.588482	2.101233e-02	2.764512e-01
Hs.308340_at	0.588482	2.101233e-02	2.764512e-01
Hs.102480_at	-0.588482	2.101233e-02	2.764512e-01
Hs.561963_at	-0.588482	2.101233e-02	2.764512e-01
Hs.162659_at	0.588482	2.101233e-02	2.764512e-01
Hs.374127_at	-0.588482	2.101233e-02	2.764512e-01
Hs.470174_at	-0.588482	2.101233e-02	2.764512e-01
Hs.518475_at	-0.588482	2.101233e-02	2.764512e-01
Hs.7089_at	-0.588482	2.101233e-02	2.764512e-01
Hs.527778_at	0.588482	2.101233e-02	2.764512e-01
Hs.59523_at	-0.588482	2.101233e-02	2.764512e-01
Hs.1360_at	0.588482	2.101233e-02	2.764512e-01
Hs.180903_at	0.588482	2.101233e-02	2.764512e-01
Hs.601153_at	-0.588482	2.101233e-02	2.764512e-01
Hs.443976_at	0.588482	2.101233e-02	2.764512e-01
Hs.335034_at	-0.588482	2.101233e-02	2.764512e-01
Hs.572062_at	0.588482	2.101233e-02	2.764512e-01
Hs.189826_at	-0.588482	2.101233e-02	2.764512e-01
Hs.153827_at	0.588482	2.101233e-02	2.764512e-01
Hs.2157_at	0.588482	2.101233e-02	2.764512e-01
Hs.7193_at	0.588482	2.101233e-02	2.764512e-01
Hs.268554_at	0.588482	2.101233e-02	2.764512e-01
Hs.62003_at	0.588482	2.101233e-02	2.764512e-01
Hs.523930_at	-0.588482	2.101233e-02	2.764512e-01
Hs.530077_at	-0.588482	2.101233e-02	2.764512e-01
Hs.155579_at	0.588482	2.101233e-02	2.764512e-01
Hs.632336_at	0.588482	2.101233e-02	2.764512e-01
Hs.444842_at	0.588482	2.101233e-02	2.764512e-01
Hs.210546_at	0.588482	2.101233e-02	2.764512e-01
Hs.406607_at	-0.588482	2.101233e-02	2.764512e-01
Hs.555731_at	-0.588482	2.101233e-02	2.764512e-01
Hs.485729_at	0.588482	2.101233e-02	2.764512e-01
Hs.491682_at	-0.584872	2.201327e-02	2.781374e-01
Hs.614411_at	0.584872	2.201327e-02	2.781374e-01
Hs.97840_at	0.584872	2.201327e-02	2.781374e-01
Hs.463350_at	0.584872	2.201327e-02	2.781374e-01
Hs.460232_at	-0.584872	2.201327e-02	2.781374e-01
Hs.271695_at	-0.584872	2.201327e-02	2.781374e-01
Hs.494757_at	-0.584872	2.201327e-02	2.781374e-01
Hs.489118_at	-0.584872	2.201327e-02	2.781374e-01
Hs.134885_at	-0.584872	2.201327e-02	2.781374e-01
Hs.335163_at	0.584872	2.201327e-02	2.781374e-01
Hs.591675_at	-0.584872	2.201327e-02	2.781374e-01
Hs.477128_at	0.584872	2.201327e-02	2.781374e-01
Hs.250493_at	0.584872	2.201327e-02	2.781374e-01
Hs.632079_at	0.584872	2.201327e-02	2.781374e-01
Hs.364045_at	0.584872	2.201327e-02	2.781374e-01
Hs.11067_at	0.584872	2.201327e-02	2.781374e-01
Hs.527980_at	-0.584872	2.201327e-02	2.781374e-01
Hs.236361_at	0.584872	2.201327e-02	2.781374e-01
Hs.651246_at	-0.584872	2.201327e-02	2.781374e-01
Hs.437191_at	0.584872	2.201327e-02	2.781374e-01
Hs.603756_at	-0.584872	2.201327e-02	2.781374e-01
Hs.131714_at	0.584872	2.201327e-02	2.781374e-01
Hs.82071_at	-0.584872	2.201327e-02	2.781374e-01
Hs.112761_at	0.584872	2.201327e-02	2.781374e-01
Hs.59806_at	0.584872	2.201327e-02	2.781374e-01
Hs.17170_at	0.584872	2.201327e-02	2.781374e-01
Hs.282050_at	-0.584872	2.201327e-02	2.781374e-01
Hs.592804_at	-0.584872	2.201327e-02	2.781374e-01
Hs.314327_at	0.584872	2.201327e-02	2.781374e-01
Hs.627029_at	0.584872	2.201327e-02	2.781374e-01
Hs.127887_at	0.584872	2.201327e-02	2.781374e-01
Hs.448041_at	-0.584872	2.201327e-02	2.781374e-01
Hs.131360_at	0.584872	2.201327e-02	2.781374e-01
Hs.352243_at	0.584872	2.201327e-02	2.781374e-01
Hs.631862_at	0.584872	2.201327e-02	2.781374e-01
Hs.591151_at	-0.584872	2.201327e-02	2.781374e-01
Hs.649241_at	-0.584872	2.201327e-02	2.781374e-01
Hs.128235_at	0.584872	2.201327e-02	2.781374e-01
Hs.444321_at	-0.584872	2.201327e-02	2.781374e-01
Hs.594722_at	-0.584872	2.201327e-02	2.781374e-01
Hs.65551_at	0.584872	2.201327e-02	2.781374e-01
Hs.652312_at	-0.584872	2.201327e-02	2.781374e-01
Hs.643711_at	0.584872	2.201327e-02	2.781374e-01
Hs.599039_at	0.584872	2.201327e-02	2.781374e-01
Hs.50755_at	0.584872	2.201327e-02	2.781374e-01
Hs.381322_at	0.584872	2.201327e-02	2.781374e-01
Hs.290856_at	-0.584872	2.201327e-02	2.781374e-01
Hs.507922_at	-0.584872	2.201327e-02	2.781374e-01
Hs.632306_at	0.584872	2.201327e-02	2.781374e-01
Hs.486354_at	-0.584872	2.201327e-02	2.781374e-01
Hs.76753_at	0.584872	2.201327e-02	2.781374e-01
Hs.593722_at	0.584872	2.201327e-02	2.781374e-01
Hs.462492_at	0.584872	2.201327e-02	2.781374e-01
Hs.349082_at	0.584872	2.201327e-02	2.781374e-01
Hs.506222_at	-0.584872	2.201327e-02	2.781374e-01
Hs.249441_at	-0.584872	2.201327e-02	2.781374e-01
Hs.210677_at	0.584872	2.201327e-02	2.781374e-01
Hs.533830_at	0.584872	2.201327e-02	2.781374e-01
Hs.508950_at	0.584872	2.201327e-02	2.781374e-01
Hs.16606_at	-0.584872	2.201327e-02	2.781374e-01
Hs.129293_at	0.584872	2.201327e-02	2.781374e-01
Hs.306123_at	-0.584872	2.201327e-02	2.781374e-01
Hs.510407_at	0.584872	2.201327e-02	2.781374e-01
Hs.514527_at	0.581262	2.305017e-02	2.808121e-01
Hs.633742_at	-0.581262	2.305017e-02	2.808121e-01
Hs.535286_at	0.581262	2.305017e-02	2.808121e-01
Hs.66170_at	-0.581262	2.305017e-02	2.808121e-01
Hs.1690_at	0.581262	2.305017e-02	2.808121e-01
Hs.517972_at	0.581262	2.305017e-02	2.808121e-01
Hs.514193_at	0.581262	2.305017e-02	2.808121e-01
Hs.121510_at	0.581262	2.305017e-02	2.808121e-01
Hs.531614_at	0.581262	2.305017e-02	2.808121e-01
Hs.81071_at	0.581262	2.305017e-02	2.808121e-01
Hs.652220_at	0.581262	2.305017e-02	2.808121e-01
Hs.617655_at	0.581262	2.305017e-02	2.808121e-01
Hs.584856_at	0.581262	2.305017e-02	2.808121e-01
Hs.368315_at	-0.581262	2.305017e-02	2.808121e-01
Hs.368203_at	-0.581262	2.305017e-02	2.808121e-01
Hs.631051_at	-0.581262	2.305017e-02	2.808121e-01
Hs.432976_at	0.581262	2.305017e-02	2.808121e-01
Hs.299329_at	0.581262	2.305017e-02	2.808121e-01
Hs.591653_at	0.581262	2.305017e-02	2.808121e-01
Hs.373778_at	0.581262	2.305017e-02	2.808121e-01
Hs.409034_at	0.581262	2.305017e-02	2.808121e-01
Hs.596058_at	-0.581262	2.305017e-02	2.808121e-01
Hs.631603_at	0.581262	2.305017e-02	2.808121e-01
Hs.525247_at	0.581262	2.305017e-02	2.808121e-01
Hs.99235_at	0.581262	2.305017e-02	2.808121e-01
Hs.235116_at	0.581262	2.305017e-02	2.808121e-01
Hs.370292_at	-0.581262	2.305017e-02	2.808121e-01
Hs.445081_at	0.581262	2.305017e-02	2.808121e-01
Hs.474053_at	0.581262	2.305017e-02	2.808121e-01
Hs.17118_at	-0.581262	2.305017e-02	2.808121e-01
Hs.408515_at	0.581262	2.305017e-02	2.808121e-01
Hs.643516_at	0.581262	2.305017e-02	2.808121e-01
Hs.600376+_at	0.581262	2.305017e-02	2.808121e-01
Hs.112318_at	-0.581262	2.305017e-02	2.808121e-01
Hs.594742_at	-0.581262	2.305017e-02	2.808121e-01
Hs.454835_at	0.581262	2.305017e-02	2.808121e-01
Hs.652420_at	-0.581262	2.305017e-02	2.808121e-01
Hs.570365_at	0.581262	2.305017e-02	2.808121e-01
Hs.614539_at	-0.581262	2.305017e-02	2.808121e-01
Hs.630639_at	0.581262	2.305017e-02	2.808121e-01
Hs.471955_at	0.581262	2.305017e-02	2.808121e-01
Hs.572383_at	0.581262	2.305017e-02	2.808121e-01
Hs.643130_at	-0.581262	2.305017e-02	2.808121e-01
Hs.635811_at	0.581262	2.305017e-02	2.808121e-01
Hs.65256_at	0.581262	2.305017e-02	2.808121e-01
Hs.591409_at	0.581262	2.305017e-02	2.808121e-01
Hs.166262_at	0.581262	2.305017e-02	2.808121e-01
Hs.17936_at	0.581262	2.305017e-02	2.808121e-01
Hs.533432_at	0.581262	2.305017e-02	2.808121e-01
Hs.408249_at	0.581262	2.305017e-02	2.808121e-01
Hs.652397_at	0.581262	2.305017e-02	2.808121e-01
Hs.98129_at	0.581262	2.305017e-02	2.808121e-01
Hs.522672_at	-0.581262	2.305017e-02	2.808121e-01
Hs.266331_at	-0.581262	2.305017e-02	2.808121e-01
Hs.649732_at	0.581262	2.305017e-02	2.808121e-01
Hs.648708_at	-0.581262	2.305017e-02	2.808121e-01
Hs.413394_at	0.581262	2.305017e-02	2.808121e-01
Hs.633774_at	0.581262	2.305017e-02	2.808121e-01
Hs.446249_at	0.581262	2.305017e-02	2.808121e-01
Hs.518750_at	-0.577651	2.412387e-02	2.855748e-01
Hs.512805_at	-0.577651	2.412387e-02	2.855748e-01
Hs.443914_at	-0.577651	2.412387e-02	2.855748e-01
Hs.356697_at	-0.577651	2.412387e-02	2.855748e-01
Hs.445486_at	0.577651	2.412387e-02	2.855748e-01
Hs.592920-_at	0.577651	2.412387e-02	2.855748e-01
Hs.516966_at	0.577651	2.412387e-02	2.855748e-01
Hs.207763_at	0.577651	2.412387e-02	2.855748e-01
Hs.472213_at	0.577651	2.412387e-02	2.855748e-01
Hs.567260_at	-0.577651	2.412387e-02	2.855748e-01
Hs.408241_at	-0.577651	2.412387e-02	2.855748e-01
Hs.530261_at	-0.577651	2.412387e-02	2.855748e-01
Hs.29464_at	-0.577651	2.412387e-02	2.855748e-01
Hs.483408_at	0.577651	2.412387e-02	2.855748e-01
Hs.500409_at	-0.577651	2.412387e-02	2.855748e-01
Hs.551747_at	0.577651	2.412387e-02	2.855748e-01
Hs.553015_at	0.577651	2.412387e-02	2.855748e-01
Hs.105584_at	0.577651	2.412387e-02	2.855748e-01
Hs.506829_at	-0.577651	2.412387e-02	2.855748e-01
Hs.249217_at	-0.577651	2.412387e-02	2.855748e-01
Hs.268490_at	0.577651	2.412387e-02	2.855748e-01
Hs.100426_at	0.577651	2.412387e-02	2.855748e-01
Hs.250481_at	-0.577651	2.412387e-02	2.855748e-01
Hs.446392_at	-0.577651	2.412387e-02	2.855748e-01
Hs.19492_at	0.577651	2.412387e-02	2.855748e-01
Hs.590987_at	-0.577651	2.412387e-02	2.855748e-01
Hs.523774_at	0.577651	2.412387e-02	2.855748e-01
Hs.512627_at	-0.577651	2.412387e-02	2.855748e-01
Hs.13303_at	-0.577651	2.412387e-02	2.855748e-01
Hs.183153_at	0.577651	2.412387e-02	2.855748e-01
Hs.352609_at	0.577651	2.412387e-02	2.855748e-01
Hs.207631_at	-0.577651	2.412387e-02	2.855748e-01
Hs.514208_at	0.577651	2.412387e-02	2.855748e-01
Hs.77867_at	0.577651	2.412387e-02	2.855748e-01
Hs.146758_at	0.577651	2.412387e-02	2.855748e-01
Hs.476365_at	-0.577651	2.412387e-02	2.855748e-01
Hs.14945_at	-0.577651	2.412387e-02	2.855748e-01
Hs.167165_at	0.577651	2.412387e-02	2.855748e-01
Hs.27693_at	-0.577651	2.412387e-02	2.855748e-01
Hs.607197_at	-0.577651	2.412387e-02	2.855748e-01
Hs.222055_at	0.577651	2.412387e-02	2.855748e-01
Hs.524690_at	-0.577651	2.412387e-02	2.855748e-01
Hs.107101_at	0.577651	2.412387e-02	2.855748e-01
Hs.632435_at	-0.577651	2.412387e-02	2.855748e-01
Hs.631860_at	0.577651	2.412387e-02	2.855748e-01
Hs.205163_at	-0.577651	2.412387e-02	2.855748e-01
Hs.600282_at	-0.577651	2.412387e-02	2.855748e-01
Hs.143434_at	0.577651	2.412387e-02	2.855748e-01
Hs.434406_at	-0.574041	2.523517e-02	2.880310e-01
Hs.622701_at	-0.574041	2.523517e-02	2.880310e-01
Hs.288262_at	0.574041	2.523517e-02	2.880310e-01
Hs.296731_at	0.574041	2.523517e-02	2.880310e-01
Hs.7277_at	-0.574041	2.523517e-02	2.880310e-01
Hs.21938_at	-0.574041	2.523517e-02	2.880310e-01
Hs.606663_at	-0.574041	2.523517e-02	2.880310e-01
Hs.643257+_at	0.574041	2.523517e-02	2.880310e-01
Hs.175414_at	-0.574041	2.523517e-02	2.880310e-01
Hs.2700_at	0.574041	2.523517e-02	2.880310e-01
Hs.524574_at	-0.574041	2.523517e-02	2.880310e-01
Hs.602949_at	0.574041	2.523517e-02	2.880310e-01
Hs.487479_at	0.574041	2.523517e-02	2.880310e-01
Hs.435850_at	-0.574041	2.523517e-02	2.880310e-01
Hs.374019_at	-0.574041	2.523517e-02	2.880310e-01
Hs.555917_at	-0.574041	2.523517e-02	2.880310e-01
Hs.595110_at	-0.574041	2.523517e-02	2.880310e-01
Hs.9728_at	-0.574041	2.523517e-02	2.880310e-01
Hs.148484_at	0.574041	2.523517e-02	2.880310e-01
Hs.643483_at	-0.574041	2.523517e-02	2.880310e-01
Hs.624577_at	-0.574041	2.523517e-02	2.880310e-01
Hs.119882_at	-0.574041	2.523517e-02	2.880310e-01
Hs.212102_at	-0.574041	2.523517e-02	2.880310e-01
Hs.149261_at	0.574041	2.523517e-02	2.880310e-01
Hs.1074_at	0.574041	2.523517e-02	2.880310e-01
Hs.128598_at	-0.574041	2.523517e-02	2.880310e-01
Hs.50891_at	0.574041	2.523517e-02	2.880310e-01
Hs.287659_at	-0.574041	2.523517e-02	2.880310e-01
Hs.43125_at	-0.574041	2.523517e-02	2.880310e-01
Hs.125474_at	-0.574041	2.523517e-02	2.880310e-01
Hs.95243_at	-0.574041	2.523517e-02	2.880310e-01
Hs.9534_at	-0.574041	2.523517e-02	2.880310e-01
Hs.128078_at	-0.574041	2.523517e-02	2.880310e-01
Hs.553732_at	0.574041	2.523517e-02	2.880310e-01
Hs.631750_at	0.574041	2.523517e-02	2.880310e-01
Hs.191762_at	0.574041	2.523517e-02	2.880310e-01
Hs.432945_at	0.574041	2.523517e-02	2.880310e-01
Hs.204773_at	-0.574041	2.523517e-02	2.880310e-01
Hs.1408_at	0.574041	2.523517e-02	2.880310e-01
Hs.157302_at	-0.574041	2.523517e-02	2.880310e-01
Hs.490765_at	0.574041	2.523517e-02	2.880310e-01
Hs.401045_at	-0.574041	2.523517e-02	2.880310e-01
Hs.186649_at	-0.574041	2.523517e-02	2.880310e-01
Hs.447084_at	0.574041	2.523517e-02	2.880310e-01
Hs.388765_at	0.574041	2.523517e-02	2.880310e-01
Hs.144980_at	0.574041	2.523517e-02	2.880310e-01
Hs.584019_at	0.574041	2.523517e-02	2.880310e-01
Hs.227656_at	-0.574041	2.523517e-02	2.880310e-01
Hs.505653_at	0.574041	2.523517e-02	2.880310e-01
Hs.8375_at	0.574041	2.523517e-02	2.880310e-01
Hs.532091_at	-0.574041	2.523517e-02	2.880310e-01
Hs.531754_at	0.574041	2.523517e-02	2.880310e-01
Hs.467239_at	-0.574041	2.523517e-02	2.880310e-01
Hs.591671_at	-0.574041	2.523517e-02	2.880310e-01
Hs.1247_at	0.574041	2.523517e-02	2.880310e-01
Hs.605388_at	-0.574041	2.523517e-02	2.880310e-01
Hs.513265_at	-0.574041	2.523517e-02	2.880310e-01
Hs.120040_at	0.574041	2.523517e-02	2.880310e-01
Hs.596449_at	0.574041	2.523517e-02	2.880310e-01
Hs.147440_at	-0.574041	2.523517e-02	2.880310e-01
Hs.595385_at	-0.574041	2.523517e-02	2.880310e-01
Hs.615092_at	-0.574041	2.523517e-02	2.880310e-01
Hs.435277_at	0.574041	2.523517e-02	2.880310e-01
Hs.588757_at	0.570431	2.638491e-02	2.897865e-01
Hs.596355_at	-0.570431	2.638491e-02	2.897865e-01
Hs.550155_at	0.570431	2.638491e-02	2.897865e-01
Hs.165607_at	-0.570431	2.638491e-02	2.897865e-01
Hs.159643_at	0.570431	2.638491e-02	2.897865e-01
Hs.53996_at	0.570431	2.638491e-02	2.897865e-01
Hs.502745_at	0.570431	2.638491e-02	2.897865e-01
Hs.248174_at	0.570431	2.638491e-02	2.897865e-01
Hs.607142_at	-0.570431	2.638491e-02	2.897865e-01
Hs.144700_at	0.570431	2.638491e-02	2.897865e-01
Hs.125571_at	0.570431	2.638491e-02	2.897865e-01
Hs.406917_at	-0.570431	2.638491e-02	2.897865e-01
Hs.1976_at	0.570431	2.638491e-02	2.897865e-01
Hs.512336_at	0.570431	2.638491e-02	2.897865e-01
Hs.284286_at	0.570431	2.638491e-02	2.897865e-01
Hs.5009_at	-0.570431	2.638491e-02	2.897865e-01
Hs.538201_at	0.570431	2.638491e-02	2.897865e-01
Hs.455336_at	0.570431	2.638491e-02	2.897865e-01
Hs.447602_at	0.570431	2.638491e-02	2.897865e-01
Hs.631921_at	-0.570431	2.638491e-02	2.897865e-01
Hs.646371_at	-0.570431	2.638491e-02	2.897865e-01
Hs.590941_at	0.570431	2.638491e-02	2.897865e-01
Hs.443021_at	0.570431	2.638491e-02	2.897865e-01
Hs.404997_at	0.570431	2.638491e-02	2.897865e-01
Hs.33922_at	-0.570431	2.638491e-02	2.897865e-01
Hs.137510_at	0.570431	2.638491e-02	2.897865e-01
Hs.12013_at	-0.570431	2.638491e-02	2.897865e-01
Hs.445466_at	-0.570431	2.638491e-02	2.897865e-01
Hs.160711_at	0.570431	2.638491e-02	2.897865e-01
Hs.302738_at	-0.570431	2.638491e-02	2.897865e-01
Hs.272493_at	0.570431	2.638491e-02	2.897865e-01
Hs.274361_at	0.570431	2.638491e-02	2.897865e-01
Hs.7917_at	-0.570431	2.638491e-02	2.897865e-01
Hs.13543_at	0.570431	2.638491e-02	2.897865e-01
Hs.600586_at	0.570431	2.638491e-02	2.897865e-01
Hs.357004_at	0.570431	2.638491e-02	2.897865e-01
Hs.61265_at	0.570431	2.638491e-02	2.897865e-01
Hs.475656_at	-0.570431	2.638491e-02	2.897865e-01
Hs.441926_at	-0.570431	2.638491e-02	2.897865e-01
Hs.428214_at	-0.570431	2.638491e-02	2.897865e-01
Hs.367900_at	-0.570431	2.638491e-02	2.897865e-01
Hs.43322_at	-0.570431	2.638491e-02	2.897865e-01
Hs.621673_at	0.570431	2.638491e-02	2.897865e-01
Hs.416379_at	0.570431	2.638491e-02	2.897865e-01
Hs.76152_at	0.570431	2.638491e-02	2.897865e-01
Hs.280932_at	-0.570431	2.638491e-02	2.897865e-01
Hs.428579_at	0.570431	2.638491e-02	2.897865e-01
Hs.568874_at	0.570431	2.638491e-02	2.897865e-01
Hs.444049_at	-0.570431	2.638491e-02	2.897865e-01
Hs.633243_at	-0.570431	2.638491e-02	2.897865e-01
Hs.37138_at	-0.570431	2.638491e-02	2.897865e-01
Hs.592784_at	-0.570431	2.638491e-02	2.897865e-01
Hs.170835_at	-0.570431	2.638491e-02	2.897865e-01
Hs.526728_at	-0.570431	2.638491e-02	2.897865e-01
Hs.19156_at	-0.570431	2.638491e-02	2.897865e-01
Hs.462080_at	0.570431	2.638491e-02	2.897865e-01
Hs.649302_at	-0.570431	2.638491e-02	2.897865e-01
Hs.130988_at	0.570431	2.638491e-02	2.897865e-01
Hs.169222_at	0.570431	2.638491e-02	2.897865e-01
Hs.436121_at	-0.570431	2.638491e-02	2.897865e-01
Hs.351005_at	0.570431	2.638491e-02	2.897865e-01
Hs.25524_at	0.570431	2.638491e-02	2.897865e-01
Hs.2484_at	-0.570431	2.638491e-02	2.897865e-01
Hs.290243_at	0.570431	2.638491e-02	2.897865e-01
Hs.508010_at	-0.570431	2.638491e-02	2.897865e-01
Hs.508021_at	-0.570431	2.638491e-02	2.897865e-01
Hs.107125_at	0.570431	2.638491e-02	2.897865e-01
Hs.105633_at	-0.570431	2.638491e-02	2.897865e-01
Hs.521869_at	-0.570431	2.638491e-02	2.897865e-01
Hs.101891_at	0.566820	2.757391e-02	2.929108e-01
Hs.104741_at	-0.566820	2.757391e-02	2.929108e-01
Hs.103555_at	0.566820	2.757391e-02	2.929108e-01
Hs.647388_at	0.566820	2.757391e-02	2.929108e-01
Hs.177984_at	0.566820	2.757391e-02	2.929108e-01
Hs.178170_at	0.566820	2.757391e-02	2.929108e-01
Hs.647273_at	0.566820	2.757391e-02	2.929108e-01
Hs.652642_at	-0.566820	2.757391e-02	2.929108e-01
Hs.150444_at	-0.566820	2.757391e-02	2.929108e-01
Hs.150878_at	0.566820	2.757391e-02	2.929108e-01
Hs.407612_at	0.566820	2.757391e-02	2.929108e-01
Hs.128619_at	-0.566820	2.757391e-02	2.929108e-01
Hs.128676_at	0.566820	2.757391e-02	2.929108e-01
Hs.54925_at	0.566820	2.757391e-02	2.929108e-01
Hs.434298_at	0.566820	2.757391e-02	2.929108e-01
Hs.308048_at	-0.566820	2.757391e-02	2.929108e-01
Hs.435120_at	0.566820	2.757391e-02	2.929108e-01
Hs.306978_at	0.566820	2.757391e-02	2.929108e-01
Hs.48589_at	-0.566820	2.757391e-02	2.929108e-01
Hs.553957_at	0.566820	2.757391e-02	2.929108e-01
Hs.531682_at	0.566820	2.757391e-02	2.929108e-01
Hs.515329_at	-0.566820	2.757391e-02	2.929108e-01
Hs.651167_at	-0.566820	2.757391e-02	2.929108e-01
Hs.55777_at	-0.566820	2.757391e-02	2.929108e-01
Hs.430646_at	-0.566820	2.757391e-02	2.929108e-01
Hs.500546_at	-0.566820	2.757391e-02	2.929108e-01
Hs.599628-_at	0.566820	2.757391e-02	2.929108e-01
Hs.131743_at	0.566820	2.757391e-02	2.929108e-01
Hs.363603_at	0.566820	2.757391e-02	2.929108e-01
Hs.75823_at	-0.566820	2.757391e-02	2.929108e-01
Hs.651231_at	0.566820	2.757391e-02	2.929108e-01
Hs.31422_at	-0.566820	2.757391e-02	2.929108e-01
Hs.602641_at	-0.566820	2.757391e-02	2.929108e-01
Hs.408528_at	-0.566820	2.757391e-02	2.929108e-01
Hs.592211_at	0.566820	2.757391e-02	2.929108e-01
Hs.591931_at	-0.566820	2.757391e-02	2.929108e-01
Hs.520556_at	0.566820	2.757391e-02	2.929108e-01
Hs.520703_at	-0.566820	2.757391e-02	2.929108e-01
Hs.520119_at	0.566820	2.757391e-02	2.929108e-01
Hs.521119_at	0.566820	2.757391e-02	2.929108e-01
Hs.467101_at	0.566820	2.757391e-02	2.929108e-01
Hs.74137_at	-0.566820	2.757391e-02	2.929108e-01
Hs.235750_at	-0.566820	2.757391e-02	2.929108e-01
Hs.133294+_at	0.566820	2.757391e-02	2.929108e-01
Hs.561688_at	0.566820	2.757391e-02	2.929108e-01
Hs.444212_at	0.566820	2.757391e-02	2.929108e-01
Hs.189781_at	-0.566820	2.757391e-02	2.929108e-01
Hs.611804_at	-0.566820	2.757391e-02	2.929108e-01
Hs.125221_at	-0.566820	2.757391e-02	2.929108e-01
Hs.533626_at	-0.566820	2.757391e-02	2.929108e-01
Hs.637468_at	0.566820	2.757391e-02	2.929108e-01
Hs.505339_at	-0.566820	2.757391e-02	2.929108e-01
Hs.449009_at	0.566820	2.757391e-02	2.929108e-01
Hs.143920_at	0.566820	2.757391e-02	2.929108e-01
Hs.567617_at	-0.566820	2.757391e-02	2.929108e-01
Hs.631841_at	0.566820	2.757391e-02	2.929108e-01
Hs.462998_at	0.566820	2.757391e-02	2.929108e-01
Hs.348526_at	-0.566820	2.757391e-02	2.929108e-01
Hs.179522_at	0.566820	2.757391e-02	2.929108e-01
Hs.592048_at	-0.566820	2.757391e-02	2.929108e-01
Hs.460184_at	0.566820	2.757391e-02	2.929108e-01
Hs.523395_at	0.566820	2.757391e-02	2.929108e-01
Hs.445358_at	0.563210	2.880301e-02	2.938404e-01
Hs.648805_at	0.563210	2.880301e-02	2.938404e-01
Hs.647894_at	0.563210	2.880301e-02	2.938404e-01
Hs.187058_at	0.563210	2.880301e-02	2.938404e-01
Hs.485041_at	0.563210	2.880301e-02	2.938404e-01
Hs.469690_at	-0.563210	2.880301e-02	2.938404e-01
Hs.515260_at	0.563210	2.880301e-02	2.938404e-01
Hs.184323_at	-0.563210	2.880301e-02	2.938404e-01
Hs.437072_at	0.563210	2.880301e-02	2.938404e-01
Hs.650611_at	-0.563210	2.880301e-02	2.938404e-01
Hs.141308_at	0.563210	2.880301e-02	2.938404e-01
Hs.471200_at	0.563210	2.880301e-02	2.938404e-01
Hs.471011_at	-0.563210	2.880301e-02	2.938404e-01
Hs.170737_at	-0.563210	2.880301e-02	2.938404e-01
Hs.282204_at	-0.563210	2.880301e-02	2.938404e-01
Hs.514242_at	0.563210	2.880301e-02	2.938404e-01
Hs.368610_at	-0.563210	2.880301e-02	2.938404e-01
Hs.445324_at	-0.563210	2.880301e-02	2.938404e-01
Hs.643566_at	0.563210	2.880301e-02	2.938404e-01
Hs.535041_at	0.563210	2.880301e-02	2.938404e-01
Hs.489722_at	-0.563210	2.880301e-02	2.938404e-01
Hs.436532_at	0.563210	2.880301e-02	2.938404e-01
Hs.589620_at	0.563210	2.880301e-02	2.938404e-01
Hs.58924_at	-0.563210	2.880301e-02	2.938404e-01
Hs.297304_at	-0.563210	2.880301e-02	2.938404e-01
Hs.51891_at	-0.563210	2.880301e-02	2.938404e-01
Hs.522399_at	0.563210	2.880301e-02	2.938404e-01
Hs.2210_at	-0.563210	2.880301e-02	2.938404e-01
Hs.587470_at	-0.563210	2.880301e-02	2.938404e-01
Hs.445162_at	-0.563210	2.880301e-02	2.938404e-01
Hs.135528_at	0.563210	2.880301e-02	2.938404e-01
Hs.567359_at	-0.563210	2.880301e-02	2.938404e-01
Hs.292075_at	-0.563210	2.880301e-02	2.938404e-01
Hs.647105_at	-0.563210	2.880301e-02	2.938404e-01
Hs.516235_at	-0.563210	2.880301e-02	2.938404e-01
Hs.196534_at	0.563210	2.880301e-02	2.938404e-01
Hs.476093_at	0.563210	2.880301e-02	2.938404e-01
Hs.518957_at	0.563210	2.880301e-02	2.938404e-01
Hs.269988_at	-0.563210	2.880301e-02	2.938404e-01
Hs.595346_at	-0.563210	2.880301e-02	2.938404e-01
Hs.590938_at	0.563210	2.880301e-02	2.938404e-01
Hs.591040_at	-0.563210	2.880301e-02	2.938404e-01
Hs.310893_at	0.563210	2.880301e-02	2.938404e-01
Hs.310809_at	-0.563210	2.880301e-02	2.938404e-01
Hs.324341_at	-0.563210	2.880301e-02	2.938404e-01
Hs.182385_at	0.563210	2.880301e-02	2.938404e-01
Hs.485449_at	0.563210	2.880301e-02	2.938404e-01
Hs.437403_at	-0.563210	2.880301e-02	2.938404e-01
Hs.127680_at	0.563210	2.880301e-02	2.938404e-01
Hs.542766_at	0.563210	2.880301e-02	2.938404e-01
Hs.468702_at	-0.563210	2.880301e-02	2.938404e-01
Hs.208759_at	-0.563210	2.880301e-02	2.938404e-01
Hs.523512_at	0.563210	2.880301e-02	2.938404e-01
Hs.470538_at	0.563210	2.880301e-02	2.938404e-01
Hs.146551_at	-0.563210	2.880301e-02	2.938404e-01
Hs.591288_at	-0.563210	2.880301e-02	2.938404e-01
Hs.596765_at	0.563210	2.880301e-02	2.938404e-01
Hs.486696_at	-0.563210	2.880301e-02	2.938404e-01
Hs.16360_at	0.563210	2.880301e-02	2.938404e-01
Hs.600837_at	-0.563210	2.880301e-02	2.938404e-01
Hs.578109_at	0.563210	2.880301e-02	2.938404e-01
Hs.171458_at	-0.563210	2.880301e-02	2.938404e-01
Hs.292689_at	-0.563210	2.880301e-02	2.938404e-01
Hs.486360_at	-0.563210	2.880301e-02	2.938404e-01
Hs.102336_at	0.563210	2.880301e-02	2.938404e-01
Hs.527883+_at	0.563210	2.880301e-02	2.938404e-01
Hs.631828_at	0.563210	2.880301e-02	2.938404e-01
Hs.554803_at	-0.563210	2.880301e-02	2.938404e-01
Hs.488861_at	0.563210	2.880301e-02	2.938404e-01
Hs.435991_at	-0.563210	2.880301e-02	2.938404e-01
Hs.249171_at	0.563210	2.880301e-02	2.938404e-01
Hs.370515_at	-0.563210	2.880301e-02	2.938404e-01
Hs.600358_at	-0.563210	2.880301e-02	2.938404e-01
Hs.591484_at	0.563210	2.880301e-02	2.938404e-01
Hs.632389_at	-0.563210	2.880301e-02	2.938404e-01
Hs.523424_at	0.563210	2.880301e-02	2.938404e-01
Hs.381189_at	-0.563210	2.880301e-02	2.938404e-01
Hs.97276_at	0.563210	2.880301e-02	2.938404e-01
Hs.652378_at	-0.559600	3.007303e-02	2.975733e-01
Hs.480701_at	-0.559600	3.007303e-02	2.975733e-01
Hs.93675_at	0.559600	3.007303e-02	2.975733e-01
Hs.149413_at	-0.559600	3.007303e-02	2.975733e-01
Hs.480975+_at	0.559600	3.007303e-02	2.975733e-01
Hs.17296_at	0.559600	3.007303e-02	2.975733e-01
Hs.250632_at	0.559600	3.007303e-02	2.975733e-01
Hs.510835_at	0.559600	3.007303e-02	2.975733e-01
Hs.271135_at	-0.559600	3.007303e-02	2.975733e-01
Hs.458320_at	0.559600	3.007303e-02	2.975733e-01
Hs.269263_at	-0.559600	3.007303e-02	2.975733e-01
Hs.150956_at	0.559600	3.007303e-02	2.975733e-01
Hs.151641_at	0.559600	3.007303e-02	2.975733e-01
Hs.454496_at	0.559600	3.007303e-02	2.975733e-01
Hs.220963_at	-0.559600	3.007303e-02	2.975733e-01
Hs.284207_at	-0.559600	3.007303e-02	2.975733e-01
Hs.193011_at	0.559600	3.007303e-02	2.975733e-01
Hs.381047_at	0.559600	3.007303e-02	2.975733e-01
Hs.466148_at	0.559600	3.007303e-02	2.975733e-01
Hs.644971_at	-0.559600	3.007303e-02	2.975733e-01
Hs.1573_at	0.559600	3.007303e-02	2.975733e-01
Hs.112955_at	0.559600	3.007303e-02	2.975733e-01
Hs.612332_at	0.559600	3.007303e-02	2.975733e-01
Hs.89603_at	0.559600	3.007303e-02	2.975733e-01
Hs.496748_at	0.559600	3.007303e-02	2.975733e-01
Hs.636189_at	0.559600	3.007303e-02	2.975733e-01
Hs.1407_at	0.559600	3.007303e-02	2.975733e-01
Hs.440880_at	-0.559600	3.007303e-02	2.975733e-01
Hs.279832_at	0.559600	3.007303e-02	2.975733e-01
Hs.200063_at	0.559600	3.007303e-02	2.975733e-01
Hs.468125_at	-0.559600	3.007303e-02	2.975733e-01
Hs.44817_at	0.559600	3.007303e-02	2.975733e-01
Hs.519445_at	0.559600	3.007303e-02	2.975733e-01
Hs.387787_at	-0.559600	3.007303e-02	2.975733e-01
Hs.407991_at	-0.559600	3.007303e-02	2.975733e-01
Hs.128904_at	-0.559600	3.007303e-02	2.975733e-01
Hs.131064_at	0.559600	3.007303e-02	2.975733e-01
Hs.21554_at	-0.559600	3.007303e-02	2.975733e-01
Hs.466743_at	0.559600	3.007303e-02	2.975733e-01
Hs.513044_at	0.559600	3.007303e-02	2.975733e-01
Hs.194725_at	0.559600	3.007303e-02	2.975733e-01
Hs.621488_at	0.559600	3.007303e-02	2.975733e-01
Hs.632214_at	0.559600	3.007303e-02	2.975733e-01
Hs.15929_at	-0.559600	3.007303e-02	2.975733e-01
Hs.131776_at	0.559600	3.007303e-02	2.975733e-01
Hs.652339_at	-0.559600	3.007303e-02	2.975733e-01
Hs.543627_at	0.559600	3.007303e-02	2.975733e-01
Hs.224879_at	0.559600	3.007303e-02	2.975733e-01
Hs.535319_at	-0.559600	3.007303e-02	2.975733e-01
Hs.533977_at	-0.559600	3.007303e-02	2.975733e-01
Hs.287376_at	0.559600	3.007303e-02	2.975733e-01
Hs.26593_at	0.559600	3.007303e-02	2.975733e-01
Hs.369373_at	-0.559600	3.007303e-02	2.975733e-01
Hs.303669_at	0.559600	3.007303e-02	2.975733e-01
Hs.132858_at	-0.559600	3.007303e-02	2.975733e-01
Hs.79081_at	-0.559600	3.007303e-02	2.975733e-01
Hs.632513_at	0.559600	3.007303e-02	2.975733e-01
Hs.22824_at	0.559600	3.007303e-02	2.975733e-01
Hs.647933_at	0.559600	3.007303e-02	2.975733e-01
Hs.154084_at	0.559600	3.007303e-02	2.975733e-01
Hs.153952_at	-0.559600	3.007303e-02	2.975733e-01
Hs.225988_at	-0.555989	3.138482e-02	3.006265e-01
Hs.522885_at	-0.555989	3.138482e-02	3.006265e-01
Hs.222236_at	0.555989	3.138482e-02	3.006265e-01
Hs.645435_at	-0.555989	3.138482e-02	3.006265e-01
Hs.276252_at	-0.555989	3.138482e-02	3.006265e-01
Hs.274263_at	-0.555989	3.138482e-02	3.006265e-01
Hs.370480_at	-0.555989	3.138482e-02	3.006265e-01
Hs.533040_at	0.555989	3.138482e-02	3.006265e-01
Hs.631975_at	-0.555989	3.138482e-02	3.006265e-01
Hs.567486_at	0.555989	3.138482e-02	3.006265e-01
Hs.356719_at	-0.555989	3.138482e-02	3.006265e-01
Hs.188401_at	0.555989	3.138482e-02	3.006265e-01
Hs.594386_at	-0.555989	3.138482e-02	3.006265e-01
Hs.648540_at	-0.555989	3.138482e-02	3.006265e-01
Hs.89545_at	-0.555989	3.138482e-02	3.006265e-01
Hs.612513_at	-0.555989	3.138482e-02	3.006265e-01
Hs.93667_at	-0.555989	3.138482e-02	3.006265e-01
Hs.310336_at	-0.555989	3.138482e-02	3.006265e-01
Hs.618761_at	-0.555989	3.138482e-02	3.006265e-01
Hs.431173_at	-0.555989	3.138482e-02	3.006265e-01
Hs.80343_at	0.555989	3.138482e-02	3.006265e-01
Hs.432387_at	0.555989	3.138482e-02	3.006265e-01
Hs.481022_at	0.555989	3.138482e-02	3.006265e-01
Hs.516075_at	-0.555989	3.138482e-02	3.006265e-01
Hs.279209_at	-0.555989	3.138482e-02	3.006265e-01
Hs.272284_at	-0.555989	3.138482e-02	3.006265e-01
Hs.262826_at	0.555989	3.138482e-02	3.006265e-01
Hs.66_at	0.555989	3.138482e-02	3.006265e-01
Hs.469543_at	0.555989	3.138482e-02	3.006265e-01
Hs.142307_at	-0.555989	3.138482e-02	3.006265e-01
Hs.14333_at	0.555989	3.138482e-02	3.006265e-01
Hs.32938_at	0.555989	3.138482e-02	3.006265e-01
Hs.644596_at	0.555989	3.138482e-02	3.006265e-01
Hs.389452_at	-0.555989	3.138482e-02	3.006265e-01
Hs.190622_at	-0.555989	3.138482e-02	3.006265e-01
Hs.120591_at	-0.555989	3.138482e-02	3.006265e-01
Hs.591115_at	-0.555989	3.138482e-02	3.006265e-01
Hs.352622_at	0.555989	3.138482e-02	3.006265e-01
Hs.445748_at	0.555989	3.138482e-02	3.006265e-01
Hs.602278_at	0.555989	3.138482e-02	3.006265e-01
Hs.514556_at	0.555989	3.138482e-02	3.006265e-01
Hs.514050_at	0.555989	3.138482e-02	3.006265e-01
Hs.352588_at	-0.555989	3.138482e-02	3.006265e-01
Hs.318773_at	0.555989	3.138482e-02	3.006265e-01
Hs.50123_at	-0.555989	3.138482e-02	3.006265e-01
Hs.97661_at	0.555989	3.138482e-02	3.006265e-01
Hs.509439_at	0.555989	3.138482e-02	3.006265e-01
Hs.370267_at	-0.555989	3.138482e-02	3.006265e-01
Hs.591274_at	0.555989	3.138482e-02	3.006265e-01
Hs.423756_at	0.555989	3.138482e-02	3.006265e-01
Hs.289063_at	0.555989	3.138482e-02	3.006265e-01
Hs.549350_at	-0.555989	3.138482e-02	3.006265e-01
Hs.169249_at	0.555989	3.138482e-02	3.006265e-01
Hs.436677_at	0.555989	3.138482e-02	3.006265e-01
Hs.212957_at	-0.555989	3.138482e-02	3.006265e-01
Hs.631557_at	0.555989	3.138482e-02	3.006265e-01
Hs.460923_at	-0.555989	3.138482e-02	3.006265e-01
Hs.147635_at	0.555989	3.138482e-02	3.006265e-01
Hs.591160_at	-0.555989	3.138482e-02	3.006265e-01
Hs.591488_at	-0.555989	3.138482e-02	3.006265e-01
Hs.343334_at	0.555989	3.138482e-02	3.006265e-01
Hs.577053_at	-0.555989	3.138482e-02	3.006265e-01
Hs.510528_at	-0.555989	3.138482e-02	3.006265e-01
Hs.8719_at	0.555989	3.138482e-02	3.006265e-01
Hs.104123_at	-0.555989	3.138482e-02	3.006265e-01
Hs.535060_at	-0.555989	3.138482e-02	3.006265e-01
Hs.643341_at	0.555989	3.138482e-02	3.006265e-01
Hs.225995_at	0.552379	3.273921e-02	3.023483e-01
Hs.568045_at	0.552379	3.273921e-02	3.023483e-01
Hs.270655_at	0.552379	3.273921e-02	3.023483e-01
Hs.412587_at	-0.552379	3.273921e-02	3.023483e-01
Hs.462913_at	-0.552379	3.273921e-02	3.023483e-01
Hs.335139_at	-0.552379	3.273921e-02	3.023483e-01
Hs.270978_at	-0.552379	3.273921e-02	3.023483e-01
Hs.66180_at	-0.552379	3.273921e-02	3.023483e-01
Hs.633708_at	0.552379	3.273921e-02	3.023483e-01
Hs.97464_at	0.552379	3.273921e-02	3.023483e-01
Hs.30213_at	-0.552379	3.273921e-02	3.023483e-01
Hs.118554_at	-0.552379	3.273921e-02	3.023483e-01
Hs.272317_at	0.552379	3.273921e-02	3.023483e-01
Hs.567783_at	0.552379	3.273921e-02	3.023483e-01
Hs.446850_at	-0.552379	3.273921e-02	3.023483e-01
Hs.604194_at	0.552379	3.273921e-02	3.023483e-01
Hs.612037_at	0.552379	3.273921e-02	3.023483e-01
Hs.593781_at	-0.552379	3.273921e-02	3.023483e-01
Hs.363492_at	-0.552379	3.273921e-02	3.023483e-01
Hs.132485_at	0.552379	3.273921e-02	3.023483e-01
Hs.132989_at	0.552379	3.273921e-02	3.023483e-01
Hs.155959_at	0.552379	3.273921e-02	3.023483e-01
Hs.472630_at	0.552379	3.273921e-02	3.023483e-01
Hs.631967_at	-0.552379	3.273921e-02	3.023483e-01
Hs.601722_at	0.552379	3.273921e-02	3.023483e-01
Hs.172979_at	-0.552379	3.273921e-02	3.023483e-01
Hs.408584_at	0.552379	3.273921e-02	3.023483e-01
Hs.642706_at	-0.552379	3.273921e-02	3.023483e-01
Hs.598431_at	-0.552379	3.273921e-02	3.023483e-01
Hs.232770_at	0.552379	3.273921e-02	3.023483e-01
Hs.4280_at	0.552379	3.273921e-02	3.023483e-01
Hs.61271_at	-0.552379	3.273921e-02	3.023483e-01
Hs.125116_at	0.552379	3.273921e-02	3.023483e-01
Hs.59236_at	-0.552379	3.273921e-02	3.023483e-01
Hs.431279_at	-0.552379	3.273921e-02	3.023483e-01
Hs.42034_at	0.552379	3.273921e-02	3.023483e-01
Hs.503453_at	0.552379	3.273921e-02	3.023483e-01
Hs.293236_at	0.552379	3.273921e-02	3.023483e-01
Hs.533573_at	-0.552379	3.273921e-02	3.023483e-01
Hs.627604_at	0.552379	3.273921e-02	3.023483e-01
Hs.405961_at	0.552379	3.273921e-02	3.023483e-01
Hs.591127_at	-0.552379	3.273921e-02	3.023483e-01
Hs.652185_at	-0.552379	3.273921e-02	3.023483e-01
Hs.371718_at	0.552379	3.273921e-02	3.023483e-01
Hs.279567_at	-0.552379	3.273921e-02	3.023483e-01
Hs.605093_at	0.552379	3.273921e-02	3.023483e-01
Hs.512487-_at	0.552379	3.273921e-02	3.023483e-01
Hs.121443_at	-0.552379	3.273921e-02	3.023483e-01
Hs.126830_at	0.552379	3.273921e-02	3.023483e-01
Hs.590575_at	0.552379	3.273921e-02	3.023483e-01
Hs.441601_at	0.552379	3.273921e-02	3.023483e-01
Hs.55967_at	0.552379	3.273921e-02	3.023483e-01
Hs.248290_at	0.552379	3.273921e-02	3.023483e-01
Hs.189329_at	0.552379	3.273921e-02	3.023483e-01
Hs.202676_at	-0.552379	3.273921e-02	3.023483e-01
Hs.414795_at	0.552379	3.273921e-02	3.023483e-01
Hs.442138_at	0.552379	3.273921e-02	3.023483e-01
Hs.596726_at	-0.552379	3.273921e-02	3.023483e-01
Hs.384647_at	0.552379	3.273921e-02	3.023483e-01
Hs.434828_at	0.552379	3.273921e-02	3.023483e-01
Hs.614308_at	0.552379	3.273921e-02	3.023483e-01
Hs.208067_at	0.552379	3.273921e-02	3.023483e-01
Hs.128041_at	0.552379	3.273921e-02	3.023483e-01
Hs.614033_at	0.552379	3.273921e-02	3.023483e-01
Hs.556017_at	-0.552379	3.273921e-02	3.023483e-01
Hs.209561_at	-0.552379	3.273921e-02	3.023483e-01
Hs.130957_at	0.552379	3.273921e-02	3.023483e-01
Hs.415478_at	0.552379	3.273921e-02	3.023483e-01
Hs.505136_at	-0.552379	3.273921e-02	3.023483e-01
Hs.98788_at	0.552379	3.273921e-02	3.023483e-01
Hs.596810_at	0.552379	3.273921e-02	3.023483e-01
Hs.19322_at	0.552379	3.273921e-02	3.023483e-01
Hs.250723_at	0.552379	3.273921e-02	3.023483e-01
Hs.596383_at	-0.552379	3.273921e-02	3.023483e-01
Hs.1063_at	0.552379	3.273921e-02	3.023483e-01
Hs.634874_at	-0.552379	3.273921e-02	3.023483e-01
Hs.381267_at	0.552379	3.273921e-02	3.023483e-01
Hs.1019_at	0.552379	3.273921e-02	3.023483e-01
Hs.99324_at	0.548769	3.413704e-02	3.050153e-01
Hs.515366_at	0.548769	3.413704e-02	3.050153e-01
Hs.328801+_at	0.548769	3.413704e-02	3.050153e-01
Hs.534101_at	0.548769	3.413704e-02	3.050153e-01
Hs.471403_at	0.548769	3.413704e-02	3.050153e-01
Hs.155833_at	0.548769	3.413704e-02	3.050153e-01
Hs.604501_at	0.548769	3.413704e-02	3.050153e-01
Hs.155651_at	0.548769	3.413704e-02	3.050153e-01
Hs.438991_at	-0.548769	3.413704e-02	3.050153e-01
Hs.278950_at	0.548769	3.413704e-02	3.050153e-01
Hs.110196_at	0.548769	3.413704e-02	3.050153e-01
Hs.111801_at	0.548769	3.413704e-02	3.050153e-01
Hs.4276_at	-0.548769	3.413704e-02	3.050153e-01
Hs.367649_at	0.548769	3.413704e-02	3.050153e-01
Hs.632556_at	0.548769	3.413704e-02	3.050153e-01
Hs.369397_at	-0.548769	3.413704e-02	3.050153e-01
Hs.153504_at	-0.548769	3.413704e-02	3.050153e-01
Hs.112556_at	-0.548769	3.413704e-02	3.050153e-01
Hs.375028_at	0.548769	3.413704e-02	3.050153e-01
Hs.516468_at	-0.548769	3.413704e-02	3.050153e-01
Hs.282855_at	-0.548769	3.413704e-02	3.050153e-01
Hs.624220_at	-0.548769	3.413704e-02	3.050153e-01
Hs.283398_at	0.548769	3.413704e-02	3.050153e-01
Hs.432676_at	0.548769	3.413704e-02	3.050153e-01
Hs.203965_at	-0.548769	3.413704e-02	3.050153e-01
Hs.133912_at	0.548769	3.413704e-02	3.050153e-01
Hs.102928_at	0.548769	3.413704e-02	3.050153e-01
Hs.39429_at	-0.548769	3.413704e-02	3.050153e-01
Hs.391481_at	0.548769	3.413704e-02	3.050153e-01
Hs.524082_at	0.548769	3.413704e-02	3.050153e-01
Hs.268515_at	0.548769	3.413704e-02	3.050153e-01
Hs.37128_at	0.548769	3.413704e-02	3.050153e-01
Hs.7884_at	0.548769	3.413704e-02	3.050153e-01
Hs.118964_at	0.548769	3.413704e-02	3.050153e-01
Hs.278658_at	0.548769	3.413704e-02	3.050153e-01
Hs.530436_at	-0.548769	3.413704e-02	3.050153e-01
Hs.529551_at	-0.548769	3.413704e-02	3.050153e-01
Hs.589681+_at	0.548769	3.413704e-02	3.050153e-01
Hs.207459_at	-0.548769	3.413704e-02	3.050153e-01
Hs.73923_at	0.548769	3.413704e-02	3.050153e-01
Hs.460988_at	-0.548769	3.413704e-02	3.050153e-01
Hs.22495_at	0.548769	3.413704e-02	3.050153e-01
Hs.350698_at	0.548769	3.413704e-02	3.050153e-01
Hs.617868_at	-0.548769	3.413704e-02	3.050153e-01
Hs.631988_at	-0.548769	3.413704e-02	3.050153e-01
Hs.528572_at	0.548769	3.413704e-02	3.050153e-01
Hs.445391_at	0.548769	3.413704e-02	3.050153e-01
Hs.135787_at	-0.548769	3.413704e-02	3.050153e-01
Hs.474705_at	0.548769	3.413704e-02	3.050153e-01
Hs.120429_at	0.548769	3.413704e-02	3.050153e-01
Hs.592798_at	-0.548769	3.413704e-02	3.050153e-01
Hs.46720_at	0.548769	3.413704e-02	3.050153e-01
Hs.274415_at	-0.548769	3.413704e-02	3.050153e-01
Hs.268557_at	0.548769	3.413704e-02	3.050153e-01
Hs.348112_at	0.548769	3.413704e-02	3.050153e-01
Hs.6088_at	0.548769	3.413704e-02	3.050153e-01
Hs.519718_at	-0.548769	3.413704e-02	3.050153e-01
Hs.3109_at	0.548769	3.413704e-02	3.050153e-01
Hs.349642_at	0.548769	3.413704e-02	3.050153e-01
Hs.461532_at	-0.548769	3.413704e-02	3.050153e-01
Hs.77628_at	0.548769	3.413704e-02	3.050153e-01
Hs.241382_at	0.548769	3.413704e-02	3.050153e-01
Hs.135227_at	0.548769	3.413704e-02	3.050153e-01
Hs.17558_at	0.548769	3.413704e-02	3.050153e-01
Hs.120949_at	-0.548769	3.413704e-02	3.050153e-01
Hs.158331_at	0.548769	3.413704e-02	3.050153e-01
Hs.591698_at	0.548769	3.413704e-02	3.050153e-01
Hs.631733_at	0.548769	3.413704e-02	3.050153e-01
Hs.468688_at	-0.548769	3.413704e-02	3.050153e-01
Hs.120817_at	-0.548769	3.413704e-02	3.050153e-01
Hs.585540_at	0.548769	3.413704e-02	3.050153e-01
Hs.567725_at	0.548769	3.413704e-02	3.050153e-01
Hs.550143+_at	0.548769	3.413704e-02	3.050153e-01
Hs.79101_at	-0.545158	3.557915e-02	3.069714e-01
Hs.475602_at	-0.545158	3.557915e-02	3.069714e-01
Hs.224698_at	0.545158	3.557915e-02	3.069714e-01
Hs.148970_at	0.545158	3.557915e-02	3.069714e-01
Hs.533956_at	0.545158	3.557915e-02	3.069714e-01
Hs.18048_at	0.545158	3.557915e-02	3.069714e-01
Hs.125240_at	0.545158	3.557915e-02	3.069714e-01
Hs.646810_at	0.545158	3.557915e-02	3.069714e-01
Hs.194766_at	0.545158	3.557915e-02	3.069714e-01
Hs.485139_at	0.545158	3.557915e-02	3.069714e-01
Hs.370168_at	-0.545158	3.557915e-02	3.069714e-01
Hs.631984_at	0.545158	3.557915e-02	3.069714e-01
Hs.596724_at	0.545158	3.557915e-02	3.069714e-01
Hs.23876_at	0.545158	3.557915e-02	3.069714e-01
Hs.420757_at	-0.545158	3.557915e-02	3.069714e-01
Hs.183800_at	0.545158	3.557915e-02	3.069714e-01
Hs.159161_at	0.545158	3.557915e-02	3.069714e-01
Hs.435215_at	0.545158	3.557915e-02	3.069714e-01
Hs.152913_at	0.545158	3.557915e-02	3.069714e-01
Hs.144914_at	0.545158	3.557915e-02	3.069714e-01
Hs.368611_at	0.545158	3.557915e-02	3.069714e-01
Hs.145137_at	-0.545158	3.557915e-02	3.069714e-01
Hs.520506_at	-0.545158	3.557915e-02	3.069714e-01
Hs.520319_at	-0.545158	3.557915e-02	3.069714e-01
Hs.652882_at	0.545158	3.557915e-02	3.069714e-01
Hs.75069_at	-0.545158	3.557915e-02	3.069714e-01
Hs.591941_at	0.545158	3.557915e-02	3.069714e-01
Hs.193235_at	0.545158	3.557915e-02	3.069714e-01
Hs.637918_at	-0.545158	3.557915e-02	3.069714e-01
Hs.478469_at	-0.545158	3.557915e-02	3.069714e-01
Hs.250429_at	0.545158	3.557915e-02	3.069714e-01
Hs.525389_at	0.545158	3.557915e-02	3.069714e-01
Hs.644824_at	-0.545158	3.557915e-02	3.069714e-01
Hs.10688_at	-0.545158	3.557915e-02	3.069714e-01
Hs.608423_at	-0.545158	3.557915e-02	3.069714e-01
Hs.354110_at	0.545158	3.557915e-02	3.069714e-01
Hs.591502_at	0.545158	3.557915e-02	3.069714e-01
Hs.31121_at	0.545158	3.557915e-02	3.069714e-01
Hs.534929_at	0.545158	3.557915e-02	3.069714e-01
Hs.592082_at	0.545158	3.557915e-02	3.069714e-01
Hs.651108_at	-0.545158	3.557915e-02	3.069714e-01
Hs.591292_at	0.545158	3.557915e-02	3.069714e-01
Hs.445015_at	0.545158	3.557915e-02	3.069714e-01
Hs.410406_at	-0.545158	3.557915e-02	3.069714e-01
Hs.200770_at	-0.545158	3.557915e-02	3.069714e-01
Hs.643579_at	-0.545158	3.557915e-02	3.069714e-01
Hs.445534_at	0.545158	3.557915e-02	3.069714e-01
Hs.49329_at	-0.545158	3.557915e-02	3.069714e-01
Hs.568595_at	0.545158	3.557915e-02	3.069714e-01
Hs.152292_at	-0.545158	3.557915e-02	3.069714e-01
Hs.197076_at	0.545158	3.557915e-02	3.069714e-01
Hs.189067_at	0.545158	3.557915e-02	3.069714e-01
Hs.647099_at	0.545158	3.557915e-02	3.069714e-01
Hs.334868_at	-0.545158	3.557915e-02	3.069714e-01
Hs.468478_at	-0.545158	3.557915e-02	3.069714e-01
Hs.539002+_at	0.545158	3.557915e-02	3.069714e-01
Hs.433445_at	0.545158	3.557915e-02	3.069714e-01
Hs.281004_at	0.545158	3.557915e-02	3.069714e-01
Hs.173984_at	0.545158	3.557915e-02	3.069714e-01
Hs.598786_at	-0.545158	3.557915e-02	3.069714e-01
Hs.598774_at	-0.545158	3.557915e-02	3.069714e-01
Hs.371427_at	-0.545158	3.557915e-02	3.069714e-01
Hs.371681_at	-0.545158	3.557915e-02	3.069714e-01
Hs.203717_at	0.545158	3.557915e-02	3.069714e-01
Hs.585944_at	-0.545158	3.557915e-02	3.069714e-01
Hs.131021_at	0.545158	3.557915e-02	3.069714e-01
Hs.377783_at	0.545158	3.557915e-02	3.069714e-01
Hs.562070_at	0.545158	3.557915e-02	3.069714e-01
Hs.562154_at	-0.545158	3.557915e-02	3.069714e-01
Hs.475812_at	-0.545158	3.557915e-02	3.069714e-01
Hs.647533_at	0.545158	3.557915e-02	3.069714e-01
Hs.307905_at	0.545158	3.557915e-02	3.069714e-01
Hs.444446_at	-0.545158	3.557915e-02	3.069714e-01
Hs.632957_at	-0.545158	3.557915e-02	3.069714e-01
Hs.437993_at	0.545158	3.557915e-02	3.069714e-01
Hs.558671_at	-0.545158	3.557915e-02	3.069714e-01
Hs.49230_at	0.545158	3.557915e-02	3.069714e-01
Hs.244349_at	0.545158	3.557915e-02	3.069714e-01
Hs.21160_at	-0.545158	3.557915e-02	3.069714e-01
Hs.493275_at	0.545158	3.557915e-02	3.069714e-01
Hs.54680_at	0.541548	3.706637e-02	3.103342e-01
Hs.110069_at	0.541548	3.706637e-02	3.103342e-01
Hs.110675_at	0.541548	3.706637e-02	3.103342e-01
Hs.6920_at	0.541548	3.706637e-02	3.103342e-01
Hs.585896_at	0.541548	3.706637e-02	3.103342e-01
Hs.603800+_at	0.541548	3.706637e-02	3.103342e-01
Hs.603813_at	0.541548	3.706637e-02	3.103342e-01
Hs.464876_at	0.541548	3.706637e-02	3.103342e-01
Hs.369056_at	-0.541548	3.706637e-02	3.103342e-01
Hs.533706_at	0.541548	3.706637e-02	3.103342e-01
Hs.652391_at	0.541548	3.706637e-02	3.103342e-01
Hs.514179_at	-0.541548	3.706637e-02	3.103342e-01
Hs.434897_at	0.541548	3.706637e-02	3.103342e-01
Hs.493218_at	-0.541548	3.706637e-02	3.103342e-01
Hs.443685_at	0.541548	3.706637e-02	3.103342e-01
Hs.591964_at	0.541548	3.706637e-02	3.103342e-01
Hs.650011_at	0.541548	3.706637e-02	3.103342e-01
Hs.282787_at	0.541548	3.706637e-02	3.103342e-01
Hs.444163_at	0.541548	3.706637e-02	3.103342e-01
Hs.36958_at	0.541548	3.706637e-02	3.103342e-01
Hs.288772_at	-0.541548	3.706637e-02	3.103342e-01
Hs.412710_at	0.541548	3.706637e-02	3.103342e-01
Hs.224269_at	0.541548	3.706637e-02	3.103342e-01
Hs.345818_at	0.541548	3.706637e-02	3.103342e-01
Hs.646775_at	0.541548	3.706637e-02	3.103342e-01
Hs.428446_at	0.541548	3.706637e-02	3.103342e-01
Hs.504281_at	-0.541548	3.706637e-02	3.103342e-01
Hs.645546_at	0.541548	3.706637e-02	3.103342e-01
Hs.498661_at	-0.541548	3.706637e-02	3.103342e-01
Hs.126409_at	-0.541548	3.706637e-02	3.103342e-01
Hs.611186_at	0.541548	3.706637e-02	3.103342e-01
Hs.115467_at	-0.541548	3.706637e-02	3.103342e-01
Hs.173094_at	-0.541548	3.706637e-02	3.103342e-01
Hs.293185_at	-0.541548	3.706637e-02	3.103342e-01
Hs.182626_at	0.541548	3.706637e-02	3.103342e-01
Hs.327794_at	0.541548	3.706637e-02	3.103342e-01
Hs.2324_at	0.541548	3.706637e-02	3.103342e-01
Hs.610232_at	0.541548	3.706637e-02	3.103342e-01
Hs.289015_at	0.541548	3.706637e-02	3.103342e-01
Hs.13742_at	0.541548	3.706637e-02	3.103342e-01
Hs.135853_at	-0.541548	3.706637e-02	3.103342e-01
Hs.8360_at	-0.541548	3.706637e-02	3.103342e-01
Hs.333303_at	0.541548	3.706637e-02	3.103342e-01
Hs.372031_at	0.541548	3.706637e-02	3.103342e-01
Hs.1544_at	0.541548	3.706637e-02	3.103342e-01
Hs.445814_at	-0.541548	3.706637e-02	3.103342e-01
Hs.25590_at	0.541548	3.706637e-02	3.103342e-01
Hs.591110_at	-0.541548	3.706637e-02	3.103342e-01
Hs.651196_at	-0.541548	3.706637e-02	3.103342e-01
Hs.553221_at	0.541548	3.706637e-02	3.103342e-01
Hs.598795_at	-0.541548	3.706637e-02	3.103342e-01
Hs.515266_at	0.541548	3.706637e-02	3.103342e-01
Hs.471818_at	-0.541548	3.706637e-02	3.103342e-01
Hs.426485_at	0.541548	3.706637e-02	3.103342e-01
Hs.155827_at	0.541548	3.706637e-02	3.103342e-01
Hs.239370_at	0.541548	3.706637e-02	3.103342e-01
Hs.194684_at	0.541548	3.706637e-02	3.103342e-01
Hs.492348_at	-0.541548	3.706637e-02	3.103342e-01
Hs.476636_at	0.541548	3.706637e-02	3.103342e-01
Hs.631631_at	0.541548	3.706637e-02	3.103342e-01
Hs.561182_at	0.541548	3.706637e-02	3.103342e-01
Hs.376025_at	0.541548	3.706637e-02	3.103342e-01
Hs.505946_at	0.541548	3.706637e-02	3.103342e-01
Hs.76224_at	0.541548	3.706637e-02	3.103342e-01
Hs.606537_at	-0.541548	3.706637e-02	3.103342e-01
Hs.105956_at	0.541548	3.706637e-02	3.103342e-01
Hs.520341_at	-0.541548	3.706637e-02	3.103342e-01
Hs.581632_at	0.541548	3.706637e-02	3.103342e-01
Hs.406_at	0.541548	3.706637e-02	3.103342e-01
Hs.25348_at	0.541548	3.706637e-02	3.103342e-01
Hs.634810_at	-0.541548	3.706637e-02	3.103342e-01
Hs.12313_at	0.537938	3.859954e-02	3.122333e-01
Hs.269665_at	-0.537938	3.859954e-02	3.122333e-01
Hs.522752_at	-0.537938	3.859954e-02	3.122333e-01
Hs.523080_at	0.537938	3.859954e-02	3.122333e-01
Hs.98594_at	0.537938	3.859954e-02	3.122333e-01
Hs.632438_at	-0.537938	3.859954e-02	3.122333e-01
Hs.15250_at	-0.537938	3.859954e-02	3.122333e-01
Hs.573688_at	-0.537938	3.859954e-02	3.122333e-01
Hs.138378_at	-0.537938	3.859954e-02	3.122333e-01
Hs.139006_at	-0.537938	3.859954e-02	3.122333e-01
Hs.567336_at	0.537938	3.859954e-02	3.122333e-01
Hs.437957_at	0.537938	3.859954e-02	3.122333e-01
Hs.438289_at	-0.537938	3.859954e-02	3.122333e-01
Hs.16232_at	0.537938	3.859954e-02	3.122333e-01
Hs.624281_at	0.537938	3.859954e-02	3.122333e-01
Hs.593177_at	-0.537938	3.859954e-02	3.122333e-01
Hs.610472-_at	0.537938	3.859954e-02	3.122333e-01
Hs.23413_at	0.537938	3.859954e-02	3.122333e-01
Hs.171825_at	0.537938	3.859954e-02	3.122333e-01
Hs.111_at	0.537938	3.859954e-02	3.122333e-01
Hs.308418_at	-0.537938	3.859954e-02	3.122333e-01
Hs.30956_at	0.537938	3.859954e-02	3.122333e-01
Hs.20000_at	-0.537938	3.859954e-02	3.122333e-01
Hs.609264_at	0.537938	3.859954e-02	3.122333e-01
Hs.90572_at	0.537938	3.859954e-02	3.122333e-01
Hs.279819_at	-0.537938	3.859954e-02	3.122333e-01
Hs.42146_at	0.537938	3.859954e-02	3.122333e-01
Hs.617685_at	-0.537938	3.859954e-02	3.122333e-01
Hs.130593_at	0.537938	3.859954e-02	3.122333e-01
Hs.209983_at	-0.537938	3.859954e-02	3.122333e-01
Hs.362807_at	-0.537938	3.859954e-02	3.122333e-01
Hs.306425_at	-0.537938	3.859954e-02	3.122333e-01
Hs.124299_at	0.537938	3.859954e-02	3.122333e-01
Hs.12488_at	0.537938	3.859954e-02	3.122333e-01
Hs.471207_at	-0.537938	3.859954e-02	3.122333e-01
Hs.652202_at	-0.537938	3.859954e-02	3.122333e-01
Hs.87435_at	0.537938	3.859954e-02	3.122333e-01
Hs.651134_at	-0.537938	3.859954e-02	3.122333e-01
Hs.162757_at	0.537938	3.859954e-02	3.122333e-01
Hs.585001_at	0.537938	3.859954e-02	3.122333e-01
Hs.598668_at	-0.537938	3.859954e-02	3.122333e-01
Hs.196177_at	0.537938	3.859954e-02	3.122333e-01
Hs.181244_at	0.537938	3.859954e-02	3.122333e-01
Hs.528731_at	-0.537938	3.859954e-02	3.122333e-01
Hs.611391_at	0.537938	3.859954e-02	3.122333e-01
Hs.114111_at	0.537938	3.859954e-02	3.122333e-01
Hs.396566_at	0.537938	3.859954e-02	3.122333e-01
Hs.127788_at	-0.537938	3.859954e-02	3.122333e-01
Hs.498890_at	-0.537938	3.859954e-02	3.122333e-01
Hs.79953_at	-0.537938	3.859954e-02	3.122333e-01
Hs.355820_at	0.537938	3.859954e-02	3.122333e-01
Hs.292072_at	0.537938	3.859954e-02	3.122333e-01
Hs.546323_at	-0.537938	3.859954e-02	3.122333e-01
Hs.499925_at	-0.537938	3.859954e-02	3.122333e-01
Hs.513000_at	-0.537938	3.859954e-02	3.122333e-01
Hs.258574_at	0.537938	3.859954e-02	3.122333e-01
Hs.591158_at	0.537938	3.859954e-02	3.122333e-01
Hs.518614_at	0.537938	3.859954e-02	3.122333e-01
Hs.387995_at	0.537938	3.859954e-02	3.122333e-01
Hs.129966_at	0.537938	3.859954e-02	3.122333e-01
Hs.130994_at	0.537938	3.859954e-02	3.122333e-01
Hs.301943_at	0.537938	3.859954e-02	3.122333e-01
Hs.316997_at	0.537938	3.859954e-02	3.122333e-01
Hs.620806_at	0.537938	3.859954e-02	3.122333e-01
Hs.50216_at	-0.537938	3.859954e-02	3.122333e-01
Hs.632238_at	0.537938	3.859954e-02	3.122333e-01
Hs.587663_at	0.537938	3.859954e-02	3.122333e-01
Hs.440025_at	0.537938	3.859954e-02	3.122333e-01
Hs.435371_at	0.537938	3.859954e-02	3.122333e-01
Hs.549040_at	0.537938	3.859954e-02	3.122333e-01
Hs.134873_at	0.537938	3.859954e-02	3.122333e-01
Hs.126024_at	0.537938	3.859954e-02	3.122333e-01
Hs.126135_at	0.537938	3.859954e-02	3.122333e-01
Hs.370287_at	-0.537938	3.859954e-02	3.122333e-01
Hs.649067_at	0.537938	3.859954e-02	3.122333e-01
Hs.591987_at	-0.537938	3.859954e-02	3.122333e-01
Hs.357637_at	-0.537938	3.859954e-02	3.122333e-01
Hs.413482_at	-0.537938	3.859954e-02	3.122333e-01
Hs.529857_at	0.537938	3.859954e-02	3.122333e-01
Hs.129332_at	0.537938	3.859954e-02	3.122333e-01
Hs.493767_at	-0.537938	3.859954e-02	3.122333e-01
Hs.292986_at	-0.537938	3.859954e-02	3.122333e-01
Hs.133995_at	0.537938	3.859954e-02	3.122333e-01
Hs.523710_at	0.537938	3.859954e-02	3.122333e-01
Hs.280892_at	0.534327	4.017951e-02	3.148650e-01
Hs.651259_at	-0.534327	4.017951e-02	3.148650e-01
Hs.104_at	0.534327	4.017951e-02	3.148650e-01
Hs.36859_at	-0.534327	4.017951e-02	3.148650e-01
Hs.647334_at	0.534327	4.017951e-02	3.148650e-01
Hs.648445_at	0.534327	4.017951e-02	3.148650e-01
Hs.105407_at	0.534327	4.017951e-02	3.148650e-01
Hs.382176_at	-0.534327	4.017951e-02	3.148650e-01
Hs.635638_at	0.534327	4.017951e-02	3.148650e-01
Hs.413525_at	0.534327	4.017951e-02	3.148650e-01
Hs.381406+_at	0.534327	4.017951e-02	3.148650e-01
Hs.130500_at	0.534327	4.017951e-02	3.148650e-01
Hs.307720_at	0.534327	4.017951e-02	3.148650e-01
Hs.491223_at	0.534327	4.017951e-02	3.148650e-01
Hs.373801_at	-0.534327	4.017951e-02	3.148650e-01
Hs.629852_at	-0.534327	4.017951e-02	3.148650e-01
Hs.372775_at	0.534327	4.017951e-02	3.148650e-01
Hs.479116_at	0.534327	4.017951e-02	3.148650e-01
Hs.441202_at	0.534327	4.017951e-02	3.148650e-01
Hs.157106_at	-0.534327	4.017951e-02	3.148650e-01
Hs.406238_at	0.534327	4.017951e-02	3.148650e-01
Hs.118722_at	-0.534327	4.017951e-02	3.148650e-01
Hs.436636_at	0.534327	4.017951e-02	3.148650e-01
Hs.49890_at	0.534327	4.017951e-02	3.148650e-01
Hs.137427_at	-0.534327	4.017951e-02	3.148650e-01
Hs.201134_at	0.534327	4.017951e-02	3.148650e-01
Hs.479069_at	0.534327	4.017951e-02	3.148650e-01
Hs.351403_at	0.534327	4.017951e-02	3.148650e-01
Hs.44714_at	-0.534327	4.017951e-02	3.148650e-01
Hs.591506_at	-0.534327	4.017951e-02	3.148650e-01
Hs.69293_at	-0.534327	4.017951e-02	3.148650e-01
Hs.643436_at	-0.534327	4.017951e-02	3.148650e-01
Hs.643172_at	-0.534327	4.017951e-02	3.148650e-01
Hs.410998_at	0.534327	4.017951e-02	3.148650e-01
Hs.511848_at	-0.534327	4.017951e-02	3.148650e-01
Hs.616962_at	0.534327	4.017951e-02	3.148650e-01
Hs.302131_at	0.534327	4.017951e-02	3.148650e-01
Hs.434435_at	0.534327	4.017951e-02	3.148650e-01
Hs.123191_at	-0.534327	4.017951e-02	3.148650e-01
Hs.32706_at	0.534327	4.017951e-02	3.148650e-01
Hs.95120_at	0.534327	4.017951e-02	3.148650e-01
Hs.534028_at	0.534327	4.017951e-02	3.148650e-01
Hs.153629_at	0.534327	4.017951e-02	3.148650e-01
Hs.584909_at	0.534327	4.017951e-02	3.148650e-01
Hs.622077_at	0.534327	4.017951e-02	3.148650e-01
Hs.647584_at	0.534327	4.017951e-02	3.148650e-01
Hs.181300_at	-0.534327	4.017951e-02	3.148650e-01
Hs.590896_at	-0.534327	4.017951e-02	3.148650e-01
Hs.440519_at	0.534327	4.017951e-02	3.148650e-01
Hs.445403_at	-0.534327	4.017951e-02	3.148650e-01
Hs.95972_at	0.534327	4.017951e-02	3.148650e-01
Hs.231320_at	-0.534327	4.017951e-02	3.148650e-01
Hs.513915_at	0.534327	4.017951e-02	3.148650e-01
Hs.591348_at	0.534327	4.017951e-02	3.148650e-01
Hs.129777_at	-0.534327	4.017951e-02	3.148650e-01
Hs.437059_at	0.534327	4.017951e-02	3.148650e-01
Hs.114948_at	0.534327	4.017951e-02	3.148650e-01
Hs.630212_at	-0.534327	4.017951e-02	3.148650e-01
Hs.594478_at	-0.534327	4.017951e-02	3.148650e-01
Hs.399984_at	-0.534327	4.017951e-02	3.148650e-01
Hs.75724_at	-0.534327	4.017951e-02	3.148650e-01
Hs.170986_at	0.534327	4.017951e-02	3.148650e-01
Hs.81892_at	-0.534327	4.017951e-02	3.148650e-01
Hs.648696_at	-0.534327	4.017951e-02	3.148650e-01
Hs.616909_at	-0.534327	4.017951e-02	3.148650e-01
Hs.122125_at	0.534327	4.017951e-02	3.148650e-01
Hs.369825_at	0.534327	4.017951e-02	3.148650e-01
Hs.82548_at	0.534327	4.017951e-02	3.148650e-01
Hs.531987_at	-0.534327	4.017951e-02	3.148650e-01
Hs.481551_at	-0.534327	4.017951e-02	3.148650e-01
Hs.247186_at	0.534327	4.017951e-02	3.148650e-01
Hs.531041_at	0.534327	4.017951e-02	3.148650e-01
Hs.630023_at	-0.534327	4.017951e-02	3.148650e-01
Hs.390568_at	-0.534327	4.017951e-02	3.148650e-01
Hs.591230_at	-0.534327	4.017951e-02	3.148650e-01
Hs.308630_at	0.534327	4.017951e-02	3.148650e-01
Hs.335787_at	0.534327	4.017951e-02	3.148650e-01
Hs.490892_at	-0.534327	4.017951e-02	3.148650e-01
Hs.164682_at	-0.534327	4.017951e-02	3.148650e-01
Hs.184945_at	0.534327	4.017951e-02	3.148650e-01
Hs.476358_at	0.530717	4.180710e-02	3.168597e-01
Hs.528817_at	-0.530717	4.180710e-02	3.168597e-01
Hs.98255_at	0.530717	4.180710e-02	3.168597e-01
Hs.524648_at	-0.530717	4.180710e-02	3.168597e-01
Hs.381406-_at	0.530717	4.180710e-02	3.168597e-01
Hs.631514_at	-0.530717	4.180710e-02	3.168597e-01
Hs.522898_at	0.530717	4.180710e-02	3.168597e-01
Hs.369448_at	0.530717	4.180710e-02	3.168597e-01
Hs.267245_at	-0.530717	4.180710e-02	3.168597e-01
Hs.270291_at	0.530717	4.180710e-02	3.168597e-01
Hs.247700_at	0.530717	4.180710e-02	3.168597e-01
Hs.256301_at	0.530717	4.180710e-02	3.168597e-01
Hs.437460_at	0.530717	4.180710e-02	3.168597e-01
Hs.132642_at	-0.530717	4.180710e-02	3.168597e-01
Hs.126496_at	0.530717	4.180710e-02	3.168597e-01
Hs.603784_at	-0.530717	4.180710e-02	3.168597e-01
Hs.438219_at	0.530717	4.180710e-02	3.168597e-01
Hs.600188_at	0.530717	4.180710e-02	3.168597e-01
Hs.515835_at	0.530717	4.180710e-02	3.168597e-01
Hs.187269_at	-0.530717	4.180710e-02	3.168597e-01
Hs.4817_at	0.530717	4.180710e-02	3.168597e-01
Hs.132902_at	0.530717	4.180710e-02	3.168597e-01
Hs.594199_at	0.530717	4.180710e-02	3.168597e-01
Hs.187578_at	0.530717	4.180710e-02	3.168597e-01
Hs.133379_at	0.530717	4.180710e-02	3.168597e-01
Hs.516904_at	0.530717	4.180710e-02	3.168597e-01
Hs.18103_at	-0.530717	4.180710e-02	3.168597e-01
Hs.89029_at	-0.530717	4.180710e-02	3.168597e-01
Hs.513230_at	0.530717	4.180710e-02	3.168597e-01
Hs.592180_at	-0.530717	4.180710e-02	3.168597e-01
Hs.28346_at	0.530717	4.180710e-02	3.168597e-01
Hs.133331_at	0.530717	4.180710e-02	3.168597e-01
Hs.118552_at	0.530717	4.180710e-02	3.168597e-01
Hs.118651_at	-0.530717	4.180710e-02	3.168597e-01
Hs.647053_at	0.530717	4.180710e-02	3.168597e-01
Hs.530398_at	0.530717	4.180710e-02	3.168597e-01
Hs.503368_at	-0.530717	4.180710e-02	3.168597e-01
Hs.13967_at	0.530717	4.180710e-02	3.168597e-01
Hs.35433_at	-0.530717	4.180710e-02	3.168597e-01
Hs.6232_at	-0.530717	4.180710e-02	3.168597e-01
Hs.591901_at	0.530717	4.180710e-02	3.168597e-01
Hs.150749_at	-0.530717	4.180710e-02	3.168597e-01
Hs.145230_at	0.530717	4.180710e-02	3.168597e-01
Hs.434302_at	0.530717	4.180710e-02	3.168597e-01
Hs.610264_at	0.530717	4.180710e-02	3.168597e-01
Hs.585118_at	0.530717	4.180710e-02	3.168597e-01
Hs.376984_at	0.530717	4.180710e-02	3.168597e-01
Hs.497253_at	-0.530717	4.180710e-02	3.168597e-01
Hs.49599_at	0.530717	4.180710e-02	3.168597e-01
Hs.509736_at	-0.530717	4.180710e-02	3.168597e-01
Hs.591923_at	0.530717	4.180710e-02	3.168597e-01
Hs.124574_at	0.530717	4.180710e-02	3.168597e-01
Hs.592165_at	0.530717	4.180710e-02	3.168597e-01
Hs.356224_at	-0.530717	4.180710e-02	3.168597e-01
Hs.6664_at	0.530717	4.180710e-02	3.168597e-01
Hs.380250_at	-0.530717	4.180710e-02	3.168597e-01
Hs.520974_at	-0.530717	4.180710e-02	3.168597e-01
Hs.525392_at	-0.530717	4.180710e-02	3.168597e-01
Hs.520619_at	-0.530717	4.180710e-02	3.168597e-01
Hs.443750_at	-0.530717	4.180710e-02	3.168597e-01
Hs.562619_at	-0.530717	4.180710e-02	3.168597e-01
Hs.326953_at	0.530717	4.180710e-02	3.168597e-01
Hs.274422_at	0.530717	4.180710e-02	3.168597e-01
Hs.478868_at	0.530717	4.180710e-02	3.168597e-01
Hs.591113_at	0.530717	4.180710e-02	3.168597e-01
Hs.368077_at	0.530717	4.180710e-02	3.168597e-01
Hs.603545_at	0.530717	4.180710e-02	3.168597e-01
Hs.282079_at	0.530717	4.180710e-02	3.168597e-01
Hs.560534_at	-0.530717	4.180710e-02	3.168597e-01
Hs.478682_at	-0.530717	4.180710e-02	3.168597e-01
Hs.248115_at	0.530717	4.180710e-02	3.168597e-01
Hs.429608_at	-0.530717	4.180710e-02	3.168597e-01
Hs.234355_at	-0.530717	4.180710e-02	3.168597e-01
Hs.150206_at	0.530717	4.180710e-02	3.168597e-01
Hs.390171_at	0.530717	4.180710e-02	3.168597e-01
Hs.32374_at	0.530717	4.180710e-02	3.168597e-01
Hs.258209_at	-0.530717	4.180710e-02	3.168597e-01
Hs.292804_at	-0.530717	4.180710e-02	3.168597e-01
Hs.284297_at	0.530717	4.180710e-02	3.168597e-01
Hs.647398_at	-0.530717	4.180710e-02	3.168597e-01
Hs.641165_at	-0.530717	4.180710e-02	3.168597e-01
Hs.494738_at	-0.530717	4.180710e-02	3.168597e-01
Hs.511743_at	0.530717	4.180710e-02	3.168597e-01
Hs.8705_at	0.530717	4.180710e-02	3.168597e-01
Hs.269092_at	-0.530717	4.180710e-02	3.168597e-01
Hs.596059_at	-0.530717	4.180710e-02	3.168597e-01
Hs.104950_at	0.530717	4.180710e-02	3.168597e-01
Hs.452039_at	0.527107	4.348316e-02	3.213144e-01
Hs.596929_at	-0.527107	4.348316e-02	3.213144e-01
Hs.645477_at	0.527107	4.348316e-02	3.213144e-01
Hs.524692_at	0.527107	4.348316e-02	3.213144e-01
Hs.103503_at	0.527107	4.348316e-02	3.213144e-01
Hs.607448_at	0.527107	4.348316e-02	3.213144e-01
Hs.248102_at	0.527107	4.348316e-02	3.213144e-01
Hs.42650_at	-0.527107	4.348316e-02	3.213144e-01
Hs.648178_at	-0.527107	4.348316e-02	3.213144e-01
Hs.611628_at	0.527107	4.348316e-02	3.213144e-01
Hs.637794_at	0.527107	4.348316e-02	3.213144e-01
Hs.44067_at	0.527107	4.348316e-02	3.213144e-01
Hs.370487_at	0.527107	4.348316e-02	3.213144e-01
Hs.584784_at	-0.527107	4.348316e-02	3.213144e-01
Hs.479677_at	-0.527107	4.348316e-02	3.213144e-01
Hs.213424_at	0.527107	4.348316e-02	3.213144e-01
Hs.474905_at	0.527107	4.348316e-02	3.213144e-01
Hs.136557_at	0.527107	4.348316e-02	3.213144e-01
Hs.534951_at	0.527107	4.348316e-02	3.213144e-01
Hs.282861_at	0.527107	4.348316e-02	3.213144e-01
Hs.446091_at	0.527107	4.348316e-02	3.213144e-01
Hs.259636_at	0.527107	4.348316e-02	3.213144e-01
Hs.191074_at	0.527107	4.348316e-02	3.213144e-01
Hs.155644_at	0.527107	4.348316e-02	3.213144e-01
Hs.376617_at	0.527107	4.348316e-02	3.213144e-01
Hs.644614_at	0.527107	4.348316e-02	3.213144e-01
Hs.387258_at	0.527107	4.348316e-02	3.213144e-01
Hs.234763_at	0.527107	4.348316e-02	3.213144e-01
Hs.278911_at	0.527107	4.348316e-02	3.213144e-01
Hs.396358_at	-0.527107	4.348316e-02	3.213144e-01
Hs.539003-_at	0.527107	4.348316e-02	3.213144e-01
Hs.187763_at	0.527107	4.348316e-02	3.213144e-01
Hs.623800_at	-0.527107	4.348316e-02	3.213144e-01
Hs.596680_at	0.527107	4.348316e-02	3.213144e-01
Hs.514480_at	0.527107	4.348316e-02	3.213144e-01
Hs.642740_at	0.527107	4.348316e-02	3.213144e-01
Hs.159628_at	0.527107	4.348316e-02	3.213144e-01
Hs.618002_at	0.527107	4.348316e-02	3.213144e-01
Hs.646764_at	0.527107	4.348316e-02	3.213144e-01
Hs.593793_at	-0.527107	4.348316e-02	3.213144e-01
Hs.404170_at	0.527107	4.348316e-02	3.213144e-01
Hs.897_at	-0.527107	4.348316e-02	3.213144e-01
Hs.306051_at	0.527107	4.348316e-02	3.213144e-01
Hs.534517_at	0.527107	4.348316e-02	3.213144e-01
Hs.120766_at	-0.527107	4.348316e-02	3.213144e-01
Hs.162233_at	0.527107	4.348316e-02	3.213144e-01
Hs.509213_at	-0.527107	4.348316e-02	3.213144e-01
Hs.510007_at	0.527107	4.348316e-02	3.213144e-01
Hs.496753_at	0.527107	4.348316e-02	3.213144e-01
Hs.245372_at	0.527107	4.348316e-02	3.213144e-01
Hs.652247_at	0.527107	4.348316e-02	3.213144e-01
Hs.467868_at	-0.527107	4.348316e-02	3.213144e-01
Hs.107812_at	0.527107	4.348316e-02	3.213144e-01
Hs.467960_at	-0.527107	4.348316e-02	3.213144e-01
Hs.904_at	-0.527107	4.348316e-02	3.213144e-01
Hs.241431_at	0.527107	4.348316e-02	3.213144e-01
Hs.208701_at	-0.527107	4.348316e-02	3.213144e-01
Hs.569229_at	0.527107	4.348316e-02	3.213144e-01
Hs.151254_at	0.527107	4.348316e-02	3.213144e-01
Hs.129142_at	0.527107	4.348316e-02	3.213144e-01
Hs.368382_at	0.527107	4.348316e-02	3.213144e-01
Hs.57973_at	0.527107	4.348316e-02	3.213144e-01
Hs.466053_at	0.527107	4.348316e-02	3.213144e-01
Hs.284712_at	0.527107	4.348316e-02	3.213144e-01
Hs.608451_at	-0.527107	4.348316e-02	3.213144e-01
Hs.458487_at	-0.527107	4.348316e-02	3.213144e-01
Hs.98370_at	0.527107	4.348316e-02	3.213144e-01
Hs.369039_at	-0.527107	4.348316e-02	3.213144e-01
Hs.350621_at	-0.523496	4.520851e-02	3.241611e-01
Hs.645410_at	0.523496	4.520851e-02	3.241611e-01
Hs.382845_at	0.523496	4.520851e-02	3.241611e-01
Hs.525017_at	-0.523496	4.520851e-02	3.241611e-01
Hs.179986_at	0.523496	4.520851e-02	3.241611e-01
Hs.147062_at	0.523496	4.520851e-02	3.241611e-01
Hs.26814_at	0.523496	4.520851e-02	3.241611e-01
Hs.631590_at	0.523496	4.520851e-02	3.241611e-01
Hs.591916_at	-0.523496	4.520851e-02	3.241611e-01
Hs.652496_at	-0.523496	4.520851e-02	3.241611e-01
Hs.464779_at	-0.523496	4.520851e-02	3.241611e-01
Hs.465087_at	0.523496	4.520851e-02	3.241611e-01
Hs.79564_at	0.523496	4.520851e-02	3.241611e-01
Hs.591250_at	0.523496	4.520851e-02	3.241611e-01
Hs.603608_at	0.523496	4.520851e-02	3.241611e-01
Hs.130183_at	0.523496	4.520851e-02	3.241611e-01
Hs.591318_at	0.523496	4.520851e-02	3.241611e-01
Hs.435019_at	0.523496	4.520851e-02	3.241611e-01
Hs.303787_at	-0.523496	4.520851e-02	3.241611e-01
Hs.632612_at	0.523496	4.520851e-02	3.241611e-01
Hs.407709_at	0.523496	4.520851e-02	3.241611e-01
Hs.511265_at	0.523496	4.520851e-02	3.241611e-01
Hs.472119_at	-0.523496	4.520851e-02	3.241611e-01
Hs.156452_at	0.523496	4.520851e-02	3.241611e-01
Hs.644384_at	0.523496	4.520851e-02	3.241611e-01
Hs.586516_at	0.523496	4.520851e-02	3.241611e-01
Hs.425091_at	-0.523496	4.520851e-02	3.241611e-01
Hs.518374_at	0.523496	4.520851e-02	3.241611e-01
Hs.632427_at	-0.523496	4.520851e-02	3.241611e-01
Hs.604256_at	-0.523496	4.520851e-02	3.241611e-01
Hs.477879_at	0.523496	4.520851e-02	3.241611e-01
Hs.134587_at	-0.523496	4.520851e-02	3.241611e-01
Hs.632804_at	0.523496	4.520851e-02	3.241611e-01
Hs.235782_at	0.523496	4.520851e-02	3.241611e-01
Hs.212511_at	0.523496	4.520851e-02	3.241611e-01
Hs.584777_at	0.523496	4.520851e-02	3.241611e-01
Hs.595493_at	0.523496	4.520851e-02	3.241611e-01
Hs.605581_at	-0.523496	4.520851e-02	3.241611e-01
Hs.154433_at	0.523496	4.520851e-02	3.241611e-01
Hs.445757_at	-0.523496	4.520851e-02	3.241611e-01
Hs.292097_at	-0.523496	4.520851e-02	3.241611e-01
Hs.195922_at	0.523496	4.520851e-02	3.241611e-01
Hs.592174_at	0.523496	4.520851e-02	3.241611e-01
Hs.426296_at	-0.523496	4.520851e-02	3.241611e-01
Hs.513285_at	0.523496	4.520851e-02	3.241611e-01
Hs.237028_at	0.523496	4.520851e-02	3.241611e-01
Hs.237480_at	-0.523496	4.520851e-02	3.241611e-01
Hs.237506_at	0.523496	4.520851e-02	3.241611e-01
Hs.591044_at	0.523496	4.520851e-02	3.241611e-01
Hs.432674_at	-0.523496	4.520851e-02	3.241611e-01
Hs.2813_at	0.523496	4.520851e-02	3.241611e-01
Hs.501149_at	0.523496	4.520851e-02	3.241611e-01
Hs.622033_at	0.523496	4.520851e-02	3.241611e-01
Hs.413045_at	-0.523496	4.520851e-02	3.241611e-01
Hs.97892_at	0.523496	4.520851e-02	3.241611e-01
Hs.591969_at	0.523496	4.520851e-02	3.241611e-01
Hs.216226_at	0.523496	4.520851e-02	3.241611e-01
Hs.22895_at	0.523496	4.520851e-02	3.241611e-01
Hs.520554_at	0.523496	4.520851e-02	3.241611e-01
Hs.6638_at	-0.523496	4.520851e-02	3.241611e-01
Hs.653029_at	0.523496	4.520851e-02	3.241611e-01
Hs.309763_at	-0.523496	4.520851e-02	3.241611e-01
Hs.498317_at	-0.523496	4.520851e-02	3.241611e-01
Hs.620015_at	0.523496	4.520851e-02	3.241611e-01
Hs.602573_at	0.523496	4.520851e-02	3.241611e-01
Hs.181297_at	-0.523496	4.520851e-02	3.241611e-01
Hs.531176_at	-0.523496	4.520851e-02	3.241611e-01
Hs.531406_at	0.523496	4.520851e-02	3.241611e-01
Hs.640307_at	0.523496	4.520851e-02	3.241611e-01
Hs.367953_at	0.523496	4.520851e-02	3.241611e-01
Hs.256126_at	0.523496	4.520851e-02	3.241611e-01
Hs.59889_at	0.523496	4.520851e-02	3.241611e-01
Hs.374124_at	-0.523496	4.520851e-02	3.241611e-01
Hs.591221_at	-0.523496	4.520851e-02	3.241611e-01
Hs.487393_at	0.523496	4.520851e-02	3.241611e-01
Hs.48849_at	-0.523496	4.520851e-02	3.241611e-01
Hs.128692_at	-0.523496	4.520851e-02	3.241611e-01
Hs.128809_at	0.523496	4.520851e-02	3.241611e-01
Hs.103535_at	0.523496	4.520851e-02	3.241611e-01
Hs.1030_at	0.523496	4.520851e-02	3.241611e-01
Hs.14839_at	-0.523496	4.520851e-02	3.241611e-01
Hs.652334_at	-0.523496	4.520851e-02	3.241611e-01
Hs.104977_at	0.523496	4.520851e-02	3.241611e-01
Hs.497788_at	-0.519886	4.698398e-02	3.282176e-01
Hs.504538_at	-0.519886	4.698398e-02	3.282176e-01
Hs.200813_at	0.519886	4.698398e-02	3.282176e-01
Hs.282931_at	0.519886	4.698398e-02	3.282176e-01
Hs.20142_at	-0.519886	4.698398e-02	3.282176e-01
Hs.465862_at	0.519886	4.698398e-02	3.282176e-01
Hs.335550_at	-0.519886	4.698398e-02	3.282176e-01
Hs.608015_at	0.519886	4.698398e-02	3.282176e-01
Hs.464829_at	0.519886	4.698398e-02	3.282176e-01
Hs.508479_at	-0.519886	4.698398e-02	3.282176e-01
Hs.591694_at	-0.519886	4.698398e-02	3.282176e-01
Hs.125549_at	0.519886	4.698398e-02	3.282176e-01
Hs.535724_at	0.519886	4.698398e-02	3.282176e-01
Hs.468099_at	-0.519886	4.698398e-02	3.282176e-01
Hs.413748_at	0.519886	4.698398e-02	3.282176e-01
Hs.534339_at	-0.519886	4.698398e-02	3.282176e-01
Hs.591186_at	0.519886	4.698398e-02	3.282176e-01
Hs.55781_at	-0.519886	4.698398e-02	3.282176e-01
Hs.162241_at	-0.519886	4.698398e-02	3.282176e-01
Hs.631890_at	-0.519886	4.698398e-02	3.282176e-01
Hs.450930_at	0.519886	4.698398e-02	3.282176e-01
Hs.569706_at	0.519886	4.698398e-02	3.282176e-01
Hs.435719_at	0.519886	4.698398e-02	3.282176e-01
Hs.165736_at	-0.519886	4.698398e-02	3.282176e-01
Hs.435326_at	-0.519886	4.698398e-02	3.282176e-01
Hs.615314_at	0.519886	4.698398e-02	3.282176e-01
Hs.602686_at	0.519886	4.698398e-02	3.282176e-01
Hs.603937_at	-0.519886	4.698398e-02	3.282176e-01
Hs.485903_at	0.519886	4.698398e-02	3.282176e-01
Hs.652198_at	-0.519886	4.698398e-02	3.282176e-01
Hs.567624_at	0.519886	4.698398e-02	3.282176e-01
Hs.376634_at	0.519886	4.698398e-02	3.282176e-01
Hs.598752_at	0.519886	4.698398e-02	3.282176e-01
Hs.519719_at	0.519886	4.698398e-02	3.282176e-01
Hs.272278_at	0.519886	4.698398e-02	3.282176e-01
Hs.550529_at	0.519886	4.698398e-02	3.282176e-01
Hs.513797_at	0.519886	4.698398e-02	3.282176e-01
Hs.439726_at	0.519886	4.698398e-02	3.282176e-01
Hs.440371_at	-0.519886	4.698398e-02	3.282176e-01
Hs.651381_at	-0.519886	4.698398e-02	3.282176e-01
Hs.158460_at	0.519886	4.698398e-02	3.282176e-01
Hs.632471_at	0.519886	4.698398e-02	3.282176e-01
Hs.602037_at	-0.519886	4.698398e-02	3.282176e-01
Hs.620644_at	0.519886	4.698398e-02	3.282176e-01
Hs.89485_at	0.519886	4.698398e-02	3.282176e-01
Hs.438533_at	-0.519886	4.698398e-02	3.282176e-01
Hs.13349_at	0.519886	4.698398e-02	3.282176e-01
Hs.558567_at	0.519886	4.698398e-02	3.282176e-01
Hs.558628_at	0.519886	4.698398e-02	3.282176e-01
Hs.516484_at	0.519886	4.698398e-02	3.282176e-01
Hs.283322_at	-0.519886	4.698398e-02	3.282176e-01
Hs.389_at	0.519886	4.698398e-02	3.282176e-01
Hs.75262_at	-0.519886	4.698398e-02	3.282176e-01
Hs.484188_at	-0.519886	4.698398e-02	3.282176e-01
Hs.592290_at	0.519886	4.698398e-02	3.282176e-01
Hs.533055_at	-0.519886	4.698398e-02	3.282176e-01
Hs.513706_at	0.519886	4.698398e-02	3.282176e-01
Hs.434366_at	0.519886	4.698398e-02	3.282176e-01
Hs.134688_at	-0.519886	4.698398e-02	3.282176e-01
Hs.68061_at	0.519886	4.698398e-02	3.282176e-01
Hs.369252_at	0.519886	4.698398e-02	3.282176e-01
Hs.591458_at	-0.519886	4.698398e-02	3.282176e-01
Hs.499159_at	-0.519886	4.698398e-02	3.282176e-01
Hs.620039_at	0.519886	4.698398e-02	3.282176e-01
Hs.17614_at	-0.519886	4.698398e-02	3.282176e-01
Hs.177576_at	-0.519886	4.698398e-02	3.282176e-01
Hs.447793_at	0.519886	4.698398e-02	3.282176e-01
Hs.380334_at	-0.519886	4.698398e-02	3.282176e-01
Hs.6136_at	0.519886	4.698398e-02	3.282176e-01
Hs.98117_at	-0.519886	4.698398e-02	3.282176e-01
Hs.1600_at	-0.519886	4.698398e-02	3.282176e-01
Hs.308122_at	0.519886	4.698398e-02	3.282176e-01
Hs.596832_at	-0.519886	4.698398e-02	3.282176e-01
Hs.631572_at	0.519886	4.698398e-02	3.282176e-01
Hs.508999_at	0.516276	4.881040e-02	3.295113e-01
Hs.464243_at	0.516276	4.881040e-02	3.295113e-01
Hs.635459_at	-0.516276	4.881040e-02	3.295113e-01
Hs.578544_at	0.516276	4.881040e-02	3.295113e-01
Hs.29173_at	0.516276	4.881040e-02	3.295113e-01
Hs.2490_at	-0.516276	4.881040e-02	3.295113e-01
Hs.601116_at	0.516276	4.881040e-02	3.295113e-01
Hs.432822_at	-0.516276	4.881040e-02	3.295113e-01
Hs.298089_at	-0.516276	4.881040e-02	3.295113e-01
Hs.497492_at	-0.516276	4.881040e-02	3.295113e-01
Hs.181768_at	0.516276	4.881040e-02	3.295113e-01
Hs.355177_at	-0.516276	4.881040e-02	3.295113e-01
Hs.445265_at	0.516276	4.881040e-02	3.295113e-01
Hs.471243_at	-0.516276	4.881040e-02	3.295113e-01
Hs.432642_at	0.516276	4.881040e-02	3.295113e-01
Hs.591666_at	-0.516276	4.881040e-02	3.295113e-01
Hs.2465_at	-0.516276	4.881040e-02	3.295113e-01
Hs.604893_at	-0.516276	4.881040e-02	3.295113e-01
Hs.476982_at	-0.516276	4.881040e-02	3.295113e-01
Hs.478064_at	-0.516276	4.881040e-02	3.295113e-01
Hs.528816_at	0.516276	4.881040e-02	3.295113e-01
Hs.936_at	0.516276	4.881040e-02	3.295113e-01
Hs.443728_at	0.516276	4.881040e-02	3.295113e-01
Hs.136017_at	-0.516276	4.881040e-02	3.295113e-01
Hs.638726-_at	-0.516276	4.881040e-02	3.295113e-01
Hs.283925_at	0.516276	4.881040e-02	3.295113e-01
Hs.474049_at	0.516276	4.881040e-02	3.295113e-01
Hs.156369_at	0.516276	4.881040e-02	3.295113e-01
Hs.652125_at	0.516276	4.881040e-02	3.295113e-01
Hs.272367_at	0.516276	4.881040e-02	3.295113e-01
Hs.111850_at	0.516276	4.881040e-02	3.295113e-01
Hs.644552_at	0.516276	4.881040e-02	3.295113e-01
Hs.638939_at	0.516276	4.881040e-02	3.295113e-01
Hs.638969-_at	0.516276	4.881040e-02	3.295113e-01
Hs.516994_at	0.516276	4.881040e-02	3.295113e-01
Hs.126691_at	0.516276	4.881040e-02	3.295113e-01
Hs.171844_at	0.516276	4.881040e-02	3.295113e-01
Hs.173088_at	0.516276	4.881040e-02	3.295113e-01
Hs.89546_at	0.516276	4.881040e-02	3.295113e-01
Hs.409561_at	0.516276	4.881040e-02	3.295113e-01
Hs.530698_at	0.516276	4.881040e-02	3.295113e-01
Hs.278489_at	0.516276	4.881040e-02	3.295113e-01
Hs.632800_at	-0.516276	4.881040e-02	3.295113e-01
Hs.632495_at	0.516276	4.881040e-02	3.295113e-01
Hs.6418_at	0.516276	4.881040e-02	3.295113e-01
Hs.493867_at	-0.516276	4.881040e-02	3.295113e-01
Hs.514505_at	0.516276	4.881040e-02	3.295113e-01
Hs.119594_at	0.516276	4.881040e-02	3.295113e-01
Hs.435183_at	0.516276	4.881040e-02	3.295113e-01
Hs.470728_at	-0.516276	4.881040e-02	3.295113e-01
Hs.652251_at	-0.516276	4.881040e-02	3.295113e-01
Hs.652262_at	-0.516276	4.881040e-02	3.295113e-01
Hs.652267_at	0.516276	4.881040e-02	3.295113e-01
Hs.445898_at	-0.516276	4.881040e-02	3.295113e-01
Hs.632254_at	0.516276	4.881040e-02	3.295113e-01
Hs.424414_at	0.516276	4.881040e-02	3.295113e-01
Hs.647860_at	0.516276	4.881040e-02	3.295113e-01
Hs.519749_at	0.516276	4.881040e-02	3.295113e-01
Hs.518609_at	-0.516276	4.881040e-02	3.295113e-01
Hs.243596_at	-0.516276	4.881040e-02	3.295113e-01
Hs.652314_at	0.516276	4.881040e-02	3.295113e-01
Hs.568986_at	0.516276	4.881040e-02	3.295113e-01
Hs.5811_at	-0.516276	4.881040e-02	3.295113e-01
Hs.22634_at	0.516276	4.881040e-02	3.295113e-01
Hs.231761_at	-0.516276	4.881040e-02	3.295113e-01
Hs.330663_at	-0.516276	4.881040e-02	3.295113e-01
Hs.161397_at	0.516276	4.881040e-02	3.295113e-01
Hs.404741_at	-0.516276	4.881040e-02	3.295113e-01
Hs.277215_at	0.516276	4.881040e-02	3.295113e-01
Hs.6132_at	0.516276	4.881040e-02	3.295113e-01
Hs.236896_at	0.516276	4.881040e-02	3.295113e-01
Hs.612782_at	-0.516276	4.881040e-02	3.295113e-01
Hs.552946_at	0.516276	4.881040e-02	3.295113e-01
Hs.368548_at	-0.516276	4.881040e-02	3.295113e-01
Hs.30743_at	0.516276	4.881040e-02	3.295113e-01
Hs.48950_at	-0.516276	4.881040e-02	3.295113e-01
Hs.59332_at	0.516276	4.881040e-02	3.295113e-01
Hs.1309_at	-0.516276	4.881040e-02	3.295113e-01
Hs.591122_at	-0.516276	4.881040e-02	3.295113e-01
Hs.193842_at	-0.516276	4.881040e-02	3.295113e-01
Hs.22226_at	0.516276	4.881040e-02	3.295113e-01
Hs.575083_at	-0.516276	4.881040e-02	3.295113e-01
Hs.468675_at	0.516276	4.881040e-02	3.295113e-01
Hs.467524_at	-0.516276	4.881040e-02	3.295113e-01
Hs.21600_at	0.516276	4.881040e-02	3.295113e-01
Hs.144936_at	0.516276	4.881040e-02	3.295113e-01
Hs.106529_at	-0.516276	4.881040e-02	3.295113e-01
Hs.194721_at	0.516276	4.881040e-02	3.295113e-01
Hs.635012_at	0.516276	4.881040e-02	3.295113e-01
Hs.631654_at	0.516276	4.881040e-02	3.295113e-01
Hs.524161_at	-0.516276	4.881040e-02	3.295113e-01
Hs.509226_at	-0.516276	4.881040e-02	3.295113e-01
Hs.87539_at	0.516276	4.881040e-02	3.295113e-01
Hs.369879_at	0.516276	4.881040e-02	3.295113e-01
Hs.125056_at	-0.516276	4.881040e-02	3.295113e-01
Hs.28896_at	-0.516276	4.881040e-02	3.295113e-01
Hs.459779_at	-0.516276	4.881040e-02	3.295113e-01
Hs.149264_at	-0.516276	4.881040e-02	3.295113e-01
Hs.149623_at	0.516276	4.881040e-02	3.295113e-01
Hs.123543_at	0.516276	4.881040e-02	3.295113e-01
Hs.496267_at	-0.512665	5.068860e-02	3.334453e-01
Hs.367799_at	0.512665	5.068860e-02	3.334453e-01
Hs.555996_at	-0.512665	5.068860e-02	3.334453e-01
Hs.306291_at	-0.512665	5.068860e-02	3.334453e-01
Hs.371335_at	-0.512665	5.068860e-02	3.334453e-01
Hs.282177_at	0.512665	5.068860e-02	3.334453e-01
Hs.57079+_at	-0.512665	5.068860e-02	3.334453e-01
Hs.148766_at	-0.512665	5.068860e-02	3.334453e-01
Hs.147880_at	0.512665	5.068860e-02	3.334453e-01
Hs.350764_at	0.512665	5.068860e-02	3.334453e-01
Hs.422466_at	0.512665	5.068860e-02	3.334453e-01
Hs.83383_at	-0.512665	5.068860e-02	3.334453e-01
Hs.200841_at	0.512665	5.068860e-02	3.334453e-01
Hs.633566_at	-0.512665	5.068860e-02	3.334453e-01
Hs.216639_at	0.512665	5.068860e-02	3.334453e-01
Hs.417948_at	0.512665	5.068860e-02	3.334453e-01
Hs.610280_at	0.512665	5.068860e-02	3.334453e-01
Hs.388004_at	-0.512665	5.068860e-02	3.334453e-01
Hs.584858_at	0.512665	5.068860e-02	3.334453e-01
Hs.446641_at	0.512665	5.068860e-02	3.334453e-01
Hs.600849_at	-0.512665	5.068860e-02	3.334453e-01
Hs.29706_at	-0.512665	5.068860e-02	3.334453e-01
Hs.248086_at	0.512665	5.068860e-02	3.334453e-01
Hs.87202_at	0.512665	5.068860e-02	3.334453e-01
Hs.592172_at	0.512665	5.068860e-02	3.334453e-01
Hs.148584_at	0.512665	5.068860e-02	3.334453e-01
Hs.607153_at	-0.512665	5.068860e-02	3.334453e-01
Hs.525146_at	0.512665	5.068860e-02	3.334453e-01
Hs.9822_at	0.512665	5.068860e-02	3.334453e-01
Hs.444845_at	0.512665	5.068860e-02	3.334453e-01
Hs.155942_at	0.512665	5.068860e-02	3.334453e-01
Hs.156727_at	-0.512665	5.068860e-02	3.334453e-01
Hs.11782_at	0.512665	5.068860e-02	3.334453e-01
Hs.31210_at	0.512665	5.068860e-02	3.334453e-01
Hs.199343_at	0.512665	5.068860e-02	3.334453e-01
Hs.444441_at	0.512665	5.068860e-02	3.334453e-01
Hs.138701_at	-0.512665	5.068860e-02	3.334453e-01
Hs.528316_at	0.512665	5.068860e-02	3.334453e-01
Hs.645625_at	-0.512665	5.068860e-02	3.334453e-01
Hs.111632_at	-0.512665	5.068860e-02	3.334453e-01
Hs.195659_at	0.512665	5.068860e-02	3.334453e-01
Hs.130661_at	0.512665	5.068860e-02	3.334453e-01
Hs.591085_at	-0.512665	5.068860e-02	3.334453e-01
Hs.435976_at	0.512665	5.068860e-02	3.334453e-01
Hs.601354_at	0.512665	5.068860e-02	3.334453e-01
Hs.7972_at	-0.512665	5.068860e-02	3.334453e-01
Hs.546627_at	0.512665	5.068860e-02	3.334453e-01
Hs.602558_at	-0.512665	5.068860e-02	3.334453e-01
Hs.181174_at	-0.512665	5.068860e-02	3.334453e-01
Hs.632536_at	-0.512665	5.068860e-02	3.334453e-01
Hs.587054_at	-0.512665	5.068860e-02	3.334453e-01
Hs.477891_at	0.512665	5.068860e-02	3.334453e-01
Hs.112949_at	0.512665	5.068860e-02	3.334453e-01
Hs.134857_at	-0.512665	5.068860e-02	3.334453e-01
Hs.356096_at	0.512665	5.068860e-02	3.334453e-01
Hs.136901_at	-0.512665	5.068860e-02	3.334453e-01
Hs.651229_at	0.512665	5.068860e-02	3.334453e-01
Hs.116176_at	0.512665	5.068860e-02	3.334453e-01
Hs.116471_at	0.512665	5.068860e-02	3.334453e-01
Hs.92858_at	0.512665	5.068860e-02	3.334453e-01
Hs.439152_at	-0.512665	5.068860e-02	3.334453e-01
Hs.133085_at	0.512665	5.068860e-02	3.334453e-01
Hs.632839_at	0.512665	5.068860e-02	3.334453e-01
Hs.90280_at	-0.512665	5.068860e-02	3.334453e-01
Hs.417962_at	0.512665	5.068860e-02	3.334453e-01
Hs.643537_at	0.512665	5.068860e-02	3.334453e-01
Hs.146079_at	-0.512665	5.068860e-02	3.334453e-01
Hs.511686_at	0.512665	5.068860e-02	3.334453e-01
Hs.218011_at	0.512665	5.068860e-02	3.334453e-01
Hs.351812_at	-0.512665	5.068860e-02	3.334453e-01
Hs.466383_at	0.512665	5.068860e-02	3.334453e-01
Hs.521168_at	0.512665	5.068860e-02	3.334453e-01
Hs.631842_at	0.512665	5.068860e-02	3.334453e-01
Hs.643451_at	0.512665	5.068860e-02	3.334453e-01
Hs.370931_at	0.512665	5.068860e-02	3.334453e-01
Hs.10136_at	-0.512665	5.068860e-02	3.334453e-01
Hs.523009_at	0.512665	5.068860e-02	3.334453e-01
Hs.26988_at	0.512665	5.068860e-02	3.334453e-01
Hs.435938_at	-0.509055	5.261940e-02	3.366602e-01
Hs.68714_at	-0.509055	5.261940e-02	3.366602e-01
Hs.528087_at	0.509055	5.261940e-02	3.366602e-01
Hs.567523_at	-0.509055	5.261940e-02	3.366602e-01
Hs.268728_at	0.509055	5.261940e-02	3.366602e-01
Hs.522928_at	0.509055	5.261940e-02	3.366602e-01
Hs.149487_at	-0.509055	5.261940e-02	3.366602e-01
Hs.461925_at	-0.509055	5.261940e-02	3.366602e-01
Hs.596910_at	-0.509055	5.261940e-02	3.366602e-01
Hs.98428_at	0.509055	5.261940e-02	3.366602e-01
Hs.130031_at	0.509055	5.261940e-02	3.366602e-01
Hs.485352_at	0.509055	5.261940e-02	3.366602e-01
Hs.485581_at	-0.509055	5.261940e-02	3.366602e-01
Hs.485070_at	-0.509055	5.261940e-02	3.366602e-01
Hs.506815_at	-0.509055	5.261940e-02	3.366602e-01
Hs.152337_at	-0.509055	5.261940e-02	3.366602e-01
Hs.465305_at	0.509055	5.261940e-02	3.366602e-01
Hs.465642_at	0.509055	5.261940e-02	3.366602e-01
Hs.590848_at	0.509055	5.261940e-02	3.366602e-01
Hs.603825_at	-0.509055	5.261940e-02	3.366602e-01
Hs.506011_at	-0.509055	5.261940e-02	3.366602e-01
Hs.524491_at	-0.509055	5.261940e-02	3.366602e-01
Hs.509637_at	0.509055	5.261940e-02	3.366602e-01
Hs.526920_at	0.509055	5.261940e-02	3.366602e-01
Hs.151135_at	0.509055	5.261940e-02	3.366602e-01
Hs.595431_at	-0.509055	5.261940e-02	3.366602e-01
Hs.38512_at	0.509055	5.261940e-02	3.366602e-01
Hs.593878_at	-0.509055	5.261940e-02	3.366602e-01
Hs.110014_at	0.509055	5.261940e-02	3.366602e-01
Hs.274363_at	0.509055	5.261940e-02	3.366602e-01
Hs.526594_at	0.509055	5.261940e-02	3.366602e-01
Hs.595766_at	-0.509055	5.261940e-02	3.366602e-01
Hs.82916_at	-0.509055	5.261940e-02	3.366602e-01
Hs.202453_at	-0.509055	5.261940e-02	3.366602e-01
Hs.591701_at	-0.509055	5.261940e-02	3.366602e-01
Hs.202680_at	0.509055	5.261940e-02	3.366602e-01
Hs.584758_at	0.509055	5.261940e-02	3.366602e-01
Hs.66185_at	0.509055	5.261940e-02	3.366602e-01
Hs.474740_at	0.509055	5.261940e-02	3.366602e-01
Hs.135411_at	0.509055	5.261940e-02	3.366602e-01
Hs.135686_at	0.509055	5.261940e-02	3.366602e-01
Hs.375054_at	0.509055	5.261940e-02	3.366602e-01
Hs.275736_at	-0.509055	5.261940e-02	3.366602e-01
Hs.587331_at	0.509055	5.261940e-02	3.366602e-01
Hs.65135_at	0.509055	5.261940e-02	3.366602e-01
Hs.360940_at	0.509055	5.261940e-02	3.366602e-01
Hs.645030_at	-0.509055	5.261940e-02	3.366602e-01
Hs.501758_at	0.509055	5.261940e-02	3.366602e-01
Hs.17267_at	0.509055	5.261940e-02	3.366602e-01
Hs.473370_at	-0.509055	5.261940e-02	3.366602e-01
Hs.601227_at	0.509055	5.261940e-02	3.366602e-01
Hs.98095_at	0.509055	5.261940e-02	3.366602e-01
Hs.381219_at	-0.509055	5.261940e-02	3.366602e-01
Hs.211800_at	-0.509055	5.261940e-02	3.366602e-01
Hs.356501_at	-0.509055	5.261940e-02	3.366602e-01
Hs.436161_at	-0.509055	5.261940e-02	3.366602e-01
Hs.632574_at	0.509055	5.261940e-02	3.366602e-01
Hs.603039_at	-0.509055	5.261940e-02	3.366602e-01
Hs.613017_at	-0.509055	5.261940e-02	3.366602e-01
Hs.315167_at	0.509055	5.261940e-02	3.366602e-01
Hs.532325_at	0.509055	5.261940e-02	3.366602e-01
Hs.513926_at	-0.509055	5.261940e-02	3.366602e-01
Hs.433029_at	-0.509055	5.261940e-02	3.366602e-01
Hs.433343_at	0.509055	5.261940e-02	3.366602e-01
Hs.311346_at	-0.509055	5.261940e-02	3.366602e-01
Hs.639392_at	0.509055	5.261940e-02	3.366602e-01
Hs.593473_at	-0.509055	5.261940e-02	3.366602e-01
Hs.369522_at	-0.509055	5.261940e-02	3.366602e-01
Hs.369250_at	0.509055	5.261940e-02	3.366602e-01
Hs.90708_at	-0.509055	5.261940e-02	3.366602e-01
Hs.515340_at	0.509055	5.261940e-02	3.366602e-01
Hs.515082_at	0.509055	5.261940e-02	3.366602e-01
Hs.536889_at	-0.509055	5.261940e-02	3.366602e-01
Hs.82432_at	-0.509055	5.261940e-02	3.366602e-01
Hs.435774_at	-0.509055	5.261940e-02	3.366602e-01
Hs.406861_at	-0.509055	5.261940e-02	3.366602e-01
Hs.407190_at	-0.509055	5.261940e-02	3.366602e-01
Hs.434878_at	0.509055	5.261940e-02	3.366602e-01
Hs.652497_at	0.509055	5.261940e-02	3.366602e-01
Hs.146186_at	0.509055	5.261940e-02	3.366602e-01
Hs.556035_at	0.509055	5.261940e-02	3.366602e-01
Hs.491582_at	0.509055	5.261940e-02	3.366602e-01
Hs.463964_at	0.509055	5.261940e-02	3.366602e-01
Hs.568881_at	0.509055	5.261940e-02	3.366602e-01
Hs.579262_at	0.509055	5.261940e-02	3.366602e-01
Hs.370549_at	-0.509055	5.261940e-02	3.366602e-01
Hs.643433_at	-0.505445	5.460361e-02	3.402472e-01
Hs.591900_at	-0.505445	5.460361e-02	3.402472e-01
Hs.525549_at	-0.505445	5.460361e-02	3.402472e-01
Hs.652440_at	-0.505445	5.460361e-02	3.402472e-01
Hs.635827_at	0.505445	5.460361e-02	3.402472e-01
Hs.147950_at	0.505445	5.460361e-02	3.402472e-01
Hs.140617_at	-0.505445	5.460361e-02	3.402472e-01
Hs.332173_at	0.505445	5.460361e-02	3.402472e-01
Hs.527194_at	0.505445	5.460361e-02	3.402472e-01
Hs.518089_at	-0.505445	5.460361e-02	3.402472e-01
Hs.299538_at	0.505445	5.460361e-02	3.402472e-01
Hs.29742_at	0.505445	5.460361e-02	3.402472e-01
Hs.531249_at	0.505445	5.460361e-02	3.402472e-01
Hs.472054_at	0.505445	5.460361e-02	3.402472e-01
Hs.7004_at	-0.505445	5.460361e-02	3.402472e-01
Hs.519313_at	0.505445	5.460361e-02	3.402472e-01
Hs.312579_at	0.505445	5.460361e-02	3.402472e-01
Hs.374446_at	0.505445	5.460361e-02	3.402472e-01
Hs.371823_at	0.505445	5.460361e-02	3.402472e-01
Hs.495541_at	0.505445	5.460361e-02	3.402472e-01
Hs.254775_at	0.505445	5.460361e-02	3.402472e-01
Hs.163451_at	0.505445	5.460361e-02	3.402472e-01
Hs.308613_at	-0.505445	5.460361e-02	3.402472e-01
Hs.444587_at	-0.505445	5.460361e-02	3.402472e-01
Hs.652146_at	-0.505445	5.460361e-02	3.402472e-01
Hs.408488_at	0.505445	5.460361e-02	3.402472e-01
Hs.523664_at	0.505445	5.460361e-02	3.402472e-01
Hs.647775_at	0.505445	5.460361e-02	3.402472e-01
Hs.293184_at	-0.505445	5.460361e-02	3.402472e-01
Hs.8878_at	-0.505445	5.460361e-02	3.402472e-01
Hs.532461_at	-0.505445	5.460361e-02	3.402472e-01
Hs.202521_at	0.505445	5.460361e-02	3.402472e-01
Hs.56045_at	0.505445	5.460361e-02	3.402472e-01
Hs.651356_at	-0.505445	5.460361e-02	3.402472e-01
Hs.443417_at	0.505445	5.460361e-02	3.402472e-01
Hs.479298_at	-0.505445	5.460361e-02	3.402472e-01
Hs.558314_at	-0.505445	5.460361e-02	3.402472e-01
Hs.276009_at	0.505445	5.460361e-02	3.402472e-01
Hs.594805_at	0.505445	5.460361e-02	3.402472e-01
Hs.274573_at	0.505445	5.460361e-02	3.402472e-01
Hs.429353_at	0.505445	5.460361e-02	3.402472e-01
Hs.567793_at	0.505445	5.460361e-02	3.402472e-01
Hs.526494_at	0.505445	5.460361e-02	3.402472e-01
Hs.645702_at	0.505445	5.460361e-02	3.402472e-01
Hs.333358_at	0.505445	5.460361e-02	3.402472e-01
Hs.334515_at	0.505445	5.460361e-02	3.402472e-01
Hs.558704_at	0.505445	5.460361e-02	3.402472e-01
Hs.483305_at	-0.505445	5.460361e-02	3.402472e-01
Hs.591058_at	0.505445	5.460361e-02	3.402472e-01
Hs.437241_at	-0.505445	5.460361e-02	3.402472e-01
Hs.651275_at	-0.505445	5.460361e-02	3.402472e-01
Hs.631877_at	-0.505445	5.460361e-02	3.402472e-01
Hs.116462_at	0.505445	5.460361e-02	3.402472e-01
Hs.153678_at	-0.505445	5.460361e-02	3.402472e-01
Hs.445892_at	0.505445	5.460361e-02	3.402472e-01
Hs.194710_at	0.505445	5.460361e-02	3.402472e-01
Hs.645376_at	0.505445	5.460361e-02	3.402472e-01
Hs.523403_at	0.505445	5.460361e-02	3.402472e-01
Hs.269546_at	0.505445	5.460361e-02	3.402472e-01
Hs.285197_at	-0.505445	5.460361e-02	3.402472e-01
Hs.22287-_at	0.505445	5.460361e-02	3.402472e-01
Hs.148250_at	0.505445	5.460361e-02	3.402472e-01
Hs.166204_at	0.505445	5.460361e-02	3.402472e-01
Hs.301804_at	-0.505445	5.460361e-02	3.402472e-01
Hs.73893_at	0.505445	5.460361e-02	3.402472e-01
Hs.187873_at	0.505445	5.460361e-02	3.402472e-01
Hs.397800_at	0.505445	5.460361e-02	3.402472e-01
Hs.516837_at	0.505445	5.460361e-02	3.402472e-01
Hs.195080_at	0.505445	5.460361e-02	3.402472e-01
Hs.144531_at	0.505445	5.460361e-02	3.402472e-01
Hs.385663_at	0.505445	5.460361e-02	3.402472e-01
Hs.227457_at	-0.505445	5.460361e-02	3.402472e-01
Hs.556018_at	-0.505445	5.460361e-02	3.402472e-01
Hs.406754_at	0.505445	5.460361e-02	3.402472e-01
Hs.368587_at	0.505445	5.460361e-02	3.402472e-01
Hs.496074_at	-0.505445	5.460361e-02	3.402472e-01
Hs.632184_at	0.505445	5.460361e-02	3.402472e-01
Hs.422542_at	0.505445	5.460361e-02	3.402472e-01
Hs.423163_at	-0.505445	5.460361e-02	3.402472e-01
Hs.534828_at	0.505445	5.460361e-02	3.402472e-01
Hs.30532_at	-0.505445	5.460361e-02	3.402472e-01
Hs.254097_at	0.505445	5.460361e-02	3.402472e-01
Hs.161429_at	-0.505445	5.460361e-02	3.402472e-01
Hs.436219_at	0.505445	5.460361e-02	3.402472e-01
Hs.546264_at	-0.501834	5.664203e-02	3.425308e-01
Hs.430075_at	-0.501834	5.664203e-02	3.425308e-01
Hs.204121_at	0.501834	5.664203e-02	3.425308e-01
Hs.23783_at	0.501834	5.664203e-02	3.425308e-01
Hs.10095_at	0.501834	5.664203e-02	3.425308e-01
Hs.103315_at	0.501834	5.664203e-02	3.425308e-01
Hs.612814_at	-0.501834	5.664203e-02	3.425308e-01
Hs.59504_at	-0.501834	5.664203e-02	3.425308e-01
Hs.97633_at	0.501834	5.664203e-02	3.425308e-01
Hs.26229_at	0.501834	5.664203e-02	3.425308e-01
Hs.404706_at	-0.501834	5.664203e-02	3.425308e-01
Hs.13645_at	-0.501834	5.664203e-02	3.425308e-01
Hs.610596_at	0.501834	5.664203e-02	3.425308e-01
Hs.524528_at	0.501834	5.664203e-02	3.425308e-01
Hs.388742_at	-0.501834	5.664203e-02	3.425308e-01
Hs.3887_at	-0.501834	5.664203e-02	3.425308e-01
Hs.98541_at	-0.501834	5.664203e-02	3.425308e-01
Hs.267446_at	-0.501834	5.664203e-02	3.425308e-01
Hs.162595_at	0.501834	5.664203e-02	3.425308e-01
Hs.591388_at	-0.501834	5.664203e-02	3.425308e-01
Hs.434886_at	0.501834	5.664203e-02	3.425308e-01
Hs.368527_at	0.501834	5.664203e-02	3.425308e-01
Hs.110837_at	0.501834	5.664203e-02	3.425308e-01
Hs.445019_at	-0.501834	5.664203e-02	3.425308e-01
Hs.604974_at	0.501834	5.664203e-02	3.425308e-01
Hs.537037_at	0.501834	5.664203e-02	3.425308e-01
Hs.439463_at	0.501834	5.664203e-02	3.425308e-01
Hs.350571_at	0.501834	5.664203e-02	3.425308e-01
Hs.147562_at	0.501834	5.664203e-02	3.425308e-01
Hs.463416_at	0.501834	5.664203e-02	3.425308e-01
Hs.34068_at	-0.501834	5.664203e-02	3.425308e-01
Hs.223795_at	0.501834	5.664203e-02	3.425308e-01
Hs.349306_at	-0.501834	5.664203e-02	3.425308e-01
Hs.280805_at	0.501834	5.664203e-02	3.425308e-01
Hs.432948_at	-0.501834	5.664203e-02	3.425308e-01
Hs.170146_at	0.501834	5.664203e-02	3.425308e-01
Hs.649646_at	0.501834	5.664203e-02	3.425308e-01
Hs.31542_at	0.501834	5.664203e-02	3.425308e-01
Hs.235069_at	-0.501834	5.664203e-02	3.425308e-01
Hs.611147-_at	0.501834	5.664203e-02	3.425308e-01
Hs.132050_at	0.501834	5.664203e-02	3.425308e-01
Hs.9676_at	-0.501834	5.664203e-02	3.425308e-01
Hs.112058_at	0.501834	5.664203e-02	3.425308e-01
Hs.523702_at	-0.501834	5.664203e-02	3.425308e-01
Hs.364337_at	0.501834	5.664203e-02	3.425308e-01
Hs.58974_at	-0.501834	5.664203e-02	3.425308e-01
Hs.510172_at	-0.501834	5.664203e-02	3.425308e-01
Hs.510368_at	0.501834	5.664203e-02	3.425308e-01
Hs.444229_at	-0.501834	5.664203e-02	3.425308e-01
Hs.444535_at	0.501834	5.664203e-02	3.425308e-01
Hs.516617_at	-0.501834	5.664203e-02	3.425308e-01
Hs.94865_at	0.501834	5.664203e-02	3.425308e-01
Hs.137731_at	0.501834	5.664203e-02	3.425308e-01
Hs.243564_at	-0.501834	5.664203e-02	3.425308e-01
Hs.551957_at	0.501834	5.664203e-02	3.425308e-01
Hs.463456_at	-0.501834	5.664203e-02	3.425308e-01
Hs.570316_at	0.501834	5.664203e-02	3.425308e-01
Hs.78824_at	0.501834	5.664203e-02	3.425308e-01
Hs.258563_at	-0.501834	5.664203e-02	3.425308e-01
Hs.62696_at	-0.501834	5.664203e-02	3.425308e-01
Hs.409081_at	-0.501834	5.664203e-02	3.425308e-01
Hs.253280_at	0.501834	5.664203e-02	3.425308e-01
Hs.335003_at	0.501834	5.664203e-02	3.425308e-01
Hs.129195_at	0.501834	5.664203e-02	3.425308e-01
Hs.244723_at	0.501834	5.664203e-02	3.425308e-01
Hs.516155_at	-0.501834	5.664203e-02	3.425308e-01
Hs.592087_at	0.501834	5.664203e-02	3.425308e-01
Hs.643536_at	0.501834	5.664203e-02	3.425308e-01
Hs.469798_at	0.501834	5.664203e-02	3.425308e-01
Hs.567594_at	-0.501834	5.664203e-02	3.425308e-01
Hs.169982_at	-0.501834	5.664203e-02	3.425308e-01
Hs.368588_at	0.501834	5.664203e-02	3.425308e-01
Hs.12056_at	-0.501834	5.664203e-02	3.425308e-01
Hs.121476_at	0.501834	5.664203e-02	3.425308e-01
Hs.610308_at	0.501834	5.664203e-02	3.425308e-01
Hs.592121_at	-0.501834	5.664203e-02	3.425308e-01
Hs.17860_at	0.501834	5.664203e-02	3.425308e-01
Hs.591917_at	-0.501834	5.664203e-02	3.425308e-01
Hs.415058_at	-0.501834	5.664203e-02	3.425308e-01
Hs.514051_at	0.501834	5.664203e-02	3.425308e-01
Hs.625091_at	-0.501834	5.664203e-02	3.425308e-01
Hs.255462_at	0.501834	5.664203e-02	3.425308e-01
Hs.201688_at	0.501834	5.664203e-02	3.425308e-01
Hs.504530_at	0.501834	5.664203e-02	3.425308e-01
Hs.83465_at	0.501834	5.664203e-02	3.425308e-01
Hs.535011_at	-0.501834	5.664203e-02	3.425308e-01
Hs.569266_at	0.501834	5.664203e-02	3.425308e-01
Hs.8059_at	0.501834	5.664203e-02	3.425308e-01
Hs.197435_at	0.501834	5.664203e-02	3.425308e-01
Hs.528691_at	0.501834	5.664203e-02	3.425308e-01
Hs.491351_at	-0.501834	5.664203e-02	3.425308e-01
Hs.406423_at	0.501834	5.664203e-02	3.425308e-01
Hs.436142_at	-0.501834	5.664203e-02	3.425308e-01
Hs.651365_at	0.501834	5.664203e-02	3.425308e-01
Hs.85155_at	0.501834	5.664203e-02	3.425308e-01
Hs.249996_at	-0.501834	5.664203e-02	3.425308e-01
Hs.271791_at	-0.501834	5.664203e-02	3.425308e-01
Hs.586994_at	-0.501834	5.664203e-02	3.425308e-01
Hs.555956_at	-0.498224	5.873549e-02	3.467311e-01
Hs.311190_at	-0.498224	5.873549e-02	3.467311e-01
Hs.191582_at	0.498224	5.873549e-02	3.467311e-01
Hs.521014_at	0.498224	5.873549e-02	3.467311e-01
Hs.106601_at	-0.498224	5.873549e-02	3.467311e-01
Hs.595423_at	-0.498224	5.873549e-02	3.467311e-01
Hs.480815_at	-0.498224	5.873549e-02	3.467311e-01
Hs.310453_at	0.498224	5.873549e-02	3.467311e-01
Hs.508769_at	-0.498224	5.873549e-02	3.467311e-01
Hs.54697_at	-0.498224	5.873549e-02	3.467311e-01
Hs.499704_at	0.498224	5.873549e-02	3.467311e-01
Hs.429581_at	-0.498224	5.873549e-02	3.467311e-01
Hs.591522_at	0.498224	5.873549e-02	3.467311e-01
Hs.414648_at	0.498224	5.873549e-02	3.467311e-01
Hs.126714_at	0.498224	5.873549e-02	3.467311e-01
Hs.497350_at	0.498224	5.873549e-02	3.467311e-01
Hs.2042_at	0.498224	5.873549e-02	3.467311e-01
Hs.531941_at	-0.498224	5.873549e-02	3.467311e-01
Hs.279637_at	0.498224	5.873549e-02	3.467311e-01
Hs.500761_at	0.498224	5.873549e-02	3.467311e-01
Hs.501778_at	-0.498224	5.873549e-02	3.467311e-01
Hs.33102_at	0.498224	5.873549e-02	3.467311e-01
Hs.2306_at	0.498224	5.873549e-02	3.467311e-01
Hs.410970_at	0.498224	5.873549e-02	3.467311e-01
Hs.434316_at	0.498224	5.873549e-02	3.467311e-01
Hs.369398_at	0.498224	5.873549e-02	3.467311e-01
Hs.584808_at	-0.498224	5.873549e-02	3.467311e-01
Hs.512732_at	0.498224	5.873549e-02	3.467311e-01
Hs.201300_at	-0.498224	5.873549e-02	3.467311e-01
Hs.6734_at	0.498224	5.873549e-02	3.467311e-01
Hs.469663_at	0.498224	5.873549e-02	3.467311e-01
Hs.470316_at	-0.498224	5.873549e-02	3.467311e-01
Hs.624336_at	0.498224	5.873549e-02	3.467311e-01
Hs.144719_at	0.498224	5.873549e-02	3.467311e-01
Hs.419640_at	-0.498224	5.873549e-02	3.467311e-01
Hs.629927_at	-0.498224	5.873549e-02	3.467311e-01
Hs.626888_at	0.498224	5.873549e-02	3.467311e-01
Hs.408730_at	0.498224	5.873549e-02	3.467311e-01
Hs.592188_at	0.498224	5.873549e-02	3.467311e-01
Hs.463024_at	0.498224	5.873549e-02	3.467311e-01
Hs.22546_at	-0.498224	5.873549e-02	3.467311e-01
Hs.339453_at	-0.498224	5.873549e-02	3.467311e-01
Hs.134830_at	0.498224	5.873549e-02	3.467311e-01
Hs.7415_at	0.498224	5.873549e-02	3.467311e-01
Hs.73958_at	0.498224	5.873549e-02	3.467311e-01
Hs.137569_at	0.498224	5.873549e-02	3.467311e-01
Hs.551860_at	0.498224	5.873549e-02	3.467311e-01
Hs.363396_at	-0.498224	5.873549e-02	3.467311e-01
Hs.444421_at	-0.498224	5.873549e-02	3.467311e-01
Hs.73793_at	0.498224	5.873549e-02	3.467311e-01
Hs.112457_at	0.498224	5.873549e-02	3.467311e-01
Hs.576320_at	-0.498224	5.873549e-02	3.467311e-01
Hs.127411_at	-0.498224	5.873549e-02	3.467311e-01
Hs.203910_at	0.498224	5.873549e-02	3.467311e-01
Hs.340636_at	0.498224	5.873549e-02	3.467311e-01
Hs.82719_at	-0.498224	5.873549e-02	3.467311e-01
Hs.149142_at	0.498224	5.873549e-02	3.467311e-01
Hs.110849_at	0.498224	5.873549e-02	3.467311e-01
Hs.636619_at	0.498224	5.873549e-02	3.467311e-01
Hs.440776_at	-0.498224	5.873549e-02	3.467311e-01
Hs.651236_at	0.498224	5.873549e-02	3.467311e-01
Hs.438482_at	-0.498224	5.873549e-02	3.467311e-01
Hs.591248_at	-0.498224	5.873549e-02	3.467311e-01
Hs.533725_at	-0.498224	5.873549e-02	3.467311e-01
Hs.507433_at	-0.498224	5.873549e-02	3.467311e-01
Hs.123642_at	-0.498224	5.873549e-02	3.467311e-01
Hs.523718_at	0.498224	5.873549e-02	3.467311e-01
Hs.240770_at	0.498224	5.873549e-02	3.467311e-01
Hs.407655_at	0.498224	5.873549e-02	3.467311e-01
Hs.372570_at	0.498224	5.873549e-02	3.467311e-01
Hs.651102_at	0.498224	5.873549e-02	3.467311e-01
Hs.436646_at	0.498224	5.873549e-02	3.467311e-01
Hs.631551_at	0.498224	5.873549e-02	3.467311e-01
Hs.373938_at	-0.498224	5.873549e-02	3.467311e-01
Hs.528780_at	0.498224	5.873549e-02	3.467311e-01
Hs.593276_at	-0.498224	5.873549e-02	3.467311e-01
Hs.233495_at	0.498224	5.873549e-02	3.467311e-01
Hs.49117_at	0.498224	5.873549e-02	3.467311e-01
Hs.632686_at	-0.498224	5.873549e-02	3.467311e-01
Hs.23735_at	0.498224	5.873549e-02	3.467311e-01
Hs.100874_at	-0.498224	5.873549e-02	3.467311e-01
Hs.271277_at	0.494614	6.088478e-02	3.502532e-01
Hs.613822_at	-0.494614	6.088478e-02	3.502532e-01
Hs.604686_at	-0.494614	6.088478e-02	3.502532e-01
Hs.213666_at	0.494614	6.088478e-02	3.502532e-01
Hs.594963_at	-0.494614	6.088478e-02	3.502532e-01
Hs.387693_at	0.494614	6.088478e-02	3.502532e-01
Hs.389700_at	-0.494614	6.088478e-02	3.502532e-01
Hs.594861_at	-0.494614	6.088478e-02	3.502532e-01
Hs.59425_at	0.494614	6.088478e-02	3.502532e-01
Hs.98397_at	0.494614	6.088478e-02	3.502532e-01
Hs.440961_at	-0.494614	6.088478e-02	3.502532e-01
Hs.589427_at	0.494614	6.088478e-02	3.502532e-01
Hs.156213_at	0.494614	6.088478e-02	3.502532e-01
Hs.537059_at	-0.494614	6.088478e-02	3.502532e-01
Hs.25130_at	-0.494614	6.088478e-02	3.502532e-01
Hs.518774_at	-0.494614	6.088478e-02	3.502532e-01
Hs.73291_at	-0.494614	6.088478e-02	3.502532e-01
Hs.134970_at	0.494614	6.088478e-02	3.502532e-01
Hs.46296_at	0.494614	6.088478e-02	3.502532e-01
Hs.652415_at	0.494614	6.088478e-02	3.502532e-01
Hs.227092_at	0.494614	6.088478e-02	3.502532e-01
Hs.468590_at	-0.494614	6.088478e-02	3.502532e-01
Hs.278733_at	-0.494614	6.088478e-02	3.502532e-01
Hs.647722_at	0.494614	6.088478e-02	3.502532e-01
Hs.283743_at	0.494614	6.088478e-02	3.502532e-01
Hs.283816_at	0.494614	6.088478e-02	3.502532e-01
Hs.89583_at	0.494614	6.088478e-02	3.502532e-01
Hs.436093_at	0.494614	6.088478e-02	3.502532e-01
Hs.116419_at	-0.494614	6.088478e-02	3.502532e-01
Hs.33366_at	0.494614	6.088478e-02	3.502532e-01
Hs.652189_at	-0.494614	6.088478e-02	3.502532e-01
Hs.445758_at	-0.494614	6.088478e-02	3.502532e-01
Hs.153837_at	-0.494614	6.088478e-02	3.502532e-01
Hs.446529_at	0.494614	6.088478e-02	3.502532e-01
Hs.206770_at	0.494614	6.088478e-02	3.502532e-01
Hs.279908_at	-0.494614	6.088478e-02	3.502532e-01
Hs.280342_at	-0.494614	6.088478e-02	3.502532e-01
Hs.119014_at	-0.494614	6.088478e-02	3.502532e-01
Hs.501728_at	0.494614	6.088478e-02	3.502532e-01
Hs.296949_at	0.494614	6.088478e-02	3.502532e-01
Hs.434385_at	-0.494614	6.088478e-02	3.502532e-01
Hs.514580_at	0.494614	6.088478e-02	3.502532e-01
Hs.4302_at	0.494614	6.088478e-02	3.502532e-01
Hs.652291_at	-0.494614	6.088478e-02	3.502532e-01
Hs.536319_at	0.494614	6.088478e-02	3.502532e-01
Hs.291030_at	-0.494614	6.088478e-02	3.502532e-01
Hs.534585_at	0.494614	6.088478e-02	3.502532e-01
Hs.531168_at	0.494614	6.088478e-02	3.502532e-01
Hs.47166_at	-0.494614	6.088478e-02	3.502532e-01
Hs.592236_at	0.494614	6.088478e-02	3.502532e-01
Hs.550129_at	0.494614	6.088478e-02	3.502532e-01
Hs.143713_at	0.494614	6.088478e-02	3.502532e-01
Hs.592177_at	0.494614	6.088478e-02	3.502532e-01
Hs.592227_at	0.494614	6.088478e-02	3.502532e-01
Hs.303870_at	0.494614	6.088478e-02	3.502532e-01
Hs.273330_at	0.494614	6.088478e-02	3.502532e-01
Hs.516954_at	0.494614	6.088478e-02	3.502532e-01
Hs.517044_at	0.494614	6.088478e-02	3.502532e-01
Hs.276724_at	0.494614	6.088478e-02	3.502532e-01
Hs.590883_at	-0.494614	6.088478e-02	3.502532e-01
Hs.861_at	0.494614	6.088478e-02	3.502532e-01
Hs.357392_at	0.494614	6.088478e-02	3.502532e-01
Hs.433512_at	-0.494614	6.088478e-02	3.502532e-01
Hs.268963_at	0.494614	6.088478e-02	3.502532e-01
Hs.99936_at	-0.494614	6.088478e-02	3.502532e-01
Hs.149004_at	0.494614	6.088478e-02	3.502532e-01
Hs.147765_at	-0.494614	6.088478e-02	3.502532e-01
Hs.345139_at	0.494614	6.088478e-02	3.502532e-01
Hs.621313+_at	0.494614	6.088478e-02	3.502532e-01
Hs.166015_at	0.494614	6.088478e-02	3.502532e-01
Hs.591148_at	-0.494614	6.088478e-02	3.502532e-01
Hs.21639_at	0.494614	6.088478e-02	3.502532e-01
Hs.639453_at	0.494614	6.088478e-02	3.502532e-01
Hs.198241_at	0.494614	6.088478e-02	3.502532e-01
Hs.18564_at	-0.494614	6.088478e-02	3.502532e-01
Hs.199850_at	0.494614	6.088478e-02	3.502532e-01
Hs.71947_at	0.494614	6.088478e-02	3.502532e-01
Hs.233398_at	0.494614	6.088478e-02	3.502532e-01
Hs.486169_at	-0.494614	6.088478e-02	3.502532e-01
Hs.487994_at	0.494614	6.088478e-02	3.502532e-01
Hs.622404_at	0.494614	6.088478e-02	3.502532e-01
Hs.272396_at	0.494614	6.088478e-02	3.502532e-01
Hs.26006_at	-0.494614	6.088478e-02	3.502532e-01
Hs.405619_at	-0.494614	6.088478e-02	3.502532e-01
Hs.380933_at	-0.494614	6.088478e-02	3.502532e-01
Hs.193118_at	0.494614	6.088478e-02	3.502532e-01
Hs.133034_at	-0.494614	6.088478e-02	3.502532e-01
Hs.10458_at	0.494614	6.088478e-02	3.502532e-01
Hs.269591_at	0.494614	6.088478e-02	3.502532e-01
Hs.14347_at	0.491004	6.309069e-02	3.546114e-01
Hs.554598_at	0.491004	6.309069e-02	3.546114e-01
Hs.233950_at	0.491004	6.309069e-02	3.546114e-01
Hs.401798_at	0.491004	6.309069e-02	3.546114e-01
Hs.53066_at	0.491004	6.309069e-02	3.546114e-01
Hs.278959_at	0.491004	6.309069e-02	3.546114e-01
Hs.495311_at	0.491004	6.309069e-02	3.546114e-01
Hs.369782_at	0.491004	6.309069e-02	3.546114e-01
Hs.421750_at	-0.491004	6.309069e-02	3.546114e-01
Hs.128382_at	0.491004	6.309069e-02	3.546114e-01
Hs.438072_at	-0.491004	6.309069e-02	3.546114e-01
Hs.129312_at	0.491004	6.309069e-02	3.546114e-01
Hs.621790_at	0.491004	6.309069e-02	3.546114e-01
Hs.532129_at	0.491004	6.309069e-02	3.546114e-01
Hs.123114_at	0.491004	6.309069e-02	3.546114e-01
Hs.148559_at	-0.491004	6.309069e-02	3.546114e-01
Hs.502182_at	0.491004	6.309069e-02	3.546114e-01
Hs.368823_at	0.491004	6.309069e-02	3.546114e-01
Hs.604828_at	-0.491004	6.309069e-02	3.546114e-01
Hs.125300_at	-0.491004	6.309069e-02	3.546114e-01
Hs.170019_at	0.491004	6.309069e-02	3.546114e-01
Hs.513343_at	-0.491004	6.309069e-02	3.546114e-01
Hs.8821_at	0.491004	6.309069e-02	3.546114e-01
Hs.436416_at	0.491004	6.309069e-02	3.546114e-01
Hs.470907_at	-0.491004	6.309069e-02	3.546114e-01
Hs.416013_at	0.491004	6.309069e-02	3.546114e-01
Hs.592164_at	0.491004	6.309069e-02	3.546114e-01
Hs.370671_at	0.491004	6.309069e-02	3.546114e-01
Hs.124512_at	0.491004	6.309069e-02	3.546114e-01
Hs.639412_at	0.491004	6.309069e-02	3.546114e-01
Hs.502730_at	0.491004	6.309069e-02	3.546114e-01
Hs.445500_at	-0.491004	6.309069e-02	3.546114e-01
Hs.371563_at	-0.491004	6.309069e-02	3.546114e-01
Hs.513829_at	0.491004	6.309069e-02	3.546114e-01
Hs.351203_at	0.491004	6.309069e-02	3.546114e-01
Hs.652221_at	-0.491004	6.309069e-02	3.546114e-01
Hs.121072_at	0.491004	6.309069e-02	3.546114e-01
Hs.624136_at	-0.491004	6.309069e-02	3.546114e-01
Hs.487648_at	-0.491004	6.309069e-02	3.546114e-01
Hs.652876-_at	0.491004	6.309069e-02	3.546114e-01
Hs.632441_at	0.491004	6.309069e-02	3.546114e-01
Hs.162996_at	-0.491004	6.309069e-02	3.546114e-01
Hs.130746_at	-0.491004	6.309069e-02	3.546114e-01
Hs.645706_at	-0.491004	6.309069e-02	3.546114e-01
Hs.522798_at	0.491004	6.309069e-02	3.546114e-01
Hs.522378_at	0.491004	6.309069e-02	3.546114e-01
Hs.194816_at	0.491004	6.309069e-02	3.546114e-01
Hs.511735_at	-0.491004	6.309069e-02	3.546114e-01
Hs.528701_at	0.491004	6.309069e-02	3.546114e-01
Hs.39384_at	0.491004	6.309069e-02	3.546114e-01
Hs.102471_at	-0.491004	6.309069e-02	3.546114e-01
Hs.525419_at	-0.491004	6.309069e-02	3.546114e-01
Hs.386726_at	0.491004	6.309069e-02	3.546114e-01
Hs.73965_at	0.491004	6.309069e-02	3.546114e-01
Hs.132448_at	-0.491004	6.309069e-02	3.546114e-01
Hs.596452_at	-0.491004	6.309069e-02	3.546114e-01
Hs.388116_at	0.491004	6.309069e-02	3.546114e-01
Hs.525206_at	0.491004	6.309069e-02	3.546114e-01
Hs.386168_at	0.491004	6.309069e-02	3.546114e-01
Hs.194718_at	-0.491004	6.309069e-02	3.546114e-01
Hs.13528_at	0.491004	6.309069e-02	3.546114e-01
Hs.55205_at	0.491004	6.309069e-02	3.546114e-01
Hs.444870_at	-0.491004	6.309069e-02	3.546114e-01
Hs.577552_at	0.491004	6.309069e-02	3.546114e-01
Hs.369380_at	-0.491004	6.309069e-02	3.546114e-01
Hs.408557_at	0.491004	6.309069e-02	3.546114e-01
Hs.505652_at	-0.491004	6.309069e-02	3.546114e-01
Hs.534753_at	0.491004	6.309069e-02	3.546114e-01
Hs.579899_at	0.491004	6.309069e-02	3.546114e-01
Hs.454528_at	-0.491004	6.309069e-02	3.546114e-01
Hs.606477_at	-0.491004	6.309069e-02	3.546114e-01
Hs.284244_at	0.491004	6.309069e-02	3.546114e-01
Hs.577202_at	-0.491004	6.309069e-02	3.546114e-01
Hs.639388_at	0.491004	6.309069e-02	3.546114e-01
Hs.652105_at	-0.491004	6.309069e-02	3.546114e-01
Hs.535298_at	-0.491004	6.309069e-02	3.546114e-01
Hs.485158_at	0.491004	6.309069e-02	3.546114e-01
Hs.574026_at	0.491004	6.309069e-02	3.546114e-01
Hs.348012_at	0.491004	6.309069e-02	3.546114e-01
Hs.519057_at	0.491004	6.309069e-02	3.546114e-01
Hs.591455_at	-0.491004	6.309069e-02	3.546114e-01
Hs.23585_at	-0.491004	6.309069e-02	3.546114e-01
Hs.73010_at	0.487393	6.535401e-02	3.600748e-01
Hs.159528_at	-0.487393	6.535401e-02	3.600748e-01
Hs.436338_at	0.487393	6.535401e-02	3.600748e-01
Hs.21035_at	0.487393	6.535401e-02	3.600748e-01
Hs.436100_at	0.487393	6.535401e-02	3.600748e-01
Hs.156509_at	-0.487393	6.535401e-02	3.600748e-01
Hs.591086_at	0.487393	6.535401e-02	3.600748e-01
Hs.18259_at	-0.487393	6.535401e-02	3.600748e-01
Hs.487774_at	-0.487393	6.535401e-02	3.600748e-01
Hs.4014_at	-0.487393	6.535401e-02	3.600748e-01
Hs.593826_at	0.487393	6.535401e-02	3.600748e-01
Hs.507769_at	-0.487393	6.535401e-02	3.600748e-01
Hs.632222_at	-0.487393	6.535401e-02	3.600748e-01
Hs.505326_at	-0.487393	6.535401e-02	3.600748e-01
Hs.250687_at	-0.487393	6.535401e-02	3.600748e-01
Hs.320086_at	0.487393	6.535401e-02	3.600748e-01
Hs.555915_at	0.487393	6.535401e-02	3.600748e-01
Hs.518403_at	0.487393	6.535401e-02	3.600748e-01
Hs.486798_at	0.487393	6.535401e-02	3.600748e-01
Hs.239631_at	-0.487393	6.535401e-02	3.600748e-01
Hs.644234_at	0.487393	6.535401e-02	3.600748e-01
Hs.255491_at	-0.487393	6.535401e-02	3.600748e-01
Hs.369978_at	-0.487393	6.535401e-02	3.600748e-01
Hs.602725_at	-0.487393	6.535401e-02	3.600748e-01
Hs.434324_at	0.487393	6.535401e-02	3.600748e-01
Hs.208414_at	-0.487393	6.535401e-02	3.600748e-01
Hs.603563_at	0.487393	6.535401e-02	3.600748e-01
Hs.1498_at	0.487393	6.535401e-02	3.600748e-01
Hs.14794_at	-0.487393	6.535401e-02	3.600748e-01
Hs.83169_at	-0.487393	6.535401e-02	3.600748e-01
Hs.82961_at	0.487393	6.535401e-02	3.600748e-01
Hs.248204_at	0.487393	6.535401e-02	3.600748e-01
Hs.127648_at	-0.487393	6.535401e-02	3.600748e-01
Hs.607239_at	0.487393	6.535401e-02	3.600748e-01
Hs.80741_at	-0.487393	6.535401e-02	3.600748e-01
Hs.385722_at	0.487393	6.535401e-02	3.600748e-01
Hs.384600_at	0.487393	6.535401e-02	3.600748e-01
Hs.373908_at	0.487393	6.535401e-02	3.600748e-01
Hs.632721_at	-0.487393	6.535401e-02	3.600748e-01
Hs.595948_at	-0.487393	6.535401e-02	3.600748e-01
Hs.382188_at	0.487393	6.535401e-02	3.600748e-01
Hs.524626_at	0.487393	6.535401e-02	3.600748e-01
Hs.102307_at	0.487393	6.535401e-02	3.600748e-01
Hs.522819_at	0.487393	6.535401e-02	3.600748e-01
Hs.561796_at	0.487393	6.535401e-02	3.600748e-01
Hs.131179_at	0.487393	6.535401e-02	3.600748e-01
Hs.478000_at	-0.487393	6.535401e-02	3.600748e-01
Hs.291212_at	-0.487393	6.535401e-02	3.600748e-01
Hs.610260_at	-0.487393	6.535401e-02	3.600748e-01
Hs.306212_at	0.487393	6.535401e-02	3.600748e-01
Hs.615291_at	0.487393	6.535401e-02	3.600748e-01
Hs.492555_at	-0.487393	6.535401e-02	3.600748e-01
Hs.78619_at	-0.487393	6.535401e-02	3.600748e-01
Hs.495471_at	0.487393	6.535401e-02	3.600748e-01
Hs.550143-_at	0.487393	6.535401e-02	3.600748e-01
Hs.592092_at	-0.487393	6.535401e-02	3.600748e-01
Hs.180346_at	0.487393	6.535401e-02	3.600748e-01
Hs.410092_at	0.487393	6.535401e-02	3.600748e-01
Hs.370770_at	-0.487393	6.535401e-02	3.600748e-01
Hs.2899_at	0.487393	6.535401e-02	3.600748e-01
Hs.86905_at	-0.487393	6.535401e-02	3.600748e-01
Hs.153343_at	0.487393	6.535401e-02	3.600748e-01
Hs.568340_at	0.487393	6.535401e-02	3.600748e-01
Hs.246046_at	0.487393	6.535401e-02	3.600748e-01
Hs.128688_at	0.487393	6.535401e-02	3.600748e-01
Hs.648007_at	-0.487393	6.535401e-02	3.600748e-01
Hs.416073_at	-0.487393	6.535401e-02	3.600748e-01
Hs.516711_at	0.487393	6.535401e-02	3.600748e-01
Hs.515972_at	-0.487393	6.535401e-02	3.600748e-01
Hs.42400_at	0.487393	6.535401e-02	3.600748e-01
Hs.495511_at	0.487393	6.535401e-02	3.600748e-01
Hs.430589_at	-0.487393	6.535401e-02	3.600748e-01
Hs.154069_at	0.483783	6.767553e-02	3.625191e-01
Hs.525607_at	0.483783	6.767553e-02	3.625191e-01
Hs.592088_at	0.483783	6.767553e-02	3.625191e-01
Hs.256526_at	0.483783	6.767553e-02	3.625191e-01
Hs.32981_at	0.483783	6.767553e-02	3.625191e-01
Hs.328232_at	0.483783	6.767553e-02	3.625191e-01
Hs.567612_at	0.483783	6.767553e-02	3.625191e-01
Hs.23187_at	-0.483783	6.767553e-02	3.625191e-01
Hs.231750_at	-0.483783	6.767553e-02	3.625191e-01
Hs.412586_at	-0.483783	6.767553e-02	3.625191e-01
Hs.592059_at	0.483783	6.767553e-02	3.625191e-01
Hs.292316_at	-0.483783	6.767553e-02	3.625191e-01
Hs.652402_at	0.483783	6.767553e-02	3.625191e-01
Hs.505146_at	0.483783	6.767553e-02	3.625191e-01
Hs.293118_at	-0.483783	6.767553e-02	3.625191e-01
Hs.446021_at	-0.483783	6.767553e-02	3.625191e-01
Hs.648083_at	0.483783	6.767553e-02	3.625191e-01
Hs.12692_at	0.483783	6.767553e-02	3.625191e-01
Hs.256080_at	0.483783	6.767553e-02	3.625191e-01
Hs.253197_at	-0.483783	6.767553e-02	3.625191e-01
Hs.435957_at	0.483783	6.767553e-02	3.625191e-01
Hs.529957_at	-0.483783	6.767553e-02	3.625191e-01
Hs.137572_at	0.483783	6.767553e-02	3.625191e-01
Hs.567513_at	-0.483783	6.767553e-02	3.625191e-01
Hs.610745_at	-0.483783	6.767553e-02	3.625191e-01
Hs.615960_at	0.483783	6.767553e-02	3.625191e-01
Hs.369284_at	-0.483783	6.767553e-02	3.625191e-01
Hs.493169_at	0.483783	6.767553e-02	3.625191e-01
Hs.272822_at	-0.483783	6.767553e-02	3.625191e-01
Hs.517541_at	0.483783	6.767553e-02	3.625191e-01
Hs.437379_at	0.483783	6.767553e-02	3.625191e-01
Hs.119062_at	0.483783	6.767553e-02	3.625191e-01
Hs.460499_at	0.483783	6.767553e-02	3.625191e-01
Hs.433293_at	-0.483783	6.767553e-02	3.625191e-01
Hs.602166_at	0.483783	6.767553e-02	3.625191e-01
Hs.116481_at	-0.483783	6.767553e-02	3.625191e-01
Hs.568642_at	0.483783	6.767553e-02	3.625191e-01
Hs.467733_at	0.483783	6.767553e-02	3.625191e-01
Hs.467020_at	0.483783	6.767553e-02	3.625191e-01
Hs.144011_at	0.483783	6.767553e-02	3.625191e-01
Hs.503048_at	0.483783	6.767553e-02	3.625191e-01
Hs.24529_at	0.483783	6.767553e-02	3.625191e-01
Hs.496658_at	-0.483783	6.767553e-02	3.625191e-01
Hs.282260_at	-0.483783	6.767553e-02	3.625191e-01
Hs.282151_at	0.483783	6.767553e-02	3.625191e-01
Hs.533086_at	-0.483783	6.767553e-02	3.625191e-01
Hs.591241_at	-0.483783	6.767553e-02	3.625191e-01
Hs.633070_at	0.483783	6.767553e-02	3.625191e-01
Hs.497626_at	0.483783	6.767553e-02	3.625191e-01
Hs.464813_at	-0.483783	6.767553e-02	3.625191e-01
Hs.368322_at	0.483783	6.767553e-02	3.625191e-01
Hs.571602_at	0.483783	6.767553e-02	3.625191e-01
Hs.512382_at	-0.483783	6.767553e-02	3.625191e-01
Hs.591275_at	0.483783	6.767553e-02	3.625191e-01
Hs.368431_at	0.483783	6.767553e-02	3.625191e-01
Hs.370360_at	0.483783	6.767553e-02	3.625191e-01
Hs.581725_at	-0.483783	6.767553e-02	3.625191e-01
Hs.151777_at	-0.483783	6.767553e-02	3.625191e-01
Hs.351887_at	0.483783	6.767553e-02	3.625191e-01
Hs.452445_at	0.483783	6.767553e-02	3.625191e-01
Hs.652303_at	-0.483783	6.767553e-02	3.625191e-01
Hs.420076_at	-0.483783	6.767553e-02	3.625191e-01
Hs.72912_at	0.483783	6.767553e-02	3.625191e-01
Hs.97644_at	0.483783	6.767553e-02	3.625191e-01
Hs.631657_at	0.483783	6.767553e-02	3.625191e-01
Hs.593382_at	0.483783	6.767553e-02	3.625191e-01
Hs.191186_at	-0.483783	6.767553e-02	3.625191e-01
Hs.523456_at	-0.483783	6.767553e-02	3.625191e-01
Hs.523370_at	0.483783	6.767553e-02	3.625191e-01
Hs.523302_at	-0.483783	6.767553e-02	3.625191e-01
Hs.181272_at	-0.483783	6.767553e-02	3.625191e-01
Hs.362343_at	-0.483783	6.767553e-02	3.625191e-01
Hs.613012_at	0.483783	6.767553e-02	3.625191e-01
Hs.443661_at	-0.483783	6.767553e-02	3.625191e-01
Hs.590869_at	0.483783	6.767553e-02	3.625191e-01
Hs.211374_at	0.483783	6.767553e-02	3.625191e-01
Hs.479099_at	0.483783	6.767553e-02	3.625191e-01
Hs.159006_at	-0.483783	6.767553e-02	3.625191e-01
Hs.63290_at	-0.483783	6.767553e-02	3.625191e-01
Hs.237642_at	-0.483783	6.767553e-02	3.625191e-01
Hs.388733_at	-0.483783	6.767553e-02	3.625191e-01
Hs.517948_at	0.483783	6.767553e-02	3.625191e-01
Hs.534478_at	0.483783	6.767553e-02	3.625191e-01
Hs.250624_at	-0.483783	6.767553e-02	3.625191e-01
Hs.508738_at	0.483783	6.767553e-02	3.625191e-01
Hs.122109_at	0.483783	6.767553e-02	3.625191e-01
Hs.250648_at	0.483783	6.767553e-02	3.625191e-01
Hs.489254_at	-0.483783	6.767553e-02	3.625191e-01
Hs.509791_at	-0.483783	6.767553e-02	3.625191e-01
Hs.159241_at	0.483783	6.767553e-02	3.625191e-01
Hs.211463_at	0.483783	6.767553e-02	3.625191e-01
Hs.514033_at	0.483783	6.767553e-02	3.625191e-01
Hs.509447_at	0.483783	6.767553e-02	3.625191e-01
Hs.605636_at	-0.483783	6.767553e-02	3.625191e-01
Hs.585069_at	0.483783	6.767553e-02	3.625191e-01
Hs.76480_at	-0.483783	6.767553e-02	3.625191e-01
Hs.585343_at	-0.483783	6.767553e-02	3.625191e-01
Hs.596184_at	-0.483783	6.767553e-02	3.625191e-01
Hs.487670_at	0.483783	6.767553e-02	3.625191e-01
Hs.474397_at	0.483783	6.767553e-02	3.625191e-01
Hs.190334_at	-0.483783	6.767553e-02	3.625191e-01
Hs.98588_at	0.483783	6.767553e-02	3.625191e-01
Hs.520794_at	0.483783	6.767553e-02	3.625191e-01
Hs.100072_at	0.483783	6.767553e-02	3.625191e-01
Hs.621266-_at	0.480173	7.005601e-02	3.656134e-01
Hs.525063_at	-0.480173	7.005601e-02	3.656134e-01
Hs.341906_at	0.480173	7.005601e-02	3.656134e-01
Hs.79769_at	0.480173	7.005601e-02	3.656134e-01
Hs.287963_at	0.480173	7.005601e-02	3.656134e-01
Hs.443036_at	-0.480173	7.005601e-02	3.656134e-01
Hs.463278_at	-0.480173	7.005601e-02	3.656134e-01
Hs.632212_at	0.480173	7.005601e-02	3.656134e-01
Hs.577775_at	-0.480173	7.005601e-02	3.656134e-01
Hs.587289_at	0.480173	7.005601e-02	3.656134e-01
Hs.238839_at	0.480173	7.005601e-02	3.656134e-01
Hs.213050_at	0.480173	7.005601e-02	3.656134e-01
Hs.84928_at	-0.480173	7.005601e-02	3.656134e-01
Hs.65239_at	0.480173	7.005601e-02	3.656134e-01
Hs.20447_at	0.480173	7.005601e-02	3.656134e-01
Hs.647103_at	-0.480173	7.005601e-02	3.656134e-01
Hs.515114_at	0.480173	7.005601e-02	3.656134e-01
Hs.531262_at	-0.480173	7.005601e-02	3.656134e-01
Hs.631639_at	0.480173	7.005601e-02	3.656134e-01
Hs.380165_at	0.480173	7.005601e-02	3.656134e-01
Hs.525391_at	-0.480173	7.005601e-02	3.656134e-01
Hs.247934_at	0.480173	7.005601e-02	3.656134e-01
Hs.376307_at	0.480173	7.005601e-02	3.656134e-01
Hs.520612_at	0.480173	7.005601e-02	3.656134e-01
Hs.632404_at	0.480173	7.005601e-02	3.656134e-01
Hs.375791_at	0.480173	7.005601e-02	3.656134e-01
Hs.463607_at	-0.480173	7.005601e-02	3.656134e-01
Hs.376208_at	-0.480173	7.005601e-02	3.656134e-01
Hs.645860_at	-0.480173	7.005601e-02	3.656134e-01
Hs.607594_at	0.480173	7.005601e-02	3.656134e-01
Hs.356273_at	0.480173	7.005601e-02	3.656134e-01
Hs.355281_at	0.480173	7.005601e-02	3.656134e-01
Hs.443057_at	-0.480173	7.005601e-02	3.656134e-01
Hs.516739_at	0.480173	7.005601e-02	3.656134e-01
Hs.92423_at	0.480173	7.005601e-02	3.656134e-01
Hs.591897_at	-0.480173	7.005601e-02	3.656134e-01
Hs.424907_at	-0.480173	7.005601e-02	3.656134e-01
Hs.75360_at	0.480173	7.005601e-02	3.656134e-01
Hs.516341_at	0.480173	7.005601e-02	3.656134e-01
Hs.86492_at	0.480173	7.005601e-02	3.656134e-01
Hs.444813_at	0.480173	7.005601e-02	3.656134e-01
Hs.21380_at	0.480173	7.005601e-02	3.656134e-01
Hs.504249_at	-0.480173	7.005601e-02	3.656134e-01
Hs.533549_at	-0.480173	7.005601e-02	3.656134e-01
Hs.403594_at	-0.480173	7.005601e-02	3.656134e-01
Hs.129448_at	0.480173	7.005601e-02	3.656134e-01
Hs.475629_at	-0.480173	7.005601e-02	3.656134e-01
Hs.308628_at	-0.480173	7.005601e-02	3.656134e-01
Hs.1837_at	0.480173	7.005601e-02	3.656134e-01
Hs.592520_at	0.480173	7.005601e-02	3.656134e-01
Hs.374147_at	-0.480173	7.005601e-02	3.656134e-01
Hs.643472_at	-0.480173	7.005601e-02	3.656134e-01
Hs.371344_at	0.480173	7.005601e-02	3.656134e-01
Hs.371249_at	0.480173	7.005601e-02	3.656134e-01
Hs.25791_at	0.480173	7.005601e-02	3.656134e-01
Hs.612922_at	0.480173	7.005601e-02	3.656134e-01
Hs.134221_at	-0.480173	7.005601e-02	3.656134e-01
Hs.485365_at	-0.480173	7.005601e-02	3.656134e-01
Hs.557709_at	-0.480173	7.005601e-02	3.656134e-01
Hs.187898_at	0.480173	7.005601e-02	3.656134e-01
Hs.372936_at	0.480173	7.005601e-02	3.656134e-01
Hs.287553_at	0.480173	7.005601e-02	3.656134e-01
Hs.98133_at	-0.480173	7.005601e-02	3.656134e-01
Hs.524234_at	0.480173	7.005601e-02	3.656134e-01
Hs.597840_at	0.480173	7.005601e-02	3.656134e-01
Hs.374717_at	0.480173	7.005601e-02	3.656134e-01
Hs.598387_at	-0.480173	7.005601e-02	3.656134e-01
Hs.390594_at	0.480173	7.005601e-02	3.656134e-01
Hs.487325_at	-0.480173	7.005601e-02	3.656134e-01
Hs.411572_at	0.480173	7.005601e-02	3.656134e-01
Hs.652687_at	0.480173	7.005601e-02	3.656134e-01
Hs.494406_at	0.480173	7.005601e-02	3.656134e-01
Hs.494901_at	-0.480173	7.005601e-02	3.656134e-01
Hs.631902_at	-0.480173	7.005601e-02	3.656134e-01
Hs.631884_at	0.480173	7.005601e-02	3.656134e-01
Hs.368551_at	0.480173	7.005601e-02	3.656134e-01
Hs.208765_at	-0.480173	7.005601e-02	3.656134e-01
Hs.368404_at	-0.480173	7.005601e-02	3.656134e-01
Hs.164853_at	-0.480173	7.005601e-02	3.656134e-01
Hs.603127_at	0.480173	7.005601e-02	3.656134e-01
Hs.150208_at	0.480173	7.005601e-02	3.656134e-01
Hs.635_at	0.480173	7.005601e-02	3.656134e-01
Hs.529272_at	-0.480173	7.005601e-02	3.656134e-01
Hs.409563_at	-0.480173	7.005601e-02	3.656134e-01
Hs.8904_at	-0.480173	7.005601e-02	3.656134e-01
Hs.601241_at	-0.480173	7.005601e-02	3.656134e-01
Hs.469280_at	0.480173	7.005601e-02	3.656134e-01
Hs.567559_at	0.480173	7.005601e-02	3.656134e-01
Hs.567637_at	0.480173	7.005601e-02	3.656134e-01
Hs.635608_at	-0.480173	7.005601e-02	3.656134e-01
Hs.126365_at	-0.480173	7.005601e-02	3.656134e-01
Hs.534582_at	-0.480173	7.005601e-02	3.656134e-01
Hs.24951_at	0.480173	7.005601e-02	3.656134e-01
Hs.21701_at	0.480173	7.005601e-02	3.656134e-01
Hs.513055_at	-0.480173	7.005601e-02	3.656134e-01
Hs.436166_at	0.480173	7.005601e-02	3.656134e-01
Hs.47223_at	0.480173	7.005601e-02	3.656134e-01
Hs.47385_at	0.480173	7.005601e-02	3.656134e-01
Hs.78913_at	-0.480173	7.005601e-02	3.656134e-01
Hs.524804_at	0.476562	7.249623e-02	3.687628e-01
Hs.356554_at	-0.476562	7.249623e-02	3.687628e-01
Hs.442291_at	0.476562	7.249623e-02	3.687628e-01
Hs.443240_at	-0.476562	7.249623e-02	3.687628e-01
Hs.623403_at	-0.476562	7.249623e-02	3.687628e-01
Hs.621909_at	0.476562	7.249623e-02	3.687628e-01
Hs.594535_at	0.476562	7.249623e-02	3.687628e-01
Hs.272011+_at	0.476562	7.249623e-02	3.687628e-01
Hs.121536_at	-0.476562	7.249623e-02	3.687628e-01
Hs.1048_at	0.476562	7.249623e-02	3.687628e-01
Hs.355888_at	0.476562	7.249623e-02	3.687628e-01
Hs.42151_at	-0.476562	7.249623e-02	3.687628e-01
Hs.202351_at	0.476562	7.249623e-02	3.687628e-01
Hs.145386_at	-0.476562	7.249623e-02	3.687628e-01
Hs.515176_at	0.476562	7.249623e-02	3.687628e-01
Hs.248122_at	0.476562	7.249623e-02	3.687628e-01
Hs.553596_at	0.476562	7.249623e-02	3.687628e-01
Hs.181500_at	0.476562	7.249623e-02	3.687628e-01
Hs.134004_at	0.476562	7.249623e-02	3.687628e-01
Hs.405479_at	0.476562	7.249623e-02	3.687628e-01
Hs.24088_at	-0.476562	7.249623e-02	3.687628e-01
Hs.611645_at	0.476562	7.249623e-02	3.687628e-01
Hs.562457_at	-0.476562	7.249623e-02	3.687628e-01
Hs.352262_at	0.476562	7.249623e-02	3.687628e-01
Hs.444200_at	-0.476562	7.249623e-02	3.687628e-01
Hs.652207_at	0.476562	7.249623e-02	3.687628e-01
Hs.567356_at	0.476562	7.249623e-02	3.687628e-01
Hs.381222_at	0.476562	7.249623e-02	3.687628e-01
Hs.443881_at	-0.476562	7.249623e-02	3.687628e-01
Hs.529340_at	-0.476562	7.249623e-02	3.687628e-01
Hs.113227_at	0.476562	7.249623e-02	3.687628e-01
Hs.62661_at	-0.476562	7.249623e-02	3.687628e-01
Hs.367842_at	-0.476562	7.249623e-02	3.687628e-01
Hs.436317_at	0.476562	7.249623e-02	3.687628e-01
Hs.472558_at	-0.476562	7.249623e-02	3.687628e-01
Hs.303808_at	-0.476562	7.249623e-02	3.687628e-01
Hs.529735_at	0.476562	7.249623e-02	3.687628e-01
Hs.168799_at	-0.476562	7.249623e-02	3.687628e-01
Hs.57697_at	0.476562	7.249623e-02	3.687628e-01
Hs.2250_at	0.476562	7.249623e-02	3.687628e-01
Hs.149360_at	-0.476562	7.249623e-02	3.687628e-01
Hs.464217_at	0.476562	7.249623e-02	3.687628e-01
Hs.496068_at	0.476562	7.249623e-02	3.687628e-01
Hs.455089_at	-0.476562	7.249623e-02	3.687628e-01
Hs.22140_at	0.476562	7.249623e-02	3.687628e-01
Hs.350952_at	0.476562	7.249623e-02	3.687628e-01
Hs.603231_at	0.476562	7.249623e-02	3.687628e-01
Hs.164070_at	-0.476562	7.249623e-02	3.687628e-01
Hs.536420_at	0.476562	7.249623e-02	3.687628e-01
Hs.536620_at	0.476562	7.249623e-02	3.687628e-01
Hs.289106_at	0.476562	7.249623e-02	3.687628e-01
Hs.446125_at	0.476562	7.249623e-02	3.687628e-01
Hs.584976_at	-0.476562	7.249623e-02	3.687628e-01
Hs.469521_at	-0.476562	7.249623e-02	3.687628e-01
Hs.332878_at	0.476562	7.249623e-02	3.687628e-01
Hs.4082_at	-0.476562	7.249623e-02	3.687628e-01
Hs.180909_at	-0.476562	7.249623e-02	3.687628e-01
Hs.25723_at	0.476562	7.249623e-02	3.687628e-01
Hs.143707_at	0.476562	7.249623e-02	3.687628e-01
Hs.469809_at	-0.476562	7.249623e-02	3.687628e-01
Hs.470588_at	0.476562	7.249623e-02	3.687628e-01
Hs.495984_at	-0.476562	7.249623e-02	3.687628e-01
Hs.16184_at	-0.476562	7.249623e-02	3.687628e-01
Hs.34851_at	-0.476562	7.249623e-02	3.687628e-01
Hs.408615_at	-0.476562	7.249623e-02	3.687628e-01
Hs.494892_at	0.476562	7.249623e-02	3.687628e-01
Hs.591312_at	-0.476562	7.249623e-02	3.687628e-01
Hs.5836_at	-0.476562	7.249623e-02	3.687628e-01
Hs.643070-_at	-0.476562	7.249623e-02	3.687628e-01
Hs.415846_at	0.476562	7.249623e-02	3.687628e-01
Hs.494186_at	-0.476562	7.249623e-02	3.687628e-01
Hs.144114_at	-0.476562	7.249623e-02	3.687628e-01
Hs.530735_at	-0.476562	7.249623e-02	3.687628e-01
Hs.41683_at	0.476562	7.249623e-02	3.687628e-01
Hs.643128_at	-0.476562	7.249623e-02	3.687628e-01
Hs.584881_at	-0.476562	7.249623e-02	3.687628e-01
Hs.521903_at	0.476562	7.249623e-02	3.687628e-01
Hs.97784_at	0.476562	7.249623e-02	3.687628e-01
Hs.387861_at	0.476562	7.249623e-02	3.687628e-01
Hs.558463_at	0.476562	7.249623e-02	3.687628e-01
Hs.485196_at	0.476562	7.249623e-02	3.687628e-01
Hs.48642_at	0.476562	7.249623e-02	3.687628e-01
Hs.132854_at	0.476562	7.249623e-02	3.687628e-01
Hs.598316_at	0.476562	7.249623e-02	3.687628e-01
Hs.594822_at	-0.476562	7.249623e-02	3.687628e-01
Hs.416049_at	0.476562	7.249623e-02	3.687628e-01
Hs.277624_at	0.476562	7.249623e-02	3.687628e-01
Hs.194554_at	0.476562	7.249623e-02	3.687628e-01
Hs.118076_at	-0.476562	7.249623e-02	3.687628e-01
Hs.99362_at	0.476562	7.249623e-02	3.687628e-01
Hs.431009_at	0.476562	7.249623e-02	3.687628e-01
Hs.1274_at	0.476562	7.249623e-02	3.687628e-01
Hs.532491_at	0.476562	7.249623e-02	3.687628e-01
Hs.317243_at	0.476562	7.249623e-02	3.687628e-01
Hs.479766_at	-0.476562	7.249623e-02	3.687628e-01
Hs.73962_at	0.476562	7.249623e-02	3.687628e-01
Hs.85902_at	0.476562	7.249623e-02	3.687628e-01
Hs.517918_at	0.476562	7.249623e-02	3.687628e-01
Hs.75093_at	0.476562	7.249623e-02	3.687628e-01
Hs.192788_at	-0.476562	7.249623e-02	3.687628e-01
Hs.150043_at	-0.472952	7.499694e-02	3.748353e-01
Hs.652357_at	-0.472952	7.499694e-02	3.748353e-01
Hs.343873_at	-0.472952	7.499694e-02	3.748353e-01
Hs.288771_at	-0.472952	7.499694e-02	3.748353e-01
Hs.124638_at	0.472952	7.499694e-02	3.748353e-01
Hs.647356_at	0.472952	7.499694e-02	3.748353e-01
Hs.652168_at	-0.472952	7.499694e-02	3.748353e-01
Hs.11184_at	0.472952	7.499694e-02	3.748353e-01
Hs.631725_at	0.472952	7.499694e-02	3.748353e-01
Hs.112432_at	0.472952	7.499694e-02	3.748353e-01
Hs.518595_at	-0.472952	7.499694e-02	3.748353e-01
Hs.400698_at	-0.472952	7.499694e-02	3.748353e-01
Hs.519220_at	0.472952	7.499694e-02	3.748353e-01
Hs.50098_at	-0.472952	7.499694e-02	3.748353e-01
Hs.521530_at	-0.472952	7.499694e-02	3.748353e-01
Hs.461117_at	-0.472952	7.499694e-02	3.748353e-01
Hs.632832_at	-0.472952	7.499694e-02	3.748353e-01
Hs.524838_at	0.472952	7.499694e-02	3.748353e-01
Hs.638484_at	0.472952	7.499694e-02	3.748353e-01
Hs.585616_at	0.472952	7.499694e-02	3.748353e-01
Hs.592325_at	0.472952	7.499694e-02	3.748353e-01
Hs.567423_at	0.472952	7.499694e-02	3.748353e-01
Hs.510543_at	-0.472952	7.499694e-02	3.748353e-01
Hs.438953_at	-0.472952	7.499694e-02	3.748353e-01
Hs.159297_at	-0.472952	7.499694e-02	3.748353e-01
Hs.154396_at	0.472952	7.499694e-02	3.748353e-01
Hs.326822_at	0.472952	7.499694e-02	3.748353e-01
Hs.632704_at	0.472952	7.499694e-02	3.748353e-01
Hs.30634_at	-0.472952	7.499694e-02	3.748353e-01
Hs.306190_at	0.472952	7.499694e-02	3.748353e-01
Hs.436186_at	-0.472952	7.499694e-02	3.748353e-01
Hs.258272_at	-0.472952	7.499694e-02	3.748353e-01
Hs.603773_at	-0.472952	7.499694e-02	3.748353e-01
Hs.643455_at	0.472952	7.499694e-02	3.748353e-01
Hs.568945_at	0.472952	7.499694e-02	3.748353e-01
Hs.493668_at	-0.472952	7.499694e-02	3.748353e-01
Hs.324250_at	-0.472952	7.499694e-02	3.748353e-01
Hs.483906_at	0.472952	7.499694e-02	3.748353e-01
Hs.493362_at	-0.472952	7.499694e-02	3.748353e-01
Hs.120573_at	0.472952	7.499694e-02	3.748353e-01
Hs.120364_at	0.472952	7.499694e-02	3.748353e-01
Hs.632041_at	0.472952	7.499694e-02	3.748353e-01
Hs.577404_at	-0.472952	7.499694e-02	3.748353e-01
Hs.578450_at	-0.472952	7.499694e-02	3.748353e-01
Hs.640513_at	0.472952	7.499694e-02	3.748353e-01
Hs.302634_at	0.472952	7.499694e-02	3.748353e-01
Hs.591416_at	-0.472952	7.499694e-02	3.748353e-01
Hs.606264_at	-0.472952	7.499694e-02	3.748353e-01
Hs.571333_at	0.472952	7.499694e-02	3.748353e-01
Hs.169948_at	-0.472952	7.499694e-02	3.748353e-01
Hs.546392_at	-0.472952	7.499694e-02	3.748353e-01
Hs.55069_at	0.472952	7.499694e-02	3.748353e-01
Hs.591009_at	-0.472952	7.499694e-02	3.748353e-01
Hs.409934_at	-0.472952	7.499694e-02	3.748353e-01
Hs.546267_at	0.472952	7.499694e-02	3.748353e-01
Hs.299055_at	-0.472952	7.499694e-02	3.748353e-01
Hs.9061_at	-0.472952	7.499694e-02	3.748353e-01
Hs.118262_at	0.472952	7.499694e-02	3.748353e-01
Hs.388645_at	-0.472952	7.499694e-02	3.748353e-01
Hs.517617_at	0.472952	7.499694e-02	3.748353e-01
Hs.196927_at	0.472952	7.499694e-02	3.748353e-01
Hs.594902_at	-0.472952	7.499694e-02	3.748353e-01
Hs.421509_at	-0.472952	7.499694e-02	3.748353e-01
Hs.567284_at	0.472952	7.499694e-02	3.748353e-01
Hs.646274_at	-0.472952	7.499694e-02	3.748353e-01
Hs.195471_at	0.472952	7.499694e-02	3.748353e-01
Hs.631619_at	-0.472952	7.499694e-02	3.748353e-01
Hs.335239_at	-0.472952	7.499694e-02	3.748353e-01
Hs.8102_at	-0.472952	7.499694e-02	3.748353e-01
Hs.237658_at	0.472952	7.499694e-02	3.748353e-01
Hs.279562_at	0.469342	7.755889e-02	3.788686e-01
Hs.515005_at	0.469342	7.755889e-02	3.788686e-01
Hs.416207_at	-0.469342	7.755889e-02	3.788686e-01
Hs.127022_at	0.469342	7.755889e-02	3.788686e-01
Hs.594916_at	-0.469342	7.755889e-02	3.788686e-01
Hs.157714_at	0.469342	7.755889e-02	3.788686e-01
Hs.26880_at	0.469342	7.755889e-02	3.788686e-01
Hs.439634_at	0.469342	7.755889e-02	3.788686e-01
Hs.356368_at	0.469342	7.755889e-02	3.788686e-01
Hs.621486+_at	0.469342	7.755889e-02	3.788686e-01
Hs.567627_at	0.469342	7.755889e-02	3.788686e-01
Hs.163173_at	-0.469342	7.755889e-02	3.788686e-01
Hs.288940_at	0.469342	7.755889e-02	3.788686e-01
Hs.54721_at	0.469342	7.755889e-02	3.788686e-01
Hs.29190_at	0.469342	7.755889e-02	3.788686e-01
Hs.349955_at	-0.469342	7.755889e-02	3.788686e-01
Hs.276770_at	-0.469342	7.755889e-02	3.788686e-01
Hs.6838_at	0.469342	7.755889e-02	3.788686e-01
Hs.162195_at	-0.469342	7.755889e-02	3.788686e-01
Hs.413518_at	-0.469342	7.755889e-02	3.788686e-01
Hs.414473_at	0.469342	7.755889e-02	3.788686e-01
Hs.80691_at	0.469342	7.755889e-02	3.788686e-01
Hs.591456_at	-0.469342	7.755889e-02	3.788686e-01
Hs.83147_at	0.469342	7.755889e-02	3.788686e-01
Hs.339_at	0.469342	7.755889e-02	3.788686e-01
Hs.224764_at	-0.469342	7.755889e-02	3.788686e-01
Hs.334989_at	0.469342	7.755889e-02	3.788686e-01
Hs.591968_at	0.469342	7.755889e-02	3.788686e-01
Hs.512284_at	0.469342	7.755889e-02	3.788686e-01
Hs.502756_at	-0.469342	7.755889e-02	3.788686e-01
Hs.635948_at	0.469342	7.755889e-02	3.788686e-01
Hs.89404_at	0.469342	7.755889e-02	3.788686e-01
Hs.513661_at	0.469342	7.755889e-02	3.788686e-01
Hs.516306_at	0.469342	7.755889e-02	3.788686e-01
Hs.517549_at	0.469342	7.755889e-02	3.788686e-01
Hs.517075_at	0.469342	7.755889e-02	3.788686e-01
Hs.7303_at	0.469342	7.755889e-02	3.788686e-01
Hs.76111_at	0.469342	7.755889e-02	3.788686e-01
Hs.609712_at	-0.469342	7.755889e-02	3.788686e-01
Hs.8763_at	-0.469342	7.755889e-02	3.788686e-01
Hs.446292-_at	0.469342	7.755889e-02	3.788686e-01
Hs.495039_at	-0.469342	7.755889e-02	3.788686e-01
Hs.55044_at	0.469342	7.755889e-02	3.788686e-01
Hs.32452_at	0.469342	7.755889e-02	3.788686e-01
Hs.512681_at	0.469342	7.755889e-02	3.788686e-01
Hs.47288_at	0.469342	7.755889e-02	3.788686e-01
Hs.375837_at	0.469342	7.755889e-02	3.788686e-01
Hs.190284_at	0.469342	7.755889e-02	3.788686e-01
Hs.485899_at	0.469342	7.755889e-02	3.788686e-01
Hs.519794_at	0.469342	7.755889e-02	3.788686e-01
Hs.597167_at	0.469342	7.755889e-02	3.788686e-01
Hs.613724_at	-0.469342	7.755889e-02	3.788686e-01
Hs.643454_at	0.469342	7.755889e-02	3.788686e-01
Hs.509707_at	0.469342	7.755889e-02	3.788686e-01
Hs.535763_at	0.469342	7.755889e-02	3.788686e-01
Hs.535297_at	-0.469342	7.755889e-02	3.788686e-01
Hs.214142_at	0.469342	7.755889e-02	3.788686e-01
Hs.355606_at	-0.469342	7.755889e-02	3.788686e-01
Hs.131055_at	0.469342	7.755889e-02	3.788686e-01
Hs.553730_at	0.469342	7.755889e-02	3.788686e-01
Hs.408101_at	-0.469342	7.755889e-02	3.788686e-01
Hs.486458_at	-0.469342	7.755889e-02	3.788686e-01
Hs.558625_at	-0.469342	7.755889e-02	3.788686e-01
Hs.525088_at	-0.469342	7.755889e-02	3.788686e-01
Hs.355236_at	0.469342	7.755889e-02	3.788686e-01
Hs.355398_at	0.469342	7.755889e-02	3.788686e-01
Hs.157859_at	0.469342	7.755889e-02	3.788686e-01
Hs.370963_at	0.469342	7.755889e-02	3.788686e-01
Hs.476231_at	-0.469342	7.755889e-02	3.788686e-01
Hs.611431_at	0.469342	7.755889e-02	3.788686e-01
Hs.483521_at	0.469342	7.755889e-02	3.788686e-01
Hs.406714_at	0.469342	7.755889e-02	3.788686e-01
Hs.130719_at	0.469342	7.755889e-02	3.788686e-01
Hs.381382_at	0.469342	7.755889e-02	3.788686e-01
Hs.212613_at	0.469342	7.755889e-02	3.788686e-01
Hs.76662_at	-0.469342	7.755889e-02	3.788686e-01
Hs.42964_at	0.469342	7.755889e-02	3.788686e-01
Hs.591634_at	0.469342	7.755889e-02	3.788686e-01
Hs.432395_at	0.469342	7.755889e-02	3.788686e-01
Hs.253903_at	-0.469342	7.755889e-02	3.788686e-01
Hs.531770_at	0.469342	7.755889e-02	3.788686e-01
Hs.248118_at	0.469342	7.755889e-02	3.788686e-01
Hs.54460_at	0.469342	7.755889e-02	3.788686e-01
Hs.98243_at	-0.469342	7.755889e-02	3.788686e-01
Hs.292925_at	-0.469342	7.755889e-02	3.788686e-01
Hs.530653_at	0.469342	7.755889e-02	3.788686e-01
Hs.114914_at	0.469342	7.755889e-02	3.788686e-01
Hs.632235_at	0.469342	7.755889e-02	3.788686e-01
Hs.621401_at	0.469342	7.755889e-02	3.788686e-01
Hs.123393_at	0.469342	7.755889e-02	3.788686e-01
Hs.534395_at	0.469342	7.755889e-02	3.788686e-01
Hs.645859_at	0.469342	7.755889e-02	3.788686e-01
Hs.528618_at	0.469342	7.755889e-02	3.788686e-01
Hs.299208_at	-0.465731	8.018282e-02	3.819289e-01
Hs.638422_at	-0.465731	8.018282e-02	3.819289e-01
Hs.443853_at	0.465731	8.018282e-02	3.819289e-01
Hs.21375_at	-0.465731	8.018282e-02	3.819289e-01
Hs.586271_at	0.465731	8.018282e-02	3.819289e-01
Hs.466804_at	0.465731	8.018282e-02	3.819289e-01
Hs.466843_at	0.465731	8.018282e-02	3.819289e-01
Hs.652600_at	0.465731	8.018282e-02	3.819289e-01
Hs.569017_at	0.465731	8.018282e-02	3.819289e-01
Hs.156738_at	-0.465731	8.018282e-02	3.819289e-01
Hs.127950_at	0.465731	8.018282e-02	3.819289e-01
Hs.497642_at	0.465731	8.018282e-02	3.819289e-01
Hs.498115_at	-0.465731	8.018282e-02	3.819289e-01
Hs.498313_at	-0.465731	8.018282e-02	3.819289e-01
Hs.128420_at	0.465731	8.018282e-02	3.819289e-01
Hs.621295_at	-0.465731	8.018282e-02	3.819289e-01
Hs.351743_at	0.465731	8.018282e-02	3.819289e-01
Hs.150837_at	-0.465731	8.018282e-02	3.819289e-01
Hs.352656_at	-0.465731	8.018282e-02	3.819289e-01
Hs.445071_at	0.465731	8.018282e-02	3.819289e-01
Hs.605501_at	-0.465731	8.018282e-02	3.819289e-01
Hs.585221_at	-0.465731	8.018282e-02	3.819289e-01
Hs.124951_at	-0.465731	8.018282e-02	3.819289e-01
Hs.504703_at	0.465731	8.018282e-02	3.819289e-01
Hs.131469_at	0.465731	8.018282e-02	3.819289e-01
Hs.302145_at	0.465731	8.018282e-02	3.819289e-01
Hs.67776_at	0.465731	8.018282e-02	3.819289e-01
Hs.471401_at	-0.465731	8.018282e-02	3.819289e-01
Hs.591150_at	0.465731	8.018282e-02	3.819289e-01
Hs.363572_at	-0.465731	8.018282e-02	3.819289e-01
Hs.651213_at	-0.465731	8.018282e-02	3.819289e-01
Hs.590979_at	0.465731	8.018282e-02	3.819289e-01
Hs.12264_at	-0.465731	8.018282e-02	3.819289e-01
Hs.192374_at	-0.465731	8.018282e-02	3.819289e-01
Hs.104637_at	0.465731	8.018282e-02	3.819289e-01
Hs.192859_at	0.465731	8.018282e-02	3.819289e-01
Hs.645425_at	-0.465731	8.018282e-02	3.819289e-01
Hs.103291_at	0.465731	8.018282e-02	3.819289e-01
Hs.558694_at	0.465731	8.018282e-02	3.819289e-01
Hs.517612_at	0.465731	8.018282e-02	3.819289e-01
Hs.97860_at	0.465731	8.018282e-02	3.819289e-01
Hs.191482_at	0.465731	8.018282e-02	3.819289e-01
Hs.148322_at	-0.465731	8.018282e-02	3.819289e-01
Hs.389027_at	0.465731	8.018282e-02	3.819289e-01
Hs.631623_at	-0.465731	8.018282e-02	3.819289e-01
Hs.37883_at	0.465731	8.018282e-02	3.819289e-01
Hs.131436_at	0.465731	8.018282e-02	3.819289e-01
Hs.527104_at	0.465731	8.018282e-02	3.819289e-01
Hs.526704_at	-0.465731	8.018282e-02	3.819289e-01
Hs.3972_at	0.465731	8.018282e-02	3.819289e-01
Hs.121525_at	0.465731	8.018282e-02	3.819289e-01
Hs.572057_at	0.465731	8.018282e-02	3.819289e-01
Hs.573490_at	0.465731	8.018282e-02	3.819289e-01
Hs.571032_at	0.465731	8.018282e-02	3.819289e-01
Hs.146886_at	0.465731	8.018282e-02	3.819289e-01
Hs.608654_at	-0.465731	8.018282e-02	3.819289e-01
Hs.634675_at	-0.465731	8.018282e-02	3.819289e-01
Hs.632296_at	0.465731	8.018282e-02	3.819289e-01
Hs.503886_at	-0.465731	8.018282e-02	3.819289e-01
Hs.503878_at	0.465731	8.018282e-02	3.819289e-01
Hs.347614_at	-0.465731	8.018282e-02	3.819289e-01
Hs.126906_at	-0.465731	8.018282e-02	3.819289e-01
Hs.500512_at	-0.465731	8.018282e-02	3.819289e-01
Hs.502769_at	0.465731	8.018282e-02	3.819289e-01
Hs.153026_at	-0.465731	8.018282e-02	3.819289e-01
Hs.447544_at	0.465731	8.018282e-02	3.819289e-01
Hs.591859_at	0.465731	8.018282e-02	3.819289e-01
Hs.106674_at	0.465731	8.018282e-02	3.819289e-01
Hs.10941_at	0.465731	8.018282e-02	3.819289e-01
Hs.281898_at	-0.465731	8.018282e-02	3.819289e-01
Hs.633032_at	0.465731	8.018282e-02	3.819289e-01
Hs.491336_at	-0.465731	8.018282e-02	3.819289e-01
Hs.615054_at	0.465731	8.018282e-02	3.819289e-01
Hs.549790_at	0.465731	8.018282e-02	3.819289e-01
Hs.71657_at	0.465731	8.018282e-02	3.819289e-01
Hs.610474_at	0.465731	8.018282e-02	3.819289e-01
Hs.611541_at	-0.465731	8.018282e-02	3.819289e-01
Hs.476448_at	0.465731	8.018282e-02	3.819289e-01
Hs.115896_at	0.465731	8.018282e-02	3.819289e-01
Hs.7426_at	0.465731	8.018282e-02	3.819289e-01
Hs.554883_at	-0.465731	8.018282e-02	3.819289e-01
Hs.425427_at	-0.465731	8.018282e-02	3.819289e-01
Hs.648944_at	-0.465731	8.018282e-02	3.819289e-01
Hs.516220_at	0.465731	8.018282e-02	3.819289e-01
Hs.432394+_at	0.465731	8.018282e-02	3.819289e-01
Hs.274959_at	0.465731	8.018282e-02	3.819289e-01
Hs.199877_at	0.465731	8.018282e-02	3.819289e-01
Hs.649756_at	0.465731	8.018282e-02	3.819289e-01
Hs.515617_at	0.465731	8.018282e-02	3.819289e-01
Hs.516769_at	0.465731	8.018282e-02	3.819289e-01
Hs.407643_at	-0.465731	8.018282e-02	3.819289e-01
Hs.400295_at	-0.465731	8.018282e-02	3.819289e-01
Hs.389378_at	-0.465731	8.018282e-02	3.819289e-01
Hs.18912_at	0.465731	8.018282e-02	3.819289e-01
Hs.7778_at	0.465731	8.018282e-02	3.819289e-01
Hs.514199_at	0.465731	8.018282e-02	3.819289e-01
Hs.514590_at	0.465731	8.018282e-02	3.819289e-01
Hs.88218_at	-0.465731	8.018282e-02	3.819289e-01
Hs.130306_at	0.465731	8.018282e-02	3.819289e-01
Hs.90756_at	0.465731	8.018282e-02	3.819289e-01
Hs.208681_at	-0.465731	8.018282e-02	3.819289e-01
Hs.368710_at	-0.465731	8.018282e-02	3.819289e-01
Hs.649623_at	0.465731	8.018282e-02	3.819289e-01
Hs.130098_at	-0.465731	8.018282e-02	3.819289e-01
Hs.623880_at	-0.465731	8.018282e-02	3.819289e-01
Hs.504398_at	0.462121	8.286946e-02	3.878252e-01
Hs.552835_at	-0.462121	8.286946e-02	3.878252e-01
Hs.614545_at	-0.462121	8.286946e-02	3.878252e-01
Hs.2257_at	0.462121	8.286946e-02	3.878252e-01
Hs.592260_at	0.462121	8.286946e-02	3.878252e-01
Hs.338851_at	-0.462121	8.286946e-02	3.878252e-01
Hs.592334_at	0.462121	8.286946e-02	3.878252e-01
Hs.224170_at	-0.462121	8.286946e-02	3.878252e-01
Hs.104519_at	0.462121	8.286946e-02	3.878252e-01
Hs.150013_at	0.462121	8.286946e-02	3.878252e-01
Hs.406515_at	-0.462121	8.286946e-02	3.878252e-01
Hs.503716_at	-0.462121	8.286946e-02	3.878252e-01
Hs.459114_at	-0.462121	8.286946e-02	3.878252e-01
Hs.149239_at	0.462121	8.286946e-02	3.878252e-01
Hs.108104_at	-0.462121	8.286946e-02	3.878252e-01
Hs.103832_at	-0.462121	8.286946e-02	3.878252e-01
Hs.99863_at	-0.462121	8.286946e-02	3.878252e-01
Hs.107196_at	-0.462121	8.286946e-02	3.878252e-01
Hs.612039_at	0.462121	8.286946e-02	3.878252e-01
Hs.557403_at	0.462121	8.286946e-02	3.878252e-01
Hs.631789_at	-0.462121	8.286946e-02	3.878252e-01
Hs.397255_at	0.462121	8.286946e-02	3.878252e-01
Hs.373631_at	0.462121	8.286946e-02	3.878252e-01
Hs.465323_at	-0.462121	8.286946e-02	3.878252e-01
Hs.241517_at	0.462121	8.286946e-02	3.878252e-01
Hs.101807_at	0.462121	8.286946e-02	3.878252e-01
Hs.554791_at	0.462121	8.286946e-02	3.878252e-01
Hs.518731_at	0.462121	8.286946e-02	3.878252e-01
Hs.573495_at	-0.462121	8.286946e-02	3.878252e-01
Hs.487951_at	0.462121	8.286946e-02	3.878252e-01
Hs.552896_at	-0.462121	8.286946e-02	3.878252e-01
Hs.469615_at	-0.462121	8.286946e-02	3.878252e-01
Hs.513439_at	-0.462121	8.286946e-02	3.878252e-01
Hs.434134_at	0.462121	8.286946e-02	3.878252e-01
Hs.537218_at	0.462121	8.286946e-02	3.878252e-01
Hs.122575_at	0.462121	8.286946e-02	3.878252e-01
Hs.533986_at	-0.462121	8.286946e-02	3.878252e-01
Hs.588202_at	0.462121	8.286946e-02	3.878252e-01
Hs.356549_at	-0.462121	8.286946e-02	3.878252e-01
Hs.60480_at	0.462121	8.286946e-02	3.878252e-01
Hs.302003_at	-0.462121	8.286946e-02	3.878252e-01
Hs.469018_at	-0.462121	8.286946e-02	3.878252e-01
Hs.652205_at	-0.462121	8.286946e-02	3.878252e-01
Hs.32945_at	0.462121	8.286946e-02	3.878252e-01
Hs.138499_at	-0.462121	8.286946e-02	3.878252e-01
Hs.137182_at	0.462121	8.286946e-02	3.878252e-01
Hs.623044_at	-0.462121	8.286946e-02	3.878252e-01
Hs.162754_at	0.462121	8.286946e-02	3.878252e-01
Hs.436847_at	0.462121	8.286946e-02	3.878252e-01
Hs.437153_at	0.462121	8.286946e-02	3.878252e-01
Hs.437594_at	0.462121	8.286946e-02	3.878252e-01
Hs.591284_at	0.462121	8.286946e-02	3.878252e-01
Hs.603121_at	0.462121	8.286946e-02	3.878252e-01
Hs.126137_at	0.462121	8.286946e-02	3.878252e-01
Hs.184492_at	-0.462121	8.286946e-02	3.878252e-01
Hs.127432_at	-0.462121	8.286946e-02	3.878252e-01
Hs.407639_at	-0.462121	8.286946e-02	3.878252e-01
Hs.599855_at	-0.462121	8.286946e-02	3.878252e-01
Hs.505934_at	-0.462121	8.286946e-02	3.878252e-01
Hs.200938_at	-0.462121	8.286946e-02	3.878252e-01
Hs.221436_at	0.462121	8.286946e-02	3.878252e-01
Hs.408708_at	0.462121	8.286946e-02	3.878252e-01
Hs.652283_at	0.462121	8.286946e-02	3.878252e-01
Hs.458427_at	0.462121	8.286946e-02	3.878252e-01
Hs.606744_at	0.462121	8.286946e-02	3.878252e-01
Hs.125962_at	-0.462121	8.286946e-02	3.878252e-01
Hs.549084_at	0.462121	8.286946e-02	3.878252e-01
Hs.647791_at	-0.462121	8.286946e-02	3.878252e-01
Hs.497987_at	0.462121	8.286946e-02	3.878252e-01
Hs.370362_at	0.462121	8.286946e-02	3.878252e-01
Hs.591903_at	0.462121	8.286946e-02	3.878252e-01
Hs.466391_at	-0.462121	8.286946e-02	3.878252e-01
Hs.135118_at	0.462121	8.286946e-02	3.878252e-01
Hs.509182_at	0.462121	8.286946e-02	3.878252e-01
Hs.306380_at	0.462121	8.286946e-02	3.878252e-01
Hs.651321_at	0.458511	8.561953e-02	3.922828e-01
Hs.651678_at	-0.458511	8.561953e-02	3.922828e-01
Hs.8453_at	-0.458511	8.561953e-02	3.922828e-01
Hs.652206_at	0.458511	8.561953e-02	3.922828e-01
Hs.492212_at	-0.458511	8.561953e-02	3.922828e-01
Hs.137270_at	0.458511	8.561953e-02	3.922828e-01
Hs.476306_at	0.458511	8.561953e-02	3.922828e-01
Hs.380691_at	0.458511	8.561953e-02	3.922828e-01
Hs.571101_at	0.458511	8.561953e-02	3.922828e-01
Hs.520097_at	-0.458511	8.561953e-02	3.922828e-01
Hs.631582_at	0.458511	8.561953e-02	3.922828e-01
Hs.569475_at	0.458511	8.561953e-02	3.922828e-01
Hs.226390_at	-0.458511	8.561953e-02	3.922828e-01
Hs.459691_at	0.458511	8.561953e-02	3.922828e-01
Hs.382865_at	-0.458511	8.561953e-02	3.922828e-01
Hs.563676_at	0.458511	8.561953e-02	3.922828e-01
Hs.375186_at	0.458511	8.561953e-02	3.922828e-01
Hs.509872_at	0.458511	8.561953e-02	3.922828e-01
Hs.509258_at	-0.458511	8.561953e-02	3.922828e-01
Hs.589884_at	0.458511	8.561953e-02	3.922828e-01
Hs.531789_at	0.458511	8.561953e-02	3.922828e-01
Hs.599729_at	0.458511	8.561953e-02	3.922828e-01
Hs.18723_at	0.458511	8.561953e-02	3.922828e-01
Hs.592809_at	-0.458511	8.561953e-02	3.922828e-01
Hs.598880_at	-0.458511	8.561953e-02	3.922828e-01
Hs.517033_at	0.458511	8.561953e-02	3.922828e-01
Hs.162889_at	-0.458511	8.561953e-02	3.922828e-01
Hs.121076_at	-0.458511	8.561953e-02	3.922828e-01
Hs.604255_at	0.458511	8.561953e-02	3.922828e-01
Hs.211092_at	0.458511	8.561953e-02	3.922828e-01
Hs.516956_at	0.458511	8.561953e-02	3.922828e-01
Hs.577639_at	-0.458511	8.561953e-02	3.922828e-01
Hs.584945_at	-0.458511	8.561953e-02	3.922828e-01
Hs.652195_at	-0.458511	8.561953e-02	3.922828e-01
Hs.567532_at	-0.458511	8.561953e-02	3.922828e-01
Hs.332847_at	-0.458511	8.561953e-02	3.922828e-01
Hs.473838_at	-0.458511	8.561953e-02	3.922828e-01
Hs.610467_at	-0.458511	8.561953e-02	3.922828e-01
Hs.232532_at	-0.458511	8.561953e-02	3.922828e-01
Hs.567343_at	0.458511	8.561953e-02	3.922828e-01
Hs.472566_at	0.458511	8.561953e-02	3.922828e-01
Hs.534538_at	0.458511	8.561953e-02	3.922828e-01
Hs.582993_at	-0.458511	8.561953e-02	3.922828e-01
Hs.220931_at	0.458511	8.561953e-02	3.922828e-01
Hs.126378_at	0.458511	8.561953e-02	3.922828e-01
Hs.427055_at	0.458511	8.561953e-02	3.922828e-01
Hs.601930_at	-0.458511	8.561953e-02	3.922828e-01
Hs.591523_at	-0.458511	8.561953e-02	3.922828e-01
Hs.369762_at	-0.458511	8.561953e-02	3.922828e-01
Hs.493031_at	0.458511	8.561953e-02	3.922828e-01
Hs.128686_at	-0.458511	8.561953e-02	3.922828e-01
Hs.129055_at	-0.458511	8.561953e-02	3.922828e-01
Hs.471040_at	-0.458511	8.561953e-02	3.922828e-01
Hs.647162_at	0.458511	8.561953e-02	3.922828e-01
Hs.408652_at	-0.458511	8.561953e-02	3.922828e-01
Hs.530009_at	0.458511	8.561953e-02	3.922828e-01
Hs.600528_at	-0.458511	8.561953e-02	3.922828e-01
Hs.1176_at	0.458511	8.561953e-02	3.922828e-01
Hs.434401_at	-0.458511	8.561953e-02	3.922828e-01
Hs.434255_at	-0.458511	8.561953e-02	3.922828e-01
Hs.41045_at	0.458511	8.561953e-02	3.922828e-01
Hs.601057_at	-0.458511	8.561953e-02	3.922828e-01
Hs.414952_at	-0.458511	8.561953e-02	3.922828e-01
Hs.592076_at	0.458511	8.561953e-02	3.922828e-01
Hs.1285_at	0.458511	8.561953e-02	3.922828e-01
Hs.118243_at	0.458511	8.561953e-02	3.922828e-01
Hs.36972_at	0.458511	8.561953e-02	3.922828e-01
Hs.61648_at	0.458511	8.561953e-02	3.922828e-01
Hs.127736_at	0.458511	8.561953e-02	3.922828e-01
Hs.65641_at	-0.458511	8.561953e-02	3.922828e-01
Hs.440895_at	0.458511	8.561953e-02	3.922828e-01
Hs.440899_at	0.458511	8.561953e-02	3.922828e-01
Hs.123016_at	0.458511	8.561953e-02	3.922828e-01
Hs.417595_at	0.458511	8.561953e-02	3.922828e-01
Hs.418233_at	-0.458511	8.561953e-02	3.922828e-01
Hs.1149_at	0.458511	8.561953e-02	3.922828e-01
Hs.369905_at	0.458511	8.561953e-02	3.922828e-01
Hs.621505_at	0.458511	8.561953e-02	3.922828e-01
Hs.286192_at	0.458511	8.561953e-02	3.922828e-01
Hs.334846_at	0.458511	8.561953e-02	3.922828e-01
Hs.75199_at	0.458511	8.561953e-02	3.922828e-01
Hs.9527_at	-0.458511	8.561953e-02	3.922828e-01
Hs.482730_at	0.458511	8.561953e-02	3.922828e-01
Hs.7527_at	-0.458511	8.561953e-02	3.922828e-01
Hs.75819_at	-0.458511	8.561953e-02	3.922828e-01
Hs.529512_at	-0.458511	8.561953e-02	3.922828e-01
Hs.278277_at	-0.458511	8.561953e-02	3.922828e-01
Hs.368542_at	-0.458511	8.561953e-02	3.922828e-01
Hs.131295_at	0.458511	8.561953e-02	3.922828e-01
Hs.269542_at	-0.458511	8.561953e-02	3.922828e-01
Hs.645285_at	0.458511	8.561953e-02	3.922828e-01
Hs.99724_at	-0.458511	8.561953e-02	3.922828e-01
Hs.239388_at	-0.454900	8.843375e-02	3.956070e-01
Hs.522746_at	0.454900	8.843375e-02	3.956070e-01
Hs.595541_at	0.454900	8.843375e-02	3.956070e-01
Hs.192729_at	0.454900	8.843375e-02	3.956070e-01
Hs.523822_at	-0.454900	8.843375e-02	3.956070e-01
Hs.631584_at	-0.454900	8.843375e-02	3.956070e-01
Hs.596885_at	0.454900	8.843375e-02	3.956070e-01
Hs.224409_at	0.454900	8.843375e-02	3.956070e-01
Hs.608514_at	0.454900	8.843375e-02	3.956070e-01
Hs.465784_at	0.454900	8.843375e-02	3.956070e-01
Hs.465224_at	-0.454900	8.843375e-02	3.956070e-01
Hs.78601_at	-0.454900	8.843375e-02	3.956070e-01
Hs.2430_at	-0.454900	8.843375e-02	3.956070e-01
Hs.493225_at	-0.454900	8.843375e-02	3.956070e-01
Hs.242014_at	0.454900	8.843375e-02	3.956070e-01
Hs.565619_at	0.454900	8.843375e-02	3.956070e-01
Hs.475506_at	0.454900	8.843375e-02	3.956070e-01
Hs.638506+_at	0.454900	8.843375e-02	3.956070e-01
Hs.610161_at	0.454900	8.843375e-02	3.956070e-01
Hs.417303_at	0.454900	8.843375e-02	3.956070e-01
Hs.445387_at	-0.454900	8.843375e-02	3.956070e-01
Hs.251531_at	-0.454900	8.843375e-02	3.956070e-01
Hs.604276_at	-0.454900	8.843375e-02	3.956070e-01
Hs.359698_at	0.454900	8.843375e-02	3.956070e-01
Hs.534322_at	-0.454900	8.843375e-02	3.956070e-01
Hs.508716_at	0.454900	8.843375e-02	3.956070e-01
Hs.619994_at	0.454900	8.843375e-02	3.956070e-01
Hs.652610_at	0.454900	8.843375e-02	3.956070e-01
Hs.652738_at	0.454900	8.843375e-02	3.956070e-01
Hs.469154_at	0.454900	8.843375e-02	3.956070e-01
Hs.335084_at	0.454900	8.843375e-02	3.956070e-01
Hs.12102_at	-0.454900	8.843375e-02	3.956070e-01
Hs.533301_at	0.454900	8.843375e-02	3.956070e-01
Hs.204449_at	-0.454900	8.843375e-02	3.956070e-01
Hs.62813_at	0.454900	8.843375e-02	3.956070e-01
Hs.515249_at	0.454900	8.843375e-02	3.956070e-01
Hs.600998_at	0.454900	8.843375e-02	3.956070e-01
Hs.592004_at	-0.454900	8.843375e-02	3.956070e-01
Hs.495553_at	0.454900	8.843375e-02	3.956070e-01
Hs.336046_at	0.454900	8.843375e-02	3.956070e-01
Hs.531615_at	-0.454900	8.843375e-02	3.956070e-01
Hs.515474_at	0.454900	8.843375e-02	3.956070e-01
Hs.207423_at	0.454900	8.843375e-02	3.956070e-01
Hs.168950_at	-0.454900	8.843375e-02	3.956070e-01
Hs.120165_at	0.454900	8.843375e-02	3.956070e-01
Hs.429434_at	0.454900	8.843375e-02	3.956070e-01
Hs.647119_at	0.454900	8.843375e-02	3.956070e-01
Hs.258580_at	0.454900	8.843375e-02	3.956070e-01
Hs.592008_at	0.454900	8.843375e-02	3.956070e-01
Hs.492716_at	-0.454900	8.843375e-02	3.956070e-01
Hs.652931_at	-0.454900	8.843375e-02	3.956070e-01
Hs.617171_at	0.454900	8.843375e-02	3.956070e-01
Hs.471096_at	-0.454900	8.843375e-02	3.956070e-01
Hs.418581_at	-0.454900	8.843375e-02	3.956070e-01
Hs.424932_at	-0.454900	8.843375e-02	3.956070e-01
Hs.36_at	0.454900	8.843375e-02	3.956070e-01
Hs.534639_at	-0.454900	8.843375e-02	3.956070e-01
Hs.450105_at	-0.454900	8.843375e-02	3.956070e-01
Hs.57975_at	0.454900	8.843375e-02	3.956070e-01
Hs.447901_at	0.454900	8.843375e-02	3.956070e-01
Hs.449418_at	0.454900	8.843375e-02	3.956070e-01
Hs.471783_at	0.454900	8.843375e-02	3.956070e-01
Hs.459311_at	0.454900	8.843375e-02	3.956070e-01
Hs.501890_at	-0.454900	8.843375e-02	3.956070e-01
Hs.5452_at	0.454900	8.843375e-02	3.956070e-01
Hs.126891_at	0.454900	8.843375e-02	3.956070e-01
Hs.591016_at	-0.454900	8.843375e-02	3.956070e-01
Hs.367437_at	-0.454900	8.843375e-02	3.956070e-01
Hs.638940_at	0.454900	8.843375e-02	3.956070e-01
Hs.510225_at	-0.454900	8.843375e-02	3.956070e-01
Hs.371976_at	0.454900	8.843375e-02	3.956070e-01
Hs.643920_at	-0.454900	8.843375e-02	3.956070e-01
Hs.529631_at	-0.454900	8.843375e-02	3.956070e-01
Hs.282387_at	-0.454900	8.843375e-02	3.956070e-01
Hs.591296_at	0.454900	8.843375e-02	3.956070e-01
Hs.368307_at	0.454900	8.843375e-02	3.956070e-01
Hs.511903_at	0.454900	8.843375e-02	3.956070e-01
Hs.512441_at	0.454900	8.843375e-02	3.956070e-01
Hs.631524_at	0.454900	8.843375e-02	3.956070e-01
Hs.397836_at	0.454900	8.843375e-02	3.956070e-01
Hs.188007_at	0.454900	8.843375e-02	3.956070e-01
Hs.274531_at	-0.454900	8.843375e-02	3.956070e-01
Hs.529006_at	0.454900	8.843375e-02	3.956070e-01
Hs.279061_at	-0.454900	8.843375e-02	3.956070e-01
Hs.116459_at	0.454900	8.843375e-02	3.956070e-01
Hs.9315_at	0.454900	8.843375e-02	3.956070e-01
Hs.631863_at	0.454900	8.843375e-02	3.956070e-01
Hs.530862_at	0.454900	8.843375e-02	3.956070e-01
Hs.405410_at	-0.454900	8.843375e-02	3.956070e-01
Hs.517978_at	0.454900	8.843375e-02	3.956070e-01
Hs.558351_at	-0.454900	8.843375e-02	3.956070e-01
Hs.380138_at	-0.454900	8.843375e-02	3.956070e-01
Hs.31442_at	0.454900	8.843375e-02	3.956070e-01
Hs.612924_at	0.454900	8.843375e-02	3.956070e-01
Hs.382625_at	0.454900	8.843375e-02	3.956070e-01
Hs.78036_at	0.454900	8.843375e-02	3.956070e-01
Hs.31856_at	0.454900	8.843375e-02	3.956070e-01
Hs.560163_at	0.454900	8.843375e-02	3.956070e-01
Hs.465374_at	0.454900	8.843375e-02	3.956070e-01
Hs.569310_at	0.454900	8.843375e-02	3.956070e-01
Hs.608825-_at	0.454900	8.843375e-02	3.956070e-01
Hs.46038_at	0.454900	8.843375e-02	3.956070e-01
Hs.177766_at	-0.454900	8.843375e-02	3.956070e-01
Hs.522699_at	-0.454900	8.843375e-02	3.956070e-01
Hs.99992_at	0.454900	8.843375e-02	3.956070e-01
Hs.518618_at	0.454900	8.843375e-02	3.956070e-01
Hs.534221_at	0.451290	9.131280e-02	4.001063e-01
Hs.418495_at	-0.451290	9.131280e-02	4.001063e-01
Hs.474711_at	0.451290	9.131280e-02	4.001063e-01
Hs.58834_at	-0.451290	9.131280e-02	4.001063e-01
Hs.651382_at	0.451290	9.131280e-02	4.001063e-01
Hs.155569_at	0.451290	9.131280e-02	4.001063e-01
Hs.379191_at	0.451290	9.131280e-02	4.001063e-01
Hs.522255_at	-0.451290	9.131280e-02	4.001063e-01
Hs.524599_at	-0.451290	9.131280e-02	4.001063e-01
Hs.148090_at	0.451290	9.131280e-02	4.001063e-01
Hs.241377_at	0.451290	9.131280e-02	4.001063e-01
Hs.555954_at	0.451290	9.131280e-02	4.001063e-01
Hs.382348_at	0.451290	9.131280e-02	4.001063e-01
Hs.198363_at	0.451290	9.131280e-02	4.001063e-01
Hs.537002_at	-0.451290	9.131280e-02	4.001063e-01
Hs.248160_at	0.451290	9.131280e-02	4.001063e-01
Hs.222282_at	-0.451290	9.131280e-02	4.001063e-01
Hs.349096_at	-0.451290	9.131280e-02	4.001063e-01
Hs.592254_at	-0.451290	9.131280e-02	4.001063e-01
Hs.631555_at	0.451290	9.131280e-02	4.001063e-01
Hs.528713_at	0.451290	9.131280e-02	4.001063e-01
Hs.196437_at	-0.451290	9.131280e-02	4.001063e-01
Hs.435012_at	-0.451290	9.131280e-02	4.001063e-01
Hs.533308_at	0.451290	9.131280e-02	4.001063e-01
Hs.650021_at	-0.451290	9.131280e-02	4.001063e-01
Hs.605744_at	0.451290	9.131280e-02	4.001063e-01
Hs.448468_at	0.451290	9.131280e-02	4.001063e-01
Hs.584876_at	0.451290	9.131280e-02	4.001063e-01
Hs.632400_at	0.451290	9.131280e-02	4.001063e-01
Hs.446255_at	0.451290	9.131280e-02	4.001063e-01
Hs.543132_at	0.451290	9.131280e-02	4.001063e-01
Hs.368563_at	-0.451290	9.131280e-02	4.001063e-01
Hs.531878_at	0.451290	9.131280e-02	4.001063e-01
Hs.591374_at	0.451290	9.131280e-02	4.001063e-01
Hs.368312_at	0.451290	9.131280e-02	4.001063e-01
Hs.509451_at	-0.451290	9.131280e-02	4.001063e-01
Hs.514373_at	-0.451290	9.131280e-02	4.001063e-01
Hs.42853_at	0.451290	9.131280e-02	4.001063e-01
Hs.426463_at	0.451290	9.131280e-02	4.001063e-01
Hs.202388_at	0.451290	9.131280e-02	4.001063e-01
Hs.584773_at	0.451290	9.131280e-02	4.001063e-01
Hs.21631_at	0.451290	9.131280e-02	4.001063e-01
Hs.512763_at	0.451290	9.131280e-02	4.001063e-01
Hs.162129_at	-0.451290	9.131280e-02	4.001063e-01
Hs.232604_at	0.451290	9.131280e-02	4.001063e-01
Hs.435948_at	-0.451290	9.131280e-02	4.001063e-01
Hs.471514_at	-0.451290	9.131280e-02	4.001063e-01
Hs.643085_at	0.451290	9.131280e-02	4.001063e-01
Hs.370771_at	0.451290	9.131280e-02	4.001063e-01
Hs.200738_at	-0.451290	9.131280e-02	4.001063e-01
Hs.647087_at	-0.451290	9.131280e-02	4.001063e-01
Hs.369104_at	-0.451290	9.131280e-02	4.001063e-01
Hs.55041_at	0.451290	9.131280e-02	4.001063e-01
Hs.302740_at	0.451290	9.131280e-02	4.001063e-01
Hs.532680_at	0.451290	9.131280e-02	4.001063e-01
Hs.355307_at	-0.451290	9.131280e-02	4.001063e-01
Hs.586911_at	0.451290	9.131280e-02	4.001063e-01
Hs.569019_at	0.451290	9.131280e-02	4.001063e-01
Hs.54649_at	0.451290	9.131280e-02	4.001063e-01
Hs.24678_at	-0.451290	9.131280e-02	4.001063e-01
Hs.25447_at	-0.451290	9.131280e-02	4.001063e-01
Hs.116871_at	0.451290	9.131280e-02	4.001063e-01
Hs.118695_at	0.451290	9.131280e-02	4.001063e-01
Hs.513349_at	0.451290	9.131280e-02	4.001063e-01
Hs.604950_at	-0.451290	9.131280e-02	4.001063e-01
Hs.638573_at	0.451290	9.131280e-02	4.001063e-01
Hs.444276_at	-0.451290	9.131280e-02	4.001063e-01
Hs.21509_at	0.451290	9.131280e-02	4.001063e-01
Hs.46679_at	0.451290	9.131280e-02	4.001063e-01
Hs.284137_at	-0.451290	9.131280e-02	4.001063e-01
Hs.283741_at	-0.451290	9.131280e-02	4.001063e-01
Hs.288655_at	0.451290	9.131280e-02	4.001063e-01
Hs.508885_at	0.451290	9.131280e-02	4.001063e-01
Hs.323213_at	0.451290	9.131280e-02	4.001063e-01
Hs.72630_at	0.451290	9.131280e-02	4.001063e-01
Hs.493096_at	0.451290	9.131280e-02	4.001063e-01
Hs.604325_at	0.451290	9.131280e-02	4.001063e-01
Hs.442782_at	-0.451290	9.131280e-02	4.001063e-01
Hs.63788_at	-0.451290	9.131280e-02	4.001063e-01
Hs.36053_at	-0.451290	9.131280e-02	4.001063e-01
Hs.293563_at	0.451290	9.131280e-02	4.001063e-01
Hs.14968_at	-0.451290	9.131280e-02	4.001063e-01
Hs.46332_at	0.451290	9.131280e-02	4.001063e-01
Hs.558582_at	0.451290	9.131280e-02	4.001063e-01
Hs.272215_at	0.451290	9.131280e-02	4.001063e-01
Hs.130774_at	-0.451290	9.131280e-02	4.001063e-01
Hs.198853_at	-0.451290	9.131280e-02	4.001063e-01
Hs.405156_at	0.451290	9.131280e-02	4.001063e-01
Hs.311193_at	0.451290	9.131280e-02	4.001063e-01
Hs.312228_at	0.451290	9.131280e-02	4.001063e-01
Hs.569312_at	0.451290	9.131280e-02	4.001063e-01
Hs.461253_at	0.451290	9.131280e-02	4.001063e-01
Hs.573140_at	0.451290	9.131280e-02	4.001063e-01
Hs.524760_at	-0.451290	9.131280e-02	4.001063e-01
Hs.461786_at	0.447680	9.425739e-02	4.044466e-01
Hs.295459_at	0.447680	9.425739e-02	4.044466e-01
Hs.608871_at	0.447680	9.425739e-02	4.044466e-01
Hs.522493_at	0.447680	9.425739e-02	4.044466e-01
Hs.380220_at	0.447680	9.425739e-02	4.044466e-01
Hs.148580_at	0.447680	9.425739e-02	4.044466e-01
Hs.596704_at	0.447680	9.425739e-02	4.044466e-01
Hs.632724_at	-0.447680	9.425739e-02	4.044466e-01
Hs.159057_at	0.447680	9.425739e-02	4.044466e-01
Hs.249196_at	0.447680	9.425739e-02	4.044466e-01
Hs.445480+_at	0.447680	9.425739e-02	4.044466e-01
Hs.623552_at	0.447680	9.425739e-02	4.044466e-01
Hs.534040_at	-0.447680	9.425739e-02	4.044466e-01
Hs.202438_at	0.447680	9.425739e-02	4.044466e-01
Hs.202517_at	-0.447680	9.425739e-02	4.044466e-01
Hs.647949_at	0.447680	9.425739e-02	4.044466e-01
Hs.421961_at	0.447680	9.425739e-02	4.044466e-01
Hs.23361_at	0.447680	9.425739e-02	4.044466e-01
Hs.234249_at	0.447680	9.425739e-02	4.044466e-01
Hs.361041_at	-0.447680	9.425739e-02	4.044466e-01
Hs.21162_at	0.447680	9.425739e-02	4.044466e-01
Hs.285218_at	-0.447680	9.425739e-02	4.044466e-01
Hs.591902_at	0.447680	9.425739e-02	4.044466e-01
Hs.2442_at	0.447680	9.425739e-02	4.044466e-01
Hs.474643_at	-0.447680	9.425739e-02	4.044466e-01
Hs.135569_at	0.447680	9.425739e-02	4.044466e-01
Hs.129867_at	0.447680	9.425739e-02	4.044466e-01
Hs.282410_at	-0.447680	9.425739e-02	4.044466e-01
Hs.91626_at	0.447680	9.425739e-02	4.044466e-01
Hs.632251_at	0.447680	9.425739e-02	4.044466e-01
Hs.50732_at	-0.447680	9.425739e-02	4.044466e-01
Hs.61581_at	0.447680	9.425739e-02	4.044466e-01
Hs.444767_at	0.447680	9.425739e-02	4.044466e-01
Hs.21454_at	-0.447680	9.425739e-02	4.044466e-01
Hs.120399_at	0.447680	9.425739e-02	4.044466e-01
Hs.167368_at	0.447680	9.425739e-02	4.044466e-01
Hs.20521_at	-0.447680	9.425739e-02	4.044466e-01
Hs.434075_at	-0.447680	9.425739e-02	4.044466e-01
Hs.497692_at	-0.447680	9.425739e-02	4.044466e-01
Hs.145435_at	0.447680	9.425739e-02	4.044466e-01
Hs.609291_at	0.447680	9.425739e-02	4.044466e-01
Hs.49427_at	0.447680	9.425739e-02	4.044466e-01
Hs.129206_at	-0.447680	9.425739e-02	4.044466e-01
Hs.302742_at	-0.447680	9.425739e-02	4.044466e-01
Hs.253603_at	0.447680	9.425739e-02	4.044466e-01
Hs.120464_at	0.447680	9.425739e-02	4.044466e-01
Hs.128055_at	0.447680	9.425739e-02	4.044466e-01
Hs.11638_at	-0.447680	9.425739e-02	4.044466e-01
Hs.17958_at	0.447680	9.425739e-02	4.044466e-01
Hs.591008_at	0.447680	9.425739e-02	4.044466e-01
Hs.367879_at	0.447680	9.425739e-02	4.044466e-01
Hs.232375_at	-0.447680	9.425739e-02	4.044466e-01
Hs.427229-_at	0.447680	9.425739e-02	4.044466e-01
Hs.620384_at	0.447680	9.425739e-02	4.044466e-01
Hs.458423_at	0.447680	9.425739e-02	4.044466e-01
Hs.119273_at	0.447680	9.425739e-02	4.044466e-01
Hs.514211_at	-0.447680	9.425739e-02	4.044466e-01
Hs.36300_at	0.447680	9.425739e-02	4.044466e-01
Hs.603759-_at	-0.447680	9.425739e-02	4.044466e-01
Hs.651281_at	-0.447680	9.425739e-02	4.044466e-01
Hs.438489_at	-0.447680	9.425739e-02	4.044466e-01
Hs.436119_at	0.447680	9.425739e-02	4.044466e-01
Hs.89605_at	0.447680	9.425739e-02	4.044466e-01
Hs.89864_at	0.447680	9.425739e-02	4.044466e-01
Hs.435512_at	-0.447680	9.425739e-02	4.044466e-01
Hs.126813_at	0.447680	9.425739e-02	4.044466e-01
Hs.154429_at	-0.447680	9.425739e-02	4.044466e-01
Hs.391835_at	0.447680	9.425739e-02	4.044466e-01
Hs.196129_at	-0.447680	9.425739e-02	4.044466e-01
Hs.34969_at	0.447680	9.425739e-02	4.044466e-01
Hs.5025_at	0.447680	9.425739e-02	4.044466e-01
Hs.183006_at	-0.447680	9.425739e-02	4.044466e-01
Hs.181245_at	0.447680	9.425739e-02	4.044466e-01
Hs.76392_at	-0.447680	9.425739e-02	4.044466e-01
Hs.199380_at	0.447680	9.425739e-02	4.044466e-01
Hs.183713_at	0.447680	9.425739e-02	4.044466e-01
Hs.183435_at	-0.447680	9.425739e-02	4.044466e-01
Hs.593315_at	0.447680	9.425739e-02	4.044466e-01
Hs.405639_at	-0.447680	9.425739e-02	4.044466e-01
Hs.194385_at	0.447680	9.425739e-02	4.044466e-01
Hs.524138_at	0.447680	9.425739e-02	4.044466e-01
Hs.558308_at	0.447680	9.425739e-02	4.044466e-01
Hs.7549_at	-0.447680	9.425739e-02	4.044466e-01
Hs.55847_at	-0.447680	9.425739e-02	4.044466e-01
Hs.527119_at	-0.447680	9.425739e-02	4.044466e-01
Hs.646291_at	0.447680	9.425739e-02	4.044466e-01
Hs.148988_at	0.447680	9.425739e-02	4.044466e-01
Hs.239891_at	0.447680	9.425739e-02	4.044466e-01
Hs.475970_at	-0.447680	9.425739e-02	4.044466e-01
Hs.557916_at	0.447680	9.425739e-02	4.044466e-01
Hs.134084_at	-0.447680	9.425739e-02	4.044466e-01
Hs.194121_at	0.447680	9.425739e-02	4.044466e-01
Hs.378996_at	-0.447680	9.425739e-02	4.044466e-01
Hs.148340_at	0.447680	9.425739e-02	4.044466e-01
Hs.386793_at	0.447680	9.425739e-02	4.044466e-01
Hs.594880_at	0.447680	9.425739e-02	4.044466e-01
Hs.645326_at	0.447680	9.425739e-02	4.044466e-01
Hs.165950_at	0.444069	9.726818e-02	4.098328e-01
Hs.508720_at	0.444069	9.726818e-02	4.098328e-01
Hs.173611_at	-0.444069	9.726818e-02	4.098328e-01
Hs.98661_at	0.444069	9.726818e-02	4.098328e-01
Hs.98660_at	0.444069	9.726818e-02	4.098328e-01
Hs.482491_at	-0.444069	9.726818e-02	4.098328e-01
Hs.635313_at	-0.444069	9.726818e-02	4.098328e-01
Hs.419800_at	0.444069	9.726818e-02	4.098328e-01
Hs.150540_at	0.444069	9.726818e-02	4.098328e-01
Hs.591167_at	0.444069	9.726818e-02	4.098328e-01
Hs.471991_at	0.444069	9.726818e-02	4.098328e-01
Hs.495480_at	0.444069	9.726818e-02	4.098328e-01
Hs.445066_at	0.444069	9.726818e-02	4.098328e-01
Hs.117169_at	-0.444069	9.726818e-02	4.098328e-01
Hs.160574_at	0.444069	9.726818e-02	4.098328e-01
Hs.37009_at	0.444069	9.726818e-02	4.098328e-01
Hs.502116_at	0.444069	9.726818e-02	4.098328e-01
Hs.599470_at	-0.444069	9.726818e-02	4.098328e-01
Hs.643743_at	-0.444069	9.726818e-02	4.098328e-01
Hs.643854_at	-0.444069	9.726818e-02	4.098328e-01
Hs.124246_at	-0.444069	9.726818e-02	4.098328e-01
Hs.636918_at	-0.444069	9.726818e-02	4.098328e-01
Hs.32995_at	0.444069	9.726818e-02	4.098328e-01
Hs.188256_at	0.444069	9.726818e-02	4.098328e-01
Hs.111554_at	0.444069	9.726818e-02	4.098328e-01
Hs.152812_at	0.444069	9.726818e-02	4.098328e-01
Hs.408614_at	-0.444069	9.726818e-02	4.098328e-01
Hs.562886_at	0.444069	9.726818e-02	4.098328e-01
Hs.463059_at	0.444069	9.726818e-02	4.098328e-01
Hs.375063_at	0.444069	9.726818e-02	4.098328e-01
Hs.374990_at	0.444069	9.726818e-02	4.098328e-01
Hs.317970_at	0.444069	9.726818e-02	4.098328e-01
Hs.303084_at	0.444069	9.726818e-02	4.098328e-01
Hs.372286_at	-0.444069	9.726818e-02	4.098328e-01
Hs.599469_at	-0.444069	9.726818e-02	4.098328e-01
Hs.192131_at	0.444069	9.726818e-02	4.098328e-01
Hs.386294_at	-0.444069	9.726818e-02	4.098328e-01
Hs.145761_at	0.444069	9.726818e-02	4.098328e-01
Hs.368226_at	0.444069	9.726818e-02	4.098328e-01
Hs.515415_at	0.444069	9.726818e-02	4.098328e-01
Hs.632586_at	-0.444069	9.726818e-02	4.098328e-01
Hs.505104_at	-0.444069	9.726818e-02	4.098328e-01
Hs.438292_at	0.444069	9.726818e-02	4.098328e-01
Hs.326420_at	0.444069	9.726818e-02	4.098328e-01
Hs.23251_at	0.444069	9.726818e-02	4.098328e-01
Hs.334518_at	-0.444069	9.726818e-02	4.098328e-01
Hs.220558_at	0.444069	9.726818e-02	4.098328e-01
Hs.568480_at	0.444069	9.726818e-02	4.098328e-01
Hs.568533_at	0.444069	9.726818e-02	4.098328e-01
Hs.592221_at	0.444069	9.726818e-02	4.098328e-01
Hs.556230_at	0.444069	9.726818e-02	4.098328e-01
Hs.108332_at	-0.444069	9.726818e-02	4.098328e-01
Hs.280990_at	-0.444069	9.726818e-02	4.098328e-01
Hs.509083_at	0.444069	9.726818e-02	4.098328e-01
Hs.534590_at	0.444069	9.726818e-02	4.098328e-01
Hs.591124_at	0.444069	9.726818e-02	4.098328e-01
Hs.499886_at	-0.444069	9.726818e-02	4.098328e-01
Hs.444362_at	0.444069	9.726818e-02	4.098328e-01
Hs.156471_at	0.444069	9.726818e-02	4.098328e-01
Hs.570896_at	0.444069	9.726818e-02	4.098328e-01
Hs.553734_at	0.444069	9.726818e-02	4.098328e-01
Hs.652176_at	-0.444069	9.726818e-02	4.098328e-01
Hs.248183_at	0.444069	9.726818e-02	4.098328e-01
Hs.129462_at	0.444069	9.726818e-02	4.098328e-01
Hs.521912_at	0.444069	9.726818e-02	4.098328e-01
Hs.521461_at	-0.444069	9.726818e-02	4.098328e-01
Hs.561823_at	0.444069	9.726818e-02	4.098328e-01
Hs.132499_at	0.444069	9.726818e-02	4.098328e-01
Hs.73722_at	-0.444069	9.726818e-02	4.098328e-01
Hs.632377_at	-0.444069	9.726818e-02	4.098328e-01
Hs.591078_at	-0.444069	9.726818e-02	4.098328e-01
Hs.591081_at	-0.444069	9.726818e-02	4.098328e-01
Hs.601374_at	-0.444069	9.726818e-02	4.098328e-01
Hs.586791_at	0.444069	9.726818e-02	4.098328e-01
Hs.607093_at	-0.444069	9.726818e-02	4.098328e-01
Hs.652762_at	0.444069	9.726818e-02	4.098328e-01
Hs.442703_at	0.444069	9.726818e-02	4.098328e-01
Hs.72363_at	0.444069	9.726818e-02	4.098328e-01
Hs.54713_at	0.444069	9.726818e-02	4.098328e-01
Hs.488827_at	0.444069	9.726818e-02	4.098328e-01
Hs.558799_at	-0.444069	9.726818e-02	4.098328e-01
Hs.511837_at	-0.444069	9.726818e-02	4.098328e-01
Hs.368921_at	0.444069	9.726818e-02	4.098328e-01
Hs.524406_at	0.444069	9.726818e-02	4.098328e-01
Hs.523829_at	-0.444069	9.726818e-02	4.098328e-01
Hs.295732_at	0.444069	9.726818e-02	4.098328e-01
Hs.632472_at	-0.440459	1.003458e-01	4.135996e-01
Hs.532216_at	-0.440459	1.003458e-01	4.135996e-01
Hs.72068_at	0.440459	1.003458e-01	4.135996e-01
Hs.474066_at	-0.440459	1.003458e-01	4.135996e-01
Hs.369285_at	-0.440459	1.003458e-01	4.135996e-01
Hs.194654_at	0.440459	1.003458e-01	4.135996e-01
Hs.466917_at	0.440459	1.003458e-01	4.135996e-01
Hs.591194_at	0.440459	1.003458e-01	4.135996e-01
Hs.591198_at	-0.440459	1.003458e-01	4.135996e-01
Hs.511605_at	-0.440459	1.003458e-01	4.135996e-01
Hs.517331_at	0.440459	1.003458e-01	4.135996e-01
Hs.430733_at	-0.440459	1.003458e-01	4.135996e-01
Hs.632780_at	-0.440459	1.003458e-01	4.135996e-01
Hs.591810_at	0.440459	1.003458e-01	4.135996e-01
Hs.635378_at	0.440459	1.003458e-01	4.135996e-01
Hs.478289_at	0.440459	1.003458e-01	4.135996e-01
Hs.592591_at	0.440459	1.003458e-01	4.135996e-01
Hs.490745_at	-0.440459	1.003458e-01	4.135996e-01
Hs.445981_at	0.440459	1.003458e-01	4.135996e-01
Hs.502302_at	-0.440459	1.003458e-01	4.135996e-01
Hs.436509_at	0.440459	1.003458e-01	4.135996e-01
Hs.143046_at	0.440459	1.003458e-01	4.135996e-01
Hs.69360_at	0.440459	1.003458e-01	4.135996e-01
Hs.191815_at	0.440459	1.003458e-01	4.135996e-01
Hs.165859_at	0.440459	1.003458e-01	4.135996e-01
Hs.131072_at	0.440459	1.003458e-01	4.135996e-01
Hs.127743_at	0.440459	1.003458e-01	4.135996e-01
Hs.166891_at	-0.440459	1.003458e-01	4.135996e-01
Hs.597691_at	0.440459	1.003458e-01	4.135996e-01
Hs.498248_at	0.440459	1.003458e-01	4.135996e-01
Hs.408542_at	0.440459	1.003458e-01	4.135996e-01
Hs.624574_at	-0.440459	1.003458e-01	4.135996e-01
Hs.624178_at	0.440459	1.003458e-01	4.135996e-01
Hs.25040_at	-0.440459	1.003458e-01	4.135996e-01
Hs.391051_at	0.440459	1.003458e-01	4.135996e-01
Hs.18949_at	-0.440459	1.003458e-01	4.135996e-01
Hs.610605_at	0.440459	1.003458e-01	4.135996e-01
Hs.30570_at	0.440459	1.003458e-01	4.135996e-01
Hs.305971_at	0.440459	1.003458e-01	4.135996e-01
Hs.549577_at	-0.440459	1.003458e-01	4.135996e-01
Hs.13305_at	0.440459	1.003458e-01	4.135996e-01
Hs.75619_at	0.440459	1.003458e-01	4.135996e-01
Hs.154628_at	0.440459	1.003458e-01	4.135996e-01
Hs.147851_at	0.440459	1.003458e-01	4.135996e-01
Hs.60339_at	-0.440459	1.003458e-01	4.135996e-01
Hs.532688_at	0.440459	1.003458e-01	4.135996e-01
Hs.11916_at	-0.440459	1.003458e-01	4.135996e-01
Hs.611475_at	-0.440459	1.003458e-01	4.135996e-01
Hs.37712_at	0.440459	1.003458e-01	4.135996e-01
Hs.136982_at	0.440459	1.003458e-01	4.135996e-01
Hs.649734-_at	0.440459	1.003458e-01	4.135996e-01
Hs.45107_at	-0.440459	1.003458e-01	4.135996e-01
Hs.27744_at	0.440459	1.003458e-01	4.135996e-01
Hs.558459_at	-0.440459	1.003458e-01	4.135996e-01
Hs.515242_at	-0.440459	1.003458e-01	4.135996e-01
Hs.259347_at	-0.440459	1.003458e-01	4.135996e-01
Hs.135146_at	-0.440459	1.003458e-01	4.135996e-01
Hs.151411_at	-0.440459	1.003458e-01	4.135996e-01
Hs.205742_at	0.440459	1.003458e-01	4.135996e-01
Hs.313847_at	0.440459	1.003458e-01	4.135996e-01
Hs.601143_at	0.440459	1.003458e-01	4.135996e-01
Hs.201220_at	0.440459	1.003458e-01	4.135996e-01
Hs.515217_at	0.440459	1.003458e-01	4.135996e-01
Hs.199625_at	-0.440459	1.003458e-01	4.135996e-01
Hs.161851_at	0.440459	1.003458e-01	4.135996e-01
Hs.485910_at	-0.440459	1.003458e-01	4.135996e-01
Hs.520187_at	-0.440459	1.003458e-01	4.135996e-01
Hs.632004_at	0.440459	1.003458e-01	4.135996e-01
Hs.170107_at	-0.440459	1.003458e-01	4.135996e-01
Hs.564533_at	0.440459	1.003458e-01	4.135996e-01
Hs.131887_at	-0.440459	1.003458e-01	4.135996e-01
Hs.179565_at	-0.440459	1.003458e-01	4.135996e-01
Hs.483329_at	-0.440459	1.003458e-01	4.135996e-01
Hs.62604_at	0.440459	1.003458e-01	4.135996e-01
Hs.159291_at	0.440459	1.003458e-01	4.135996e-01
Hs.326745_at	0.440459	1.003458e-01	4.135996e-01
Hs.125785_at	0.440459	1.003458e-01	4.135996e-01
Hs.83190_at	0.440459	1.003458e-01	4.135996e-01
Hs.505469_at	-0.440459	1.003458e-01	4.135996e-01
Hs.505597_at	0.440459	1.003458e-01	4.135996e-01
Hs.528653_at	-0.440459	1.003458e-01	4.135996e-01
Hs.461727_at	0.440459	1.003458e-01	4.135996e-01
Hs.120844_at	0.440459	1.003458e-01	4.135996e-01
Hs.98586_at	0.440459	1.003458e-01	4.135996e-01
Hs.652307_at	-0.440459	1.003458e-01	4.135996e-01
Hs.98466_at	0.440459	1.003458e-01	4.135996e-01
Hs.98967_at	0.440459	1.003458e-01	4.135996e-01
Hs.426551_at	0.440459	1.003458e-01	4.135996e-01
Hs.42586_at	-0.440459	1.003458e-01	4.135996e-01
Hs.369606_at	-0.440459	1.003458e-01	4.135996e-01
Hs.648266_at	0.440459	1.003458e-01	4.135996e-01
Hs.415342_at	0.440459	1.003458e-01	4.135996e-01
Hs.591905_at	-0.440459	1.003458e-01	4.135996e-01
Hs.26232_at	0.440459	1.003458e-01	4.135996e-01
Hs.512756_at	0.440459	1.003458e-01	4.135996e-01
Hs.3352_at	-0.440459	1.003458e-01	4.135996e-01
Hs.473394_at	0.440459	1.003458e-01	4.135996e-01
Hs.534396_at	0.440459	1.003458e-01	4.135996e-01
Hs.608586_at	0.440459	1.003458e-01	4.135996e-01
Hs.115474_at	-0.440459	1.003458e-01	4.135996e-01
Hs.165575_at	-0.440459	1.003458e-01	4.135996e-01
Hs.591341_at	-0.440459	1.003458e-01	4.135996e-01
Hs.287647_at	0.440459	1.003458e-01	4.135996e-01
Hs.592631_at	-0.440459	1.003458e-01	4.135996e-01
Hs.652756_at	0.440459	1.003458e-01	4.135996e-01
Hs.630617_at	0.440459	1.003458e-01	4.135996e-01
Hs.590359_at	-0.436849	1.034910e-01	4.184873e-01
Hs.632794_at	0.436849	1.034910e-01	4.184873e-01
Hs.586550_at	-0.436849	1.034910e-01	4.184873e-01
Hs.629932_at	-0.436849	1.034910e-01	4.184873e-01
Hs.432562_at	0.436849	1.034910e-01	4.184873e-01
Hs.151291_at	0.436849	1.034910e-01	4.184873e-01
Hs.137053_at	0.436849	1.034910e-01	4.184873e-01
Hs.558473_at	-0.436849	1.034910e-01	4.184873e-01
Hs.135167_at	-0.436849	1.034910e-01	4.184873e-01
Hs.284295_at	-0.436849	1.034910e-01	4.184873e-01
Hs.487510_at	0.436849	1.034910e-01	4.184873e-01
Hs.253319_at	-0.436849	1.034910e-01	4.184873e-01
Hs.87619_at	0.436849	1.034910e-01	4.184873e-01
Hs.271955_at	-0.436849	1.034910e-01	4.184873e-01
Hs.101139_at	-0.436849	1.034910e-01	4.184873e-01
Hs.472877_at	-0.436849	1.034910e-01	4.184873e-01
Hs.591308_at	-0.436849	1.034910e-01	4.184873e-01
Hs.313142_at	0.436849	1.034910e-01	4.184873e-01
Hs.568901_at	0.436849	1.034910e-01	4.184873e-01
Hs.465413_at	-0.436849	1.034910e-01	4.184873e-01
Hs.615709_at	0.436849	1.034910e-01	4.184873e-01
Hs.462418_at	0.436849	1.034910e-01	4.184873e-01
Hs.403171_at	-0.436849	1.034910e-01	4.184873e-01
Hs.584884_at	-0.436849	1.034910e-01	4.184873e-01
Hs.427449_at	0.436849	1.034910e-01	4.184873e-01
Hs.602738_at	0.436849	1.034910e-01	4.184873e-01
Hs.631630_at	0.436849	1.034910e-01	4.184873e-01
Hs.44647_at	0.436849	1.034910e-01	4.184873e-01
Hs.199368_at	0.436849	1.034910e-01	4.184873e-01
Hs.116323_at	0.436849	1.034910e-01	4.184873e-01
Hs.927_at	0.436849	1.034910e-01	4.184873e-01
Hs.616193_at	-0.436849	1.034910e-01	4.184873e-01
Hs.514330_at	0.436849	1.034910e-01	4.184873e-01
Hs.15671_at	-0.436849	1.034910e-01	4.184873e-01
Hs.307529_at	-0.436849	1.034910e-01	4.184873e-01
Hs.567915_at	0.436849	1.034910e-01	4.184873e-01
Hs.633823_at	-0.436849	1.034910e-01	4.184873e-01
Hs.517546_at	0.436849	1.034910e-01	4.184873e-01
Hs.529280_at	-0.436849	1.034910e-01	4.184873e-01
Hs.601544_at	0.436849	1.034910e-01	4.184873e-01
Hs.143907_at	0.436849	1.034910e-01	4.184873e-01
Hs.143674_at	-0.436849	1.034910e-01	4.184873e-01
Hs.503239_at	-0.436849	1.034910e-01	4.184873e-01
Hs.107845_at	0.436849	1.034910e-01	4.184873e-01
Hs.107418_at	-0.436849	1.034910e-01	4.184873e-01
Hs.612190_at	0.436849	1.034910e-01	4.184873e-01
Hs.585716_at	0.436849	1.034910e-01	4.184873e-01
Hs.80305_at	-0.436849	1.034910e-01	4.184873e-01
Hs.362492_at	0.436849	1.034910e-01	4.184873e-01
Hs.274864_at	0.436849	1.034910e-01	4.184873e-01
Hs.5258_at	-0.436849	1.034910e-01	4.184873e-01
Hs.555934_at	0.436849	1.034910e-01	4.184873e-01
Hs.594601_at	-0.436849	1.034910e-01	4.184873e-01
Hs.554116_at	0.436849	1.034910e-01	4.184873e-01
Hs.546573-_at	0.436849	1.034910e-01	4.184873e-01
Hs.56_at	-0.436849	1.034910e-01	4.184873e-01
Hs.646327_at	-0.436849	1.034910e-01	4.184873e-01
Hs.553660_at	0.436849	1.034910e-01	4.184873e-01
Hs.160215_at	0.436849	1.034910e-01	4.184873e-01
Hs.504517_at	0.436849	1.034910e-01	4.184873e-01
Hs.470277_at	0.436849	1.034910e-01	4.184873e-01
Hs.530753_at	-0.436849	1.034910e-01	4.184873e-01
Hs.603955_at	0.436849	1.034910e-01	4.184873e-01
Hs.591847_at	-0.436849	1.034910e-01	4.184873e-01
Hs.155040_at	-0.436849	1.034910e-01	4.184873e-01
Hs.65238_at	0.436849	1.034910e-01	4.184873e-01
Hs.545196_at	0.436849	1.034910e-01	4.184873e-01
Hs.179852_at	-0.436849	1.034910e-01	4.184873e-01
Hs.179100_at	0.436849	1.034910e-01	4.184873e-01
Hs.255479_at	0.436849	1.034910e-01	4.184873e-01
Hs.170388_at	0.436849	1.034910e-01	4.184873e-01
Hs.564295_at	0.436849	1.034910e-01	4.184873e-01
Hs.499607_at	0.436849	1.034910e-01	4.184873e-01
Hs.131846_at	0.436849	1.034910e-01	4.184873e-01
Hs.555866_at	-0.436849	1.034910e-01	4.184873e-01
Hs.241383_at	0.436849	1.034910e-01	4.184873e-01
Hs.530715+_at	0.436849	1.034910e-01	4.184873e-01
Hs.274255_at	0.436849	1.034910e-01	4.184873e-01
Hs.631868_at	0.436849	1.034910e-01	4.184873e-01
Hs.590080_at	-0.436849	1.034910e-01	4.184873e-01
Hs.17109_at	-0.436849	1.034910e-01	4.184873e-01
Hs.17546_at	-0.436849	1.034910e-01	4.184873e-01
Hs.377894_at	-0.436849	1.034910e-01	4.184873e-01
Hs.350475_at	-0.436849	1.034910e-01	4.184873e-01
Hs.247565_at	0.436849	1.034910e-01	4.184873e-01
Hs.635296_at	0.436849	1.034910e-01	4.184873e-01
Hs.446336_at	0.436849	1.034910e-01	4.184873e-01
Hs.301989_at	0.436849	1.034910e-01	4.184873e-01
Hs.382164_at	0.436849	1.034910e-01	4.184873e-01
Hs.81791_at	0.436849	1.034910e-01	4.184873e-01
Hs.631579_at	0.436849	1.034910e-01	4.184873e-01
Hs.550313_at	0.436849	1.034910e-01	4.184873e-01
Hs.430439_at	-0.436849	1.034910e-01	4.184873e-01
Hs.512492_at	0.436849	1.034910e-01	4.184873e-01
Hs.651563_at	0.433238	1.067044e-01	4.229622e-01
Hs.58831_at	-0.433238	1.067044e-01	4.229622e-01
Hs.193825_at	-0.433238	1.067044e-01	4.229622e-01
Hs.596071_at	-0.433238	1.067044e-01	4.229622e-01
Hs.270043_at	-0.433238	1.067044e-01	4.229622e-01
Hs.430199_at	-0.433238	1.067044e-01	4.229622e-01
Hs.517113_at	0.433238	1.067044e-01	4.229622e-01
Hs.596865_at	0.433238	1.067044e-01	4.229622e-01
Hs.440508_at	-0.433238	1.067044e-01	4.229622e-01
Hs.501379_at	-0.433238	1.067044e-01	4.229622e-01
Hs.50125_at	-0.433238	1.067044e-01	4.229622e-01
Hs.368626_at	-0.433238	1.067044e-01	4.229622e-01
Hs.433466_at	-0.433238	1.067044e-01	4.229622e-01
Hs.196042_at	0.433238	1.067044e-01	4.229622e-01
Hs.521124_at	-0.433238	1.067044e-01	4.229622e-01
Hs.349111_at	-0.433238	1.067044e-01	4.229622e-01
Hs.446664_at	0.433238	1.067044e-01	4.229622e-01
Hs.459759_at	0.433238	1.067044e-01	4.229622e-01
Hs.557850_at	-0.433238	1.067044e-01	4.229622e-01
Hs.129614_at	-0.433238	1.067044e-01	4.229622e-01
Hs.334493_at	0.433238	1.067044e-01	4.229622e-01
Hs.234434_at	0.433238	1.067044e-01	4.229622e-01
Hs.164419_at	0.433238	1.067044e-01	4.229622e-01
Hs.130438_at	0.433238	1.067044e-01	4.229622e-01
Hs.549053_at	-0.433238	1.067044e-01	4.229622e-01
Hs.164410_at	0.433238	1.067044e-01	4.229622e-01
Hs.518203_at	-0.433238	1.067044e-01	4.229622e-01
Hs.77768_at	0.433238	1.067044e-01	4.229622e-01
Hs.125844_at	0.433238	1.067044e-01	4.229622e-01
Hs.387755_at	-0.433238	1.067044e-01	4.229622e-01
Hs.647055_at	0.433238	1.067044e-01	4.229622e-01
Hs.325838_at	0.433238	1.067044e-01	4.229622e-01
Hs.543290_at	0.433238	1.067044e-01	4.229622e-01
Hs.633895_at	0.433238	1.067044e-01	4.229622e-01
Hs.434133_at	-0.433238	1.067044e-01	4.229622e-01
Hs.563274_at	0.433238	1.067044e-01	4.229622e-01
Hs.130683_at	-0.433238	1.067044e-01	4.229622e-01
Hs.292177_at	0.433238	1.067044e-01	4.229622e-01
Hs.234016_at	-0.433238	1.067044e-01	4.229622e-01
Hs.233389_at	-0.433238	1.067044e-01	4.229622e-01
Hs.212088_at	-0.433238	1.067044e-01	4.229622e-01
Hs.361323_at	0.433238	1.067044e-01	4.229622e-01
Hs.444664_at	-0.433238	1.067044e-01	4.229622e-01
Hs.407202_at	0.433238	1.067044e-01	4.229622e-01
Hs.406894_at	0.433238	1.067044e-01	4.229622e-01
Hs.57079-_at	-0.433238	1.067044e-01	4.229622e-01
Hs.293388_at	-0.433238	1.067044e-01	4.229622e-01
Hs.210532_at	-0.433238	1.067044e-01	4.229622e-01
Hs.604822_at	-0.433238	1.067044e-01	4.229622e-01
Hs.492203_at	0.433238	1.067044e-01	4.229622e-01
Hs.98321_at	0.433238	1.067044e-01	4.229622e-01
Hs.414481_at	0.433238	1.067044e-01	4.229622e-01
Hs.166109_at	0.433238	1.067044e-01	4.229622e-01
Hs.513977_at	0.433238	1.067044e-01	4.229622e-01
Hs.48832_at	-0.433238	1.067044e-01	4.229622e-01
Hs.149917_at	0.433238	1.067044e-01	4.229622e-01
Hs.469316_at	0.433238	1.067044e-01	4.229622e-01
Hs.200101_at	0.433238	1.067044e-01	4.229622e-01
Hs.364191_at	0.433238	1.067044e-01	4.229622e-01
Hs.617179_at	0.433238	1.067044e-01	4.229622e-01
Hs.644008_at	-0.433238	1.067044e-01	4.229622e-01
Hs.426162_at	0.433238	1.067044e-01	4.229622e-01
Hs.269944_at	-0.433238	1.067044e-01	4.229622e-01
Hs.82502_at	-0.433238	1.067044e-01	4.229622e-01
Hs.631560_at	0.433238	1.067044e-01	4.229622e-01
Hs.368866_at	-0.433238	1.067044e-01	4.229622e-01
Hs.531788_at	-0.433238	1.067044e-01	4.229622e-01
Hs.78060_at	-0.433238	1.067044e-01	4.229622e-01
Hs.243987_at	0.433238	1.067044e-01	4.229622e-01
Hs.24321_at	0.433238	1.067044e-01	4.229622e-01
Hs.522615_at	0.433238	1.067044e-01	4.229622e-01
Hs.440501_at	0.433238	1.067044e-01	4.229622e-01
Hs.585464_at	0.433238	1.067044e-01	4.229622e-01
Hs.523446_at	0.433238	1.067044e-01	4.229622e-01
Hs.172755_at	0.433238	1.067044e-01	4.229622e-01
Hs.446623_at	0.433238	1.067044e-01	4.229622e-01
Hs.604692_at	-0.433238	1.067044e-01	4.229622e-01
Hs.352224_at	0.433238	1.067044e-01	4.229622e-01
Hs.1144_at	0.433238	1.067044e-01	4.229622e-01
Hs.128375_at	0.433238	1.067044e-01	4.229622e-01
Hs.472690_at	0.433238	1.067044e-01	4.229622e-01
Hs.633533_at	0.433238	1.067044e-01	4.229622e-01
Hs.378501_at	0.433238	1.067044e-01	4.229622e-01
Hs.534168_at	-0.433238	1.067044e-01	4.229622e-01
Hs.43899_at	-0.433238	1.067044e-01	4.229622e-01
Hs.438683_at	-0.433238	1.067044e-01	4.229622e-01
Hs.237017_at	0.433238	1.067044e-01	4.229622e-01
Hs.158300_at	0.433238	1.067044e-01	4.229622e-01
Hs.21837_at	0.433238	1.067044e-01	4.229622e-01
Hs.110364_at	0.433238	1.067044e-01	4.229622e-01
Hs.26216_at	0.433238	1.067044e-01	4.229622e-01
Hs.422986_at	-0.433238	1.067044e-01	4.229622e-01
Hs.420024_at	0.433238	1.067044e-01	4.229622e-01
Hs.150556_at	0.433238	1.067044e-01	4.229622e-01
Hs.266745_at	0.433238	1.067044e-01	4.229622e-01
Hs.516986_at	0.433238	1.067044e-01	4.229622e-01
Hs.152944_at	-0.433238	1.067044e-01	4.229622e-01
Hs.577064_at	0.433238	1.067044e-01	4.229622e-01
Hs.648905_at	0.433238	1.067044e-01	4.229622e-01
Hs.437043_at	0.433238	1.067044e-01	4.229622e-01
Hs.444950_at	0.429628	1.099865e-01	4.265403e-01
Hs.94229_at	0.429628	1.099865e-01	4.265403e-01
Hs.591283_at	-0.429628	1.099865e-01	4.265403e-01
Hs.632787_at	0.429628	1.099865e-01	4.265403e-01
Hs.247978_at	0.429628	1.099865e-01	4.265403e-01
Hs.460095_at	0.429628	1.099865e-01	4.265403e-01
Hs.477440_at	-0.429628	1.099865e-01	4.265403e-01
Hs.420830_at	0.429628	1.099865e-01	4.265403e-01
Hs.74576_at	0.429628	1.099865e-01	4.265403e-01
Hs.2633_at	0.429628	1.099865e-01	4.265403e-01
Hs.421848_at	-0.429628	1.099865e-01	4.265403e-01
Hs.524382_at	0.429628	1.099865e-01	4.265403e-01
Hs.172753_at	0.429628	1.099865e-01	4.265403e-01
Hs.104203_at	-0.429628	1.099865e-01	4.265403e-01
Hs.466828_at	0.429628	1.099865e-01	4.265403e-01
Hs.102406_at	0.429628	1.099865e-01	4.265403e-01
Hs.652764-_at	-0.429628	1.099865e-01	4.265403e-01
Hs.443428_at	0.429628	1.099865e-01	4.265403e-01
Hs.21703_at	0.429628	1.099865e-01	4.265403e-01
Hs.332708_at	-0.429628	1.099865e-01	4.265403e-01
Hs.8752_at	-0.429628	1.099865e-01	4.265403e-01
Hs.652254_at	-0.429628	1.099865e-01	4.265403e-01
Hs.354243_at	0.429628	1.099865e-01	4.265403e-01
Hs.333383_at	0.429628	1.099865e-01	4.265403e-01
Hs.21577_at	-0.429628	1.099865e-01	4.265403e-01
Hs.403857_at	-0.429628	1.099865e-01	4.265403e-01
Hs.462590_at	0.429628	1.099865e-01	4.265403e-01
Hs.302346_at	0.429628	1.099865e-01	4.265403e-01
Hs.144266_at	0.429628	1.099865e-01	4.265403e-01
Hs.535845_at	-0.429628	1.099865e-01	4.265403e-01
Hs.113275_at	0.429628	1.099865e-01	4.265403e-01
Hs.645274_at	-0.429628	1.099865e-01	4.265403e-01
Hs.1454_at	0.429628	1.099865e-01	4.265403e-01
Hs.533887_at	0.429628	1.099865e-01	4.265403e-01
Hs.614040_at	-0.429628	1.099865e-01	4.265403e-01
Hs.443109_at	0.429628	1.099865e-01	4.265403e-01
Hs.614548_at	-0.429628	1.099865e-01	4.265403e-01
Hs.91608_at	0.429628	1.099865e-01	4.265403e-01
Hs.207471_at	0.429628	1.099865e-01	4.265403e-01
Hs.529948_at	-0.429628	1.099865e-01	4.265403e-01
Hs.437730_at	0.429628	1.099865e-01	4.265403e-01
Hs.437779_at	-0.429628	1.099865e-01	4.265403e-01
Hs.160098_at	0.429628	1.099865e-01	4.265403e-01
Hs.584957_at	-0.429628	1.099865e-01	4.265403e-01
Hs.444298_at	0.429628	1.099865e-01	4.265403e-01
Hs.586722_at	0.429628	1.099865e-01	4.265403e-01
Hs.119192_at	-0.429628	1.099865e-01	4.265403e-01
Hs.501852_at	0.429628	1.099865e-01	4.265403e-01
Hs.473254_at	0.429628	1.099865e-01	4.265403e-01
Hs.435735_at	0.429628	1.099865e-01	4.265403e-01
Hs.115088_at	-0.429628	1.099865e-01	4.265403e-01
Hs.300774_at	0.429628	1.099865e-01	4.265403e-01
Hs.591342_at	0.429628	1.099865e-01	4.265403e-01
Hs.520785_at	-0.429628	1.099865e-01	4.265403e-01
Hs.350949_at	0.429628	1.099865e-01	4.265403e-01
Hs.135270_at	0.429628	1.099865e-01	4.265403e-01
Hs.97013_at	0.429628	1.099865e-01	4.265403e-01
Hs.765_at	0.429628	1.099865e-01	4.265403e-01
Hs.497873_at	0.429628	1.099865e-01	4.265403e-01
Hs.377070_at	0.429628	1.099865e-01	4.265403e-01
Hs.570141_at	-0.429628	1.099865e-01	4.265403e-01
Hs.58593_at	-0.429628	1.099865e-01	4.265403e-01
Hs.567367_at	-0.429628	1.099865e-01	4.265403e-01
Hs.376046_at	-0.429628	1.099865e-01	4.265403e-01
Hs.566191_at	0.429628	1.099865e-01	4.265403e-01
Hs.166188_at	0.429628	1.099865e-01	4.265403e-01
Hs.7155_at	-0.429628	1.099865e-01	4.265403e-01
Hs.624546_at	-0.429628	1.099865e-01	4.265403e-01
Hs.283725_at	0.429628	1.099865e-01	4.265403e-01
Hs.520710_at	-0.429628	1.099865e-01	4.265403e-01
Hs.592200_at	0.429628	1.099865e-01	4.265403e-01
Hs.352671_at	-0.429628	1.099865e-01	4.265403e-01
Hs.610297_at	0.429628	1.099865e-01	4.265403e-01
Hs.584774_at	0.429628	1.099865e-01	4.265403e-01
Hs.627368_at	0.429628	1.099865e-01	4.265403e-01
Hs.521432_at	0.429628	1.099865e-01	4.265403e-01
Hs.279257_at	-0.429628	1.099865e-01	4.265403e-01
Hs.29235_at	0.429628	1.099865e-01	4.265403e-01
Hs.518247_at	0.429628	1.099865e-01	4.265403e-01
Hs.88556_at	-0.429628	1.099865e-01	4.265403e-01
Hs.157351_at	-0.429628	1.099865e-01	4.265403e-01
Hs.143519_at	0.429628	1.099865e-01	4.265403e-01
Hs.77269_at	0.429628	1.099865e-01	4.265403e-01
Hs.189716_at	-0.429628	1.099865e-01	4.265403e-01
Hs.144030+_at	0.429628	1.099865e-01	4.265403e-01
Hs.529038_at	0.429628	1.099865e-01	4.265403e-01
Hs.248294_at	0.429628	1.099865e-01	4.265403e-01
Hs.545242_at	0.429628	1.099865e-01	4.265403e-01
Hs.651212_at	-0.429628	1.099865e-01	4.265403e-01
Hs.225356_at	0.429628	1.099865e-01	4.265403e-01
Hs.479403_at	-0.429628	1.099865e-01	4.265403e-01
Hs.73769_at	0.429628	1.099865e-01	4.265403e-01
Hs.437277_at	0.429628	1.099865e-01	4.265403e-01
Hs.369607_at	0.429628	1.099865e-01	4.265403e-01
Hs.514297_at	0.429628	1.099865e-01	4.265403e-01
Hs.612920_at	0.429628	1.099865e-01	4.265403e-01
Hs.246310_at	-0.429628	1.099865e-01	4.265403e-01
Hs.553507_at	0.429628	1.099865e-01	4.265403e-01
Hs.284450_at	-0.429628	1.099865e-01	4.265403e-01
Hs.405046_at	0.429628	1.099865e-01	4.265403e-01
Hs.508514_at	0.429628	1.099865e-01	4.265403e-01
Hs.169002_at	0.429628	1.099865e-01	4.265403e-01
Hs.437058_at	0.429628	1.099865e-01	4.265403e-01
Hs.596421_at	-0.429628	1.099865e-01	4.265403e-01
Hs.444975_at	-0.429628	1.099865e-01	4.265403e-01
Hs.504062_at	0.429628	1.099865e-01	4.265403e-01
Hs.602997_at	0.429628	1.099865e-01	4.265403e-01
Hs.99971_at	-0.429628	1.099865e-01	4.265403e-01
Hs.426324_at	-0.429628	1.099865e-01	4.265403e-01
Hs.27021_at	-0.429628	1.099865e-01	4.265403e-01
Hs.607553_at	0.429628	1.099865e-01	4.265403e-01
Hs.337588_at	-0.429628	1.099865e-01	4.265403e-01
Hs.131034_at	0.426018	1.133380e-01	4.317814e-01
Hs.617168_at	0.426018	1.133380e-01	4.317814e-01
Hs.598368_at	-0.426018	1.133380e-01	4.317814e-01
Hs.432996_at	0.426018	1.133380e-01	4.317814e-01
Hs.592201_at	0.426018	1.133380e-01	4.317814e-01
Hs.37558_at	-0.426018	1.133380e-01	4.317814e-01
Hs.623732_at	0.426018	1.133380e-01	4.317814e-01
Hs.130730_at	0.426018	1.133380e-01	4.317814e-01
Hs.630777_at	-0.426018	1.133380e-01	4.317814e-01
Hs.415766_at	0.426018	1.133380e-01	4.317814e-01
Hs.460179_at	-0.426018	1.133380e-01	4.317814e-01
Hs.79363_at	0.426018	1.133380e-01	4.317814e-01
Hs.7921_at	0.426018	1.133380e-01	4.317814e-01
Hs.55028_at	0.426018	1.133380e-01	4.317814e-01
Hs.495779_at	0.426018	1.133380e-01	4.317814e-01
Hs.194411_at	0.426018	1.133380e-01	4.317814e-01
Hs.460355_at	-0.426018	1.133380e-01	4.317814e-01
Hs.294103_at	-0.426018	1.133380e-01	4.317814e-01
Hs.445952_at	0.426018	1.133380e-01	4.317814e-01
Hs.514402_at	0.426018	1.133380e-01	4.317814e-01
Hs.514802_at	-0.426018	1.133380e-01	4.317814e-01
Hs.514323_at	0.426018	1.133380e-01	4.317814e-01
Hs.567662_at	-0.426018	1.133380e-01	4.317814e-01
Hs.142505_at	0.426018	1.133380e-01	4.317814e-01
Hs.519842_at	0.426018	1.133380e-01	4.317814e-01
Hs.513986_at	0.426018	1.133380e-01	4.317814e-01
Hs.404167_at	0.426018	1.133380e-01	4.317814e-01
Hs.514477_at	0.426018	1.133380e-01	4.317814e-01
Hs.479122_at	-0.426018	1.133380e-01	4.317814e-01
Hs.544932_at	0.426018	1.133380e-01	4.317814e-01
Hs.652920_at	-0.426018	1.133380e-01	4.317814e-01
Hs.504237_at	-0.426018	1.133380e-01	4.317814e-01
Hs.603330_at	-0.426018	1.133380e-01	4.317814e-01
Hs.145481_at	0.426018	1.133380e-01	4.317814e-01
Hs.176498_at	0.426018	1.133380e-01	4.317814e-01
Hs.91622_at	0.426018	1.133380e-01	4.317814e-01
Hs.128866_at	0.426018	1.133380e-01	4.317814e-01
Hs.144492_at	0.426018	1.133380e-01	4.317814e-01
Hs.632595_at	0.426018	1.133380e-01	4.317814e-01
Hs.546246_at	0.426018	1.133380e-01	4.317814e-01
Hs.499659_at	0.426018	1.133380e-01	4.317814e-01
Hs.130491_at	-0.426018	1.133380e-01	4.317814e-01
Hs.112218_at	0.426018	1.133380e-01	4.317814e-01
Hs.306083_at	-0.426018	1.133380e-01	4.317814e-01
Hs.30561_at	-0.426018	1.133380e-01	4.317814e-01
Hs.614259_at	0.426018	1.133380e-01	4.317814e-01
Hs.438250_at	0.426018	1.133380e-01	4.317814e-01
Hs.525572_at	0.426018	1.133380e-01	4.317814e-01
Hs.240951_at	0.426018	1.133380e-01	4.317814e-01
Hs.274539_at	-0.426018	1.133380e-01	4.317814e-01
Hs.650243_at	-0.426018	1.133380e-01	4.317814e-01
Hs.61255_at	0.426018	1.133380e-01	4.317814e-01
Hs.632532_at	-0.426018	1.133380e-01	4.317814e-01
Hs.531624_at	0.426018	1.133380e-01	4.317814e-01
Hs.11776_at	0.426018	1.133380e-01	4.317814e-01
Hs.213284_at	0.426018	1.133380e-01	4.317814e-01
Hs.647190_at	-0.426018	1.133380e-01	4.317814e-01
Hs.368296_at	-0.426018	1.133380e-01	4.317814e-01
Hs.368160_at	0.426018	1.133380e-01	4.317814e-01
Hs.160264_at	0.426018	1.133380e-01	4.317814e-01
Hs.468410_at	0.426018	1.133380e-01	4.317814e-01
Hs.207174_at	0.426018	1.133380e-01	4.317814e-01
Hs.190559_at	0.426018	1.133380e-01	4.317814e-01
Hs.154163_at	-0.426018	1.133380e-01	4.317814e-01
Hs.2233_at	0.426018	1.133380e-01	4.317814e-01
Hs.146161_at	0.426018	1.133380e-01	4.317814e-01
Hs.557655_at	0.426018	1.133380e-01	4.317814e-01
Hs.389019_at	-0.426018	1.133380e-01	4.317814e-01
Hs.571874_at	0.426018	1.133380e-01	4.317814e-01
Hs.572001_at	-0.426018	1.133380e-01	4.317814e-01
Hs.560087_at	-0.426018	1.133380e-01	4.317814e-01
Hs.433203_at	-0.426018	1.133380e-01	4.317814e-01
Hs.472716_at	0.426018	1.133380e-01	4.317814e-01
Hs.435941_at	0.426018	1.133380e-01	4.317814e-01
Hs.496710_at	-0.426018	1.133380e-01	4.317814e-01
Hs.131915_at	0.426018	1.133380e-01	4.317814e-01
Hs.410111_at	0.426018	1.133380e-01	4.317814e-01
Hs.631931_at	0.426018	1.133380e-01	4.317814e-01
Hs.526735_at	0.426018	1.133380e-01	4.317814e-01
Hs.497512_at	0.426018	1.133380e-01	4.317814e-01
Hs.442718_at	0.426018	1.133380e-01	4.317814e-01
Hs.122599_at	0.426018	1.133380e-01	4.317814e-01
Hs.567529_at	0.426018	1.133380e-01	4.317814e-01
Hs.495417_at	0.426018	1.133380e-01	4.317814e-01
Hs.168132_at	-0.426018	1.133380e-01	4.317814e-01
Hs.474010_at	0.426018	1.133380e-01	4.317814e-01
Hs.213717_at	0.426018	1.133380e-01	4.317814e-01
Hs.460618_at	0.426018	1.133380e-01	4.317814e-01
Hs.106511_at	0.426018	1.133380e-01	4.317814e-01
Hs.440466_at	-0.426018	1.133380e-01	4.317814e-01
Hs.158680_at	0.426018	1.133380e-01	4.317814e-01
Hs.632904_at	0.426018	1.133380e-01	4.317814e-01
Hs.560940_at	0.426018	1.133380e-01	4.317814e-01
Hs.634501_at	0.422407	1.167596e-01	4.356406e-01
Hs.511756_at	-0.422407	1.167596e-01	4.356406e-01
Hs.268675_at	-0.422407	1.167596e-01	4.356406e-01
Hs.466766_at	0.422407	1.167596e-01	4.356406e-01
Hs.42217_at	-0.422407	1.167596e-01	4.356406e-01
Hs.9873_at	-0.422407	1.167596e-01	4.356406e-01
Hs.648197_at	0.422407	1.167596e-01	4.356406e-01
Hs.415950_at	-0.422407	1.167596e-01	4.356406e-01
Hs.581171_at	-0.422407	1.167596e-01	4.356406e-01
Hs.651441_at	0.422407	1.167596e-01	4.356406e-01
Hs.567935_at	0.422407	1.167596e-01	4.356406e-01
Hs.567706_at	0.422407	1.167596e-01	4.356406e-01
Hs.28249_at	-0.422407	1.167596e-01	4.356406e-01
Hs.137108_at	-0.422407	1.167596e-01	4.356406e-01
Hs.567410_at	-0.422407	1.167596e-01	4.356406e-01
Hs.527982_at	0.422407	1.167596e-01	4.356406e-01
Hs.40763_at	-0.422407	1.167596e-01	4.356406e-01
Hs.557559_at	0.422407	1.167596e-01	4.356406e-01
Hs.351785_at	0.422407	1.167596e-01	4.356406e-01
Hs.58414_at	0.422407	1.167596e-01	4.356406e-01
Hs.475688_at	-0.422407	1.167596e-01	4.356406e-01
Hs.181159_at	0.422407	1.167596e-01	4.356406e-01
Hs.150981_at	0.422407	1.167596e-01	4.356406e-01
Hs.450028_at	0.422407	1.167596e-01	4.356406e-01
Hs.1787_at	0.422407	1.167596e-01	4.356406e-01
Hs.432491_at	-0.422407	1.167596e-01	4.356406e-01
Hs.561575_at	0.422407	1.167596e-01	4.356406e-01
Hs.644252_at	-0.422407	1.167596e-01	4.356406e-01
Hs.520851_at	0.422407	1.167596e-01	4.356406e-01
Hs.371894_at	0.422407	1.167596e-01	4.356406e-01
Hs.128096_at	-0.422407	1.167596e-01	4.356406e-01
Hs.307096_at	0.422407	1.167596e-01	4.356406e-01
Hs.3068_at	-0.422407	1.167596e-01	4.356406e-01
Hs.143610_at	0.422407	1.167596e-01	4.356406e-01
Hs.156540_at	0.422407	1.167596e-01	4.356406e-01
Hs.444818_at	-0.422407	1.167596e-01	4.356406e-01
Hs.46423_at	-0.422407	1.167596e-01	4.356406e-01
Hs.634744_at	-0.422407	1.167596e-01	4.356406e-01
Hs.462108_at	0.422407	1.167596e-01	4.356406e-01
Hs.491626_at	-0.422407	1.167596e-01	4.356406e-01
Hs.493159_at	0.422407	1.167596e-01	4.356406e-01
Hs.209945_at	-0.422407	1.167596e-01	4.356406e-01
Hs.411925_at	-0.422407	1.167596e-01	4.356406e-01
Hs.48499_at	-0.422407	1.167596e-01	4.356406e-01
Hs.484371_at	-0.422407	1.167596e-01	4.356406e-01
Hs.610407_at	-0.422407	1.167596e-01	4.356406e-01
Hs.221847_at	-0.422407	1.167596e-01	4.356406e-01
Hs.107622_at	-0.422407	1.167596e-01	4.356406e-01
Hs.571398_at	0.422407	1.167596e-01	4.356406e-01
Hs.532681_at	0.422407	1.167596e-01	4.356406e-01
Hs.156814_at	-0.422407	1.167596e-01	4.356406e-01
Hs.368960_at	-0.422407	1.167596e-01	4.356406e-01
Hs.143963_at	0.422407	1.167596e-01	4.356406e-01
Hs.647182_at	-0.422407	1.167596e-01	4.356406e-01
Hs.609785_at	0.422407	1.167596e-01	4.356406e-01
Hs.326766_at	0.422407	1.167596e-01	4.356406e-01
Hs.326941_at	0.422407	1.167596e-01	4.356406e-01
Hs.232332_at	-0.422407	1.167596e-01	4.356406e-01
Hs.2_at	0.422407	1.167596e-01	4.356406e-01
Hs.30054_at	-0.422407	1.167596e-01	4.356406e-01
Hs.600830_at	0.422407	1.167596e-01	4.356406e-01
Hs.37058_at	0.422407	1.167596e-01	4.356406e-01
Hs.370689_at	-0.422407	1.167596e-01	4.356406e-01
Hs.443031_at	-0.422407	1.167596e-01	4.356406e-01
Hs.369840_at	-0.422407	1.167596e-01	4.356406e-01
Hs.614516+_at	0.422407	1.167596e-01	4.356406e-01
Hs.590967_at	-0.422407	1.167596e-01	4.356406e-01
Hs.325846_at	-0.422407	1.167596e-01	4.356406e-01
Hs.211701_at	0.422407	1.167596e-01	4.356406e-01
Hs.636533_at	-0.422407	1.167596e-01	4.356406e-01
Hs.127189_at	-0.422407	1.167596e-01	4.356406e-01
Hs.633815_at	-0.422407	1.167596e-01	4.356406e-01
Hs.112596_at	0.422407	1.167596e-01	4.356406e-01
Hs.567688_at	-0.422407	1.167596e-01	4.356406e-01
Hs.3439_at	-0.422407	1.167596e-01	4.356406e-01
Hs.443072_at	-0.422407	1.167596e-01	4.356406e-01
Hs.529959_at	-0.422407	1.167596e-01	4.356406e-01
Hs.529680_at	0.422407	1.167596e-01	4.356406e-01
Hs.493796_at	0.422407	1.167596e-01	4.356406e-01
Hs.645383_at	0.422407	1.167596e-01	4.356406e-01
Hs.639414_at	-0.422407	1.167596e-01	4.356406e-01
Hs.531879_at	-0.422407	1.167596e-01	4.356406e-01
Hs.172865_at	-0.422407	1.167596e-01	4.356406e-01
Hs.464734_at	-0.422407	1.167596e-01	4.356406e-01
Hs.609017+_at	0.422407	1.167596e-01	4.356406e-01
Hs.634574_at	0.422407	1.167596e-01	4.356406e-01
Hs.502072_at	0.422407	1.167596e-01	4.356406e-01
Hs.294603_at	-0.422407	1.167596e-01	4.356406e-01
Hs.242947_at	0.422407	1.167596e-01	4.356406e-01
Hs.302130_at	-0.422407	1.167596e-01	4.356406e-01
Hs.555978_at	0.422407	1.167596e-01	4.356406e-01
Hs.303197_at	0.422407	1.167596e-01	4.356406e-01
Hs.528320_at	-0.422407	1.167596e-01	4.356406e-01
Hs.130607_at	0.422407	1.167596e-01	4.356406e-01
Hs.130316_at	0.422407	1.167596e-01	4.356406e-01
Hs.124490_at	0.422407	1.167596e-01	4.356406e-01
Hs.352338_at	-0.422407	1.167596e-01	4.356406e-01
Hs.645235_at	-0.422407	1.167596e-01	4.356406e-01
Hs.7001_at	0.422407	1.167596e-01	4.356406e-01
Hs.131130_at	0.422407	1.167596e-01	4.356406e-01
Hs.434595_at	0.422407	1.167596e-01	4.356406e-01
Hs.188606_at	0.422407	1.167596e-01	4.356406e-01
Hs.528222_at	-0.422407	1.167596e-01	4.356406e-01
Hs.287362_at	0.422407	1.167596e-01	4.356406e-01
Hs.438720_at	-0.422407	1.167596e-01	4.356406e-01
Hs.66048_at	0.422407	1.167596e-01	4.356406e-01
Hs.337024_at	0.422407	1.167596e-01	4.356406e-01
Hs.647487_at	0.422407	1.167596e-01	4.356406e-01
Hs.631762_at	0.422407	1.167596e-01	4.356406e-01
Hs.271819_at	0.422407	1.167596e-01	4.356406e-01
Hs.133352_at	0.422407	1.167596e-01	4.356406e-01
Hs.287369_at	0.418797	1.202517e-01	4.390422e-01
Hs.250281_at	0.418797	1.202517e-01	4.390422e-01
Hs.286194_at	0.418797	1.202517e-01	4.390422e-01
Hs.446098_at	-0.418797	1.202517e-01	4.390422e-01
Hs.461131_at	-0.418797	1.202517e-01	4.390422e-01
Hs.236298_at	0.418797	1.202517e-01	4.390422e-01
Hs.514435_at	-0.418797	1.202517e-01	4.390422e-01
Hs.436495_at	0.418797	1.202517e-01	4.390422e-01
Hs.99500_at	0.418797	1.202517e-01	4.390422e-01
Hs.611638_at	0.418797	1.202517e-01	4.390422e-01
Hs.128696_at	-0.418797	1.202517e-01	4.390422e-01
Hs.495108_at	0.418797	1.202517e-01	4.390422e-01
Hs.470887_at	0.418797	1.202517e-01	4.390422e-01
Hs.634688_at	-0.418797	1.202517e-01	4.390422e-01
Hs.647580_at	-0.418797	1.202517e-01	4.390422e-01
Hs.428027_at	-0.418797	1.202517e-01	4.390422e-01
Hs.150651_at	-0.418797	1.202517e-01	4.390422e-01
Hs.458593_at	0.418797	1.202517e-01	4.390422e-01
Hs.443005_at	0.418797	1.202517e-01	4.390422e-01
Hs.238990_at	-0.418797	1.202517e-01	4.390422e-01
Hs.614435_at	0.418797	1.202517e-01	4.390422e-01
Hs.16059_at	-0.418797	1.202517e-01	4.390422e-01
Hs.204732_at	0.418797	1.202517e-01	4.390422e-01
Hs.523855_at	-0.418797	1.202517e-01	4.390422e-01
Hs.458324_at	0.418797	1.202517e-01	4.390422e-01
Hs.503891_at	-0.418797	1.202517e-01	4.390422e-01
Hs.368421_at	0.418797	1.202517e-01	4.390422e-01
Hs.2399_at	0.418797	1.202517e-01	4.390422e-01
Hs.1584_at	0.418797	1.202517e-01	4.390422e-01
Hs.467084_at	-0.418797	1.202517e-01	4.390422e-01
Hs.27151_at	-0.418797	1.202517e-01	4.390422e-01
Hs.631805_at	0.418797	1.202517e-01	4.390422e-01
Hs.429179_at	0.418797	1.202517e-01	4.390422e-01
Hs.523763_at	0.418797	1.202517e-01	4.390422e-01
Hs.522680_at	0.418797	1.202517e-01	4.390422e-01
Hs.2303_at	0.418797	1.202517e-01	4.390422e-01
Hs.459709_at	0.418797	1.202517e-01	4.390422e-01
Hs.101742_at	0.418797	1.202517e-01	4.390422e-01
Hs.99231_at	0.418797	1.202517e-01	4.390422e-01
Hs.631591_at	-0.418797	1.202517e-01	4.390422e-01
Hs.30495_at	0.418797	1.202517e-01	4.390422e-01
Hs.445244_at	0.418797	1.202517e-01	4.390422e-01
Hs.435166_at	-0.418797	1.202517e-01	4.390422e-01
Hs.651117_at	0.418797	1.202517e-01	4.390422e-01
Hs.597967_at	-0.418797	1.202517e-01	4.390422e-01
Hs.378821_at	0.418797	1.202517e-01	4.390422e-01
Hs.253652_at	0.418797	1.202517e-01	4.390422e-01
Hs.631946_at	0.418797	1.202517e-01	4.390422e-01
Hs.253594_at	-0.418797	1.202517e-01	4.390422e-01
Hs.408233_at	-0.418797	1.202517e-01	4.390422e-01
Hs.195799_at	0.418797	1.202517e-01	4.390422e-01
Hs.49658_at	-0.418797	1.202517e-01	4.390422e-01
Hs.128188_at	0.418797	1.202517e-01	4.390422e-01
Hs.632299_at	-0.418797	1.202517e-01	4.390422e-01
Hs.632294_at	-0.418797	1.202517e-01	4.390422e-01
Hs.387567_at	-0.418797	1.202517e-01	4.390422e-01
Hs.276884_at	0.418797	1.202517e-01	4.390422e-01
Hs.631918_at	0.418797	1.202517e-01	4.390422e-01
Hs.521012_at	0.418797	1.202517e-01	4.390422e-01
Hs.520814_at	-0.418797	1.202517e-01	4.390422e-01
Hs.591530_at	-0.418797	1.202517e-01	4.390422e-01
Hs.591566_at	-0.418797	1.202517e-01	4.390422e-01
Hs.483444_at	0.418797	1.202517e-01	4.390422e-01
Hs.592068_at	0.418797	1.202517e-01	4.390422e-01
Hs.591918_at	0.418797	1.202517e-01	4.390422e-01
Hs.151219_at	0.418797	1.202517e-01	4.390422e-01
Hs.274848_at	0.418797	1.202517e-01	4.390422e-01
Hs.431367_at	-0.418797	1.202517e-01	4.390422e-01
Hs.278973_at	0.418797	1.202517e-01	4.390422e-01
Hs.535903_at	0.418797	1.202517e-01	4.390422e-01
Hs.591025_at	0.418797	1.202517e-01	4.390422e-01
Hs.463638_at	-0.418797	1.202517e-01	4.390422e-01
Hs.652358_at	0.418797	1.202517e-01	4.390422e-01
Hs.409578_at	-0.418797	1.202517e-01	4.390422e-01
Hs.592151_at	0.418797	1.202517e-01	4.390422e-01
Hs.207074_at	0.418797	1.202517e-01	4.390422e-01
Hs.310357_at	0.418797	1.202517e-01	4.390422e-01
Hs.314263_at	0.418797	1.202517e-01	4.390422e-01
Hs.37055_at	0.418797	1.202517e-01	4.390422e-01
Hs.522334_at	0.418797	1.202517e-01	4.390422e-01
Hs.599249_at	-0.418797	1.202517e-01	4.390422e-01
Hs.63287_at	0.418797	1.202517e-01	4.390422e-01
Hs.208680_at	-0.418797	1.202517e-01	4.390422e-01
Hs.183684_at	-0.418797	1.202517e-01	4.390422e-01
Hs.344488_at	0.418797	1.202517e-01	4.390422e-01
Hs.189772_at	-0.418797	1.202517e-01	4.390422e-01
Hs.533136_at	0.418797	1.202517e-01	4.390422e-01
Hs.123530_at	0.418797	1.202517e-01	4.390422e-01
Hs.651219_at	-0.418797	1.202517e-01	4.390422e-01
Hs.467306_at	0.418797	1.202517e-01	4.390422e-01
Hs.592252_at	-0.418797	1.202517e-01	4.390422e-01
Hs.390285_at	0.418797	1.202517e-01	4.390422e-01
Hs.584981_at	0.418797	1.202517e-01	4.390422e-01
Hs.646421_at	-0.418797	1.202517e-01	4.390422e-01
Hs.375059_at	0.418797	1.202517e-01	4.390422e-01
Hs.11108_at	0.418797	1.202517e-01	4.390422e-01
Hs.567297_at	0.418797	1.202517e-01	4.390422e-01
Hs.121260_at	-0.418797	1.202517e-01	4.390422e-01
Hs.85539_at	-0.418797	1.202517e-01	4.390422e-01
Hs.533273_at	0.418797	1.202517e-01	4.390422e-01
Hs.533336_at	0.418797	1.202517e-01	4.390422e-01
Hs.58561_at	0.418797	1.202517e-01	4.390422e-01
Hs.5662_at	-0.418797	1.202517e-01	4.390422e-01
Hs.434525_at	-0.418797	1.202517e-01	4.390422e-01
Hs.464971_at	-0.418797	1.202517e-01	4.390422e-01
Hs.31082_at	-0.418797	1.202517e-01	4.390422e-01
Hs.547840_at	0.418797	1.202517e-01	4.390422e-01
Hs.620490_at	-0.418797	1.202517e-01	4.390422e-01
Hs.442182_at	0.418797	1.202517e-01	4.390422e-01
Hs.82609_at	-0.418797	1.202517e-01	4.390422e-01
Hs.170499_at	0.418797	1.202517e-01	4.390422e-01
Hs.630894_at	0.418797	1.202517e-01	4.390422e-01
Hs.38044_at	-0.418797	1.202517e-01	4.390422e-01
Hs.435560_at	-0.418797	1.202517e-01	4.390422e-01
Hs.466296_at	-0.418797	1.202517e-01	4.390422e-01
Hs.607839-_at	0.418797	1.202517e-01	4.390422e-01
Hs.99145_at	-0.418797	1.202517e-01	4.390422e-01
Hs.26674_at	-0.418797	1.202517e-01	4.390422e-01
Hs.608733_at	-0.415187	1.238149e-01	4.421616e-01
Hs.22265_at	-0.415187	1.238149e-01	4.421616e-01
Hs.648081_at	0.415187	1.238149e-01	4.421616e-01
Hs.558495_at	-0.415187	1.238149e-01	4.421616e-01
Hs.560022_at	0.415187	1.238149e-01	4.421616e-01
Hs.104305_at	0.415187	1.238149e-01	4.421616e-01
Hs.98558_at	0.415187	1.238149e-01	4.421616e-01
Hs.435667_at	-0.415187	1.238149e-01	4.421616e-01
Hs.632791_at	0.415187	1.238149e-01	4.421616e-01
Hs.494932_at	-0.415187	1.238149e-01	4.421616e-01
Hs.514308_at	-0.415187	1.238149e-01	4.421616e-01
Hs.514146_at	0.415187	1.238149e-01	4.421616e-01
Hs.612876-_at	0.415187	1.238149e-01	4.421616e-01
Hs.244940_at	-0.415187	1.238149e-01	4.421616e-01
Hs.632456_at	-0.415187	1.238149e-01	4.421616e-01
Hs.637115_at	-0.415187	1.238149e-01	4.421616e-01
Hs.506784_at	0.415187	1.238149e-01	4.421616e-01
Hs.50749_at	-0.415187	1.238149e-01	4.421616e-01
Hs.507122_at	0.415187	1.238149e-01	4.421616e-01
Hs.461389_at	0.415187	1.238149e-01	4.421616e-01
Hs.497822_at	0.415187	1.238149e-01	4.421616e-01
Hs.497469_at	0.415187	1.238149e-01	4.421616e-01
Hs.623192_at	0.415187	1.238149e-01	4.421616e-01
Hs.518805_at	0.415187	1.238149e-01	4.421616e-01
Hs.474536_at	0.415187	1.238149e-01	4.421616e-01
Hs.396783_at	0.415187	1.238149e-01	4.421616e-01
Hs.213724_at	-0.415187	1.238149e-01	4.421616e-01
Hs.21249_at	0.415187	1.238149e-01	4.421616e-01
Hs.570078_at	-0.415187	1.238149e-01	4.421616e-01
Hs.624002_at	-0.415187	1.238149e-01	4.421616e-01
Hs.592490_at	-0.415187	1.238149e-01	4.421616e-01
Hs.614909_at	0.415187	1.238149e-01	4.421616e-01
Hs.591960_at	0.415187	1.238149e-01	4.421616e-01
Hs.607592_at	-0.415187	1.238149e-01	4.421616e-01
Hs.28988_at	-0.415187	1.238149e-01	4.421616e-01
Hs.594983_at	0.415187	1.238149e-01	4.421616e-01
Hs.211751_at	0.415187	1.238149e-01	4.421616e-01
Hs.595319_at	0.415187	1.238149e-01	4.421616e-01
Hs.547697_at	-0.415187	1.238149e-01	4.421616e-01
Hs.302287_at	-0.415187	1.238149e-01	4.421616e-01
Hs.31588_at	0.415187	1.238149e-01	4.421616e-01
Hs.31704_at	-0.415187	1.238149e-01	4.421616e-01
Hs.306831_at	-0.415187	1.238149e-01	4.421616e-01
Hs.370885_at	0.415187	1.238149e-01	4.421616e-01
Hs.175534_at	-0.415187	1.238149e-01	4.421616e-01
Hs.652354_at	-0.415187	1.238149e-01	4.421616e-01
Hs.562083_at	-0.415187	1.238149e-01	4.421616e-01
Hs.10846_at	0.415187	1.238149e-01	4.421616e-01
Hs.256278_at	0.415187	1.238149e-01	4.421616e-01
Hs.278901_at	0.415187	1.238149e-01	4.421616e-01
Hs.97527_at	0.415187	1.238149e-01	4.421616e-01
Hs.536664_at	0.415187	1.238149e-01	4.421616e-01
Hs.535917_at	0.415187	1.238149e-01	4.421616e-01
Hs.609408_at	-0.415187	1.238149e-01	4.421616e-01
Hs.151237_at	0.415187	1.238149e-01	4.421616e-01
Hs.43133_at	-0.415187	1.238149e-01	4.421616e-01
Hs.59159_at	-0.415187	1.238149e-01	4.421616e-01
Hs.241586_at	0.415187	1.238149e-01	4.421616e-01
Hs.201398_at	0.415187	1.238149e-01	4.421616e-01
Hs.200929_at	-0.415187	1.238149e-01	4.421616e-01
Hs.532375_at	0.415187	1.238149e-01	4.421616e-01
Hs.413899_at	0.415187	1.238149e-01	4.421616e-01
Hs.533597_at	0.415187	1.238149e-01	4.421616e-01
Hs.348816_at	-0.415187	1.238149e-01	4.421616e-01
Hs.521064_at	-0.415187	1.238149e-01	4.421616e-01
Hs.407152_at	0.415187	1.238149e-01	4.421616e-01
Hs.496414_at	-0.415187	1.238149e-01	4.421616e-01
Hs.570612_at	0.415187	1.238149e-01	4.421616e-01
Hs.109778_at	-0.415187	1.238149e-01	4.421616e-01
Hs.282113_at	0.415187	1.238149e-01	4.421616e-01
Hs.168073_at	0.415187	1.238149e-01	4.421616e-01
Hs.520241_at	0.415187	1.238149e-01	4.421616e-01
Hs.386215_at	-0.415187	1.238149e-01	4.421616e-01
Hs.516664_at	0.415187	1.238149e-01	4.421616e-01
Hs.301431_at	0.415187	1.238149e-01	4.421616e-01
Hs.407966_at	0.415187	1.238149e-01	4.421616e-01
Hs.500736_at	0.415187	1.238149e-01	4.421616e-01
Hs.515364_at	0.415187	1.238149e-01	4.421616e-01
Hs.199763_at	0.415187	1.238149e-01	4.421616e-01
Hs.127510_at	0.415187	1.238149e-01	4.421616e-01
Hs.498371_at	0.415187	1.238149e-01	4.421616e-01
Hs.604977-_at	0.415187	1.238149e-01	4.421616e-01
Hs.23198_at	-0.415187	1.238149e-01	4.421616e-01
Hs.86941_at	0.415187	1.238149e-01	4.421616e-01
Hs.122055_at	-0.415187	1.238149e-01	4.421616e-01
Hs.439662_at	0.415187	1.238149e-01	4.421616e-01
Hs.522682_at	0.415187	1.238149e-01	4.421616e-01
Hs.558553_at	0.415187	1.238149e-01	4.421616e-01
Hs.417077_at	0.415187	1.238149e-01	4.421616e-01
Hs.41735_at	0.415187	1.238149e-01	4.421616e-01
Hs.175343_at	0.415187	1.238149e-01	4.421616e-01
Hs.460260_at	0.415187	1.238149e-01	4.421616e-01
Hs.591615_at	0.415187	1.238149e-01	4.421616e-01
Hs.591700_at	0.415187	1.238149e-01	4.421616e-01
Hs.523739_at	0.415187	1.238149e-01	4.421616e-01
Hs.57971_at	0.415187	1.238149e-01	4.421616e-01
Hs.203634_at	0.415187	1.238149e-01	4.421616e-01
Hs.81874_at	-0.415187	1.238149e-01	4.421616e-01
Hs.161241_at	0.415187	1.238149e-01	4.421616e-01
Hs.221941_at	-0.415187	1.238149e-01	4.421616e-01
Hs.440497_at	0.415187	1.238149e-01	4.421616e-01
Hs.270525_at	0.415187	1.238149e-01	4.421616e-01
Hs.103388_at	-0.415187	1.238149e-01	4.421616e-01
Hs.579264_at	0.415187	1.238149e-01	4.421616e-01
Hs.579550_at	0.415187	1.238149e-01	4.421616e-01
Hs.613690_at	-0.415187	1.238149e-01	4.421616e-01
Hs.308202_at	0.415187	1.238149e-01	4.421616e-01
Hs.118241_at	0.415187	1.238149e-01	4.421616e-01
Hs.652372_at	0.415187	1.238149e-01	4.421616e-01
Hs.444959_at	0.415187	1.238149e-01	4.421616e-01
Hs.591767_at	-0.415187	1.238149e-01	4.421616e-01
Hs.29978_at	-0.415187	1.238149e-01	4.421616e-01
Hs.471162_at	-0.415187	1.238149e-01	4.421616e-01
Hs.437497_at	0.415187	1.238149e-01	4.421616e-01
Hs.129712_at	0.415187	1.238149e-01	4.421616e-01
Hs.522639_at	0.415187	1.238149e-01	4.421616e-01
Hs.591802_at	0.415187	1.238149e-01	4.421616e-01
Hs.337557_at	0.415187	1.238149e-01	4.421616e-01
Hs.335106_at	0.415187	1.238149e-01	4.421616e-01
Hs.84113_at	-0.415187	1.238149e-01	4.421616e-01
Hs.467793_at	-0.415187	1.238149e-01	4.421616e-01
Hs.517373_at	-0.415187	1.238149e-01	4.421616e-01
Hs.620611_at	0.415187	1.238149e-01	4.421616e-01
Hs.481720_at	0.411576	1.274499e-01	4.460191e-01
Hs.559945_at	0.411576	1.274499e-01	4.460191e-01
Hs.98910_at	0.411576	1.274499e-01	4.460191e-01
Hs.538374_at	-0.411576	1.274499e-01	4.460191e-01
Hs.512686_at	0.411576	1.274499e-01	4.460191e-01
Hs.647885_at	0.411576	1.274499e-01	4.460191e-01
Hs.22616_at	0.411576	1.274499e-01	4.460191e-01
Hs.270285_at	0.411576	1.274499e-01	4.460191e-01
Hs.585483_at	0.411576	1.274499e-01	4.460191e-01
Hs.581394_at	0.411576	1.274499e-01	4.460191e-01
Hs.174030_at	-0.411576	1.274499e-01	4.460191e-01
Hs.504009_at	0.411576	1.274499e-01	4.460191e-01
Hs.497090_at	0.411576	1.274499e-01	4.460191e-01
Hs.380920_at	-0.411576	1.274499e-01	4.460191e-01
Hs.268700_at	0.411576	1.274499e-01	4.460191e-01
Hs.524250_at	0.411576	1.274499e-01	4.460191e-01
Hs.104744_at	0.411576	1.274499e-01	4.460191e-01
Hs.98609_at	0.411576	1.274499e-01	4.460191e-01
Hs.591715_at	-0.411576	1.274499e-01	4.460191e-01
Hs.498570_at	-0.411576	1.274499e-01	4.460191e-01
Hs.500197_at	0.411576	1.274499e-01	4.460191e-01
Hs.534482_at	0.411576	1.274499e-01	4.460191e-01
Hs.446689_at	0.411576	1.274499e-01	4.460191e-01
Hs.220971_at	0.411576	1.274499e-01	4.460191e-01
Hs.305882_at	0.411576	1.274499e-01	4.460191e-01
Hs.254271_at	0.411576	1.274499e-01	4.460191e-01
Hs.18128_at	-0.411576	1.274499e-01	4.460191e-01
Hs.181112_at	-0.411576	1.274499e-01	4.460191e-01
Hs.87968_at	0.411576	1.274499e-01	4.460191e-01
Hs.76277_at	0.411576	1.274499e-01	4.460191e-01
Hs.591474_at	0.411576	1.274499e-01	4.460191e-01
Hs.334885_at	-0.411576	1.274499e-01	4.460191e-01
Hs.503345_at	0.411576	1.274499e-01	4.460191e-01
Hs.652141_at	0.411576	1.274499e-01	4.460191e-01
Hs.571585_at	-0.411576	1.274499e-01	4.460191e-01
Hs.371147_at	0.411576	1.274499e-01	4.460191e-01
Hs.633524_at	-0.411576	1.274499e-01	4.460191e-01
Hs.126101_at	0.411576	1.274499e-01	4.460191e-01
Hs.503315_at	-0.411576	1.274499e-01	4.460191e-01
Hs.109358_at	0.411576	1.274499e-01	4.460191e-01
Hs.18349_at	-0.411576	1.274499e-01	4.460191e-01
Hs.405692_at	-0.411576	1.274499e-01	4.460191e-01
Hs.185677_at	0.411576	1.274499e-01	4.460191e-01
Hs.406745_at	0.411576	1.274499e-01	4.460191e-01
Hs.486315_at	-0.411576	1.274499e-01	4.460191e-01
Hs.19987_at	-0.411576	1.274499e-01	4.460191e-01
Hs.116244_at	0.411576	1.274499e-01	4.460191e-01
Hs.37311_at	0.411576	1.274499e-01	4.460191e-01
Hs.624061_at	0.411576	1.274499e-01	4.460191e-01
Hs.534365_at	-0.411576	1.274499e-01	4.460191e-01
Hs.652783_at	-0.411576	1.274499e-01	4.460191e-01
Hs.519756_at	0.411576	1.274499e-01	4.460191e-01
Hs.519818_at	0.411576	1.274499e-01	4.460191e-01
Hs.554740_at	-0.411576	1.274499e-01	4.460191e-01
Hs.527105_at	-0.411576	1.274499e-01	4.460191e-01
Hs.167496_at	-0.411576	1.274499e-01	4.460191e-01
Hs.244595_at	0.411576	1.274499e-01	4.460191e-01
Hs.547551_at	-0.411576	1.274499e-01	4.460191e-01
Hs.436385_at	0.411576	1.274499e-01	4.460191e-01
Hs.446315_at	-0.411576	1.274499e-01	4.460191e-01
Hs.489040_at	-0.411576	1.274499e-01	4.460191e-01
Hs.513247_at	0.411576	1.274499e-01	4.460191e-01
Hs.505687_at	-0.411576	1.274499e-01	4.460191e-01
Hs.534797_at	-0.411576	1.274499e-01	4.460191e-01
Hs.355664_at	-0.411576	1.274499e-01	4.460191e-01
Hs.498143_at	-0.411576	1.274499e-01	4.460191e-01
Hs.547236_at	-0.411576	1.274499e-01	4.460191e-01
Hs.570855_at	-0.411576	1.274499e-01	4.460191e-01
Hs.127764_at	0.411576	1.274499e-01	4.460191e-01
Hs.80776_at	0.411576	1.274499e-01	4.460191e-01
Hs.590971_at	0.411576	1.274499e-01	4.460191e-01
Hs.533030_at	0.411576	1.274499e-01	4.460191e-01
Hs.77422_at	0.411576	1.274499e-01	4.460191e-01
Hs.373947_at	-0.411576	1.274499e-01	4.460191e-01
Hs.190518_at	-0.411576	1.274499e-01	4.460191e-01
Hs.27283_at	0.411576	1.274499e-01	4.460191e-01
Hs.117767_at	0.411576	1.274499e-01	4.460191e-01
Hs.306412_at	0.411576	1.274499e-01	4.460191e-01
Hs.626439_at	0.411576	1.274499e-01	4.460191e-01
Hs.277154_at	-0.411576	1.274499e-01	4.460191e-01
Hs.561314_at	-0.411576	1.274499e-01	4.460191e-01
Hs.129800_at	0.411576	1.274499e-01	4.460191e-01
Hs.491494_at	-0.411576	1.274499e-01	4.460191e-01
Hs.157527_at	0.411576	1.274499e-01	4.460191e-01
Hs.213049_at	0.411576	1.274499e-01	4.460191e-01
Hs.632348_at	0.411576	1.274499e-01	4.460191e-01
Hs.292265_at	-0.411576	1.274499e-01	4.460191e-01
Hs.112728_at	0.411576	1.274499e-01	4.460191e-01
Hs.517860_at	-0.411576	1.274499e-01	4.460191e-01
Hs.128075_at	0.411576	1.274499e-01	4.460191e-01
Hs.597441_at	-0.411576	1.274499e-01	4.460191e-01
Hs.379785_at	0.411576	1.274499e-01	4.460191e-01
Hs.591347_at	0.411576	1.274499e-01	4.460191e-01
Hs.645937_at	0.411576	1.274499e-01	4.460191e-01
Hs.190968_at	-0.411576	1.274499e-01	4.460191e-01
Hs.516922_at	0.411576	1.274499e-01	4.460191e-01
Hs.13370_at	-0.411576	1.274499e-01	4.460191e-01
Hs.460124_at	0.411576	1.274499e-01	4.460191e-01
Hs.602267_at	-0.411576	1.274499e-01	4.460191e-01
Hs.607204_at	-0.411576	1.274499e-01	4.460191e-01
Hs.238889_at	0.411576	1.274499e-01	4.460191e-01
Hs.536122_at	-0.411576	1.274499e-01	4.460191e-01
Hs.160380_at	0.411576	1.274499e-01	4.460191e-01
Hs.652211_at	0.411576	1.274499e-01	4.460191e-01
Hs.191334_at	-0.411576	1.274499e-01	4.460191e-01
Hs.55161_at	0.411576	1.274499e-01	4.460191e-01
Hs.248141_at	0.411576	1.274499e-01	4.460191e-01
Hs.494648_at	-0.411576	1.274499e-01	4.460191e-01
Hs.129227_at	0.411576	1.274499e-01	4.460191e-01
Hs.620180_at	-0.411576	1.274499e-01	4.460191e-01
Hs.471610_at	0.411576	1.274499e-01	4.460191e-01
Hs.32194_at	0.411576	1.274499e-01	4.460191e-01
Hs.495912_at	0.411576	1.274499e-01	4.460191e-01
Hs.380953_at	-0.411576	1.274499e-01	4.460191e-01
Hs.495731_at	0.411576	1.274499e-01	4.460191e-01
Hs.439530_at	-0.407966	1.311571e-01	4.512065e-01
Hs.185489_at	-0.407966	1.311571e-01	4.512065e-01
Hs.1832_at	0.407966	1.311571e-01	4.512065e-01
Hs.283915_at	0.407966	1.311571e-01	4.512065e-01
Hs.587755-_at	0.407966	1.311571e-01	4.512065e-01
Hs.522995_at	-0.407966	1.311571e-01	4.512065e-01
Hs.55999_at	0.407966	1.311571e-01	4.512065e-01
Hs.272011-_at	0.407966	1.311571e-01	4.512065e-01
Hs.105941_at	0.407966	1.311571e-01	4.512065e-01
Hs.144795_at	0.407966	1.311571e-01	4.512065e-01
Hs.429180_at	-0.407966	1.311571e-01	4.512065e-01
Hs.523468_at	0.407966	1.311571e-01	4.512065e-01
Hs.479396_at	0.407966	1.311571e-01	4.512065e-01
Hs.310456_at	-0.407966	1.311571e-01	4.512065e-01
Hs.370950_at	0.407966	1.311571e-01	4.512065e-01
Hs.49998_at	0.407966	1.311571e-01	4.512065e-01
Hs.591063_at	-0.407966	1.311571e-01	4.512065e-01
Hs.54416_at	0.407966	1.311571e-01	4.512065e-01
Hs.118555_at	0.407966	1.311571e-01	4.512065e-01
Hs.30868_at	0.407966	1.311571e-01	4.512065e-01
Hs.119023_at	-0.407966	1.311571e-01	4.512065e-01
Hs.558334_at	0.407966	1.311571e-01	4.512065e-01
Hs.259594_at	-0.407966	1.311571e-01	4.512065e-01
Hs.447626_at	0.407966	1.311571e-01	4.512065e-01
Hs.513296_at	0.407966	1.311571e-01	4.512065e-01
Hs.507515_at	0.407966	1.311571e-01	4.512065e-01
Hs.352250_at	0.407966	1.311571e-01	4.512065e-01
Hs.539883+_at	0.407966	1.311571e-01	4.512065e-01
Hs.416099_at	0.407966	1.311571e-01	4.512065e-01
Hs.518241_at	-0.407966	1.311571e-01	4.512065e-01
Hs.528111_at	0.407966	1.311571e-01	4.512065e-01
Hs.398165_at	0.407966	1.311571e-01	4.512065e-01
Hs.396530_at	-0.407966	1.311571e-01	4.512065e-01
Hs.505202_at	-0.407966	1.311571e-01	4.512065e-01
Hs.632332_at	-0.407966	1.311571e-01	4.512065e-01
Hs.553019_at	0.407966	1.311571e-01	4.512065e-01
Hs.481466+_at	0.407966	1.311571e-01	4.512065e-01
Hs.515966-_at	0.407966	1.311571e-01	4.512065e-01
Hs.547593_at	0.407966	1.311571e-01	4.512065e-01
Hs.124015_at	0.407966	1.311571e-01	4.512065e-01
Hs.120316_at	0.407966	1.311571e-01	4.512065e-01
Hs.595021_at	-0.407966	1.311571e-01	4.512065e-01
Hs.49105_at	-0.407966	1.311571e-01	4.512065e-01
Hs.652175_at	-0.407966	1.311571e-01	4.512065e-01
Hs.594762_at	0.407966	1.311571e-01	4.512065e-01
Hs.375985_at	0.407966	1.311571e-01	4.512065e-01
Hs.300772_at	0.407966	1.311571e-01	4.512065e-01
Hs.516866_at	0.407966	1.311571e-01	4.512065e-01
Hs.516948_at	0.407966	1.311571e-01	4.512065e-01
Hs.516830_at	0.407966	1.311571e-01	4.512065e-01
Hs.489142_at	0.407966	1.311571e-01	4.512065e-01
Hs.555583-_at	0.407966	1.311571e-01	4.512065e-01
Hs.593258_at	-0.407966	1.311571e-01	4.512065e-01
Hs.404304_at	-0.407966	1.311571e-01	4.512065e-01
Hs.533323_at	-0.407966	1.311571e-01	4.512065e-01
Hs.93963_at	0.407966	1.311571e-01	4.512065e-01
Hs.163642_at	0.407966	1.311571e-01	4.512065e-01
Hs.164021_at	0.407966	1.311571e-01	4.512065e-01
Hs.21213_at	-0.407966	1.311571e-01	4.512065e-01
Hs.58685_at	0.407966	1.311571e-01	4.512065e-01
Hs.446169_at	0.407966	1.311571e-01	4.512065e-01
Hs.593595_at	0.407966	1.311571e-01	4.512065e-01
Hs.461086_at	0.407966	1.311571e-01	4.512065e-01
Hs.434132_at	0.407966	1.311571e-01	4.512065e-01
Hs.483771_at	0.407966	1.311571e-01	4.512065e-01
Hs.48384_at	0.407966	1.311571e-01	4.512065e-01
Hs.180312_at	-0.407966	1.311571e-01	4.512065e-01
Hs.33476_at	0.407966	1.311571e-01	4.512065e-01
Hs.533635_at	-0.407966	1.311571e-01	4.512065e-01
Hs.633762_at	-0.407966	1.311571e-01	4.512065e-01
Hs.590886_at	0.407966	1.311571e-01	4.512065e-01
Hs.129742_at	-0.407966	1.311571e-01	4.512065e-01
Hs.435295_at	0.407966	1.311571e-01	4.512065e-01
Hs.11314_at	0.407966	1.311571e-01	4.512065e-01
Hs.388918_at	-0.407966	1.311571e-01	4.512065e-01
Hs.492121_at	-0.407966	1.311571e-01	4.512065e-01
Hs.14637_at	0.407966	1.311571e-01	4.512065e-01
Hs.504048_at	-0.407966	1.311571e-01	4.512065e-01
Hs.194754_at	-0.407966	1.311571e-01	4.512065e-01
Hs.597025_at	-0.407966	1.311571e-01	4.512065e-01
Hs.639347_at	0.407966	1.311571e-01	4.512065e-01
Hs.165856_at	-0.407966	1.311571e-01	4.512065e-01
Hs.494192_at	-0.407966	1.311571e-01	4.512065e-01
Hs.385861_at	-0.407966	1.311571e-01	4.512065e-01
Hs.632790_at	0.407966	1.311571e-01	4.512065e-01
Hs.624017_at	0.407966	1.311571e-01	4.512065e-01
Hs.135471_at	0.407966	1.311571e-01	4.512065e-01
Hs.407856_at	0.407966	1.311571e-01	4.512065e-01
Hs.591139_at	0.407966	1.311571e-01	4.512065e-01
Hs.469935_at	0.407966	1.311571e-01	4.512065e-01
Hs.307022_at	-0.407966	1.311571e-01	4.512065e-01
Hs.601217_at	-0.407966	1.311571e-01	4.512065e-01
Hs.97990_at	0.407966	1.311571e-01	4.512065e-01
Hs.591111_at	0.407966	1.311571e-01	4.512065e-01
Hs.615360_at	-0.407966	1.311571e-01	4.512065e-01
Hs.514560_at	0.407966	1.311571e-01	4.512065e-01
Hs.26047_at	0.407966	1.311571e-01	4.512065e-01
Hs.41707_at	0.407966	1.311571e-01	4.512065e-01
Hs.580351_at	0.407966	1.311571e-01	4.512065e-01
Hs.559067_at	-0.404356	1.349371e-01	4.557758e-01
Hs.150366_at	0.404356	1.349371e-01	4.557758e-01
Hs.458657_at	0.404356	1.349371e-01	4.557758e-01
Hs.418450_at	-0.404356	1.349371e-01	4.557758e-01
Hs.225949_at	0.404356	1.349371e-01	4.557758e-01
Hs.524688_at	0.404356	1.349371e-01	4.557758e-01
Hs.5111_at	-0.404356	1.349371e-01	4.557758e-01
Hs.42376_at	0.404356	1.349371e-01	4.557758e-01
Hs.631628_at	0.404356	1.349371e-01	4.557758e-01
Hs.584901_at	-0.404356	1.349371e-01	4.557758e-01
Hs.652253_at	0.404356	1.349371e-01	4.557758e-01
Hs.592778_at	-0.404356	1.349371e-01	4.557758e-01
Hs.556031_at	0.404356	1.349371e-01	4.557758e-01
Hs.131704_at	0.404356	1.349371e-01	4.557758e-01
Hs.526432_at	0.404356	1.349371e-01	4.557758e-01
Hs.526596_at	0.404356	1.349371e-01	4.557758e-01
Hs.408434_at	0.404356	1.349371e-01	4.557758e-01
Hs.2799_at	0.404356	1.349371e-01	4.557758e-01
Hs.592225_at	-0.404356	1.349371e-01	4.557758e-01
Hs.7023_at	0.404356	1.349371e-01	4.557758e-01
Hs.591306_at	-0.404356	1.349371e-01	4.557758e-01
Hs.595384_at	0.404356	1.349371e-01	4.557758e-01
Hs.296724_at	0.404356	1.349371e-01	4.557758e-01
Hs.368417_at	0.404356	1.349371e-01	4.557758e-01
Hs.121396_at	-0.404356	1.349371e-01	4.557758e-01
Hs.125139_at	0.404356	1.349371e-01	4.557758e-01
Hs.209402_at	0.404356	1.349371e-01	4.557758e-01
Hs.467824_at	-0.404356	1.349371e-01	4.557758e-01
Hs.620796_at	-0.404356	1.349371e-01	4.557758e-01
Hs.368982_at	-0.404356	1.349371e-01	4.557758e-01
Hs.368855_at	-0.404356	1.349371e-01	4.557758e-01
Hs.652367_at	0.404356	1.349371e-01	4.557758e-01
Hs.652576_at	0.404356	1.349371e-01	4.557758e-01
Hs.495710_at	-0.404356	1.349371e-01	4.557758e-01
Hs.473133_at	0.404356	1.349371e-01	4.557758e-01
Hs.492314_at	-0.404356	1.349371e-01	4.557758e-01
Hs.33455_at	0.404356	1.349371e-01	4.557758e-01
Hs.22785_at	0.404356	1.349371e-01	4.557758e-01
Hs.335027_at	-0.404356	1.349371e-01	4.557758e-01
Hs.606232_at	0.404356	1.349371e-01	4.557758e-01
Hs.2171_at	0.404356	1.349371e-01	4.557758e-01
Hs.447458_at	-0.404356	1.349371e-01	4.557758e-01
Hs.584744_at	0.404356	1.349371e-01	4.557758e-01
Hs.411295_at	-0.404356	1.349371e-01	4.557758e-01
Hs.145946_at	-0.404356	1.349371e-01	4.557758e-01
Hs.605151_at	0.404356	1.349371e-01	4.557758e-01
Hs.446149_at	-0.404356	1.349371e-01	4.557758e-01
Hs.436446_at	-0.404356	1.349371e-01	4.557758e-01
Hs.471951_at	0.404356	1.349371e-01	4.557758e-01
Hs.162868_at	-0.404356	1.349371e-01	4.557758e-01
Hs.300485_at	0.404356	1.349371e-01	4.557758e-01
Hs.508570_at	0.404356	1.349371e-01	4.557758e-01
Hs.135562_at	0.404356	1.349371e-01	4.557758e-01
Hs.110915_at	0.404356	1.349371e-01	4.557758e-01
Hs.252828_at	-0.404356	1.349371e-01	4.557758e-01
Hs.463074_at	0.404356	1.349371e-01	4.557758e-01
Hs.597729_at	0.404356	1.349371e-01	4.557758e-01
Hs.516802_at	0.404356	1.349371e-01	4.557758e-01
Hs.504416_at	0.404356	1.349371e-01	4.557758e-01
Hs.397010_at	-0.404356	1.349371e-01	4.557758e-01
Hs.98262_at	0.404356	1.349371e-01	4.557758e-01
Hs.617235+_at	-0.404356	1.349371e-01	4.557758e-01
Hs.632458_at	-0.404356	1.349371e-01	4.557758e-01
Hs.567674_at	0.404356	1.349371e-01	4.557758e-01
Hs.374924_at	0.404356	1.349371e-01	4.557758e-01
Hs.553731_at	0.404356	1.349371e-01	4.557758e-01
Hs.67639_at	0.404356	1.349371e-01	4.557758e-01
Hs.438245_at	0.404356	1.349371e-01	4.557758e-01
Hs.621474_at	0.404356	1.349371e-01	4.557758e-01
Hs.249125_at	0.404356	1.349371e-01	4.557758e-01
Hs.130690_at	0.404356	1.349371e-01	4.557758e-01
Hs.111867_at	0.404356	1.349371e-01	4.557758e-01
Hs.594323_at	0.404356	1.349371e-01	4.557758e-01
Hs.400556_at	0.404356	1.349371e-01	4.557758e-01
Hs.135067_at	-0.404356	1.349371e-01	4.557758e-01
Hs.176013_at	0.404356	1.349371e-01	4.557758e-01
Hs.432364_at	-0.404356	1.349371e-01	4.557758e-01
Hs.275675_at	0.404356	1.349371e-01	4.557758e-01
Hs.25897_at	0.404356	1.349371e-01	4.557758e-01
Hs.521615_at	0.404356	1.349371e-01	4.557758e-01
Hs.132976_at	0.404356	1.349371e-01	4.557758e-01
Hs.507680_at	-0.404356	1.349371e-01	4.557758e-01
Hs.507704_at	0.404356	1.349371e-01	4.557758e-01
Hs.89560_at	0.404356	1.349371e-01	4.557758e-01
Hs.637685_at	0.404356	1.349371e-01	4.557758e-01
Hs.514468_at	0.404356	1.349371e-01	4.557758e-01
Hs.313_at	0.404356	1.349371e-01	4.557758e-01
Hs.591576_at	0.404356	1.349371e-01	4.557758e-01
Hs.13261_at	0.404356	1.349371e-01	4.557758e-01
Hs.591047_at	0.404356	1.349371e-01	4.557758e-01
Hs.586689_at	0.404356	1.349371e-01	4.557758e-01
Hs.568943_at	0.404356	1.349371e-01	4.557758e-01
Hs.369829_at	0.404356	1.349371e-01	4.557758e-01
Hs.143591_at	0.404356	1.349371e-01	4.557758e-01
Hs.546270_at	0.404356	1.349371e-01	4.557758e-01
Hs.599221_at	0.404356	1.349371e-01	4.557758e-01
Hs.632468_at	0.404356	1.349371e-01	4.557758e-01
Hs.632836_at	-0.404356	1.349371e-01	4.557758e-01
Hs.307006_at	0.404356	1.349371e-01	4.557758e-01
Hs.443139_at	0.404356	1.349371e-01	4.557758e-01
Hs.511985_at	0.404356	1.349371e-01	4.557758e-01
Hs.105902_at	0.404356	1.349371e-01	4.557758e-01
Hs.156317_at	-0.404356	1.349371e-01	4.557758e-01
Hs.81907_at	-0.404356	1.349371e-01	4.557758e-01
Hs.634994_at	0.404356	1.349371e-01	4.557758e-01
Hs.466471_at	0.404356	1.349371e-01	4.557758e-01
Hs.429819_at	0.404356	1.349371e-01	4.557758e-01
Hs.171311_at	0.404356	1.349371e-01	4.557758e-01
Hs.548091_at	0.400746	1.387903e-01	4.607296e-01
Hs.131181_at	0.400746	1.387903e-01	4.607296e-01
Hs.131615_at	0.400746	1.387903e-01	4.607296e-01
Hs.282670_at	0.400746	1.387903e-01	4.607296e-01
Hs.576612_at	-0.400746	1.387903e-01	4.607296e-01
Hs.596308_at	0.400746	1.387903e-01	4.607296e-01
Hs.513870_at	0.400746	1.387903e-01	4.607296e-01
Hs.596893_at	-0.400746	1.387903e-01	4.607296e-01
Hs.195364_at	-0.400746	1.387903e-01	4.607296e-01
Hs.254006_at	-0.400746	1.387903e-01	4.607296e-01
Hs.596850_at	-0.400746	1.387903e-01	4.607296e-01
Hs.164118_at	0.400746	1.387903e-01	4.607296e-01
Hs.160375_at	0.400746	1.387903e-01	4.607296e-01
Hs.462754_at	-0.400746	1.387903e-01	4.607296e-01
Hs.84665_at	0.400746	1.387903e-01	4.607296e-01
Hs.180178_at	0.400746	1.387903e-01	4.607296e-01
Hs.334587_at	0.400746	1.387903e-01	4.607296e-01
Hs.564254_at	0.400746	1.387903e-01	4.607296e-01
Hs.465213_at	-0.400746	1.387903e-01	4.607296e-01
Hs.405610_at	0.400746	1.387903e-01	4.607296e-01
Hs.724_at	0.400746	1.387903e-01	4.607296e-01
Hs.632151_at	0.400746	1.387903e-01	4.607296e-01
Hs.253320_at	0.400746	1.387903e-01	4.607296e-01
Hs.488282_at	-0.400746	1.387903e-01	4.607296e-01
Hs.490551_at	0.400746	1.387903e-01	4.607296e-01
Hs.632089_at	-0.400746	1.387903e-01	4.607296e-01
Hs.585017_at	0.400746	1.387903e-01	4.607296e-01
Hs.2319_at	-0.400746	1.387903e-01	4.607296e-01
Hs.649822_at	0.400746	1.387903e-01	4.607296e-01
Hs.595312_at	-0.400746	1.387903e-01	4.607296e-01
Hs.29276_at	-0.400746	1.387903e-01	4.607296e-01
Hs.529276_at	-0.400746	1.387903e-01	4.607296e-01
Hs.113291_at	0.400746	1.387903e-01	4.607296e-01
Hs.495188_at	0.400746	1.387903e-01	4.607296e-01
Hs.647097_at	0.400746	1.387903e-01	4.607296e-01
Hs.590870_at	0.400746	1.387903e-01	4.607296e-01
Hs.371587_at	0.400746	1.387903e-01	4.607296e-01
Hs.606520_at	-0.400746	1.387903e-01	4.607296e-01
Hs.170296_at	0.400746	1.387903e-01	4.607296e-01
Hs.317051_at	0.400746	1.387903e-01	4.607296e-01
Hs.31746_at	0.400746	1.387903e-01	4.607296e-01
Hs.162282_at	0.400746	1.387903e-01	4.607296e-01
Hs.93235_at	-0.400746	1.387903e-01	4.607296e-01
Hs.7989_at	0.400746	1.387903e-01	4.607296e-01
Hs.469881_at	0.400746	1.387903e-01	4.607296e-01
Hs.58992_at	-0.400746	1.387903e-01	4.607296e-01
Hs.313544_at	-0.400746	1.387903e-01	4.607296e-01
Hs.104865_at	0.400746	1.387903e-01	4.607296e-01
Hs.522805_at	0.400746	1.387903e-01	4.607296e-01
Hs.12256_at	0.400746	1.387903e-01	4.607296e-01
Hs.102798_at	-0.400746	1.387903e-01	4.607296e-01
Hs.269408_at	0.400746	1.387903e-01	4.607296e-01
Hs.511951_at	0.400746	1.387903e-01	4.607296e-01
Hs.41724_at	0.400746	1.387903e-01	4.607296e-01
Hs.511149_at	-0.400746	1.387903e-01	4.607296e-01
Hs.131755_at	-0.400746	1.387903e-01	4.607296e-01
Hs.618201_at	-0.400746	1.387903e-01	4.607296e-01
Hs.516854_at	0.400746	1.387903e-01	4.607296e-01
Hs.597921_at	0.400746	1.387903e-01	4.607296e-01
Hs.13982_at	-0.400746	1.387903e-01	4.607296e-01
Hs.597536_at	0.400746	1.387903e-01	4.607296e-01
Hs.197597_at	0.400746	1.387903e-01	4.607296e-01
Hs.525781_at	-0.400746	1.387903e-01	4.607296e-01
Hs.182507_at	0.400746	1.387903e-01	4.607296e-01
Hs.432390_at	0.400746	1.387903e-01	4.607296e-01
Hs.431550_at	-0.400746	1.387903e-01	4.607296e-01
Hs.432121_at	-0.400746	1.387903e-01	4.607296e-01
Hs.629808_at	0.400746	1.387903e-01	4.607296e-01
Hs.41296_at	0.400746	1.387903e-01	4.607296e-01
Hs.558318_at	0.400746	1.387903e-01	4.607296e-01
Hs.647387_at	-0.400746	1.387903e-01	4.607296e-01
Hs.447868_at	0.400746	1.387903e-01	4.607296e-01
Hs.369921_at	0.400746	1.387903e-01	4.607296e-01
Hs.477287_at	-0.400746	1.387903e-01	4.607296e-01
Hs.638284_at	0.400746	1.387903e-01	4.607296e-01
Hs.591620_at	0.400746	1.387903e-01	4.607296e-01
Hs.46627_at	0.400746	1.387903e-01	4.607296e-01
Hs.553909_at	0.400746	1.387903e-01	4.607296e-01
Hs.525307_at	0.400746	1.387903e-01	4.607296e-01
Hs.390616_at	0.400746	1.387903e-01	4.607296e-01
Hs.12449_at	0.400746	1.387903e-01	4.607296e-01
Hs.504641_at	-0.400746	1.387903e-01	4.607296e-01
Hs.473286_at	0.400746	1.387903e-01	4.607296e-01
Hs.621495_at	-0.400746	1.387903e-01	4.607296e-01
Hs.607691_at	0.400746	1.387903e-01	4.607296e-01
Hs.528988_at	0.400746	1.387903e-01	4.607296e-01
Hs.502867_at	0.400746	1.387903e-01	4.607296e-01
Hs.602497_at	-0.400746	1.387903e-01	4.607296e-01
Hs.613973_at	0.400746	1.387903e-01	4.607296e-01
Hs.610261_at	-0.400746	1.387903e-01	4.607296e-01
Hs.438994_at	-0.400746	1.387903e-01	4.607296e-01
Hs.479669_at	-0.400746	1.387903e-01	4.607296e-01
Hs.465407_at	-0.400746	1.387903e-01	4.607296e-01
Hs.444536_at	0.400746	1.387903e-01	4.607296e-01
Hs.633003_at	0.400746	1.387903e-01	4.607296e-01
Hs.362817_at	-0.400746	1.387903e-01	4.607296e-01
Hs.460238_at	0.400746	1.387903e-01	4.607296e-01
Hs.648649_at	0.400746	1.387903e-01	4.607296e-01
Hs.290805_at	0.400746	1.387903e-01	4.607296e-01
Hs.508524_at	-0.400746	1.387903e-01	4.607296e-01
Hs.65436_at	0.400746	1.387903e-01	4.607296e-01
Hs.630715_at	0.400746	1.387903e-01	4.607296e-01
Hs.190519_at	-0.400746	1.387903e-01	4.607296e-01
Hs.523936_at	-0.400746	1.387903e-01	4.607296e-01
Hs.69554_at	0.397135	1.427172e-01	4.661354e-01
Hs.335551_at	-0.397135	1.427172e-01	4.661354e-01
Hs.642938_at	-0.397135	1.427172e-01	4.661354e-01
Hs.642946_at	0.397135	1.427172e-01	4.661354e-01
Hs.459124_at	0.397135	1.427172e-01	4.661354e-01
Hs.502875_at	0.397135	1.427172e-01	4.661354e-01
Hs.274267_at	-0.397135	1.427172e-01	4.661354e-01
Hs.369297_at	-0.397135	1.427172e-01	4.661354e-01
Hs.333137_at	0.397135	1.427172e-01	4.661354e-01
Hs.444349_at	-0.397135	1.427172e-01	4.661354e-01
Hs.81848_at	-0.397135	1.427172e-01	4.661354e-01
Hs.585624_at	0.397135	1.427172e-01	4.661354e-01
Hs.100914_at	-0.397135	1.427172e-01	4.661354e-01
Hs.86912_at	0.397135	1.427172e-01	4.661354e-01
Hs.652110_at	0.397135	1.427172e-01	4.661354e-01
Hs.644635_at	0.397135	1.427172e-01	4.661354e-01
Hs.534347_at	0.397135	1.427172e-01	4.661354e-01
Hs.470892_at	0.397135	1.427172e-01	4.661354e-01
Hs.421194_at	0.397135	1.427172e-01	4.661354e-01
Hs.117176_at	0.397135	1.427172e-01	4.661354e-01
Hs.477325_at	-0.397135	1.427172e-01	4.661354e-01
Hs.134958_at	0.397135	1.427172e-01	4.661354e-01
Hs.546407_at	-0.397135	1.427172e-01	4.661354e-01
Hs.415762_at	0.397135	1.427172e-01	4.661354e-01
Hs.590911_at	-0.397135	1.427172e-01	4.661354e-01
Hs.20879_at	-0.397135	1.427172e-01	4.661354e-01
Hs.463439_at	0.397135	1.427172e-01	4.661354e-01
Hs.499833_at	-0.397135	1.427172e-01	4.661354e-01
Hs.630456_at	-0.397135	1.427172e-01	4.661354e-01
Hs.432706_at	0.397135	1.427172e-01	4.661354e-01
Hs.161031_at	0.397135	1.427172e-01	4.661354e-01
Hs.73708_at	0.397135	1.427172e-01	4.661354e-01
Hs.150276_at	-0.397135	1.427172e-01	4.661354e-01
Hs.412484_at	0.397135	1.427172e-01	4.661354e-01
Hs.308480_at	-0.397135	1.427172e-01	4.661354e-01
Hs.207106_at	0.397135	1.427172e-01	4.661354e-01
Hs.642489_at	-0.397135	1.427172e-01	4.661354e-01
Hs.224794_at	-0.397135	1.427172e-01	4.661354e-01
Hs.630852_at	0.397135	1.427172e-01	4.661354e-01
Hs.53973_at	0.397135	1.427172e-01	4.661354e-01
Hs.530734_at	-0.397135	1.427172e-01	4.661354e-01
Hs.545395-_at	0.397135	1.427172e-01	4.661354e-01
Hs.473109_at	0.397135	1.427172e-01	4.661354e-01
Hs.406395_at	0.397135	1.427172e-01	4.661354e-01
Hs.40910_at	-0.397135	1.427172e-01	4.661354e-01
Hs.32417_at	0.397135	1.427172e-01	4.661354e-01
Hs.351475_at	-0.397135	1.427172e-01	4.661354e-01
Hs.3281_at	0.397135	1.427172e-01	4.661354e-01
Hs.269211_at	-0.397135	1.427172e-01	4.661354e-01
Hs.193605_at	0.397135	1.427172e-01	4.661354e-01
Hs.144314_at	0.397135	1.427172e-01	4.661354e-01
Hs.386939_at	0.397135	1.427172e-01	4.661354e-01
Hs.191705_at	-0.397135	1.427172e-01	4.661354e-01
Hs.445826_at	0.397135	1.427172e-01	4.661354e-01
Hs.445503_at	0.397135	1.427172e-01	4.661354e-01
Hs.189920_at	-0.397135	1.427172e-01	4.661354e-01
Hs.434961_at	-0.397135	1.427172e-01	4.661354e-01
Hs.487200_at	0.397135	1.427172e-01	4.661354e-01
Hs.652418_at	0.397135	1.427172e-01	4.661354e-01
Hs.212840_at	0.397135	1.427172e-01	4.661354e-01
Hs.489132_at	-0.397135	1.427172e-01	4.661354e-01
Hs.461183_at	0.397135	1.427172e-01	4.661354e-01
Hs.210586_at	-0.397135	1.427172e-01	4.661354e-01
Hs.604380_at	0.397135	1.427172e-01	4.661354e-01
Hs.4892_at	0.397135	1.427172e-01	4.661354e-01
Hs.55378_at	0.397135	1.427172e-01	4.661354e-01
Hs.148344_at	0.397135	1.427172e-01	4.661354e-01
Hs.288981_at	-0.397135	1.427172e-01	4.661354e-01
Hs.533262_at	0.397135	1.427172e-01	4.661354e-01
Hs.405607_at	0.397135	1.427172e-01	4.661354e-01
Hs.460579_at	0.397135	1.427172e-01	4.661354e-01
Hs.112023_at	-0.397135	1.427172e-01	4.661354e-01
Hs.534495_at	0.397135	1.427172e-01	4.661354e-01
Hs.624910_at	-0.397135	1.427172e-01	4.661354e-01
Hs.397978_at	-0.397135	1.427172e-01	4.661354e-01
Hs.475663_at	0.397135	1.427172e-01	4.661354e-01
Hs.652333_at	-0.397135	1.427172e-01	4.661354e-01
Hs.652325_at	-0.397135	1.427172e-01	4.661354e-01
Hs.610157_at	0.397135	1.427172e-01	4.661354e-01
Hs.35086_at	-0.397135	1.427172e-01	4.661354e-01
Hs.331268_at	-0.397135	1.427172e-01	4.661354e-01
Hs.350785_at	0.397135	1.427172e-01	4.661354e-01
Hs.473450_at	0.397135	1.427172e-01	4.661354e-01
Hs.444173_at	0.397135	1.427172e-01	4.661354e-01
Hs.24998_at	0.397135	1.427172e-01	4.661354e-01
Hs.534504_at	0.397135	1.427172e-01	4.661354e-01
Hs.596860_at	-0.397135	1.427172e-01	4.661354e-01
Hs.188594_at	0.397135	1.427172e-01	4.661354e-01
Hs.188634_at	-0.397135	1.427172e-01	4.661354e-01
Hs.194610_at	0.397135	1.427172e-01	4.661354e-01
Hs.517228_at	-0.397135	1.427172e-01	4.661354e-01
Hs.38114_at	-0.397135	1.427172e-01	4.661354e-01
Hs.621475_at	0.397135	1.427172e-01	4.661354e-01
Hs.535341_at	0.397135	1.427172e-01	4.661354e-01
Hs.29700_at	-0.397135	1.427172e-01	4.661354e-01
Hs.619256_at	-0.397135	1.427172e-01	4.661354e-01
Hs.652324_at	-0.397135	1.427172e-01	4.661354e-01
Hs.564611_at	0.397135	1.427172e-01	4.661354e-01
Hs.283565_at	0.397135	1.427172e-01	4.661354e-01
Hs.43314_at	0.393525	1.467184e-01	4.698032e-01
Hs.211238_at	0.393525	1.467184e-01	4.698032e-01
Hs.638744_at	0.393525	1.467184e-01	4.698032e-01
Hs.360989_at	0.393525	1.467184e-01	4.698032e-01
Hs.211571_at	-0.393525	1.467184e-01	4.698032e-01
Hs.608664_at	-0.393525	1.467184e-01	4.698032e-01
Hs.524899_at	-0.393525	1.467184e-01	4.698032e-01
Hs.1501_at	0.393525	1.467184e-01	4.698032e-01
Hs.29549_at	0.393525	1.467184e-01	4.698032e-01
Hs.631636_at	0.393525	1.467184e-01	4.698032e-01
Hs.632403_at	0.393525	1.467184e-01	4.698032e-01
Hs.266175_at	-0.393525	1.467184e-01	4.698032e-01
Hs.2717_at	0.393525	1.467184e-01	4.698032e-01
Hs.644713_at	0.393525	1.467184e-01	4.698032e-01
Hs.248124_at	0.393525	1.467184e-01	4.698032e-01
Hs.517421_at	0.393525	1.467184e-01	4.698032e-01
Hs.77254_at	-0.393525	1.467184e-01	4.698032e-01
Hs.86320_at	-0.393525	1.467184e-01	4.698032e-01
Hs.223770_at	0.393525	1.467184e-01	4.698032e-01
Hs.2229_at	0.393525	1.467184e-01	4.698032e-01
Hs.631515_at	0.393525	1.467184e-01	4.698032e-01
Hs.567778_at	0.393525	1.467184e-01	4.698032e-01
Hs.437376_at	0.393525	1.467184e-01	4.698032e-01
Hs.131711_at	-0.393525	1.467184e-01	4.698032e-01
Hs.120790_at	0.393525	1.467184e-01	4.698032e-01
Hs.101302_at	0.393525	1.467184e-01	4.698032e-01
Hs.103521_at	0.393525	1.467184e-01	4.698032e-01
Hs.634636_at	-0.393525	1.467184e-01	4.698032e-01
Hs.440833_at	-0.393525	1.467184e-01	4.698032e-01
Hs.514581_at	-0.393525	1.467184e-01	4.698032e-01
Hs.503178_at	0.393525	1.467184e-01	4.698032e-01
Hs.97084_at	0.393525	1.467184e-01	4.698032e-01
Hs.127799_at	-0.393525	1.467184e-01	4.698032e-01
Hs.127830_at	-0.393525	1.467184e-01	4.698032e-01
Hs.617390_at	0.393525	1.467184e-01	4.698032e-01
Hs.617164_at	0.393525	1.467184e-01	4.698032e-01
Hs.513261_at	-0.393525	1.467184e-01	4.698032e-01
Hs.152717_at	0.393525	1.467184e-01	4.698032e-01
Hs.652178_at	-0.393525	1.467184e-01	4.698032e-01
Hs.381305_at	0.393525	1.467184e-01	4.698032e-01
Hs.420036_at	0.393525	1.467184e-01	4.698032e-01
Hs.466919_at	-0.393525	1.467184e-01	4.698032e-01
Hs.222105_at	0.393525	1.467184e-01	4.698032e-01
Hs.195040_at	0.393525	1.467184e-01	4.698032e-01
Hs.3022_at	0.393525	1.467184e-01	4.698032e-01
Hs.567598_at	-0.393525	1.467184e-01	4.698032e-01
Hs.436502_at	-0.393525	1.467184e-01	4.698032e-01
Hs.521640_at	-0.393525	1.467184e-01	4.698032e-01
Hs.355747_at	0.393525	1.467184e-01	4.698032e-01
Hs.506989_at	-0.393525	1.467184e-01	4.698032e-01
Hs.605211_at	-0.393525	1.467184e-01	4.698032e-01
Hs.610931+_at	0.393525	1.467184e-01	4.698032e-01
Hs.23262_at	-0.393525	1.467184e-01	4.698032e-01
Hs.288224_at	-0.393525	1.467184e-01	4.698032e-01
Hs.548197_at	-0.393525	1.467184e-01	4.698032e-01
Hs.185172_at	0.393525	1.467184e-01	4.698032e-01
Hs.202097_at	0.393525	1.467184e-01	4.698032e-01
Hs.208274_at	0.393525	1.467184e-01	4.698032e-01
Hs.125608_at	-0.393525	1.467184e-01	4.698032e-01
Hs.381087_at	-0.393525	1.467184e-01	4.698032e-01
Hs.529172_at	0.393525	1.467184e-01	4.698032e-01
Hs.530089_at	0.393525	1.467184e-01	4.698032e-01
Hs.8562_at	0.393525	1.467184e-01	4.698032e-01
Hs.77448_at	0.393525	1.467184e-01	4.698032e-01
Hs.553168_at	0.393525	1.467184e-01	4.698032e-01
Hs.25766_at	0.393525	1.467184e-01	4.698032e-01
Hs.525610_at	0.393525	1.467184e-01	4.698032e-01
Hs.298248_at	0.393525	1.467184e-01	4.698032e-01
Hs.293317_at	0.393525	1.467184e-01	4.698032e-01
Hs.48428_at	-0.393525	1.467184e-01	4.698032e-01
Hs.393201_at	-0.393525	1.467184e-01	4.698032e-01
Hs.189810_at	0.393525	1.467184e-01	4.698032e-01
Hs.175783_at	0.393525	1.467184e-01	4.698032e-01
Hs.106513_at	-0.393525	1.467184e-01	4.698032e-01
Hs.484195_at	-0.393525	1.467184e-01	4.698032e-01
Hs.278909_at	0.393525	1.467184e-01	4.698032e-01
Hs.437585_at	-0.393525	1.467184e-01	4.698032e-01
Hs.476041_at	0.393525	1.467184e-01	4.698032e-01
Hs.574741_at	-0.393525	1.467184e-01	4.698032e-01
Hs.518155_at	0.393525	1.467184e-01	4.698032e-01
Hs.76206_at	0.393525	1.467184e-01	4.698032e-01
Hs.558296_at	-0.393525	1.467184e-01	4.698032e-01
Hs.450057_at	0.393525	1.467184e-01	4.698032e-01
Hs.24167_at	-0.393525	1.467184e-01	4.698032e-01
Hs.35828_at	0.393525	1.467184e-01	4.698032e-01
Hs.284491_at	0.393525	1.467184e-01	4.698032e-01
Hs.110757_at	0.393525	1.467184e-01	4.698032e-01
Hs.61481_at	-0.393525	1.467184e-01	4.698032e-01
Hs.116303_at	0.393525	1.467184e-01	4.698032e-01
Hs.92732_at	0.393525	1.467184e-01	4.698032e-01
Hs.652519_at	0.393525	1.467184e-01	4.698032e-01
Hs.156326_at	0.393525	1.467184e-01	4.698032e-01
Hs.603891_at	0.393525	1.467184e-01	4.698032e-01
Hs.10903_at	0.393525	1.467184e-01	4.698032e-01
Hs.489336_at	0.393525	1.467184e-01	4.698032e-01
Hs.244391_at	0.393525	1.467184e-01	4.698032e-01
Hs.24309_at	0.393525	1.467184e-01	4.698032e-01
Hs.585839_at	0.393525	1.467184e-01	4.698032e-01
Hs.438231_at	0.393525	1.467184e-01	4.698032e-01
Hs.124835_at	0.393525	1.467184e-01	4.698032e-01
Hs.513632_at	-0.393525	1.467184e-01	4.698032e-01
Hs.645918_at	0.393525	1.467184e-01	4.698032e-01
Hs.379802_at	0.393525	1.467184e-01	4.698032e-01
Hs.590898_at	0.393525	1.467184e-01	4.698032e-01
Hs.647565_at	0.393525	1.467184e-01	4.698032e-01
Hs.492208_at	-0.393525	1.467184e-01	4.698032e-01
Hs.518530_at	-0.393525	1.467184e-01	4.698032e-01
Hs.187377_at	0.393525	1.467184e-01	4.698032e-01
Hs.591998_at	-0.393525	1.467184e-01	4.698032e-01
Hs.591886_at	-0.393525	1.467184e-01	4.698032e-01
Hs.534533_at	0.393525	1.467184e-01	4.698032e-01
Hs.274264_at	0.393525	1.467184e-01	4.698032e-01
Hs.567453_at	0.393525	1.467184e-01	4.698032e-01
Hs.567488_at	-0.393525	1.467184e-01	4.698032e-01
Hs.131603_at	0.393525	1.467184e-01	4.698032e-01
Hs.149500_at	-0.393525	1.467184e-01	4.698032e-01
Hs.12286_at	-0.393525	1.467184e-01	4.698032e-01
Hs.569851_at	0.393525	1.467184e-01	4.698032e-01
Hs.50223_at	0.393525	1.467184e-01	4.698032e-01
Hs.369632_at	-0.393525	1.467184e-01	4.698032e-01
Hs.607411_at	0.393525	1.467184e-01	4.698032e-01
Hs.606860_at	0.393525	1.467184e-01	4.698032e-01
Hs.7423_at	0.393525	1.467184e-01	4.698032e-01
Hs.480101_at	-0.389915	1.507943e-01	4.737868e-01
Hs.522891_at	0.389915	1.507943e-01	4.737868e-01
Hs.522803_at	0.389915	1.507943e-01	4.737868e-01
Hs.385865_at	0.389915	1.507943e-01	4.737868e-01
Hs.494173_at	-0.389915	1.507943e-01	4.737868e-01
Hs.131686_at	0.389915	1.507943e-01	4.737868e-01
Hs.511794_at	-0.389915	1.507943e-01	4.737868e-01
Hs.271272_at	0.389915	1.507943e-01	4.737868e-01
Hs.149168_at	0.389915	1.507943e-01	4.737868e-01
Hs.104576_at	0.389915	1.507943e-01	4.737868e-01
Hs.120365_at	0.389915	1.507943e-01	4.737868e-01
Hs.587444_at	0.389915	1.507943e-01	4.737868e-01
Hs.36137_at	0.389915	1.507943e-01	4.737868e-01
Hs.153546_at	-0.389915	1.507943e-01	4.737868e-01
Hs.70903_at	-0.389915	1.507943e-01	4.737868e-01
Hs.175396_at	0.389915	1.507943e-01	4.737868e-01
Hs.351851_at	-0.389915	1.507943e-01	4.737868e-01
Hs.35199_at	-0.389915	1.507943e-01	4.737868e-01
Hs.530871_at	0.389915	1.507943e-01	4.737868e-01
Hs.530251_at	-0.389915	1.507943e-01	4.737868e-01
Hs.127530_at	0.389915	1.507943e-01	4.737868e-01
Hs.95577_at	-0.389915	1.507943e-01	4.737868e-01
Hs.592041_at	0.389915	1.507943e-01	4.737868e-01
Hs.496138_at	0.389915	1.507943e-01	4.737868e-01
Hs.568788_at	0.389915	1.507943e-01	4.737868e-01
Hs.467279_at	0.389915	1.507943e-01	4.737868e-01
Hs.377087_at	0.389915	1.507943e-01	4.737868e-01
Hs.211700_at	-0.389915	1.507943e-01	4.737868e-01
Hs.124649_at	0.389915	1.507943e-01	4.737868e-01
Hs.2785_at	0.389915	1.507943e-01	4.737868e-01
Hs.256897_at	0.389915	1.507943e-01	4.737868e-01
Hs.631844_at	0.389915	1.507943e-01	4.737868e-01
Hs.499953_at	0.389915	1.507943e-01	4.737868e-01
Hs.499102_at	0.389915	1.507943e-01	4.737868e-01
Hs.499158_at	0.389915	1.507943e-01	4.737868e-01
Hs.545112+_at	0.389915	1.507943e-01	4.737868e-01
Hs.611673_at	-0.389915	1.507943e-01	4.737868e-01
Hs.125037_at	0.389915	1.507943e-01	4.737868e-01
Hs.652934_at	0.389915	1.507943e-01	4.737868e-01
Hs.515477_at	0.389915	1.507943e-01	4.737868e-01
Hs.199487_at	0.389915	1.507943e-01	4.737868e-01
Hs.599383_at	0.389915	1.507943e-01	4.737868e-01
Hs.111591_at	0.389915	1.507943e-01	4.737868e-01
Hs.287518_at	0.389915	1.507943e-01	4.737868e-01
Hs.643447_at	0.389915	1.507943e-01	4.737868e-01
Hs.370421_at	0.389915	1.507943e-01	4.737868e-01
Hs.370475_at	-0.389915	1.507943e-01	4.737868e-01
Hs.593171_at	-0.389915	1.507943e-01	4.737868e-01
Hs.403010_at	-0.389915	1.507943e-01	4.737868e-01
Hs.130497_at	0.389915	1.507943e-01	4.737868e-01
Hs.166186_at	0.389915	1.507943e-01	4.737868e-01
Hs.591999_at	0.389915	1.507943e-01	4.737868e-01
Hs.411300_at	-0.389915	1.507943e-01	4.737868e-01
Hs.410455_at	0.389915	1.507943e-01	4.737868e-01
Hs.252839_at	-0.389915	1.507943e-01	4.737868e-01
Hs.151706_at	0.389915	1.507943e-01	4.737868e-01
Hs.190722_at	-0.389915	1.507943e-01	4.737868e-01
Hs.75573_at	-0.389915	1.507943e-01	4.737868e-01
Hs.1755_at	0.389915	1.507943e-01	4.737868e-01
Hs.114062_at	-0.389915	1.507943e-01	4.737868e-01
Hs.445129_at	-0.389915	1.507943e-01	4.737868e-01
Hs.248129_at	0.389915	1.507943e-01	4.737868e-01
Hs.473374_at	-0.389915	1.507943e-01	4.737868e-01
Hs.434996_at	-0.389915	1.507943e-01	4.737868e-01
Hs.145284_at	-0.389915	1.507943e-01	4.737868e-01
Hs.356321_at	-0.389915	1.507943e-01	4.737868e-01
Hs.522384_at	0.389915	1.507943e-01	4.737868e-01
Hs.386693_at	0.389915	1.507943e-01	4.737868e-01
Hs.150595_at	0.389915	1.507943e-01	4.737868e-01
Hs.609663_at	-0.389915	1.507943e-01	4.737868e-01
Hs.22917_at	0.389915	1.507943e-01	4.737868e-01
Hs.379466_at	0.389915	1.507943e-01	4.737868e-01
Hs.487869_at	-0.389915	1.507943e-01	4.737868e-01
Hs.531752_at	0.389915	1.507943e-01	4.737868e-01
Hs.631995_at	-0.389915	1.507943e-01	4.737868e-01
Hs.610979_at	0.389915	1.507943e-01	4.737868e-01
Hs.288284_at	0.389915	1.507943e-01	4.737868e-01
Hs.632335_at	-0.389915	1.507943e-01	4.737868e-01
Hs.517987_at	-0.389915	1.507943e-01	4.737868e-01
Hs.287765_at	0.389915	1.507943e-01	4.737868e-01
Hs.374067_at	-0.389915	1.507943e-01	4.737868e-01
Hs.349470_at	0.389915	1.507943e-01	4.737868e-01
Hs.158963_at	0.389915	1.507943e-01	4.737868e-01
Hs.166017_at	-0.389915	1.507943e-01	4.737868e-01
Hs.6459_at	-0.389915	1.507943e-01	4.737868e-01
Hs.645732_at	0.389915	1.507943e-01	4.737868e-01
Hs.596967_at	0.389915	1.507943e-01	4.737868e-01
Hs.369779_at	-0.389915	1.507943e-01	4.737868e-01
Hs.174193_at	0.389915	1.507943e-01	4.737868e-01
Hs.424552_at	0.389915	1.507943e-01	4.737868e-01
Hs.127792_at	0.389915	1.507943e-01	4.737868e-01
Hs.617679_at	0.389915	1.507943e-01	4.737868e-01
Hs.585728_at	-0.389915	1.507943e-01	4.737868e-01
Hs.281342_at	0.389915	1.507943e-01	4.737868e-01
Hs.61345_at	0.389915	1.507943e-01	4.737868e-01
Hs.368802_at	0.389915	1.507943e-01	4.737868e-01
Hs.409230_at	0.389915	1.507943e-01	4.737868e-01
Hs.486470_at	-0.389915	1.507943e-01	4.737868e-01
Hs.532840_at	0.389915	1.507943e-01	4.737868e-01
Hs.352642_at	-0.389915	1.507943e-01	4.737868e-01
Hs.352254_at	0.389915	1.507943e-01	4.737868e-01
Hs.66194_at	0.389915	1.507943e-01	4.737868e-01
Hs.590919_at	0.389915	1.507943e-01	4.737868e-01
Hs.126715_at	-0.389915	1.507943e-01	4.737868e-01
Hs.465627_at	0.389915	1.507943e-01	4.737868e-01
Hs.279914_at	-0.389915	1.507943e-01	4.737868e-01
Hs.591638_at	-0.389915	1.507943e-01	4.737868e-01
Hs.428360_at	-0.389915	1.507943e-01	4.737868e-01
Hs.171426_at	-0.389915	1.507943e-01	4.737868e-01
Hs.494981_at	0.389915	1.507943e-01	4.737868e-01
Hs.641356_at	0.389915	1.507943e-01	4.737868e-01
Hs.30954_at	-0.389915	1.507943e-01	4.737868e-01
Hs.409140_at	-0.389915	1.507943e-01	4.737868e-01
Hs.183075_at	0.389915	1.507943e-01	4.737868e-01
Hs.298654_at	-0.389915	1.507943e-01	4.737868e-01
Hs.298685_at	0.389915	1.507943e-01	4.737868e-01
Hs.269764_at	-0.389915	1.507943e-01	4.737868e-01
Hs.591471_at	-0.389915	1.507943e-01	4.737868e-01
Hs.520714_at	-0.389915	1.507943e-01	4.737868e-01
Hs.511739_at	0.389915	1.507943e-01	4.737868e-01
Hs.632120_at	-0.386304	1.549453e-01	4.779286e-01
Hs.553499_at	0.386304	1.549453e-01	4.779286e-01
Hs.553548_at	0.386304	1.549453e-01	4.779286e-01
Hs.593014_at	-0.386304	1.549453e-01	4.779286e-01
Hs.593415_at	-0.386304	1.549453e-01	4.779286e-01
Hs.186045_at	0.386304	1.549453e-01	4.779286e-01
Hs.555973_at	-0.386304	1.549453e-01	4.779286e-01
Hs.445410_at	0.386304	1.549453e-01	4.779286e-01
Hs.494567_at	0.386304	1.549453e-01	4.779286e-01
Hs.171626_at	-0.386304	1.549453e-01	4.779286e-01
Hs.479384_at	-0.386304	1.549453e-01	4.779286e-01
Hs.269127_at	-0.386304	1.549453e-01	4.779286e-01
Hs.180871_at	0.386304	1.549453e-01	4.779286e-01
Hs.125960_at	0.386304	1.549453e-01	4.779286e-01
Hs.3094_at	0.386304	1.549453e-01	4.779286e-01
Hs.76561_at	-0.386304	1.549453e-01	4.779286e-01
Hs.32959_at	0.386304	1.549453e-01	4.779286e-01
Hs.88778_at	-0.386304	1.549453e-01	4.779286e-01
Hs.652244_at	-0.386304	1.549453e-01	4.779286e-01
Hs.539770_at	0.386304	1.549453e-01	4.779286e-01
Hs.437338_at	-0.386304	1.549453e-01	4.779286e-01
Hs.632223_at	-0.386304	1.549453e-01	4.779286e-01
Hs.605153_at	-0.386304	1.549453e-01	4.779286e-01
Hs.259412_at	-0.386304	1.549453e-01	4.779286e-01
Hs.177557_at	0.386304	1.549453e-01	4.779286e-01
Hs.413366_at	-0.386304	1.549453e-01	4.779286e-01
Hs.438824_at	0.386304	1.549453e-01	4.779286e-01
Hs.591928_at	0.386304	1.549453e-01	4.779286e-01
Hs.105269_at	-0.386304	1.549453e-01	4.779286e-01
Hs.380412_at	-0.386304	1.549453e-01	4.779286e-01
Hs.19383_at	0.386304	1.549453e-01	4.779286e-01
Hs.145068_at	0.386304	1.549453e-01	4.779286e-01
Hs.223581_at	0.386304	1.549453e-01	4.779286e-01
Hs.458377_at	0.386304	1.549453e-01	4.779286e-01
Hs.607776_at	-0.386304	1.549453e-01	4.779286e-01
Hs.44098_at	0.386304	1.549453e-01	4.779286e-01
Hs.637260_at	0.386304	1.549453e-01	4.779286e-01
Hs.441975_at	-0.386304	1.549453e-01	4.779286e-01
Hs.418040_at	-0.386304	1.549453e-01	4.779286e-01
Hs.446268_at	0.386304	1.549453e-01	4.779286e-01
Hs.592248_at	-0.386304	1.549453e-01	4.779286e-01
Hs.526886_at	-0.386304	1.549453e-01	4.779286e-01
Hs.626271_at	-0.386304	1.549453e-01	4.779286e-01
Hs.109514_at	0.386304	1.549453e-01	4.779286e-01
Hs.86650_at	-0.386304	1.549453e-01	4.779286e-01
Hs.113150_at	-0.386304	1.549453e-01	4.779286e-01
Hs.478143_at	-0.386304	1.549453e-01	4.779286e-01
Hs.150107_at	-0.386304	1.549453e-01	4.779286e-01
Hs.270314_at	-0.386304	1.549453e-01	4.779286e-01
Hs.315137_at	-0.386304	1.549453e-01	4.779286e-01
Hs.592215_at	0.386304	1.549453e-01	4.779286e-01
Hs.482533_at	0.386304	1.549453e-01	4.779286e-01
Hs.434261_at	0.386304	1.549453e-01	4.779286e-01
Hs.618869_at	0.386304	1.549453e-01	4.779286e-01
Hs.164470_at	0.386304	1.549453e-01	4.779286e-01
Hs.643440_at	-0.386304	1.549453e-01	4.779286e-01
Hs.20225_at	0.386304	1.549453e-01	4.779286e-01
Hs.652319_at	0.386304	1.549453e-01	4.779286e-01
Hs.444329_at	0.386304	1.549453e-01	4.779286e-01
Hs.476353_at	0.386304	1.549453e-01	4.779286e-01
Hs.132753_at	0.386304	1.549453e-01	4.779286e-01
Hs.17883_at	0.386304	1.549453e-01	4.779286e-01
Hs.32539_at	0.386304	1.549453e-01	4.779286e-01
Hs.513666_at	0.386304	1.549453e-01	4.779286e-01
Hs.599848_at	0.386304	1.549453e-01	4.779286e-01
Hs.401982_at	0.386304	1.549453e-01	4.779286e-01
Hs.600569_at	-0.386304	1.549453e-01	4.779286e-01
Hs.371240_at	0.386304	1.549453e-01	4.779286e-01
Hs.623039_at	-0.386304	1.549453e-01	4.779286e-01
Hs.370312_at	-0.386304	1.549453e-01	4.779286e-01
Hs.496593_at	-0.386304	1.549453e-01	4.779286e-01
Hs.114449_at	0.386304	1.549453e-01	4.779286e-01
Hs.504211_at	0.386304	1.549453e-01	4.779286e-01
Hs.323396_at	-0.386304	1.549453e-01	4.779286e-01
Hs.600545_at	0.386304	1.549453e-01	4.779286e-01
Hs.615720_at	0.386304	1.549453e-01	4.779286e-01
Hs.488240_at	0.386304	1.549453e-01	4.779286e-01
Hs.58690_at	0.386304	1.549453e-01	4.779286e-01
Hs.491440_at	-0.386304	1.549453e-01	4.779286e-01
Hs.609592_at	0.386304	1.549453e-01	4.779286e-01
Hs.195710_at	0.386304	1.549453e-01	4.779286e-01
Hs.597519_at	-0.386304	1.549453e-01	4.779286e-01
Hs.590975_at	-0.386304	1.549453e-01	4.779286e-01
Hs.121178_at	0.386304	1.549453e-01	4.779286e-01
Hs.272927_at	-0.386304	1.549453e-01	4.779286e-01
Hs.651190_at	0.386304	1.549453e-01	4.779286e-01
Hs.631768_at	0.386304	1.549453e-01	4.779286e-01
Hs.491737_at	0.386304	1.549453e-01	4.779286e-01
Hs.1239_at	0.386304	1.549453e-01	4.779286e-01
Hs.605969-_at	0.386304	1.549453e-01	4.779286e-01
Hs.416139_at	0.386304	1.549453e-01	4.779286e-01
Hs.595085_at	-0.386304	1.549453e-01	4.779286e-01
Hs.387679_at	-0.386304	1.549453e-01	4.779286e-01
Hs.461775_at	0.386304	1.549453e-01	4.779286e-01
Hs.46275_at	0.386304	1.549453e-01	4.779286e-01
Hs.154078_at	0.386304	1.549453e-01	4.779286e-01
Hs.638911_at	0.386304	1.549453e-01	4.779286e-01
Hs.361778_at	0.386304	1.549453e-01	4.779286e-01
Hs.593688_at	-0.386304	1.549453e-01	4.779286e-01
Hs.380027_at	0.386304	1.549453e-01	4.779286e-01
Hs.293842_at	-0.386304	1.549453e-01	4.779286e-01
Hs.504352_at	0.386304	1.549453e-01	4.779286e-01
Hs.208219_at	0.386304	1.549453e-01	4.779286e-01
Hs.118003_at	0.386304	1.549453e-01	4.779286e-01
Hs.131287_at	0.386304	1.549453e-01	4.779286e-01
Hs.520708_at	-0.386304	1.549453e-01	4.779286e-01
Hs.7847_at	0.386304	1.549453e-01	4.779286e-01
Hs.621516_at	0.386304	1.549453e-01	4.779286e-01
Hs.529053_at	0.386304	1.549453e-01	4.779286e-01
Hs.598051_at	-0.386304	1.549453e-01	4.779286e-01
Hs.516036_at	0.386304	1.549453e-01	4.779286e-01
Hs.637699_at	0.386304	1.549453e-01	4.779286e-01
Hs.522845_at	0.386304	1.549453e-01	4.779286e-01
Hs.607067_at	0.386304	1.549453e-01	4.779286e-01
Hs.517310_at	0.386304	1.549453e-01	4.779286e-01
Hs.631602_at	0.386304	1.549453e-01	4.779286e-01
Hs.532720_at	0.386304	1.549453e-01	4.779286e-01
Hs.552764_at	0.386304	1.549453e-01	4.779286e-01
Hs.26770_at	0.386304	1.549453e-01	4.779286e-01
Hs.100686_at	0.382694	1.591718e-01	4.825873e-01
Hs.122053_at	0.382694	1.591718e-01	4.825873e-01
Hs.337295_at	-0.382694	1.591718e-01	4.825873e-01
Hs.610172_at	-0.382694	1.591718e-01	4.825873e-01
Hs.463148_at	0.382694	1.591718e-01	4.825873e-01
Hs.607219_at	-0.382694	1.591718e-01	4.825873e-01
Hs.569713_at	0.382694	1.591718e-01	4.825873e-01
Hs.589489_at	-0.382694	1.591718e-01	4.825873e-01
Hs.480311_at	-0.382694	1.591718e-01	4.825873e-01
Hs.240457_at	0.382694	1.591718e-01	4.825873e-01
Hs.308_at	0.382694	1.591718e-01	4.825873e-01
Hs.647024_at	0.382694	1.591718e-01	4.825873e-01
Hs.406335_at	0.382694	1.591718e-01	4.825873e-01
Hs.437035_at	0.382694	1.591718e-01	4.825873e-01
Hs.126980_at	-0.382694	1.591718e-01	4.825873e-01
Hs.127026_at	0.382694	1.591718e-01	4.825873e-01
Hs.469658_at	0.382694	1.591718e-01	4.825873e-01
Hs.591632_at	0.382694	1.591718e-01	4.825873e-01
Hs.208124_at	0.382694	1.591718e-01	4.825873e-01
Hs.8986_at	0.382694	1.591718e-01	4.825873e-01
Hs.380857_at	0.382694	1.591718e-01	4.825873e-01
Hs.516933_at	0.382694	1.591718e-01	4.825873e-01
Hs.483390_at	0.382694	1.591718e-01	4.825873e-01
Hs.436098_at	-0.382694	1.591718e-01	4.825873e-01
Hs.175218_at	0.382694	1.591718e-01	4.825873e-01
Hs.30619_at	0.382694	1.591718e-01	4.825873e-01
Hs.5158_at	0.382694	1.591718e-01	4.825873e-01
Hs.651185_at	0.382694	1.591718e-01	4.825873e-01
Hs.525238_at	-0.382694	1.591718e-01	4.825873e-01
Hs.417050_at	0.382694	1.591718e-01	4.825873e-01
Hs.638556_at	0.382694	1.591718e-01	4.825873e-01
Hs.443330_at	-0.382694	1.591718e-01	4.825873e-01
Hs.444663_at	0.382694	1.591718e-01	4.825873e-01
Hs.376144_at	0.382694	1.591718e-01	4.825873e-01
Hs.134989_at	0.382694	1.591718e-01	4.825873e-01
Hs.492599_at	-0.382694	1.591718e-01	4.825873e-01
Hs.121335_at	0.382694	1.591718e-01	4.825873e-01
Hs.333823_at	-0.382694	1.591718e-01	4.825873e-01
Hs.533710_at	0.382694	1.591718e-01	4.825873e-01
Hs.515550_at	0.382694	1.591718e-01	4.825873e-01
Hs.146100_at	-0.382694	1.591718e-01	4.825873e-01
Hs.97592_at	-0.382694	1.591718e-01	4.825873e-01
Hs.439309_at	0.382694	1.591718e-01	4.825873e-01
Hs.604042_at	-0.382694	1.591718e-01	4.825873e-01
Hs.78846_at	0.382694	1.591718e-01	4.825873e-01
Hs.621373_at	0.382694	1.591718e-01	4.825873e-01
Hs.532699_at	-0.382694	1.591718e-01	4.825873e-01
Hs.600542_at	0.382694	1.591718e-01	4.825873e-01
Hs.544738_at	-0.382694	1.591718e-01	4.825873e-01
Hs.1565_at	-0.382694	1.591718e-01	4.825873e-01
Hs.201921_at	0.382694	1.591718e-01	4.825873e-01
Hs.132652_at	0.382694	1.591718e-01	4.825873e-01
Hs.558468_at	-0.382694	1.591718e-01	4.825873e-01
Hs.302693+_at	0.382694	1.591718e-01	4.825873e-01
Hs.594511_at	0.382694	1.591718e-01	4.825873e-01
Hs.398148_at	0.382694	1.591718e-01	4.825873e-01
Hs.547172_at	-0.382694	1.591718e-01	4.825873e-01
Hs.301960_at	0.382694	1.591718e-01	4.825873e-01
Hs.445574_at	0.382694	1.591718e-01	4.825873e-01
Hs.179080_at	0.382694	1.591718e-01	4.825873e-01
Hs.325321_at	0.382694	1.591718e-01	4.825873e-01
Hs.434623_at	0.382694	1.591718e-01	4.825873e-01
Hs.57698_at	-0.382694	1.591718e-01	4.825873e-01
Hs.612391_at	-0.382694	1.591718e-01	4.825873e-01
Hs.169824_at	-0.382694	1.591718e-01	4.825873e-01
Hs.179704_at	0.382694	1.591718e-01	4.825873e-01
Hs.556496_at	-0.382694	1.591718e-01	4.825873e-01
Hs.471637_at	-0.382694	1.591718e-01	4.825873e-01
Hs.617801_at	-0.382694	1.591718e-01	4.825873e-01
Hs.514451_at	0.382694	1.591718e-01	4.825873e-01
Hs.539883-_at	0.382694	1.591718e-01	4.825873e-01
Hs.485471_at	-0.382694	1.591718e-01	4.825873e-01
Hs.190477_at	-0.382694	1.591718e-01	4.825873e-01
Hs.75294_at	0.382694	1.591718e-01	4.825873e-01
Hs.648891_at	0.382694	1.591718e-01	4.825873e-01
Hs.577448_at	0.382694	1.591718e-01	4.825873e-01
Hs.458644_at	0.382694	1.591718e-01	4.825873e-01
Hs.22180_at	0.382694	1.591718e-01	4.825873e-01
Hs.555947_at	-0.382694	1.591718e-01	4.825873e-01
Hs.9925_at	-0.382694	1.591718e-01	4.825873e-01
Hs.635079_at	0.382694	1.591718e-01	4.825873e-01
Hs.34136_at	-0.382694	1.591718e-01	4.825873e-01
Hs.3426_at	0.382694	1.591718e-01	4.825873e-01
Hs.1933_at	0.382694	1.591718e-01	4.825873e-01
Hs.271353_at	-0.382694	1.591718e-01	4.825873e-01
Hs.592266_at	0.382694	1.591718e-01	4.825873e-01
Hs.5268_at	-0.382694	1.591718e-01	4.825873e-01
Hs.486483_at	-0.382694	1.591718e-01	4.825873e-01
Hs.624081_at	-0.382694	1.591718e-01	4.825873e-01
Hs.472861_at	0.382694	1.591718e-01	4.825873e-01
Hs.647993_at	-0.382694	1.591718e-01	4.825873e-01
Hs.79136_at	-0.382694	1.591718e-01	4.825873e-01
Hs.501570_at	0.382694	1.591718e-01	4.825873e-01
Hs.202355_at	0.382694	1.591718e-01	4.825873e-01
Hs.534491_at	0.382694	1.591718e-01	4.825873e-01
Hs.533613_at	0.382694	1.591718e-01	4.825873e-01
Hs.22678_at	-0.382694	1.591718e-01	4.825873e-01
Hs.137568_at	0.382694	1.591718e-01	4.825873e-01
Hs.472856_at	0.382694	1.591718e-01	4.825873e-01
Hs.130712_at	0.382694	1.591718e-01	4.825873e-01
Hs.505905_at	-0.382694	1.591718e-01	4.825873e-01
Hs.353087_at	0.382694	1.591718e-01	4.825873e-01
Hs.444569_at	-0.382694	1.591718e-01	4.825873e-01
Hs.570367_at	-0.382694	1.591718e-01	4.825873e-01
Hs.617235-_at	-0.382694	1.591718e-01	4.825873e-01
Hs.69517_at	0.382694	1.591718e-01	4.825873e-01
Hs.232341_at	0.382694	1.591718e-01	4.825873e-01
Hs.591401_at	0.382694	1.591718e-01	4.825873e-01
Hs.647210_at	0.382694	1.591718e-01	4.825873e-01
Hs.632385_at	-0.382694	1.591718e-01	4.825873e-01
Hs.29692_at	0.382694	1.591718e-01	4.825873e-01
Hs.478465_at	0.382694	1.591718e-01	4.825873e-01
Hs.268787_at	0.382694	1.591718e-01	4.825873e-01
Hs.272410_at	-0.379084	1.634743e-01	4.881132e-01
Hs.122927_at	-0.379084	1.634743e-01	4.881132e-01
Hs.533782_at	0.379084	1.634743e-01	4.881132e-01
Hs.295923_at	-0.379084	1.634743e-01	4.881132e-01
Hs.645303_at	0.379084	1.634743e-01	4.881132e-01
Hs.493709_at	0.379084	1.634743e-01	4.881132e-01
Hs.592289_at	-0.379084	1.634743e-01	4.881132e-01
Hs.131255_at	-0.379084	1.634743e-01	4.881132e-01
Hs.475319_at	0.379084	1.634743e-01	4.881132e-01
Hs.591496_at	0.379084	1.634743e-01	4.881132e-01
Hs.444448_at	-0.379084	1.634743e-01	4.881132e-01
Hs.353181_at	0.379084	1.634743e-01	4.881132e-01
Hs.507260_at	0.379084	1.634743e-01	4.881132e-01
Hs.570785_at	0.379084	1.634743e-01	4.881132e-01
Hs.86603_at	0.379084	1.634743e-01	4.881132e-01
Hs.608680_at	0.379084	1.634743e-01	4.881132e-01
Hs.353163_at	-0.379084	1.634743e-01	4.881132e-01
Hs.435815_at	-0.379084	1.634743e-01	4.881132e-01
Hs.435609_at	-0.379084	1.634743e-01	4.881132e-01
Hs.271462_at	0.379084	1.634743e-01	4.881132e-01
Hs.226422_at	0.379084	1.634743e-01	4.881132e-01
Hs.585432_at	0.379084	1.634743e-01	4.881132e-01
Hs.379912_at	0.379084	1.634743e-01	4.881132e-01
Hs.484990_at	0.379084	1.634743e-01	4.881132e-01
Hs.129719_at	0.379084	1.634743e-01	4.881132e-01
Hs.47312_at	-0.379084	1.634743e-01	4.881132e-01
Hs.123072_at	0.379084	1.634743e-01	4.881132e-01
Hs.370895_at	-0.379084	1.634743e-01	4.881132e-01
Hs.586298_at	0.379084	1.634743e-01	4.881132e-01
Hs.370725_at	-0.379084	1.634743e-01	4.881132e-01
Hs.168241_at	-0.379084	1.634743e-01	4.881132e-01
Hs.54470_at	0.379084	1.634743e-01	4.881132e-01
Hs.519873_at	-0.379084	1.634743e-01	4.881132e-01
Hs.304792_at	-0.379084	1.634743e-01	4.881132e-01
Hs.1197_at	-0.379084	1.634743e-01	4.881132e-01
Hs.513871_at	-0.379084	1.634743e-01	4.881132e-01
Hs.532661_at	0.379084	1.634743e-01	4.881132e-01
Hs.248159_at	0.379084	1.634743e-01	4.881132e-01
Hs.621249_at	0.379084	1.634743e-01	4.881132e-01
Hs.368325_at	-0.379084	1.634743e-01	4.881132e-01
Hs.535378_at	0.379084	1.634743e-01	4.881132e-01
Hs.368149_at	-0.379084	1.634743e-01	4.881132e-01
Hs.75813_at	0.379084	1.634743e-01	4.881132e-01
Hs.377257_at	-0.379084	1.634743e-01	4.881132e-01
Hs.113577_at	-0.379084	1.634743e-01	4.881132e-01
Hs.434903_at	0.379084	1.634743e-01	4.881132e-01
Hs.248178_at	-0.379084	1.634743e-01	4.881132e-01
Hs.512564_at	0.379084	1.634743e-01	4.881132e-01
Hs.533719_at	0.379084	1.634743e-01	4.881132e-01
Hs.600815_at	0.379084	1.634743e-01	4.881132e-01
Hs.647462_at	0.379084	1.634743e-01	4.881132e-01
Hs.535820_at	-0.379084	1.634743e-01	4.881132e-01
Hs.127562_at	0.379084	1.634743e-01	4.881132e-01
Hs.446146_at	-0.379084	1.634743e-01	4.881132e-01
Hs.632575_at	-0.379084	1.634743e-01	4.881132e-01
Hs.148218_at	-0.379084	1.634743e-01	4.881132e-01
Hs.638969+_at	0.379084	1.634743e-01	4.881132e-01
Hs.7296_at	-0.379084	1.634743e-01	4.881132e-01
Hs.24054_at	-0.379084	1.634743e-01	4.881132e-01
Hs.90753_at	-0.379084	1.634743e-01	4.881132e-01
Hs.307026_at	0.379084	1.634743e-01	4.881132e-01
Hs.256022_at	0.379084	1.634743e-01	4.881132e-01
Hs.295137_at	0.379084	1.634743e-01	4.881132e-01
Hs.82890_at	-0.379084	1.634743e-01	4.881132e-01
Hs.435836_at	0.379084	1.634743e-01	4.881132e-01
Hs.597091_at	0.379084	1.634743e-01	4.881132e-01
Hs.388874_at	0.379084	1.634743e-01	4.881132e-01
Hs.415117_at	0.379084	1.634743e-01	4.881132e-01
Hs.50823_at	-0.379084	1.634743e-01	4.881132e-01
Hs.213144+_at	0.379084	1.634743e-01	4.881132e-01
Hs.144304_at	-0.379084	1.634743e-01	4.881132e-01
Hs.116467_at	0.379084	1.634743e-01	4.881132e-01
Hs.200413_at	-0.379084	1.634743e-01	4.881132e-01
Hs.107527_at	0.379084	1.634743e-01	4.881132e-01
Hs.375090_at	0.379084	1.634743e-01	4.881132e-01
Hs.198862_at	0.379084	1.634743e-01	4.881132e-01
Hs.372840_at	0.379084	1.634743e-01	4.881132e-01
Hs.61596_at	-0.379084	1.634743e-01	4.881132e-01
Hs.323991_at	0.379084	1.634743e-01	4.881132e-01
Hs.301715_at	0.379084	1.634743e-01	4.881132e-01
Hs.445849_at	0.379084	1.634743e-01	4.881132e-01
Hs.397705_at	-0.379084	1.634743e-01	4.881132e-01
Hs.41688_at	0.379084	1.634743e-01	4.881132e-01
Hs.591849_at	0.379084	1.634743e-01	4.881132e-01
Hs.37617_at	0.379084	1.634743e-01	4.881132e-01
Hs.486109_at	-0.379084	1.634743e-01	4.881132e-01
Hs.652352_at	-0.379084	1.634743e-01	4.881132e-01
Hs.335513_at	-0.379084	1.634743e-01	4.881132e-01
Hs.652188_at	-0.379084	1.634743e-01	4.881132e-01
Hs.567501_at	-0.379084	1.634743e-01	4.881132e-01
Hs.204619_at	0.379084	1.634743e-01	4.881132e-01
Hs.14468_at	0.379084	1.634743e-01	4.881132e-01
Hs.8578_at	0.379084	1.634743e-01	4.881132e-01
Hs.75599_at	0.379084	1.634743e-01	4.881132e-01
Hs.175934_at	0.379084	1.634743e-01	4.881132e-01
Hs.525196_at	-0.379084	1.634743e-01	4.881132e-01
Hs.604729_at	-0.379084	1.634743e-01	4.881132e-01
Hs.533297_at	0.379084	1.634743e-01	4.881132e-01
Hs.143288_at	0.379084	1.634743e-01	4.881132e-01
Hs.649836_at	-0.379084	1.634743e-01	4.881132e-01
Hs.478393_at	0.379084	1.634743e-01	4.881132e-01
Hs.266746_at	0.379084	1.634743e-01	4.881132e-01
Hs.561679_at	-0.375473	1.678531e-01	4.931927e-01
Hs.432752_at	-0.375473	1.678531e-01	4.931927e-01
Hs.585717_at	0.375473	1.678531e-01	4.931927e-01
Hs.652101_at	-0.375473	1.678531e-01	4.931927e-01
Hs.652830_at	0.375473	1.678531e-01	4.931927e-01
Hs.571528_at	0.375473	1.678531e-01	4.931927e-01
Hs.600826_at	0.375473	1.678531e-01	4.931927e-01
Hs.444089_at	0.375473	1.678531e-01	4.931927e-01
Hs.409965_at	-0.375473	1.678531e-01	4.931927e-01
Hs.634681_at	0.375473	1.678531e-01	4.931927e-01
Hs.569908_at	-0.375473	1.678531e-01	4.931927e-01
Hs.474822_at	0.375473	1.678531e-01	4.931927e-01
Hs.584887_at	-0.375473	1.678531e-01	4.931927e-01
Hs.495897_at	0.375473	1.678531e-01	4.931927e-01
Hs.631506_at	-0.375473	1.678531e-01	4.931927e-01
Hs.225941_at	0.375473	1.678531e-01	4.931927e-01
Hs.400625_at	0.375473	1.678531e-01	4.931927e-01
Hs.146127_at	0.375473	1.678531e-01	4.931927e-01
Hs.645347_at	-0.375473	1.678531e-01	4.931927e-01
Hs.2722_at	0.375473	1.678531e-01	4.931927e-01
Hs.27189_at	0.375473	1.678531e-01	4.931927e-01
Hs.400095_at	0.375473	1.678531e-01	4.931927e-01
Hs.567378_at	-0.375473	1.678531e-01	4.931927e-01
Hs.371977_at	-0.375473	1.678531e-01	4.931927e-01
Hs.302085_at	0.375473	1.678531e-01	4.931927e-01
Hs.598929_at	-0.375473	1.678531e-01	4.931927e-01
Hs.200412_at	-0.375473	1.678531e-01	4.931927e-01
Hs.548187_at	0.375473	1.678531e-01	4.931927e-01
Hs.497349_at	0.375473	1.678531e-01	4.931927e-01
Hs.155218_at	0.375473	1.678531e-01	4.931927e-01
Hs.517029_at	0.375473	1.678531e-01	4.931927e-01
Hs.652547_at	0.375473	1.678531e-01	4.931927e-01
Hs.477498_at	0.375473	1.678531e-01	4.931927e-01
Hs.470233_at	-0.375473	1.678531e-01	4.931927e-01
Hs.616114_at	0.375473	1.678531e-01	4.931927e-01
Hs.583348_at	0.375473	1.678531e-01	4.931927e-01
Hs.447877_at	-0.375473	1.678531e-01	4.931927e-01
Hs.335614_at	0.375473	1.678531e-01	4.931927e-01
Hs.591680_at	-0.375473	1.678531e-01	4.931927e-01
Hs.419240_at	0.375473	1.678531e-01	4.931927e-01
Hs.501296_at	0.375473	1.678531e-01	4.931927e-01
Hs.283478_at	0.375473	1.678531e-01	4.931927e-01
Hs.487035_at	0.375473	1.678531e-01	4.931927e-01
Hs.31439_at	-0.375473	1.678531e-01	4.931927e-01
Hs.584790_at	-0.375473	1.678531e-01	4.931927e-01
Hs.571886_at	-0.375473	1.678531e-01	4.931927e-01
Hs.518450_at	0.375473	1.678531e-01	4.931927e-01
Hs.275352_at	-0.375473	1.678531e-01	4.931927e-01
Hs.611341_at	0.375473	1.678531e-01	4.931927e-01
Hs.433615_at	0.375473	1.678531e-01	4.931927e-01
Hs.65009_at	-0.375473	1.678531e-01	4.931927e-01
Hs.471205_at	-0.375473	1.678531e-01	4.931927e-01
Hs.471039_at	-0.375473	1.678531e-01	4.931927e-01
Hs.609597_at	0.375473	1.678531e-01	4.931927e-01
Hs.47357_at	-0.375473	1.678531e-01	4.931927e-01
Hs.130672_at	0.375473	1.678531e-01	4.931927e-01
Hs.632227_at	0.375473	1.678531e-01	4.931927e-01
Hs.604528_at	-0.375473	1.678531e-01	4.931927e-01
Hs.27524_at	-0.375473	1.678531e-01	4.931927e-01
Hs.477693_at	-0.375473	1.678531e-01	4.931927e-01
Hs.236828_at	-0.375473	1.678531e-01	4.931927e-01
Hs.647101_at	-0.375473	1.678531e-01	4.931927e-01
Hs.255432_at	0.375473	1.678531e-01	4.931927e-01
Hs.279472_at	0.375473	1.678531e-01	4.931927e-01
Hs.632082_at	0.375473	1.678531e-01	4.931927e-01
Hs.436697_at	0.375473	1.678531e-01	4.931927e-01
Hs.92236_at	0.375473	1.678531e-01	4.931927e-01
Hs.24545_at	0.375473	1.678531e-01	4.931927e-01
Hs.436912_at	0.375473	1.678531e-01	4.931927e-01
Hs.18449_at	0.375473	1.678531e-01	4.931927e-01
Hs.370303_at	0.375473	1.678531e-01	4.931927e-01
Hs.512668_at	-0.375473	1.678531e-01	4.931927e-01
Hs.231829_at	0.375473	1.678531e-01	4.931927e-01
Hs.605579_at	0.375473	1.678531e-01	4.931927e-01
Hs.377155_at	-0.375473	1.678531e-01	4.931927e-01
Hs.248202_at	0.375473	1.678531e-01	4.931927e-01
Hs.248197_at	0.375473	1.678531e-01	4.931927e-01
Hs.59584_at	-0.375473	1.678531e-01	4.931927e-01
Hs.500771_at	0.375473	1.678531e-01	4.931927e-01
Hs.189174_at	0.375473	1.678531e-01	4.931927e-01
Hs.7736_at	-0.375473	1.678531e-01	4.931927e-01
Hs.77810_at	0.375473	1.678531e-01	4.931927e-01
Hs.35198_at	-0.375473	1.678531e-01	4.931927e-01
Hs.492445_at	-0.375473	1.678531e-01	4.931927e-01
Hs.332197_at	0.375473	1.678531e-01	4.931927e-01
Hs.594942_at	-0.375473	1.678531e-01	4.931927e-01
Hs.506652_at	-0.375473	1.678531e-01	4.931927e-01
Hs.32826_at	-0.375473	1.678531e-01	4.931927e-01
Hs.533357_at	0.375473	1.678531e-01	4.931927e-01
Hs.196849_at	0.375473	1.678531e-01	4.931927e-01
Hs.112916_at	0.375473	1.678531e-01	4.931927e-01
Hs.594911_at	0.375473	1.678531e-01	4.931927e-01
Hs.597787_at	0.375473	1.678531e-01	4.931927e-01
Hs.301059_at	-0.375473	1.678531e-01	4.931927e-01
Hs.484991_at	-0.375473	1.678531e-01	4.931927e-01
Hs.652340_at	-0.375473	1.678531e-01	4.931927e-01
Hs.225968_at	0.375473	1.678531e-01	4.931927e-01
Hs.606863_at	-0.375473	1.678531e-01	4.931927e-01
Hs.296648_at	0.375473	1.678531e-01	4.931927e-01
Hs.493771_at	0.375473	1.678531e-01	4.931927e-01
Hs.194480_at	-0.375473	1.678531e-01	4.931927e-01
Hs.124672_at	0.375473	1.678531e-01	4.931927e-01
Hs.73986_at	-0.375473	1.678531e-01	4.931927e-01
Hs.499489_at	0.375473	1.678531e-01	4.931927e-01
Hs.18081_at	-0.375473	1.678531e-01	4.931927e-01
Hs.555931_at	-0.375473	1.678531e-01	4.931927e-01
Hs.435742_at	0.375473	1.678531e-01	4.931927e-01
Hs.26537_at	0.375473	1.678531e-01	4.931927e-01
Hs.524418_at	0.375473	1.678531e-01	4.931927e-01
Hs.248087_at	0.371863	1.723085e-01	4.971170e-01
Hs.247883_at	0.371863	1.723085e-01	4.971170e-01
Hs.293676_at	-0.371863	1.723085e-01	4.971170e-01
Hs.634849_at	-0.371863	1.723085e-01	4.971170e-01
Hs.442590_at	0.371863	1.723085e-01	4.971170e-01
Hs.466531_at	0.371863	1.723085e-01	4.971170e-01
Hs.458482_at	0.371863	1.723085e-01	4.971170e-01
Hs.444479_at	0.371863	1.723085e-01	4.971170e-01
Hs.567903_at	0.371863	1.723085e-01	4.971170e-01
Hs.570528_at	0.371863	1.723085e-01	4.971170e-01
Hs.444356_at	0.371863	1.723085e-01	4.971170e-01
Hs.502314_at	-0.371863	1.723085e-01	4.971170e-01
Hs.434218_at	0.371863	1.723085e-01	4.971170e-01
Hs.253350_at	0.371863	1.723085e-01	4.971170e-01
Hs.410683_at	0.371863	1.723085e-01	4.971170e-01
Hs.169611_at	0.371863	1.723085e-01	4.971170e-01
Hs.320823_at	-0.371863	1.723085e-01	4.971170e-01
Hs.5638_at	-0.371863	1.723085e-01	4.971170e-01
Hs.158317_at	0.371863	1.723085e-01	4.971170e-01
Hs.651882_at	0.371863	1.723085e-01	4.971170e-01
Hs.652131_at	0.371863	1.723085e-01	4.971170e-01
Hs.318894_at	-0.371863	1.723085e-01	4.971170e-01
Hs.631856_at	0.371863	1.723085e-01	4.971170e-01
Hs.278957_at	0.371863	1.723085e-01	4.971170e-01
Hs.258253_at	0.371863	1.723085e-01	4.971170e-01
Hs.553920_at	0.371863	1.723085e-01	4.971170e-01
Hs.29040_at	0.371863	1.723085e-01	4.971170e-01
Hs.445885_at	0.371863	1.723085e-01	4.971170e-01
Hs.444684_at	0.371863	1.723085e-01	4.971170e-01
Hs.636868-_at	0.371863	1.723085e-01	4.971170e-01
Hs.373648_at	-0.371863	1.723085e-01	4.971170e-01
Hs.373612_at	0.371863	1.723085e-01	4.971170e-01
Hs.19718_at	0.371863	1.723085e-01	4.971170e-01
Hs.5345_at	0.371863	1.723085e-01	4.971170e-01
Hs.436023_at	-0.371863	1.723085e-01	4.971170e-01
Hs.14155_at	0.371863	1.723085e-01	4.971170e-01
Hs.481342_at	0.371863	1.723085e-01	4.971170e-01
Hs.438782_at	0.371863	1.723085e-01	4.971170e-01
Hs.535731_at	-0.371863	1.723085e-01	4.971170e-01
Hs.256184_at	0.371863	1.723085e-01	4.971170e-01
Hs.109225_at	0.371863	1.723085e-01	4.971170e-01
Hs.602690_at	0.371863	1.723085e-01	4.971170e-01
Hs.125423_at	-0.371863	1.723085e-01	4.971170e-01
Hs.83758_at	-0.371863	1.723085e-01	4.971170e-01
Hs.323308_at	0.371863	1.723085e-01	4.971170e-01
Hs.307835_at	0.371863	1.723085e-01	4.971170e-01
Hs.500972_at	-0.371863	1.723085e-01	4.971170e-01
Hs.110477_at	-0.371863	1.723085e-01	4.971170e-01
Hs.307086_at	0.371863	1.723085e-01	4.971170e-01
Hs.568643_at	0.371863	1.723085e-01	4.971170e-01
Hs.248156_at	0.371863	1.723085e-01	4.971170e-01
Hs.621266+_at	0.371863	1.723085e-01	4.971170e-01
Hs.386698_at	0.371863	1.723085e-01	4.971170e-01
Hs.512673_at	0.371863	1.723085e-01	4.971170e-01
Hs.106070_at	0.371863	1.723085e-01	4.971170e-01
Hs.187459_at	0.371863	1.723085e-01	4.971170e-01
Hs.646953_at	0.371863	1.723085e-01	4.971170e-01
Hs.233955_at	0.371863	1.723085e-01	4.971170e-01
Hs.91816_at	-0.371863	1.723085e-01	4.971170e-01
Hs.170904_at	0.371863	1.723085e-01	4.971170e-01
Hs.132104_at	0.371863	1.723085e-01	4.971170e-01
Hs.554519+_at	0.371863	1.723085e-01	4.971170e-01
Hs.287532_at	0.371863	1.723085e-01	4.971170e-01
Hs.23245_at	0.371863	1.723085e-01	4.971170e-01
Hs.106880_at	-0.371863	1.723085e-01	4.971170e-01
Hs.164453_at	0.371863	1.723085e-01	4.971170e-01
Hs.585071_at	-0.371863	1.723085e-01	4.971170e-01
Hs.6360_at	0.371863	1.723085e-01	4.971170e-01
Hs.459842_at	0.371863	1.723085e-01	4.971170e-01
Hs.534971_at	0.371863	1.723085e-01	4.971170e-01
Hs.176977_at	0.371863	1.723085e-01	4.971170e-01
Hs.632783_at	-0.371863	1.723085e-01	4.971170e-01
Hs.604206_at	-0.371863	1.723085e-01	4.971170e-01
Hs.535825_at	-0.371863	1.723085e-01	4.971170e-01
Hs.433422_at	0.371863	1.723085e-01	4.971170e-01
Hs.518490_at	0.371863	1.723085e-01	4.971170e-01
Hs.593853_at	0.371863	1.723085e-01	4.971170e-01
Hs.799_at	0.371863	1.723085e-01	4.971170e-01
Hs.500419_at	-0.371863	1.723085e-01	4.971170e-01
Hs.515317_at	-0.371863	1.723085e-01	4.971170e-01
Hs.531081_at	0.371863	1.723085e-01	4.971170e-01
Hs.624270_at	0.371863	1.723085e-01	4.971170e-01
Hs.527101_at	0.371863	1.723085e-01	4.971170e-01
Hs.472508_at	0.371863	1.723085e-01	4.971170e-01
Hs.620300_at	0.371863	1.723085e-01	4.971170e-01
Hs.585453_at	0.371863	1.723085e-01	4.971170e-01
Hs.174050_at	-0.371863	1.723085e-01	4.971170e-01
Hs.118248_at	0.371863	1.723085e-01	4.971170e-01
Hs.591091_at	-0.371863	1.723085e-01	4.971170e-01
Hs.212680_at	0.371863	1.723085e-01	4.971170e-01
Hs.439154_at	0.371863	1.723085e-01	4.971170e-01
Hs.132593_at	0.371863	1.723085e-01	4.971170e-01
Hs.517065_at	0.371863	1.723085e-01	4.971170e-01
Hs.334726_at	0.371863	1.723085e-01	4.971170e-01
Hs.778_at	0.371863	1.723085e-01	4.971170e-01
Hs.644000_at	-0.371863	1.723085e-01	4.971170e-01
Hs.645286_at	0.371863	1.723085e-01	4.971170e-01
Hs.591789_at	0.371863	1.723085e-01	4.971170e-01
Hs.558513_at	0.371863	1.723085e-01	4.971170e-01
Hs.480825_at	0.371863	1.723085e-01	4.971170e-01
Hs.596770_at	0.371863	1.723085e-01	4.971170e-01
Hs.643493_at	-0.371863	1.723085e-01	4.971170e-01
Hs.553835_at	0.371863	1.723085e-01	4.971170e-01
Hs.487511_at	0.371863	1.723085e-01	4.971170e-01
Hs.532411_at	-0.371863	1.723085e-01	4.971170e-01
Hs.146406_at	-0.371863	1.723085e-01	4.971170e-01
Hs.610472+_at	0.371863	1.723085e-01	4.971170e-01
Hs.604110_at	-0.371863	1.723085e-01	4.971170e-01
Hs.6385_at	0.371863	1.723085e-01	4.971170e-01
Hs.98895_at	0.371863	1.723085e-01	4.971170e-01
Hs.524210_at	-0.371863	1.723085e-01	4.971170e-01
Hs.6314_at	0.371863	1.723085e-01	4.971170e-01
Hs.495250_at	-0.371863	1.723085e-01	4.971170e-01
Hs.567499_at	0.371863	1.723085e-01	4.971170e-01
Hs.381349_at	0.371863	1.723085e-01	4.971170e-01
Hs.128576_at	-0.371863	1.723085e-01	4.971170e-01
Hs.79625_at	0.371863	1.723085e-01	4.971170e-01
Hs.652410_at	0.371863	1.723085e-01	4.971170e-01
Hs.73739_at	0.371863	1.723085e-01	4.971170e-01
Hs.534350_at	0.371863	1.723085e-01	4.971170e-01
Hs.510328_at	0.371863	1.723085e-01	4.971170e-01
Hs.602315_at	-0.371863	1.723085e-01	4.971170e-01
Hs.613732_at	0.371863	1.723085e-01	4.971170e-01
Hs.520627_at	0.371863	1.723085e-01	4.971170e-01
Hs.482291_at	-0.371863	1.723085e-01	4.971170e-01
Hs.580681_at	-0.371863	1.723085e-01	4.971170e-01
Hs.172791_at	-0.368253	1.768409e-01	5.026098e-01
Hs.172510_at	0.368253	1.768409e-01	5.026098e-01
Hs.648327_at	-0.368253	1.768409e-01	5.026098e-01
Hs.158852_at	-0.368253	1.768409e-01	5.026098e-01
Hs.480712_at	-0.368253	1.768409e-01	5.026098e-01
Hs.381282_at	0.368253	1.768409e-01	5.026098e-01
Hs.567424_at	0.368253	1.768409e-01	5.026098e-01
Hs.474751_at	0.368253	1.768409e-01	5.026098e-01
Hs.135763_at	-0.368253	1.768409e-01	5.026098e-01
Hs.98712_at	0.368253	1.768409e-01	5.026098e-01
Hs.457_at	0.368253	1.768409e-01	5.026098e-01
Hs.579828_at	-0.368253	1.768409e-01	5.026098e-01
Hs.567880_at	0.368253	1.768409e-01	5.026098e-01
Hs.407618_at	0.368253	1.768409e-01	5.026098e-01
Hs.592326_at	0.368253	1.768409e-01	5.026098e-01
Hs.486508_at	0.368253	1.768409e-01	5.026098e-01
Hs.49889_at	0.368253	1.768409e-01	5.026098e-01
Hs.287374_at	-0.368253	1.768409e-01	5.026098e-01
Hs.436366_at	0.368253	1.768409e-01	5.026098e-01
Hs.446077_at	0.368253	1.768409e-01	5.026098e-01
Hs.594634_at	0.368253	1.768409e-01	5.026098e-01
Hs.55150_at	0.368253	1.768409e-01	5.026098e-01
Hs.207157_at	0.368253	1.768409e-01	5.026098e-01
Hs.207604_at	0.368253	1.768409e-01	5.026098e-01
Hs.624224_at	0.368253	1.768409e-01	5.026098e-01
Hs.280388_at	0.368253	1.768409e-01	5.026098e-01
Hs.125849_at	-0.368253	1.768409e-01	5.026098e-01
Hs.89649_at	0.368253	1.768409e-01	5.026098e-01
Hs.283369_at	0.368253	1.768409e-01	5.026098e-01
Hs.282678_at	0.368253	1.768409e-01	5.026098e-01
Hs.421095_at	-0.368253	1.768409e-01	5.026098e-01
Hs.33470_at	0.368253	1.768409e-01	5.026098e-01
Hs.592237_at	-0.368253	1.768409e-01	5.026098e-01
Hs.652359_at	-0.368253	1.768409e-01	5.026098e-01
Hs.578429_at	0.368253	1.768409e-01	5.026098e-01
Hs.635627_at	-0.368253	1.768409e-01	5.026098e-01
Hs.150122_at	-0.368253	1.768409e-01	5.026098e-01
Hs.581021_at	0.368253	1.768409e-01	5.026098e-01
Hs.618112_at	0.368253	1.768409e-01	5.026098e-01
Hs.61960_at	0.368253	1.768409e-01	5.026098e-01
Hs.151154_at	0.368253	1.768409e-01	5.026098e-01
Hs.530715-_at	0.368253	1.768409e-01	5.026098e-01
Hs.530730_at	0.368253	1.768409e-01	5.026098e-01
Hs.515876_at	0.368253	1.768409e-01	5.026098e-01
Hs.68846_at	0.368253	1.768409e-01	5.026098e-01
Hs.153408_at	0.368253	1.768409e-01	5.026098e-01
Hs.587278_at	0.368253	1.768409e-01	5.026098e-01
Hs.355753_at	-0.368253	1.768409e-01	5.026098e-01
Hs.508644_at	-0.368253	1.768409e-01	5.026098e-01
Hs.443650_at	0.368253	1.768409e-01	5.026098e-01
Hs.1349_at	0.368253	1.768409e-01	5.026098e-01
Hs.595669_at	-0.368253	1.768409e-01	5.026098e-01
Hs.379754_at	-0.368253	1.768409e-01	5.026098e-01
Hs.7910_at	0.368253	1.768409e-01	5.026098e-01
Hs.350899_at	-0.368253	1.768409e-01	5.026098e-01
Hs.247362_at	0.368253	1.768409e-01	5.026098e-01
Hs.606256_at	-0.368253	1.768409e-01	5.026098e-01
Hs.590720_at	0.368253	1.768409e-01	5.026098e-01
Hs.590990_at	0.368253	1.768409e-01	5.026098e-01
Hs.617749_at	0.368253	1.768409e-01	5.026098e-01
Hs.521937_at	0.368253	1.768409e-01	5.026098e-01
Hs.481545_at	0.368253	1.768409e-01	5.026098e-01
Hs.98104_at	0.368253	1.768409e-01	5.026098e-01
Hs.522561_at	0.368253	1.768409e-01	5.026098e-01
Hs.647536_at	0.368253	1.768409e-01	5.026098e-01
Hs.597993_at	0.368253	1.768409e-01	5.026098e-01
Hs.15396_at	0.368253	1.768409e-01	5.026098e-01
Hs.140452_at	0.368253	1.768409e-01	5.026098e-01
Hs.374027_at	0.368253	1.768409e-01	5.026098e-01
Hs.85863_at	-0.368253	1.768409e-01	5.026098e-01
Hs.632987_at	-0.368253	1.768409e-01	5.026098e-01
Hs.437656_at	-0.368253	1.768409e-01	5.026098e-01
Hs.624282_at	0.368253	1.768409e-01	5.026098e-01
Hs.476525_at	-0.368253	1.768409e-01	5.026098e-01
Hs.571226_at	0.368253	1.768409e-01	5.026098e-01
Hs.404568_at	0.368253	1.768409e-01	5.026098e-01
Hs.158287_at	0.368253	1.768409e-01	5.026098e-01
Hs.75615_at	0.368253	1.768409e-01	5.026098e-01
Hs.124147_at	0.368253	1.768409e-01	5.026098e-01
Hs.632252_at	0.368253	1.768409e-01	5.026098e-01
Hs.250029_at	-0.368253	1.768409e-01	5.026098e-01
Hs.434386_at	0.368253	1.768409e-01	5.026098e-01
Hs.93194_at	0.368253	1.768409e-01	5.026098e-01
Hs.632229_at	0.368253	1.768409e-01	5.026098e-01
Hs.187422_at	-0.368253	1.768409e-01	5.026098e-01
Hs.36247_at	0.368253	1.768409e-01	5.026098e-01
Hs.518961_at	0.368253	1.768409e-01	5.026098e-01
Hs.252866_at	-0.368253	1.768409e-01	5.026098e-01
Hs.368214_at	-0.368253	1.768409e-01	5.026098e-01
Hs.468653_at	-0.368253	1.768409e-01	5.026098e-01
Hs.438823_at	-0.368253	1.768409e-01	5.026098e-01
Hs.438_at	-0.368253	1.768409e-01	5.026098e-01
Hs.511076_at	0.368253	1.768409e-01	5.026098e-01
Hs.619126_at	0.368253	1.768409e-01	5.026098e-01
Hs.93659_at	-0.368253	1.768409e-01	5.026098e-01
Hs.45140_at	0.368253	1.768409e-01	5.026098e-01
Hs.268107_at	-0.368253	1.768409e-01	5.026098e-01
Hs.104347_at	-0.368253	1.768409e-01	5.026098e-01
Hs.212293_at	0.368253	1.768409e-01	5.026098e-01
Hs.12451_at	0.368253	1.768409e-01	5.026098e-01
Hs.404265_at	-0.368253	1.768409e-01	5.026098e-01
Hs.555012_at	-0.368253	1.768409e-01	5.026098e-01
Hs.643459_at	-0.368253	1.768409e-01	5.026098e-01
Hs.200051_at	-0.368253	1.768409e-01	5.026098e-01
Hs.149504_at	0.368253	1.768409e-01	5.026098e-01
Hs.272673_at	-0.364642	1.814507e-01	5.065331e-01
Hs.194283_at	0.364642	1.814507e-01	5.065331e-01
Hs.596302_at	0.364642	1.814507e-01	5.065331e-01
Hs.591605_at	-0.364642	1.814507e-01	5.065331e-01
Hs.311072_at	-0.364642	1.814507e-01	5.065331e-01
Hs.469398_at	0.364642	1.814507e-01	5.065331e-01
Hs.93485_at	-0.364642	1.814507e-01	5.065331e-01
Hs.579217_at	0.364642	1.814507e-01	5.065331e-01
Hs.647760_at	0.364642	1.814507e-01	5.065331e-01
Hs.417628_at	0.364642	1.814507e-01	5.065331e-01
Hs.381072_at	0.364642	1.814507e-01	5.065331e-01
Hs.293917_at	0.364642	1.814507e-01	5.065331e-01
Hs.387208_at	-0.364642	1.814507e-01	5.065331e-01
Hs.271876_at	-0.364642	1.814507e-01	5.065331e-01
Hs.254414_at	0.364642	1.814507e-01	5.065331e-01
Hs.408846_at	0.364642	1.814507e-01	5.065331e-01
Hs.652699_at	-0.364642	1.814507e-01	5.065331e-01
Hs.171011_at	-0.364642	1.814507e-01	5.065331e-01
Hs.101150_at	0.364642	1.814507e-01	5.065331e-01
Hs.524224_at	0.364642	1.814507e-01	5.065331e-01
Hs.404423_at	-0.364642	1.814507e-01	5.065331e-01
Hs.498939_at	-0.364642	1.814507e-01	5.065331e-01
Hs.371987_at	0.364642	1.814507e-01	5.065331e-01
Hs.521213_at	-0.364642	1.814507e-01	5.065331e-01
Hs.412836_at	-0.364642	1.814507e-01	5.065331e-01
Hs.587247_at	0.364642	1.814507e-01	5.065331e-01
Hs.628372_at	0.364642	1.814507e-01	5.065331e-01
Hs.523811_at	-0.364642	1.814507e-01	5.065331e-01
Hs.523816_at	0.364642	1.814507e-01	5.065331e-01
Hs.631718_at	0.364642	1.814507e-01	5.065331e-01
Hs.272373_at	0.364642	1.814507e-01	5.065331e-01
Hs.511883_at	0.364642	1.814507e-01	5.065331e-01
Hs.443116_at	-0.364642	1.814507e-01	5.065331e-01
Hs.613572_at	-0.364642	1.814507e-01	5.065331e-01
Hs.515555_at	0.364642	1.814507e-01	5.065331e-01
Hs.594180_at	-0.364642	1.814507e-01	5.065331e-01
Hs.594504_at	-0.364642	1.814507e-01	5.065331e-01
Hs.558180_at	0.364642	1.814507e-01	5.065331e-01
Hs.24379_at	-0.364642	1.814507e-01	5.065331e-01
Hs.2960_at	0.364642	1.814507e-01	5.065331e-01
Hs.336431_at	0.364642	1.814507e-01	5.065331e-01
Hs.475387_at	-0.364642	1.814507e-01	5.065331e-01
Hs.517232_at	-0.364642	1.814507e-01	5.065331e-01
Hs.529451_at	0.364642	1.814507e-01	5.065331e-01
Hs.644797_at	-0.364642	1.814507e-01	5.065331e-01
Hs.520259_at	-0.364642	1.814507e-01	5.065331e-01
Hs.390817_at	0.364642	1.814507e-01	5.065331e-01
Hs.589848_at	0.364642	1.814507e-01	5.065331e-01
Hs.626125_at	0.364642	1.814507e-01	5.065331e-01
Hs.2549_at	0.364642	1.814507e-01	5.065331e-01
Hs.143733_at	0.364642	1.814507e-01	5.065331e-01
Hs.639413_at	0.364642	1.814507e-01	5.065331e-01
Hs.516124_at	0.364642	1.814507e-01	5.065331e-01
Hs.632596_at	0.364642	1.814507e-01	5.065331e-01
Hs.44227_at	-0.364642	1.814507e-01	5.065331e-01
Hs.309767_at	-0.364642	1.814507e-01	5.065331e-01
Hs.97244_at	0.364642	1.814507e-01	5.065331e-01
Hs.514690_at	0.364642	1.814507e-01	5.065331e-01
Hs.605098_at	-0.364642	1.814507e-01	5.065331e-01
Hs.370603_at	0.364642	1.814507e-01	5.065331e-01
Hs.180878_at	-0.364642	1.814507e-01	5.065331e-01
Hs.485572_at	-0.364642	1.814507e-01	5.065331e-01
Hs.424588_at	0.364642	1.814507e-01	5.065331e-01
Hs.441737_at	0.364642	1.814507e-01	5.065331e-01
Hs.632013_at	0.364642	1.814507e-01	5.065331e-01
Hs.514997_at	0.364642	1.814507e-01	5.065331e-01
Hs.280792_at	0.364642	1.814507e-01	5.065331e-01
Hs.279953_at	0.364642	1.814507e-01	5.065331e-01
Hs.602837_at	-0.364642	1.814507e-01	5.065331e-01
Hs.504003_at	0.364642	1.814507e-01	5.065331e-01
Hs.468349_at	-0.364642	1.814507e-01	5.065331e-01
Hs.434213_at	0.364642	1.814507e-01	5.065331e-01
Hs.522110_at	-0.364642	1.814507e-01	5.065331e-01
Hs.432924_at	0.364642	1.814507e-01	5.065331e-01
Hs.437806_at	0.364642	1.814507e-01	5.065331e-01
Hs.651277_at	0.364642	1.814507e-01	5.065331e-01
Hs.517991_at	0.364642	1.814507e-01	5.065331e-01
Hs.288800_at	0.364642	1.814507e-01	5.065331e-01
Hs.350556_at	0.364642	1.814507e-01	5.065331e-01
Hs.459940_at	0.364642	1.814507e-01	5.065331e-01
Hs.149367_at	-0.364642	1.814507e-01	5.065331e-01
Hs.221472_at	-0.364642	1.814507e-01	5.065331e-01
Hs.636970_at	0.364642	1.814507e-01	5.065331e-01
Hs.387367_at	0.364642	1.814507e-01	5.065331e-01
Hs.153661_at	0.364642	1.814507e-01	5.065331e-01
Hs.445552_at	0.364642	1.814507e-01	5.065331e-01
Hs.13225_at	-0.364642	1.814507e-01	5.065331e-01
Hs.558403_at	0.364642	1.814507e-01	5.065331e-01
Hs.439180_at	0.364642	1.814507e-01	5.065331e-01
Hs.581355_at	-0.364642	1.814507e-01	5.065331e-01
Hs.516604_at	-0.364642	1.814507e-01	5.065331e-01
Hs.162963_at	-0.364642	1.814507e-01	5.065331e-01
Hs.513053_at	0.364642	1.814507e-01	5.065331e-01
Hs.159523_at	-0.364642	1.814507e-01	5.065331e-01
Hs.129910_at	0.364642	1.814507e-01	5.065331e-01
Hs.358997_at	-0.364642	1.814507e-01	5.065331e-01
Hs.326475_at	0.364642	1.814507e-01	5.065331e-01
Hs.116602_at	-0.364642	1.814507e-01	5.065331e-01
Hs.582442_at	0.364642	1.814507e-01	5.065331e-01
Hs.630946_at	0.364642	1.814507e-01	5.065331e-01
Hs.630962_at	0.364642	1.814507e-01	5.065331e-01
Hs.300701_at	0.364642	1.814507e-01	5.065331e-01
Hs.376688_at	0.364642	1.814507e-01	5.065331e-01
Hs.646239_at	0.364642	1.814507e-01	5.065331e-01
Hs.522360_at	0.364642	1.814507e-01	5.065331e-01
Hs.500104_at	-0.364642	1.814507e-01	5.065331e-01
Hs.515351_at	0.364642	1.814507e-01	5.065331e-01
Hs.170156_at	0.364642	1.814507e-01	5.065331e-01
Hs.952_at	0.364642	1.814507e-01	5.065331e-01
Hs.185674_at	0.364642	1.814507e-01	5.065331e-01
Hs.593536_at	0.364642	1.814507e-01	5.065331e-01
Hs.590789_at	-0.364642	1.814507e-01	5.065331e-01
Hs.443577_at	0.364642	1.814507e-01	5.065331e-01
Hs.645823_at	-0.364642	1.814507e-01	5.065331e-01
Hs.21145_at	-0.364642	1.814507e-01	5.065331e-01
Hs.590876_at	0.364642	1.814507e-01	5.065331e-01
Hs.434890_at	0.364642	1.814507e-01	5.065331e-01
Hs.591328_at	0.364642	1.814507e-01	5.065331e-01
Hs.129729_at	0.364642	1.814507e-01	5.065331e-01
Hs.431109_at	-0.364642	1.814507e-01	5.065331e-01
Hs.407083_at	0.364642	1.814507e-01	5.065331e-01
Hs.604116_at	0.364642	1.814507e-01	5.065331e-01
Hs.145956_at	-0.364642	1.814507e-01	5.065331e-01
Hs.83346_at	0.364642	1.814507e-01	5.065331e-01
Hs.26579_at	0.364642	1.814507e-01	5.065331e-01
Hs.75160_at	-0.364642	1.814507e-01	5.065331e-01
Hs.74368_at	0.364642	1.814507e-01	5.065331e-01
Hs.170839_at	0.364642	1.814507e-01	5.065331e-01
Hs.608775+_at	0.361032	1.861381e-01	5.113705e-01
Hs.134640_at	0.361032	1.861381e-01	5.113705e-01
Hs.588682_at	-0.361032	1.861381e-01	5.113705e-01
Hs.596513_at	0.361032	1.861381e-01	5.113705e-01
Hs.169284_at	0.361032	1.861381e-01	5.113705e-01
Hs.272409_at	0.361032	1.861381e-01	5.113705e-01
Hs.387057_at	0.361032	1.861381e-01	5.113705e-01
Hs.128231_at	0.361032	1.861381e-01	5.113705e-01
Hs.333579_at	-0.361032	1.861381e-01	5.113705e-01
Hs.78089_at	0.361032	1.861381e-01	5.113705e-01
Hs.632261_at	0.361032	1.861381e-01	5.113705e-01
Hs.301613_at	-0.361032	1.861381e-01	5.113705e-01
Hs.591907_at	-0.361032	1.861381e-01	5.113705e-01
Hs.41696_at	0.361032	1.861381e-01	5.113705e-01
Hs.355899_at	0.361032	1.861381e-01	5.113705e-01
Hs.505777_at	0.361032	1.861381e-01	5.113705e-01
Hs.470633_at	-0.361032	1.861381e-01	5.113705e-01
Hs.184927_at	0.361032	1.861381e-01	5.113705e-01
Hs.593520_at	-0.361032	1.861381e-01	5.113705e-01
Hs.597413_at	-0.361032	1.861381e-01	5.113705e-01
Hs.248162_at	0.361032	1.861381e-01	5.113705e-01
Hs.525622_at	0.361032	1.861381e-01	5.113705e-01
Hs.610991_at	0.361032	1.861381e-01	5.113705e-01
Hs.170131_at	0.361032	1.861381e-01	5.113705e-01
Hs.597656_at	-0.361032	1.861381e-01	5.113705e-01
Hs.39925_at	-0.361032	1.861381e-01	5.113705e-01
Hs.594282_at	-0.361032	1.861381e-01	5.113705e-01
Hs.638916+_at	-0.361032	1.861381e-01	5.113705e-01
Hs.116864_at	0.361032	1.861381e-01	5.113705e-01
Hs.558217_at	0.361032	1.861381e-01	5.113705e-01
Hs.414332_at	-0.361032	1.861381e-01	5.113705e-01
Hs.88252_at	-0.361032	1.861381e-01	5.113705e-01
Hs.334507_at	0.361032	1.861381e-01	5.113705e-01
Hs.595158_at	0.361032	1.861381e-01	5.113705e-01
Hs.414122_at	0.361032	1.861381e-01	5.113705e-01
Hs.151880_at	-0.361032	1.861381e-01	5.113705e-01
Hs.350615_at	0.361032	1.861381e-01	5.113705e-01
Hs.349092_at	-0.361032	1.861381e-01	5.113705e-01
Hs.112950_at	0.361032	1.861381e-01	5.113705e-01
Hs.415322_at	0.361032	1.861381e-01	5.113705e-01
Hs.651127_at	0.361032	1.861381e-01	5.113705e-01
Hs.533717_at	0.361032	1.861381e-01	5.113705e-01
Hs.141496_at	-0.361032	1.861381e-01	5.113705e-01
Hs.609485_at	0.361032	1.861381e-01	5.113705e-01
Hs.458986_at	-0.361032	1.861381e-01	5.113705e-01
Hs.131933_at	-0.361032	1.861381e-01	5.113705e-01
Hs.637031_at	-0.361032	1.861381e-01	5.113705e-01
Hs.368264_at	-0.361032	1.861381e-01	5.113705e-01
Hs.127991_at	0.361032	1.861381e-01	5.113705e-01
Hs.189652_at	-0.361032	1.861381e-01	5.113705e-01
Hs.47649_at	-0.361032	1.861381e-01	5.113705e-01
Hs.167805_at	-0.361032	1.861381e-01	5.113705e-01
Hs.649368_at	-0.361032	1.861381e-01	5.113705e-01
Hs.476273_at	0.361032	1.861381e-01	5.113705e-01
Hs.612087_at	0.361032	1.861381e-01	5.113705e-01
Hs.631843_at	0.361032	1.861381e-01	5.113705e-01
Hs.504315_at	0.361032	1.861381e-01	5.113705e-01
Hs.515100_at	0.361032	1.861381e-01	5.113705e-01
Hs.16179_at	-0.361032	1.861381e-01	5.113705e-01
Hs.282984_at	-0.361032	1.861381e-01	5.113705e-01
Hs.591380_at	-0.361032	1.861381e-01	5.113705e-01
Hs.547009_at	0.361032	1.861381e-01	5.113705e-01
Hs.404802_at	0.361032	1.861381e-01	5.113705e-01
Hs.241523_at	-0.361032	1.861381e-01	5.113705e-01
Hs.597755_at	0.361032	1.861381e-01	5.113705e-01
Hs.606125_at	0.361032	1.861381e-01	5.113705e-01
Hs.283922_at	0.361032	1.861381e-01	5.113705e-01
Hs.184194_at	0.361032	1.861381e-01	5.113705e-01
Hs.601796_at	0.361032	1.861381e-01	5.113705e-01
Hs.602571_at	-0.361032	1.861381e-01	5.113705e-01
Hs.542345_at	0.361032	1.861381e-01	5.113705e-01
Hs.483538_at	0.361032	1.861381e-01	5.113705e-01
Hs.1867_at	0.361032	1.861381e-01	5.113705e-01
Hs.646975_at	0.361032	1.861381e-01	5.113705e-01
Hs.12439_at	0.361032	1.861381e-01	5.113705e-01
Hs.409368_at	-0.361032	1.861381e-01	5.113705e-01
Hs.125875_at	0.361032	1.861381e-01	5.113705e-01
Hs.503297_at	0.361032	1.861381e-01	5.113705e-01
Hs.350570_at	0.361032	1.861381e-01	5.113705e-01
Hs.585207_at	0.361032	1.861381e-01	5.113705e-01
Hs.483811_at	0.361032	1.861381e-01	5.113705e-01
Hs.179309_at	-0.361032	1.861381e-01	5.113705e-01
Hs.438829_at	0.361032	1.861381e-01	5.113705e-01
Hs.306221_at	0.361032	1.861381e-01	5.113705e-01
Hs.269775_at	-0.361032	1.861381e-01	5.113705e-01
Hs.134060_at	-0.361032	1.861381e-01	5.113705e-01
Hs.591257_at	0.361032	1.861381e-01	5.113705e-01
Hs.526665_at	-0.361032	1.861381e-01	5.113705e-01
Hs.372773_at	-0.361032	1.861381e-01	5.113705e-01
Hs.427202_at	0.361032	1.861381e-01	5.113705e-01
Hs.631660_at	0.361032	1.861381e-01	5.113705e-01
Hs.553877_at	0.361032	1.861381e-01	5.113705e-01
Hs.631610_at	0.361032	1.861381e-01	5.113705e-01
Hs.524248_at	0.361032	1.861381e-01	5.113705e-01
Hs.10041_at	0.361032	1.861381e-01	5.113705e-01
Hs.45719_at	0.361032	1.861381e-01	5.113705e-01
Hs.454579_at	-0.361032	1.861381e-01	5.113705e-01
Hs.631614_at	-0.361032	1.861381e-01	5.113705e-01
Hs.440320_at	-0.361032	1.861381e-01	5.113705e-01
Hs.380897_at	-0.361032	1.861381e-01	5.113705e-01
Hs.512461_at	0.361032	1.861381e-01	5.113705e-01
Hs.524084_at	0.361032	1.861381e-01	5.113705e-01
Hs.213044_at	0.361032	1.861381e-01	5.113705e-01
Hs.36959_at	0.361032	1.861381e-01	5.113705e-01
Hs.602365_at	0.361032	1.861381e-01	5.113705e-01
Hs.624604-_at	0.361032	1.861381e-01	5.113705e-01
Hs.409137_at	-0.361032	1.861381e-01	5.113705e-01
Hs.591606_at	0.361032	1.861381e-01	5.113705e-01
Hs.632708_at	-0.361032	1.861381e-01	5.113705e-01
Hs.515254_at	0.361032	1.861381e-01	5.113705e-01
Hs.495473_at	0.361032	1.861381e-01	5.113705e-01
Hs.460217_at	0.361032	1.861381e-01	5.113705e-01
Hs.194692_at	-0.361032	1.861381e-01	5.113705e-01
Hs.272168_at	-0.361032	1.861381e-01	5.113705e-01
Hs.382113_at	0.361032	1.861381e-01	5.113705e-01
Hs.79387_at	-0.361032	1.861381e-01	5.113705e-01
Hs.631587_at	0.357422	1.909035e-01	5.157811e-01
Hs.495605_at	-0.357422	1.909035e-01	5.157811e-01
Hs.13845_at	-0.357422	1.909035e-01	5.157811e-01
Hs.645228_at	0.357422	1.909035e-01	5.157811e-01
Hs.93698_at	0.357422	1.909035e-01	5.157811e-01
Hs.113290_at	0.357422	1.909035e-01	5.157811e-01
Hs.382641_at	0.357422	1.909035e-01	5.157811e-01
Hs.440900_at	0.357422	1.909035e-01	5.157811e-01
Hs.171342_at	-0.357422	1.909035e-01	5.157811e-01
Hs.573025_at	0.357422	1.909035e-01	5.157811e-01
Hs.445356_at	0.357422	1.909035e-01	5.157811e-01
Hs.174134_at	0.357422	1.909035e-01	5.157811e-01
Hs.173464_at	0.357422	1.909035e-01	5.157811e-01
Hs.272318_at	0.357422	1.909035e-01	5.157811e-01
Hs.272759_at	0.357422	1.909035e-01	5.157811e-01
Hs.48513_at	0.357422	1.909035e-01	5.157811e-01
Hs.432379_at	0.357422	1.909035e-01	5.157811e-01
Hs.224843_at	-0.357422	1.909035e-01	5.157811e-01
Hs.8361_at	0.357422	1.909035e-01	5.157811e-01
Hs.144439_at	-0.357422	1.909035e-01	5.157811e-01
Hs.187354_at	0.357422	1.909035e-01	5.157811e-01
Hs.8859_at	0.357422	1.909035e-01	5.157811e-01
Hs.331420_at	-0.357422	1.909035e-01	5.157811e-01
Hs.65758_at	0.357422	1.909035e-01	5.157811e-01
Hs.105642_at	0.357422	1.909035e-01	5.157811e-01
Hs.651206_at	0.357422	1.909035e-01	5.157811e-01
Hs.637465_at	0.357422	1.909035e-01	5.157811e-01
Hs.352187_at	0.357422	1.909035e-01	5.157811e-01
Hs.156316_at	0.357422	1.909035e-01	5.157811e-01
Hs.643167_at	0.357422	1.909035e-01	5.157811e-01
Hs.37062_at	0.357422	1.909035e-01	5.157811e-01
Hs.434347_at	0.357422	1.909035e-01	5.157811e-01
Hs.468026_at	-0.357422	1.909035e-01	5.157811e-01
Hs.279574_at	0.357422	1.909035e-01	5.157811e-01
Hs.108219_at	0.357422	1.909035e-01	5.157811e-01
Hs.279881_at	0.357422	1.909035e-01	5.157811e-01
Hs.436143_at	0.357422	1.909035e-01	5.157811e-01
Hs.471528_at	-0.357422	1.909035e-01	5.157811e-01
Hs.164661_at	0.357422	1.909035e-01	5.157811e-01
Hs.297420_at	0.357422	1.909035e-01	5.157811e-01
Hs.619367_at	-0.357422	1.909035e-01	5.157811e-01
Hs.298858_at	0.357422	1.909035e-01	5.157811e-01
Hs.298990_at	-0.357422	1.909035e-01	5.157811e-01
Hs.618461_at	0.357422	1.909035e-01	5.157811e-01
Hs.78960_at	0.357422	1.909035e-01	5.157811e-01
Hs.248188_at	0.357422	1.909035e-01	5.157811e-01
Hs.129452_at	-0.357422	1.909035e-01	5.157811e-01
Hs.274313_at	0.357422	1.909035e-01	5.157811e-01
Hs.416998_at	-0.357422	1.909035e-01	5.157811e-01
Hs.19872_at	-0.357422	1.909035e-01	5.157811e-01
Hs.2420_at	0.357422	1.909035e-01	5.157811e-01
Hs.240845_at	0.357422	1.909035e-01	5.157811e-01
Hs.183850_at	-0.357422	1.909035e-01	5.157811e-01
Hs.406840_at	-0.357422	1.909035e-01	5.157811e-01
Hs.505004_at	0.357422	1.909035e-01	5.157811e-01
Hs.504657_at	-0.357422	1.909035e-01	5.157811e-01
Hs.151220_at	-0.357422	1.909035e-01	5.157811e-01
Hs.160789_at	0.357422	1.909035e-01	5.157811e-01
Hs.126856_at	-0.357422	1.909035e-01	5.157811e-01
Hs.501522_at	-0.357422	1.909035e-01	5.157811e-01
Hs.624628_at	-0.357422	1.909035e-01	5.157811e-01
Hs.446438_at	0.357422	1.909035e-01	5.157811e-01
Hs.77783_at	0.357422	1.909035e-01	5.157811e-01
Hs.446352_at	0.357422	1.909035e-01	5.157811e-01
Hs.446172_at	0.357422	1.909035e-01	5.157811e-01
Hs.594546_at	-0.357422	1.909035e-01	5.157811e-01
Hs.187635_at	-0.357422	1.909035e-01	5.157811e-01
Hs.246781_at	0.357422	1.909035e-01	5.157811e-01
Hs.379018_at	0.357422	1.909035e-01	5.157811e-01
Hs.148427_at	0.357422	1.909035e-01	5.157811e-01
Hs.477869_at	-0.357422	1.909035e-01	5.157811e-01
Hs.591631_at	-0.357422	1.909035e-01	5.157811e-01
Hs.334934_at	0.357422	1.909035e-01	5.157811e-01
Hs.227049_at	-0.357422	1.909035e-01	5.157811e-01
Hs.44024_at	-0.357422	1.909035e-01	5.157811e-01
Hs.466714_at	0.357422	1.909035e-01	5.157811e-01
Hs.648101_at	0.357422	1.909035e-01	5.157811e-01
Hs.130014_at	-0.357422	1.909035e-01	5.157811e-01
Hs.107153_at	-0.357422	1.909035e-01	5.157811e-01
Hs.651850_at	-0.357422	1.909035e-01	5.157811e-01
Hs.639_at	0.357422	1.909035e-01	5.157811e-01
Hs.41423_at	-0.357422	1.909035e-01	5.157811e-01
Hs.249211_at	0.357422	1.909035e-01	5.157811e-01
Hs.621402_at	0.357422	1.909035e-01	5.157811e-01
Hs.567729_at	0.357422	1.909035e-01	5.157811e-01
Hs.349125_at	0.357422	1.909035e-01	5.157811e-01
Hs.534450_at	-0.357422	1.909035e-01	5.157811e-01
Hs.133089_at	-0.357422	1.909035e-01	5.157811e-01
Hs.66731_at	0.357422	1.909035e-01	5.157811e-01
Hs.647056_at	0.357422	1.909035e-01	5.157811e-01
Hs.408790_at	-0.357422	1.909035e-01	5.157811e-01
Hs.642450_at	-0.357422	1.909035e-01	5.157811e-01
Hs.532315_at	-0.357422	1.909035e-01	5.157811e-01
Hs.23862_at	-0.357422	1.909035e-01	5.157811e-01
Hs.236516_at	-0.357422	1.909035e-01	5.157811e-01
Hs.594772_at	0.357422	1.909035e-01	5.157811e-01
Hs.491232_at	-0.357422	1.909035e-01	5.157811e-01
Hs.552_at	-0.357422	1.909035e-01	5.157811e-01
Hs.584916_at	0.357422	1.909035e-01	5.157811e-01
Hs.374556_at	0.357422	1.909035e-01	5.157811e-01
Hs.502511_at	0.357422	1.909035e-01	5.157811e-01
Hs.121605_at	0.357422	1.909035e-01	5.157811e-01
Hs.381214_at	-0.357422	1.909035e-01	5.157811e-01
Hs.652387_at	-0.357422	1.909035e-01	5.157811e-01
Hs.443121_at	-0.357422	1.909035e-01	5.157811e-01
Hs.607248_at	-0.357422	1.909035e-01	5.157811e-01
Hs.516971_at	0.357422	1.909035e-01	5.157811e-01
Hs.467981_at	0.357422	1.909035e-01	5.157811e-01
Hs.412138_at	0.357422	1.909035e-01	5.157811e-01
Hs.632798_at	0.357422	1.909035e-01	5.157811e-01
Hs.612357_at	0.357422	1.909035e-01	5.157811e-01
Hs.268942_at	0.357422	1.909035e-01	5.157811e-01
Hs.236635_at	0.357422	1.909035e-01	5.157811e-01
Hs.317593_at	-0.357422	1.909035e-01	5.157811e-01
Hs.444181_at	0.357422	1.909035e-01	5.157811e-01
Hs.116935_at	-0.357422	1.909035e-01	5.157811e-01
Hs.470627_at	-0.357422	1.909035e-01	5.157811e-01
Hs.132648_at	-0.357422	1.909035e-01	5.157811e-01
Hs.62880_at	0.357422	1.909035e-01	5.157811e-01
Hs.432574_at	-0.357422	1.909035e-01	5.157811e-01
Hs.648449_at	0.357422	1.909035e-01	5.157811e-01
Hs.134065_at	0.357422	1.909035e-01	5.157811e-01
Hs.155247_at	-0.357422	1.909035e-01	5.157811e-01
Hs.608719_at	0.353811	1.957470e-01	5.204625e-01
Hs.635441_at	0.353811	1.957470e-01	5.204625e-01
Hs.383403_at	0.353811	1.957470e-01	5.204625e-01
Hs.174249_at	0.353811	1.957470e-01	5.204625e-01
Hs.632379_at	0.353811	1.957470e-01	5.204625e-01
Hs.190977_at	-0.353811	1.957470e-01	5.204625e-01
Hs.154329_at	-0.353811	1.957470e-01	5.204625e-01
Hs.154495_at	0.353811	1.957470e-01	5.204625e-01
Hs.6076_at	-0.353811	1.957470e-01	5.204625e-01
Hs.98564_at	0.353811	1.957470e-01	5.204625e-01
Hs.134183_at	-0.353811	1.957470e-01	5.204625e-01
Hs.343627_at	-0.353811	1.957470e-01	5.204625e-01
Hs.342412_at	0.353811	1.957470e-01	5.204625e-01
Hs.193784_at	-0.353811	1.957470e-01	5.204625e-01
Hs.480371_at	-0.353811	1.957470e-01	5.204625e-01
Hs.1735_at	0.353811	1.957470e-01	5.204625e-01
Hs.524081_at	-0.353811	1.957470e-01	5.204625e-01
Hs.444931_at	-0.353811	1.957470e-01	5.204625e-01
Hs.631991_at	-0.353811	1.957470e-01	5.204625e-01
Hs.614321_at	-0.353811	1.957470e-01	5.204625e-01
Hs.646645_at	0.353811	1.957470e-01	5.204625e-01
Hs.252713_at	0.353811	1.957470e-01	5.204625e-01
Hs.40479_at	0.353811	1.957470e-01	5.204625e-01
Hs.554519-_at	-0.353811	1.957470e-01	5.204625e-01
Hs.410817_at	-0.353811	1.957470e-01	5.204625e-01
Hs.561874_at	0.353811	1.957470e-01	5.204625e-01
Hs.122986_at	0.353811	1.957470e-01	5.204625e-01
Hs.631532_at	0.353811	1.957470e-01	5.204625e-01
Hs.479747_at	0.353811	1.957470e-01	5.204625e-01
Hs.265829_at	0.353811	1.957470e-01	5.204625e-01
Hs.462729_at	-0.353811	1.957470e-01	5.204625e-01
Hs.571466_at	0.353811	1.957470e-01	5.204625e-01
Hs.74034_at	-0.353811	1.957470e-01	5.204625e-01
Hs.132576_at	0.353811	1.957470e-01	5.204625e-01
Hs.505924_at	0.353811	1.957470e-01	5.204625e-01
Hs.54403_at	-0.353811	1.957470e-01	5.204625e-01
Hs.444724_at	-0.353811	1.957470e-01	5.204625e-01
Hs.190043_at	-0.353811	1.957470e-01	5.204625e-01
Hs.445740_at	0.353811	1.957470e-01	5.204625e-01
Hs.49774_at	-0.353811	1.957470e-01	5.204625e-01
Hs.458309_at	0.353811	1.957470e-01	5.204625e-01
Hs.454685_at	0.353811	1.957470e-01	5.204625e-01
Hs.649105_at	0.353811	1.957470e-01	5.204625e-01
Hs.489201_at	0.353811	1.957470e-01	5.204625e-01
Hs.404139_at	0.353811	1.957470e-01	5.204625e-01
Hs.20575_at	0.353811	1.957470e-01	5.204625e-01
Hs.539007+_at	0.353811	1.957470e-01	5.204625e-01
Hs.190440_at	0.353811	1.957470e-01	5.204625e-01
Hs.143751_at	0.353811	1.957470e-01	5.204625e-01
Hs.407955_at	-0.353811	1.957470e-01	5.204625e-01
Hs.525401_at	0.353811	1.957470e-01	5.204625e-01
Hs.463466_at	0.353811	1.957470e-01	5.204625e-01
Hs.601216_at	0.353811	1.957470e-01	5.204625e-01
Hs.167584_at	0.353811	1.957470e-01	5.204625e-01
Hs.481478_at	0.353811	1.957470e-01	5.204625e-01
Hs.132762_at	0.353811	1.957470e-01	5.204625e-01
Hs.58356_at	0.353811	1.957470e-01	5.204625e-01
Hs.327179_at	0.353811	1.957470e-01	5.204625e-01
Hs.553077_at	0.353811	1.957470e-01	5.204625e-01
Hs.442619_at	0.353811	1.957470e-01	5.204625e-01
Hs.649989_at	0.353811	1.957470e-01	5.204625e-01
Hs.586601_at	0.353811	1.957470e-01	5.204625e-01
Hs.484363_at	0.353811	1.957470e-01	5.204625e-01
Hs.351279_at	-0.353811	1.957470e-01	5.204625e-01
Hs.508725_at	0.353811	1.957470e-01	5.204625e-01
Hs.591596_at	0.353811	1.957470e-01	5.204625e-01
Hs.649721_at	0.353811	1.957470e-01	5.204625e-01
Hs.139389_at	0.353811	1.957470e-01	5.204625e-01
Hs.246769_at	0.353811	1.957470e-01	5.204625e-01
Hs.632378_at	0.353811	1.957470e-01	5.204625e-01
Hs.292056_at	0.353811	1.957470e-01	5.204625e-01
Hs.112529_at	0.353811	1.957470e-01	5.204625e-01
Hs.125331_at	0.353811	1.957470e-01	5.204625e-01
Hs.368011_at	-0.353811	1.957470e-01	5.204625e-01
Hs.23270_at	-0.353811	1.957470e-01	5.204625e-01
Hs.59908_at	0.353811	1.957470e-01	5.204625e-01
Hs.593995_at	0.353811	1.957470e-01	5.204625e-01
Hs.373074_at	0.353811	1.957470e-01	5.204625e-01
Hs.372360_at	-0.353811	1.957470e-01	5.204625e-01
Hs.372492_at	0.353811	1.957470e-01	5.204625e-01
Hs.75516_at	0.353811	1.957470e-01	5.204625e-01
Hs.532316_at	0.353811	1.957470e-01	5.204625e-01
Hs.107801_at	0.353811	1.957470e-01	5.204625e-01
Hs.310591_at	0.353811	1.957470e-01	5.204625e-01
Hs.46701_at	-0.353811	1.957470e-01	5.204625e-01
Hs.421281_at	0.353811	1.957470e-01	5.204625e-01
Hs.418192_at	-0.353811	1.957470e-01	5.204625e-01
Hs.493309_at	-0.353811	1.957470e-01	5.204625e-01
Hs.568124_at	0.353811	1.957470e-01	5.204625e-01
Hs.185910_at	-0.353811	1.957470e-01	5.204625e-01
Hs.512782_at	0.353811	1.957470e-01	5.204625e-01
Hs.158316_at	0.353811	1.957470e-01	5.204625e-01
Hs.534593_at	0.353811	1.957470e-01	5.204625e-01
Hs.596709_at	0.353811	1.957470e-01	5.204625e-01
Hs.461860_at	0.353811	1.957470e-01	5.204625e-01
Hs.289828_at	-0.353811	1.957470e-01	5.204625e-01
Hs.434416_at	0.353811	1.957470e-01	5.204625e-01
Hs.188569_at	-0.353811	1.957470e-01	5.204625e-01
Hs.204096_at	0.353811	1.957470e-01	5.204625e-01
Hs.303923_at	-0.353811	1.957470e-01	5.204625e-01
Hs.436378_at	0.353811	1.957470e-01	5.204625e-01
Hs.436626_at	0.353811	1.957470e-01	5.204625e-01
Hs.567641_at	0.353811	1.957470e-01	5.204625e-01
Hs.622344_at	-0.353811	1.957470e-01	5.204625e-01
Hs.20315_at	-0.353811	1.957470e-01	5.204625e-01
Hs.203691_at	0.353811	1.957470e-01	5.204625e-01
Hs.406966_at	0.353811	1.957470e-01	5.204625e-01
Hs.76873_at	0.353811	1.957470e-01	5.204625e-01
Hs.447899_at	0.353811	1.957470e-01	5.204625e-01
Hs.16064_at	0.353811	1.957470e-01	5.204625e-01
Hs.163924_at	-0.353811	1.957470e-01	5.204625e-01
Hs.248112_at	0.353811	1.957470e-01	5.204625e-01
Hs.133998_at	-0.353811	1.957470e-01	5.204625e-01
Hs.652364_at	0.353811	1.957470e-01	5.204625e-01
Hs.496270_at	0.353811	1.957470e-01	5.204625e-01
Hs.469728_at	0.353811	1.957470e-01	5.204625e-01
Hs.515376_at	-0.353811	1.957470e-01	5.204625e-01
Hs.410969_at	0.353811	1.957470e-01	5.204625e-01
Hs.317659_at	-0.353811	1.957470e-01	5.204625e-01
Hs.444338_at	-0.353811	1.957470e-01	5.204625e-01
Hs.522729_at	-0.350201	2.006690e-01	5.258197e-01
Hs.524731_at	0.350201	2.006690e-01	5.258197e-01
Hs.5245_at	-0.350201	2.006690e-01	5.258197e-01
Hs.193832_at	-0.350201	2.006690e-01	5.258197e-01
Hs.596488_at	0.350201	2.006690e-01	5.258197e-01
Hs.567535_at	0.350201	2.006690e-01	5.258197e-01
Hs.97406_at	0.350201	2.006690e-01	5.258197e-01
Hs.513645_at	0.350201	2.006690e-01	5.258197e-01
Hs.436529_at	0.350201	2.006690e-01	5.258197e-01
Hs.245044_at	0.350201	2.006690e-01	5.258197e-01
Hs.142442_at	-0.350201	2.006690e-01	5.258197e-01
Hs.250072_at	-0.350201	2.006690e-01	5.258197e-01
Hs.126857-_at	0.350201	2.006690e-01	5.258197e-01
Hs.1524_at	0.350201	2.006690e-01	5.258197e-01
Hs.205392_at	0.350201	2.006690e-01	5.258197e-01
Hs.157461_at	0.350201	2.006690e-01	5.258197e-01
Hs.157113_at	-0.350201	2.006690e-01	5.258197e-01
Hs.604138_at	0.350201	2.006690e-01	5.258197e-01
Hs.289347_at	0.350201	2.006690e-01	5.258197e-01
Hs.567390_at	0.350201	2.006690e-01	5.258197e-01
Hs.56294_at	0.350201	2.006690e-01	5.258197e-01
Hs.651173_at	-0.350201	2.006690e-01	5.258197e-01
Hs.405942_at	-0.350201	2.006690e-01	5.258197e-01
Hs.134859_at	-0.350201	2.006690e-01	5.258197e-01
Hs.598881_at	-0.350201	2.006690e-01	5.258197e-01
Hs.631882_at	0.350201	2.006690e-01	5.258197e-01
Hs.22302_at	0.350201	2.006690e-01	5.258197e-01
Hs.440494_at	-0.350201	2.006690e-01	5.258197e-01
Hs.440401_at	-0.350201	2.006690e-01	5.258197e-01
Hs.179312_at	-0.350201	2.006690e-01	5.258197e-01
Hs.474783_at	-0.350201	2.006690e-01	5.258197e-01
Hs.444541_at	0.350201	2.006690e-01	5.258197e-01
Hs.126712_at	0.350201	2.006690e-01	5.258197e-01
Hs.302977_at	-0.350201	2.006690e-01	5.258197e-01
Hs.643846_at	-0.350201	2.006690e-01	5.258197e-01
Hs.189482_at	0.350201	2.006690e-01	5.258197e-01
Hs.16803_at	-0.350201	2.006690e-01	5.258197e-01
Hs.321637_at	0.350201	2.006690e-01	5.258197e-01
Hs.638904_at	0.350201	2.006690e-01	5.258197e-01
Hs.644610_at	-0.350201	2.006690e-01	5.258197e-01
Hs.651131_at	0.350201	2.006690e-01	5.258197e-01
Hs.128326_at	0.350201	2.006690e-01	5.258197e-01
Hs.121483_at	0.350201	2.006690e-01	5.258197e-01
Hs.22011_at	0.350201	2.006690e-01	5.258197e-01
Hs.351593_at	0.350201	2.006690e-01	5.258197e-01
Hs.433201_at	-0.350201	2.006690e-01	5.258197e-01
Hs.27695_at	0.350201	2.006690e-01	5.258197e-01
Hs.535689_at	0.350201	2.006690e-01	5.258197e-01
Hs.511872_at	0.350201	2.006690e-01	5.258197e-01
Hs.180062_at	-0.350201	2.006690e-01	5.258197e-01
Hs.108301_at	-0.350201	2.006690e-01	5.258197e-01
Hs.409523_at	-0.350201	2.006690e-01	5.258197e-01
Hs.349979_at	-0.350201	2.006690e-01	5.258197e-01
Hs.123022_at	0.350201	2.006690e-01	5.258197e-01
Hs.630787_at	-0.350201	2.006690e-01	5.258197e-01
Hs.459187_at	0.350201	2.006690e-01	5.258197e-01
Hs.591934_at	-0.350201	2.006690e-01	5.258197e-01
Hs.650648_at	0.350201	2.006690e-01	5.258197e-01
Hs.237856_at	0.350201	2.006690e-01	5.258197e-01
Hs.647023_at	0.350201	2.006690e-01	5.258197e-01
Hs.407918_at	0.350201	2.006690e-01	5.258197e-01
Hs.135015_at	0.350201	2.006690e-01	5.258197e-01
Hs.404186_at	-0.350201	2.006690e-01	5.258197e-01
Hs.32949_at	0.350201	2.006690e-01	5.258197e-01
Hs.8366_at	0.350201	2.006690e-01	5.258197e-01
Hs.438641_at	-0.350201	2.006690e-01	5.258197e-01
Hs.213194_at	0.350201	2.006690e-01	5.258197e-01
Hs.499209_at	0.350201	2.006690e-01	5.258197e-01
Hs.499643_at	0.350201	2.006690e-01	5.258197e-01
Hs.488051_at	-0.350201	2.006690e-01	5.258197e-01
Hs.652308_at	-0.350201	2.006690e-01	5.258197e-01
Hs.86232_at	0.350201	2.006690e-01	5.258197e-01
Hs.598410-_at	-0.350201	2.006690e-01	5.258197e-01
Hs.502338_at	0.350201	2.006690e-01	5.258197e-01
Hs.555933_at	0.350201	2.006690e-01	5.258197e-01
Hs.128002_at	0.350201	2.006690e-01	5.258197e-01
Hs.633344_at	0.350201	2.006690e-01	5.258197e-01
Hs.124463_at	0.350201	2.006690e-01	5.258197e-01
Hs.647231_at	0.350201	2.006690e-01	5.258197e-01
Hs.177193_at	0.350201	2.006690e-01	5.258197e-01
Hs.591613_at	-0.350201	2.006690e-01	5.258197e-01
Hs.428209_at	0.350201	2.006690e-01	5.258197e-01
Hs.634864_at	0.350201	2.006690e-01	5.258197e-01
Hs.29304_at	0.350201	2.006690e-01	5.258197e-01
Hs.50927_at	0.350201	2.006690e-01	5.258197e-01
Hs.597665_at	0.350201	2.006690e-01	5.258197e-01
Hs.279594_at	0.350201	2.006690e-01	5.258197e-01
Hs.148677_at	0.350201	2.006690e-01	5.258197e-01
Hs.500921_at	-0.350201	2.006690e-01	5.258197e-01
Hs.482605_at	0.350201	2.006690e-01	5.258197e-01
Hs.632156_at	0.350201	2.006690e-01	5.258197e-01
Hs.586141_at	0.350201	2.006690e-01	5.258197e-01
Hs.586193_at	-0.350201	2.006690e-01	5.258197e-01
Hs.101120_at	0.350201	2.006690e-01	5.258197e-01
Hs.248017_at	0.350201	2.006690e-01	5.258197e-01
Hs.82927_at	0.350201	2.006690e-01	5.258197e-01
Hs.90791_at	0.350201	2.006690e-01	5.258197e-01
Hs.37167_at	0.350201	2.006690e-01	5.258197e-01
Hs.647109_at	0.350201	2.006690e-01	5.258197e-01
Hs.272787_at	0.350201	2.006690e-01	5.258197e-01
Hs.588815_at	0.350201	2.006690e-01	5.258197e-01
Hs.652233_at	0.350201	2.006690e-01	5.258197e-01
Hs.567494_at	0.350201	2.006690e-01	5.258197e-01
Hs.591169_at	0.350201	2.006690e-01	5.258197e-01
Hs.478125_at	-0.350201	2.006690e-01	5.258197e-01
Hs.648111_at	0.350201	2.006690e-01	5.258197e-01
Hs.339845_at	0.350201	2.006690e-01	5.258197e-01
Hs.523299_at	-0.350201	2.006690e-01	5.258197e-01
Hs.8595_at	0.350201	2.006690e-01	5.258197e-01
Hs.22584_at	0.350201	2.006690e-01	5.258197e-01
Hs.478930_at	0.350201	2.006690e-01	5.258197e-01
Hs.613716_at	0.346591	2.056695e-01	5.307490e-01
Hs.590892_at	0.346591	2.056695e-01	5.307490e-01
Hs.642817_at	-0.346591	2.056695e-01	5.307490e-01
Hs.350729_at	0.346591	2.056695e-01	5.307490e-01
Hs.624361_at	0.346591	2.056695e-01	5.307490e-01
Hs.202023_at	0.346591	2.056695e-01	5.307490e-01
Hs.501252_at	0.346591	2.056695e-01	5.307490e-01
Hs.386387_at	0.346591	2.056695e-01	5.307490e-01
Hs.509410_at	-0.346591	2.056695e-01	5.307490e-01
Hs.380738_at	-0.346591	2.056695e-01	5.307490e-01
Hs.380781_at	0.346591	2.056695e-01	5.307490e-01
Hs.342307_at	-0.346591	2.056695e-01	5.307490e-01
Hs.133977_at	0.346591	2.056695e-01	5.307490e-01
Hs.234898_at	0.346591	2.056695e-01	5.307490e-01
Hs.504091_at	-0.346591	2.056695e-01	5.307490e-01
Hs.639355_at	0.346591	2.056695e-01	5.307490e-01
Hs.592011_at	0.346591	2.056695e-01	5.307490e-01
Hs.610959_at	-0.346591	2.056695e-01	5.307490e-01
Hs.147377_at	-0.346591	2.056695e-01	5.307490e-01
Hs.129708_at	0.346591	2.056695e-01	5.307490e-01
Hs.296169_at	-0.346591	2.056695e-01	5.307490e-01
Hs.942_at	0.346591	2.056695e-01	5.307490e-01
Hs.529094_at	-0.346591	2.056695e-01	5.307490e-01
Hs.600609_at	0.346591	2.056695e-01	5.307490e-01
Hs.464184_at	0.346591	2.056695e-01	5.307490e-01
Hs.31819_at	0.346591	2.056695e-01	5.307490e-01
Hs.559820_at	0.346591	2.056695e-01	5.307490e-01
Hs.630497_at	-0.346591	2.056695e-01	5.307490e-01
Hs.445377_at	0.346591	2.056695e-01	5.307490e-01
Hs.54940_at	0.346591	2.056695e-01	5.307490e-01
Hs.553539_at	0.346591	2.056695e-01	5.307490e-01
Hs.531650_at	0.346591	2.056695e-01	5.307490e-01
Hs.5741_at	-0.346591	2.056695e-01	5.307490e-01
Hs.434250_at	0.346591	2.056695e-01	5.307490e-01
Hs.32018_at	-0.346591	2.056695e-01	5.307490e-01
Hs.89781_at	0.346591	2.056695e-01	5.307490e-01
Hs.437691_at	-0.346591	2.056695e-01	5.307490e-01
Hs.647121_at	-0.346591	2.056695e-01	5.307490e-01
Hs.286131_at	0.346591	2.056695e-01	5.307490e-01
Hs.201778_at	0.346591	2.056695e-01	5.307490e-01
Hs.463797_at	-0.346591	2.056695e-01	5.307490e-01
Hs.145404_at	0.346591	2.056695e-01	5.307490e-01
Hs.164589_at	-0.346591	2.056695e-01	5.307490e-01
Hs.483921_at	-0.346591	2.056695e-01	5.307490e-01
Hs.463421_at	0.346591	2.056695e-01	5.307490e-01
Hs.162397_at	-0.346591	2.056695e-01	5.307490e-01
Hs.593601_at	-0.346591	2.056695e-01	5.307490e-01
Hs.247776_at	0.346591	2.056695e-01	5.307490e-01
Hs.556877_at	0.346591	2.056695e-01	5.307490e-01
Hs.557_at	0.346591	2.056695e-01	5.307490e-01
Hs.421576_at	-0.346591	2.056695e-01	5.307490e-01
Hs.558623_at	0.346591	2.056695e-01	5.307490e-01
Hs.403933_at	-0.346591	2.056695e-01	5.307490e-01
Hs.567562_at	0.346591	2.056695e-01	5.307490e-01
Hs.489355_at	0.346591	2.056695e-01	5.307490e-01
Hs.476209_at	0.346591	2.056695e-01	5.307490e-01
Hs.143774_at	0.346591	2.056695e-01	5.307490e-01
Hs.465778_at	-0.346591	2.056695e-01	5.307490e-01
Hs.438016_at	0.346591	2.056695e-01	5.307490e-01
Hs.143911_at	0.346591	2.056695e-01	5.307490e-01
Hs.513933_at	-0.346591	2.056695e-01	5.307490e-01
Hs.146339_at	0.346591	2.056695e-01	5.307490e-01
Hs.534679_at	0.346591	2.056695e-01	5.307490e-01
Hs.446297_at	0.346591	2.056695e-01	5.307490e-01
Hs.497867_at	-0.346591	2.056695e-01	5.307490e-01
Hs.553018_at	0.346591	2.056695e-01	5.307490e-01
Hs.652151_at	0.346591	2.056695e-01	5.307490e-01
Hs.302002_at	0.346591	2.056695e-01	5.307490e-01
Hs.38972_at	0.346591	2.056695e-01	5.307490e-01
Hs.12698_at	0.346591	2.056695e-01	5.307490e-01
Hs.485717_at	-0.346591	2.056695e-01	5.307490e-01
Hs.184523_at	-0.346591	2.056695e-01	5.307490e-01
Hs.199853_at	0.346591	2.056695e-01	5.307490e-01
Hs.155823_at	-0.346591	2.056695e-01	5.307490e-01
Hs.80756_at	0.346591	2.056695e-01	5.307490e-01
Hs.497402_at	0.346591	2.056695e-01	5.307490e-01
Hs.17466_at	-0.346591	2.056695e-01	5.307490e-01
Hs.533738_at	-0.346591	2.056695e-01	5.307490e-01
Hs.44269_at	-0.346591	2.056695e-01	5.307490e-01
Hs.58756_at	0.346591	2.056695e-01	5.307490e-01
Hs.442707_at	0.346591	2.056695e-01	5.307490e-01
Hs.209431_at	-0.346591	2.056695e-01	5.307490e-01
Hs.58663_at	-0.346591	2.056695e-01	5.307490e-01
Hs.585572_at	-0.346591	2.056695e-01	5.307490e-01
Hs.502759_at	0.346591	2.056695e-01	5.307490e-01
Hs.28149_at	0.346591	2.056695e-01	5.307490e-01
Hs.30332_at	0.346591	2.056695e-01	5.307490e-01
Hs.302677_at	0.346591	2.056695e-01	5.307490e-01
Hs.372914_at	0.346591	2.056695e-01	5.307490e-01
Hs.130499_at	0.346591	2.056695e-01	5.307490e-01
Hs.401843_at	-0.346591	2.056695e-01	5.307490e-01
Hs.5940_at	0.346591	2.056695e-01	5.307490e-01
Hs.153381_at	0.346591	2.056695e-01	5.307490e-01
Hs.91930_at	0.346591	2.056695e-01	5.307490e-01
Hs.18891_at	-0.346591	2.056695e-01	5.307490e-01
Hs.18925_at	-0.346591	2.056695e-01	5.307490e-01
Hs.631867_at	0.346591	2.056695e-01	5.307490e-01
Hs.119897_at	-0.346591	2.056695e-01	5.307490e-01
Hs.119164_at	0.346591	2.056695e-01	5.307490e-01
Hs.233533_at	0.346591	2.056695e-01	5.307490e-01
Hs.604233_at	0.346591	2.056695e-01	5.307490e-01
Hs.591472_at	0.346591	2.056695e-01	5.307490e-01
Hs.591473_at	0.346591	2.056695e-01	5.307490e-01
Hs.527830_at	0.346591	2.056695e-01	5.307490e-01
Hs.517436_at	-0.346591	2.056695e-01	5.307490e-01
Hs.279611_at	0.346591	2.056695e-01	5.307490e-01
Hs.279704_at	0.346591	2.056695e-01	5.307490e-01
Hs.476595_at	0.346591	2.056695e-01	5.307490e-01
Hs.652287_at	0.346591	2.056695e-01	5.307490e-01
Hs.454830_at	0.346591	2.056695e-01	5.307490e-01
Hs.171971_at	-0.346591	2.056695e-01	5.307490e-01
Hs.604516_at	-0.346591	2.056695e-01	5.307490e-01
Hs.269977_at	0.346591	2.056695e-01	5.307490e-01
Hs.33962_at	-0.346591	2.056695e-01	5.307490e-01
Hs.79347_at	0.346591	2.056695e-01	5.307490e-01
Hs.269837_at	0.346591	2.056695e-01	5.307490e-01
Hs.560892_at	0.346591	2.056695e-01	5.307490e-01
Hs.293753_at	0.346591	2.056695e-01	5.307490e-01
Hs.529400_at	-0.342980	2.107490e-01	5.344458e-01
Hs.621033_at	-0.342980	2.107490e-01	5.344458e-01
Hs.495158_at	0.342980	2.107490e-01	5.344458e-01
Hs.596510_at	-0.342980	2.107490e-01	5.344458e-01
Hs.606879_at	-0.342980	2.107490e-01	5.344458e-01
Hs.559433_at	-0.342980	2.107490e-01	5.344458e-01
Hs.43071_at	0.342980	2.107490e-01	5.344458e-01
Hs.647804_at	-0.342980	2.107490e-01	5.344458e-01
Hs.429596_at	0.342980	2.107490e-01	5.344458e-01
Hs.61469_at	0.342980	2.107490e-01	5.344458e-01
Hs.310225_at	-0.342980	2.107490e-01	5.344458e-01
Hs.282665_at	-0.342980	2.107490e-01	5.344458e-01
Hs.642990_at	-0.342980	2.107490e-01	5.344458e-01
Hs.324271_at	-0.342980	2.107490e-01	5.344458e-01
Hs.448059_at	0.342980	2.107490e-01	5.344458e-01
Hs.350194_at	-0.342980	2.107490e-01	5.344458e-01
Hs.609315_at	0.342980	2.107490e-01	5.344458e-01
Hs.648598_at	-0.342980	2.107490e-01	5.344458e-01
Hs.348700_at	0.342980	2.107490e-01	5.344458e-01
Hs.159306_at	0.342980	2.107490e-01	5.344458e-01
Hs.606288_at	0.342980	2.107490e-01	5.344458e-01
Hs.121507_at	0.342980	2.107490e-01	5.344458e-01
Hs.590900_at	-0.342980	2.107490e-01	5.344458e-01
Hs.468488_at	-0.342980	2.107490e-01	5.344458e-01
Hs.375210_at	0.342980	2.107490e-01	5.344458e-01
Hs.518059_at	-0.342980	2.107490e-01	5.344458e-01
Hs.647340_at	-0.342980	2.107490e-01	5.344458e-01
Hs.436367_at	0.342980	2.107490e-01	5.344458e-01
Hs.436329_at	0.342980	2.107490e-01	5.344458e-01
Hs.283023_at	0.342980	2.107490e-01	5.344458e-01
Hs.641175_at	0.342980	2.107490e-01	5.344458e-01
Hs.642693_at	0.342980	2.107490e-01	5.344458e-01
Hs.89663_at	-0.342980	2.107490e-01	5.344458e-01
Hs.43388_at	-0.342980	2.107490e-01	5.344458e-01
Hs.445931_at	0.342980	2.107490e-01	5.344458e-01
Hs.567639_at	0.342980	2.107490e-01	5.344458e-01
Hs.623738_at	0.342980	2.107490e-01	5.344458e-01
Hs.552826_at	0.342980	2.107490e-01	5.344458e-01
Hs.600049_at	-0.342980	2.107490e-01	5.344458e-01
Hs.287471_at	0.342980	2.107490e-01	5.344458e-01
Hs.84084_at	0.342980	2.107490e-01	5.344458e-01
Hs.23960_at	-0.342980	2.107490e-01	5.344458e-01
Hs.520246_at	-0.342980	2.107490e-01	5.344458e-01
Hs.508131_at	0.342980	2.107490e-01	5.344458e-01
Hs.522568_at	0.342980	2.107490e-01	5.344458e-01
Hs.132954_at	0.342980	2.107490e-01	5.344458e-01
Hs.652111_at	0.342980	2.107490e-01	5.344458e-01
Hs.462732_at	-0.342980	2.107490e-01	5.344458e-01
Hs.5301_at	-0.342980	2.107490e-01	5.344458e-01
Hs.497579_at	0.342980	2.107490e-01	5.344458e-01
Hs.497581_at	-0.342980	2.107490e-01	5.344458e-01
Hs.651172_at	0.342980	2.107490e-01	5.344458e-01
Hs.186486_at	-0.342980	2.107490e-01	5.344458e-01
Hs.198249_at	0.342980	2.107490e-01	5.344458e-01
Hs.80552_at	0.342980	2.107490e-01	5.344458e-01
Hs.301904_at	0.342980	2.107490e-01	5.344458e-01
Hs.153863_at	0.342980	2.107490e-01	5.344458e-01
Hs.301040_at	0.342980	2.107490e-01	5.344458e-01
Hs.638121_at	0.342980	2.107490e-01	5.344458e-01
Hs.406703_at	-0.342980	2.107490e-01	5.344458e-01
Hs.592920+_at	0.342980	2.107490e-01	5.344458e-01
Hs.491354_at	0.342980	2.107490e-01	5.344458e-01
Hs.491104_at	0.342980	2.107490e-01	5.344458e-01
Hs.182215_at	-0.342980	2.107490e-01	5.344458e-01
Hs.570455_at	-0.342980	2.107490e-01	5.344458e-01
Hs.143766_at	0.342980	2.107490e-01	5.344458e-01
Hs.552106_at	0.342980	2.107490e-01	5.344458e-01
Hs.214247_at	-0.342980	2.107490e-01	5.344458e-01
Hs.513330_at	-0.342980	2.107490e-01	5.344458e-01
Hs.498548_at	0.342980	2.107490e-01	5.344458e-01
Hs.475300_at	-0.342980	2.107490e-01	5.344458e-01
Hs.424484_at	0.342980	2.107490e-01	5.344458e-01
Hs.591801_at	0.342980	2.107490e-01	5.344458e-01
Hs.651600_at	-0.342980	2.107490e-01	5.344458e-01
Hs.115792_at	-0.342980	2.107490e-01	5.344458e-01
Hs.247710_at	0.342980	2.107490e-01	5.344458e-01
Hs.3873_at	-0.342980	2.107490e-01	5.344458e-01
Hs.376209_at	-0.342980	2.107490e-01	5.344458e-01
Hs.597524_at	0.342980	2.107490e-01	5.344458e-01
Hs.517586_at	0.342980	2.107490e-01	5.344458e-01
Hs.621342_at	0.342980	2.107490e-01	5.344458e-01
Hs.354645_at	0.342980	2.107490e-01	5.344458e-01
Hs.438867_at	0.342980	2.107490e-01	5.344458e-01
Hs.651218_at	0.342980	2.107490e-01	5.344458e-01
Hs.145227_at	-0.342980	2.107490e-01	5.344458e-01
Hs.144655_at	0.342980	2.107490e-01	5.344458e-01
Hs.136905_at	0.342980	2.107490e-01	5.344458e-01
Hs.94790_at	0.342980	2.107490e-01	5.344458e-01
Hs.465929_at	0.342980	2.107490e-01	5.344458e-01
Hs.62772_at	-0.342980	2.107490e-01	5.344458e-01
Hs.320147_at	0.342980	2.107490e-01	5.344458e-01
Hs.200716_at	0.342980	2.107490e-01	5.344458e-01
Hs.2007_at	0.342980	2.107490e-01	5.344458e-01
Hs.25338_at	-0.342980	2.107490e-01	5.344458e-01
Hs.151624_at	0.342980	2.107490e-01	5.344458e-01
Hs.258576_at	-0.342980	2.107490e-01	5.344458e-01
Hs.592136_at	0.342980	2.107490e-01	5.344458e-01
Hs.520140_at	0.342980	2.107490e-01	5.344458e-01
Hs.444279_at	-0.342980	2.107490e-01	5.344458e-01
Hs.612192_at	0.342980	2.107490e-01	5.344458e-01
Hs.643531_at	0.342980	2.107490e-01	5.344458e-01
Hs.306727_at	0.342980	2.107490e-01	5.344458e-01
Hs.575337_at	0.342980	2.107490e-01	5.344458e-01
Hs.7236_at	-0.342980	2.107490e-01	5.344458e-01
Hs.630680_at	-0.342980	2.107490e-01	5.344458e-01
Hs.104650_at	-0.342980	2.107490e-01	5.344458e-01
Hs.591179_at	0.342980	2.107490e-01	5.344458e-01
Hs.371199_at	-0.342980	2.107490e-01	5.344458e-01
Hs.252895_at	0.342980	2.107490e-01	5.344458e-01
Hs.284232_at	0.342980	2.107490e-01	5.344458e-01
Hs.651209_at	0.342980	2.107490e-01	5.344458e-01
Hs.162016_at	-0.342980	2.107490e-01	5.344458e-01
Hs.306178_at	0.342980	2.107490e-01	5.344458e-01
Hs.155829_at	0.342980	2.107490e-01	5.344458e-01
Hs.645992_at	0.342980	2.107490e-01	5.344458e-01
Hs.29857_at	-0.342980	2.107490e-01	5.344458e-01
Hs.98338_at	0.342980	2.107490e-01	5.344458e-01
Hs.135254_at	0.342980	2.107490e-01	5.344458e-01
Hs.435775_at	0.342980	2.107490e-01	5.344458e-01
Hs.443837_at	0.342980	2.107490e-01	5.344458e-01
Hs.1004_at	0.342980	2.107490e-01	5.344458e-01
Hs.99120_at	-0.342980	2.107490e-01	5.344458e-01
Hs.279806_at	-0.342980	2.107490e-01	5.344458e-01
Hs.503860_at	0.342980	2.107490e-01	5.344458e-01
Hs.4285_at	0.342980	2.107490e-01	5.344458e-01
Hs.596272_at	0.342980	2.107490e-01	5.344458e-01
Hs.609045_at	0.342980	2.107490e-01	5.344458e-01
Hs.523471_at	-0.342980	2.107490e-01	5.344458e-01
Hs.269004_at	0.342980	2.107490e-01	5.344458e-01
Hs.644727_at	-0.342980	2.107490e-01	5.344458e-01
Hs.631724_at	0.342980	2.107490e-01	5.344458e-01
Hs.523332_at	-0.342980	2.107490e-01	5.344458e-01
Hs.383108_at	0.342980	2.107490e-01	5.344458e-01
Hs.386390_at	0.342980	2.107490e-01	5.344458e-01
Hs.462777_at	0.342980	2.107490e-01	5.344458e-01
Hs.427232_at	-0.342980	2.107490e-01	5.344458e-01
Hs.222909_at	0.342980	2.107490e-01	5.344458e-01
Hs.368084_at	-0.339370	2.159074e-01	5.385481e-01
Hs.367947_at	0.339370	2.159074e-01	5.385481e-01
Hs.484068_at	-0.339370	2.159074e-01	5.385481e-01
Hs.16019_at	0.339370	2.159074e-01	5.385481e-01
Hs.479898_at	0.339370	2.159074e-01	5.385481e-01
Hs.271903_at	0.339370	2.159074e-01	5.385481e-01
Hs.523145_at	-0.339370	2.159074e-01	5.385481e-01
Hs.54973_at	0.339370	2.159074e-01	5.385481e-01
Hs.607404_at	0.339370	2.159074e-01	5.385481e-01
Hs.8715_at	-0.339370	2.159074e-01	5.385481e-01
Hs.608156_at	0.339370	2.159074e-01	5.385481e-01
Hs.194301_at	0.339370	2.159074e-01	5.385481e-01
Hs.128453_at	0.339370	2.159074e-01	5.385481e-01
Hs.478741_at	0.339370	2.159074e-01	5.385481e-01
Hs.73809_at	0.339370	2.159074e-01	5.385481e-01
Hs.648465_at	-0.339370	2.159074e-01	5.385481e-01
Hs.532145_at	0.339370	2.159074e-01	5.385481e-01
Hs.612899_at	0.339370	2.159074e-01	5.385481e-01
Hs.143845_at	0.339370	2.159074e-01	5.385481e-01
Hs.520989_at	-0.339370	2.159074e-01	5.385481e-01
Hs.651732_at	-0.339370	2.159074e-01	5.385481e-01
Hs.389457_at	0.339370	2.159074e-01	5.385481e-01
Hs.529609_at	0.339370	2.159074e-01	5.385481e-01
Hs.516874_at	0.339370	2.159074e-01	5.385481e-01
Hs.436105_at	-0.339370	2.159074e-01	5.385481e-01
Hs.13680_at	0.339370	2.159074e-01	5.385481e-01
Hs.517718_at	0.339370	2.159074e-01	5.385481e-01
Hs.292135_at	-0.339370	2.159074e-01	5.385481e-01
Hs.248126_at	0.339370	2.159074e-01	5.385481e-01
Hs.496544_at	-0.339370	2.159074e-01	5.385481e-01
Hs.496911_at	0.339370	2.159074e-01	5.385481e-01
Hs.644687_at	-0.339370	2.159074e-01	5.385481e-01
Hs.471381_at	0.339370	2.159074e-01	5.385481e-01
Hs.62022_at	0.339370	2.159074e-01	5.385481e-01
Hs.586842_at	0.339370	2.159074e-01	5.385481e-01
Hs.569313_at	0.339370	2.159074e-01	5.385481e-01
Hs.621497_at	-0.339370	2.159074e-01	5.385481e-01
Hs.68756_at	0.339370	2.159074e-01	5.385481e-01
Hs.197755_at	0.339370	2.159074e-01	5.385481e-01
Hs.198072_at	0.339370	2.159074e-01	5.385481e-01
Hs.597741_at	-0.339370	2.159074e-01	5.385481e-01
Hs.497520_at	0.339370	2.159074e-01	5.385481e-01
Hs.190028_at	-0.339370	2.159074e-01	5.385481e-01
Hs.130239_at	0.339370	2.159074e-01	5.385481e-01
Hs.388746_at	0.339370	2.159074e-01	5.385481e-01
Hs.492740_at	-0.339370	2.159074e-01	5.385481e-01
Hs.190495_at	0.339370	2.159074e-01	5.385481e-01
Hs.421621_at	0.339370	2.159074e-01	5.385481e-01
Hs.591760_at	-0.339370	2.159074e-01	5.385481e-01
Hs.133534_at	0.339370	2.159074e-01	5.385481e-01
Hs.423103_at	0.339370	2.159074e-01	5.385481e-01
Hs.477352_at	-0.339370	2.159074e-01	5.385481e-01
Hs.638929_at	-0.339370	2.159074e-01	5.385481e-01
Hs.433738_at	0.339370	2.159074e-01	5.385481e-01
Hs.135756_at	-0.339370	2.159074e-01	5.385481e-01
Hs.502726_at	0.339370	2.159074e-01	5.385481e-01
Hs.520463_at	0.339370	2.159074e-01	5.385481e-01
Hs.313247_at	-0.339370	2.159074e-01	5.385481e-01
Hs.632740_at	-0.339370	2.159074e-01	5.385481e-01
Hs.624253_at	0.339370	2.159074e-01	5.385481e-01
Hs.527971_at	0.339370	2.159074e-01	5.385481e-01
Hs.109760_at	-0.339370	2.159074e-01	5.385481e-01
Hs.118681_at	0.339370	2.159074e-01	5.385481e-01
Hs.20205_at	0.339370	2.159074e-01	5.385481e-01
Hs.448520_at	0.339370	2.159074e-01	5.385481e-01
Hs.187577_at	0.339370	2.159074e-01	5.385481e-01
Hs.518138_at	-0.339370	2.159074e-01	5.385481e-01
Hs.591444_at	0.339370	2.159074e-01	5.385481e-01
Hs.288927_at	0.339370	2.159074e-01	5.385481e-01
Hs.143187_at	0.339370	2.159074e-01	5.385481e-01
Hs.623346_at	-0.339370	2.159074e-01	5.385481e-01
Hs.436360_at	0.339370	2.159074e-01	5.385481e-01
Hs.460109_at	0.339370	2.159074e-01	5.385481e-01
Hs.621447_at	0.339370	2.159074e-01	5.385481e-01
Hs.632182_at	0.339370	2.159074e-01	5.385481e-01
Hs.63795_at	0.339370	2.159074e-01	5.385481e-01
Hs.212140_at	-0.339370	2.159074e-01	5.385481e-01
Hs.590982_at	0.339370	2.159074e-01	5.385481e-01
Hs.647082_at	-0.339370	2.159074e-01	5.385481e-01
Hs.184080_at	-0.339370	2.159074e-01	5.385481e-01
Hs.202247_at	-0.339370	2.159074e-01	5.385481e-01
Hs.632181_at	0.339370	2.159074e-01	5.385481e-01
Hs.131138_at	0.339370	2.159074e-01	5.385481e-01
Hs.463506_at	-0.339370	2.159074e-01	5.385481e-01
Hs.600844_at	-0.339370	2.159074e-01	5.385481e-01
Hs.177164_at	-0.339370	2.159074e-01	5.385481e-01
Hs.432400_at	0.339370	2.159074e-01	5.385481e-01
Hs.1594_at	0.339370	2.159074e-01	5.385481e-01
Hs.88663_at	-0.339370	2.159074e-01	5.385481e-01
Hs.499952_at	0.339370	2.159074e-01	5.385481e-01
Hs.567566_at	0.339370	2.159074e-01	5.385481e-01
Hs.400572_at	-0.339370	2.159074e-01	5.385481e-01
Hs.633910_at	0.339370	2.159074e-01	5.385481e-01
Hs.87247_at	0.339370	2.159074e-01	5.385481e-01
Hs.259605_at	-0.339370	2.159074e-01	5.385481e-01
Hs.647620_at	0.339370	2.159074e-01	5.385481e-01
Hs.652764+_at	-0.339370	2.159074e-01	5.385481e-01
Hs.652843_at	-0.339370	2.159074e-01	5.385481e-01
Hs.135229_at	0.339370	2.159074e-01	5.385481e-01
Hs.326933_at	0.339370	2.159074e-01	5.385481e-01
Hs.507080_at	0.339370	2.159074e-01	5.385481e-01
Hs.633202_at	0.339370	2.159074e-01	5.385481e-01
Hs.519024_at	0.339370	2.159074e-01	5.385481e-01
Hs.518808_at	0.339370	2.159074e-01	5.385481e-01
Hs.515688_at	0.339370	2.159074e-01	5.385481e-01
Hs.546492_at	0.339370	2.159074e-01	5.385481e-01
Hs.105607_at	0.339370	2.159074e-01	5.385481e-01
Hs.481181_at	-0.339370	2.159074e-01	5.385481e-01
Hs.159410_at	-0.339370	2.159074e-01	5.385481e-01
Hs.159481_at	0.339370	2.159074e-01	5.385481e-01
Hs.78061_at	0.339370	2.159074e-01	5.385481e-01
Hs.382313_at	0.339370	2.159074e-01	5.385481e-01
Hs.296310_at	0.339370	2.159074e-01	5.385481e-01
Hs.529122+_at	0.339370	2.159074e-01	5.385481e-01
Hs.443727_at	0.339370	2.159074e-01	5.385481e-01
Hs.476280_at	-0.339370	2.159074e-01	5.385481e-01
Hs.368878_at	-0.339370	2.159074e-01	5.385481e-01
Hs.14559_at	-0.339370	2.159074e-01	5.385481e-01
Hs.125525_at	-0.339370	2.159074e-01	5.385481e-01
Hs.651276_at	-0.339370	2.159074e-01	5.385481e-01
Hs.386324_at	0.339370	2.159074e-01	5.385481e-01
Hs.180535_at	0.339370	2.159074e-01	5.385481e-01
Hs.7570_at	-0.339370	2.159074e-01	5.385481e-01
Hs.514151_at	0.339370	2.159074e-01	5.385481e-01
Hs.514038_at	0.339370	2.159074e-01	5.385481e-01
Hs.515018_at	0.339370	2.159074e-01	5.385481e-01
Hs.624312_at	-0.339370	2.159074e-01	5.385481e-01
Hs.280604_at	0.339370	2.159074e-01	5.385481e-01
Hs.441039_at	-0.339370	2.159074e-01	5.385481e-01
Hs.144783_at	0.339370	2.159074e-01	5.385481e-01
Hs.270017_at	0.339370	2.159074e-01	5.385481e-01
Hs.652279_at	0.339370	2.159074e-01	5.385481e-01
Hs.12319_at	-0.335760	2.211451e-01	5.441090e-01
Hs.287636_at	0.335760	2.211451e-01	5.441090e-01
Hs.518244_at	-0.335760	2.211451e-01	5.441090e-01
Hs.20395_at	0.335760	2.211451e-01	5.441090e-01
Hs.189119_at	0.335760	2.211451e-01	5.441090e-01
Hs.528024_at	-0.335760	2.211451e-01	5.441090e-01
Hs.446050_at	0.335760	2.211451e-01	5.441090e-01
Hs.534305_at	0.335760	2.211451e-01	5.441090e-01
Hs.266223_at	0.335760	2.211451e-01	5.441090e-01
Hs.441124_at	-0.335760	2.211451e-01	5.441090e-01
Hs.154494_at	0.335760	2.211451e-01	5.441090e-01
Hs.427229+_at	0.335760	2.211451e-01	5.441090e-01
Hs.631576_at	0.335760	2.211451e-01	5.441090e-01
Hs.125674_at	0.335760	2.211451e-01	5.441090e-01
Hs.485262_at	0.335760	2.211451e-01	5.441090e-01
Hs.442378_at	0.335760	2.211451e-01	5.441090e-01
Hs.555910_at	-0.335760	2.211451e-01	5.441090e-01
Hs.446946_at	0.335760	2.211451e-01	5.441090e-01
Hs.580794_at	0.335760	2.211451e-01	5.441090e-01
Hs.437609_at	-0.335760	2.211451e-01	5.441090e-01
Hs.475733_at	-0.335760	2.211451e-01	5.441090e-01
Hs.652223_at	0.335760	2.211451e-01	5.441090e-01
Hs.602717_at	-0.335760	2.211451e-01	5.441090e-01
Hs.183125_at	-0.335760	2.211451e-01	5.441090e-01
Hs.464419_at	-0.335760	2.211451e-01	5.441090e-01
Hs.585457_at	0.335760	2.211451e-01	5.441090e-01
Hs.433442_at	-0.335760	2.211451e-01	5.441090e-01
Hs.29546_at	0.335760	2.211451e-01	5.441090e-01
Hs.101007_at	0.335760	2.211451e-01	5.441090e-01
Hs.156784_at	0.335760	2.211451e-01	5.441090e-01
Hs.86337_at	-0.335760	2.211451e-01	5.441090e-01
Hs.550905_at	0.335760	2.211451e-01	5.441090e-01
Hs.159556_at	-0.335760	2.211451e-01	5.441090e-01
Hs.159311_at	0.335760	2.211451e-01	5.441090e-01
Hs.610104_at	-0.335760	2.211451e-01	5.441090e-01
Hs.438918_at	0.335760	2.211451e-01	5.441090e-01
Hs.162795_at	-0.335760	2.211451e-01	5.441090e-01
Hs.517603_at	0.335760	2.211451e-01	5.441090e-01
Hs.596689_at	-0.335760	2.211451e-01	5.441090e-01
Hs.113940_at	-0.335760	2.211451e-01	5.441090e-01
Hs.445340_at	0.335760	2.211451e-01	5.441090e-01
Hs.442634_at	0.335760	2.211451e-01	5.441090e-01
Hs.79088_at	-0.335760	2.211451e-01	5.441090e-01
Hs.371642_at	-0.335760	2.211451e-01	5.441090e-01
Hs.133029_at	0.335760	2.211451e-01	5.441090e-01
Hs.585782_at	0.335760	2.211451e-01	5.441090e-01
Hs.1968_at	0.335760	2.211451e-01	5.441090e-01
Hs.59486_at	-0.335760	2.211451e-01	5.441090e-01
Hs.621404_at	0.335760	2.211451e-01	5.441090e-01
Hs.8004_at	0.335760	2.211451e-01	5.441090e-01
Hs.371738_at	0.335760	2.211451e-01	5.441090e-01
Hs.110695_at	-0.335760	2.211451e-01	5.441090e-01
Hs.506997_at	-0.335760	2.211451e-01	5.441090e-01
Hs.124565_at	0.335760	2.211451e-01	5.441090e-01
Hs.178357_at	-0.335760	2.211451e-01	5.441090e-01
Hs.50813_at	0.335760	2.211451e-01	5.441090e-01
Hs.509113_at	0.335760	2.211451e-01	5.441090e-01
Hs.534383_at	-0.335760	2.211451e-01	5.441090e-01
Hs.591899_at	-0.335760	2.211451e-01	5.441090e-01
Hs.591853_at	0.335760	2.211451e-01	5.441090e-01
Hs.417262_at	-0.335760	2.211451e-01	5.441090e-01
Hs.651525_at	0.335760	2.211451e-01	5.441090e-01
Hs.652731_at	0.335760	2.211451e-01	5.441090e-01
Hs.597775_at	-0.335760	2.211451e-01	5.441090e-01
Hs.598765_at	0.335760	2.211451e-01	5.441090e-01
Hs.499793_at	-0.335760	2.211451e-01	5.441090e-01
Hs.515846_at	-0.335760	2.211451e-01	5.441090e-01
Hs.116486_at	-0.335760	2.211451e-01	5.441090e-01
Hs.647705_at	0.335760	2.211451e-01	5.441090e-01
Hs.353090_at	-0.335760	2.211451e-01	5.441090e-01
Hs.239718_at	-0.335760	2.211451e-01	5.441090e-01
Hs.537792_at	0.335760	2.211451e-01	5.441090e-01
Hs.502145_at	0.335760	2.211451e-01	5.441090e-01
Hs.131151_at	0.335760	2.211451e-01	5.441090e-01
Hs.233160_at	0.335760	2.211451e-01	5.441090e-01
Hs.638694_at	-0.335760	2.211451e-01	5.441090e-01
Hs.490330_at	0.335760	2.211451e-01	5.441090e-01
Hs.69009_at	0.335760	2.211451e-01	5.441090e-01
Hs.521535_at	0.335760	2.211451e-01	5.441090e-01
Hs.406265_at	0.335760	2.211451e-01	5.441090e-01
Hs.632130_at	0.335760	2.211451e-01	5.441090e-01
Hs.7200_at	-0.335760	2.211451e-01	5.441090e-01
Hs.591376_at	0.335760	2.211451e-01	5.441090e-01
Hs.37045_at	0.335760	2.211451e-01	5.441090e-01
Hs.370379_at	0.335760	2.211451e-01	5.441090e-01
Hs.201071_at	0.335760	2.211451e-01	5.441090e-01
Hs.15159_at	-0.335760	2.211451e-01	5.441090e-01
Hs.23978_at	0.335760	2.211451e-01	5.441090e-01
Hs.407172_at	0.335760	2.211451e-01	5.441090e-01
Hs.369759_at	0.335760	2.211451e-01	5.441090e-01
Hs.567701_at	0.335760	2.211451e-01	5.441090e-01
Hs.436898_at	0.335760	2.211451e-01	5.441090e-01
Hs.513557_at	-0.335760	2.211451e-01	5.441090e-01
Hs.590942_at	0.335760	2.211451e-01	5.441090e-01
Hs.145875_at	0.335760	2.211451e-01	5.441090e-01
Hs.145520_at	-0.335760	2.211451e-01	5.441090e-01
Hs.435700_at	-0.335760	2.211451e-01	5.441090e-01
Hs.589681-_at	0.335760	2.211451e-01	5.441090e-01
Hs.418279_at	0.335760	2.211451e-01	5.441090e-01
Hs.496139_at	-0.335760	2.211451e-01	5.441090e-01
Hs.536411_at	0.335760	2.211451e-01	5.441090e-01
Hs.640726_at	-0.335760	2.211451e-01	5.441090e-01
Hs.77100_at	-0.335760	2.211451e-01	5.441090e-01
Hs.183109_at	0.335760	2.211451e-01	5.441090e-01
Hs.345694_at	0.335760	2.211451e-01	5.441090e-01
Hs.645288_at	0.335760	2.211451e-01	5.441090e-01
Hs.42747_at	-0.335760	2.211451e-01	5.441090e-01
Hs.648205_at	0.335760	2.211451e-01	5.441090e-01
Hs.171280_at	-0.335760	2.211451e-01	5.441090e-01
Hs.608376_at	0.335760	2.211451e-01	5.441090e-01
Hs.516978_at	0.335760	2.211451e-01	5.441090e-01
Hs.524871_at	0.332149	2.264620e-01	5.501122e-01
Hs.270437_at	-0.332149	2.264620e-01	5.501122e-01
Hs.33642_at	-0.332149	2.264620e-01	5.501122e-01
Hs.579079_at	-0.332149	2.264620e-01	5.501122e-01
Hs.443150_at	0.332149	2.264620e-01	5.501122e-01
Hs.465928_at	-0.332149	2.264620e-01	5.501122e-01
Hs.192132_at	0.332149	2.264620e-01	5.501122e-01
Hs.195398_at	0.332149	2.264620e-01	5.501122e-01
Hs.18894_at	0.332149	2.264620e-01	5.501122e-01
Hs.528439_at	0.332149	2.264620e-01	5.501122e-01
Hs.649871-_at	0.332149	2.264620e-01	5.501122e-01
Hs.30323_at	-0.332149	2.264620e-01	5.501122e-01
Hs.302257_at	0.332149	2.264620e-01	5.501122e-01
Hs.593936_at	0.332149	2.264620e-01	5.501122e-01
Hs.599877_at	0.332149	2.264620e-01	5.501122e-01
Hs.401509_at	0.332149	2.264620e-01	5.501122e-01
Hs.283081_at	0.332149	2.264620e-01	5.501122e-01
Hs.642676_at	-0.332149	2.264620e-01	5.501122e-01
Hs.534399_at	-0.332149	2.264620e-01	5.501122e-01
Hs.845_at	0.332149	2.264620e-01	5.501122e-01
Hs.2200_at	-0.332149	2.264620e-01	5.501122e-01
Hs.533754_at	-0.332149	2.264620e-01	5.501122e-01
Hs.516032_at	-0.332149	2.264620e-01	5.501122e-01
Hs.62180_at	-0.332149	2.264620e-01	5.501122e-01
Hs.530412_at	-0.332149	2.264620e-01	5.501122e-01
Hs.590943_at	0.332149	2.264620e-01	5.501122e-01
Hs.591630_at	0.332149	2.264620e-01	5.501122e-01
Hs.590961_at	-0.332149	2.264620e-01	5.501122e-01
Hs.613928_at	-0.332149	2.264620e-01	5.501122e-01
Hs.602281_at	0.332149	2.264620e-01	5.501122e-01
Hs.281707_at	-0.332149	2.264620e-01	5.501122e-01
Hs.584854_at	0.332149	2.264620e-01	5.501122e-01
Hs.30917_at	0.332149	2.264620e-01	5.501122e-01
Hs.567679_at	-0.332149	2.264620e-01	5.501122e-01
Hs.609173_at	0.332149	2.264620e-01	5.501122e-01
Hs.130757_at	0.332149	2.264620e-01	5.501122e-01
Hs.355207_at	0.332149	2.264620e-01	5.501122e-01
Hs.591600_at	0.332149	2.264620e-01	5.501122e-01
Hs.649295_at	0.332149	2.264620e-01	5.501122e-01
Hs.555248_at	0.332149	2.264620e-01	5.501122e-01
Hs.199739_at	-0.332149	2.264620e-01	5.501122e-01
Hs.605391_at	0.332149	2.264620e-01	5.501122e-01
Hs.648086_at	0.332149	2.264620e-01	5.501122e-01
Hs.334637_at	-0.332149	2.264620e-01	5.501122e-01
Hs.227253_at	-0.332149	2.264620e-01	5.501122e-01
Hs.421340_at	0.332149	2.264620e-01	5.501122e-01
Hs.647472_at	0.332149	2.264620e-01	5.501122e-01
Hs.521989_at	0.332149	2.264620e-01	5.501122e-01
Hs.415791_at	0.332149	2.264620e-01	5.501122e-01
Hs.449575+_at	0.332149	2.264620e-01	5.501122e-01
Hs.508627_at	0.332149	2.264620e-01	5.501122e-01
Hs.445582_at	0.332149	2.264620e-01	5.501122e-01
Hs.621695_at	0.332149	2.264620e-01	5.501122e-01
Hs.375051_at	0.332149	2.264620e-01	5.501122e-01
Hs.591958_at	0.332149	2.264620e-01	5.501122e-01
Hs.284171-_at	0.332149	2.264620e-01	5.501122e-01
Hs.405590_at	-0.332149	2.264620e-01	5.501122e-01
Hs.647009_at	-0.332149	2.264620e-01	5.501122e-01
Hs.646917_at	0.332149	2.264620e-01	5.501122e-01
Hs.599612_at	-0.332149	2.264620e-01	5.501122e-01
Hs.589009-_at	0.332149	2.264620e-01	5.501122e-01
Hs.27239_at	0.332149	2.264620e-01	5.501122e-01
Hs.247812+_at	0.332149	2.264620e-01	5.501122e-01
Hs.247813_at	0.332149	2.264620e-01	5.501122e-01
Hs.13997_at	-0.332149	2.264620e-01	5.501122e-01
Hs.292464_at	-0.332149	2.264620e-01	5.501122e-01
Hs.634751_at	-0.332149	2.264620e-01	5.501122e-01
Hs.461807_at	0.332149	2.264620e-01	5.501122e-01
Hs.114648_at	-0.332149	2.264620e-01	5.501122e-01
Hs.38218_at	-0.332149	2.264620e-01	5.501122e-01
Hs.517352_at	0.332149	2.264620e-01	5.501122e-01
Hs.65756_at	0.332149	2.264620e-01	5.501122e-01
Hs.159494_at	-0.332149	2.264620e-01	5.501122e-01
Hs.523932_at	-0.332149	2.264620e-01	5.501122e-01
Hs.47558_at	0.332149	2.264620e-01	5.501122e-01
Hs.248114_at	0.332149	2.264620e-01	5.501122e-01
Hs.301685_at	0.332149	2.264620e-01	5.501122e-01
Hs.76884_at	0.332149	2.264620e-01	5.501122e-01
Hs.90093_at	-0.332149	2.264620e-01	5.501122e-01
Hs.253815_at	0.332149	2.264620e-01	5.501122e-01
Hs.467759_at	-0.332149	2.264620e-01	5.501122e-01
Hs.466057_at	0.332149	2.264620e-01	5.501122e-01
Hs.60300_at	0.332149	2.264620e-01	5.501122e-01
Hs.145586_at	0.332149	2.264620e-01	5.501122e-01
Hs.368971_at	-0.332149	2.264620e-01	5.501122e-01
Hs.379972_at	-0.332149	2.264620e-01	5.501122e-01
Hs.380475_at	0.332149	2.264620e-01	5.501122e-01
Hs.420269_at	0.332149	2.264620e-01	5.501122e-01
Hs.2979_at	0.332149	2.264620e-01	5.501122e-01
Hs.531575_at	0.332149	2.264620e-01	5.501122e-01
Hs.157401_at	-0.332149	2.264620e-01	5.501122e-01
Hs.611933_at	0.332149	2.264620e-01	5.501122e-01
Hs.292579_at	-0.332149	2.264620e-01	5.501122e-01
Hs.644982_at	-0.332149	2.264620e-01	5.501122e-01
Hs.293077_at	-0.332149	2.264620e-01	5.501122e-01
Hs.78358_at	0.332149	2.264620e-01	5.501122e-01
Hs.381296_at	-0.332149	2.264620e-01	5.501122e-01
Hs.343487_at	0.332149	2.264620e-01	5.501122e-01
Hs.596110_at	-0.332149	2.264620e-01	5.501122e-01
Hs.3843_at	-0.332149	2.264620e-01	5.501122e-01
Hs.651561_at	-0.332149	2.264620e-01	5.501122e-01
Hs.424126_at	-0.332149	2.264620e-01	5.501122e-01
Hs.620387_at	0.332149	2.264620e-01	5.501122e-01
Hs.155090_at	-0.332149	2.264620e-01	5.501122e-01
Hs.435168_at	-0.332149	2.264620e-01	5.501122e-01
Hs.644208_at	-0.328539	2.318583e-01	5.547634e-01
Hs.378885_at	-0.328539	2.318583e-01	5.547634e-01
Hs.651132_at	-0.328539	2.318583e-01	5.547634e-01
Hs.162807_at	0.328539	2.318583e-01	5.547634e-01
Hs.471975_at	0.328539	2.318583e-01	5.547634e-01
Hs.139322_at	0.328539	2.318583e-01	5.547634e-01
Hs.524085_at	0.328539	2.318583e-01	5.547634e-01
Hs.523529_at	-0.328539	2.318583e-01	5.547634e-01
Hs.171596_at	0.328539	2.318583e-01	5.547634e-01
Hs.631581_at	0.328539	2.318583e-01	5.547634e-01
Hs.10326_at	0.328539	2.318583e-01	5.547634e-01
Hs.480876_at	-0.328539	2.318583e-01	5.547634e-01
Hs.647744_at	-0.328539	2.318583e-01	5.547634e-01
Hs.416630_at	-0.328539	2.318583e-01	5.547634e-01
Hs.431850_at	-0.328539	2.318583e-01	5.547634e-01
Hs.527684_at	0.328539	2.318583e-01	5.547634e-01
Hs.194756_at	0.328539	2.318583e-01	5.547634e-01
Hs.500245_at	0.328539	2.318583e-01	5.547634e-01
Hs.498720_at	0.328539	2.318583e-01	5.547634e-01
Hs.199579_at	-0.328539	2.318583e-01	5.547634e-01
Hs.643481_at	-0.328539	2.318583e-01	5.547634e-01
Hs.374726_at	0.328539	2.318583e-01	5.547634e-01
Hs.385650_at	-0.328539	2.318583e-01	5.547634e-01
Hs.591307_at	0.328539	2.318583e-01	5.547634e-01
Hs.601399_at	0.328539	2.318583e-01	5.547634e-01
Hs.590913_at	0.328539	2.318583e-01	5.547634e-01
Hs.590916_at	-0.328539	2.318583e-01	5.547634e-01
Hs.643508_at	0.328539	2.318583e-01	5.547634e-01
Hs.535239_at	-0.328539	2.318583e-01	5.547634e-01
Hs.355126_at	0.328539	2.318583e-01	5.547634e-01
Hs.551655_at	-0.328539	2.318583e-01	5.547634e-01
Hs.595752_at	-0.328539	2.318583e-01	5.547634e-01
Hs.595478_at	0.328539	2.318583e-01	5.547634e-01
Hs.166011_at	-0.328539	2.318583e-01	5.547634e-01
Hs.137562_at	0.328539	2.318583e-01	5.547634e-01
Hs.645377_at	0.328539	2.318583e-01	5.547634e-01
Hs.604046_at	0.328539	2.318583e-01	5.547634e-01
Hs.207465_at	0.328539	2.318583e-01	5.547634e-01
Hs.503001_at	-0.328539	2.318583e-01	5.547634e-01
Hs.518249_at	-0.328539	2.318583e-01	5.547634e-01
Hs.517815_at	-0.328539	2.318583e-01	5.547634e-01
Hs.592065_at	0.328539	2.318583e-01	5.547634e-01
Hs.297340_at	0.328539	2.318583e-01	5.547634e-01
Hs.616388_at	-0.328539	2.318583e-01	5.547634e-01
Hs.606895_at	0.328539	2.318583e-01	5.547634e-01
Hs.509554_at	0.328539	2.318583e-01	5.547634e-01
Hs.441035_at	0.328539	2.318583e-01	5.547634e-01
Hs.491101_at	-0.328539	2.318583e-01	5.547634e-01
Hs.391561_at	0.328539	2.318583e-01	5.547634e-01
Hs.434937_at	-0.328539	2.318583e-01	5.547634e-01
Hs.435074_at	0.328539	2.318583e-01	5.547634e-01
Hs.606167_at	-0.328539	2.318583e-01	5.547634e-01
Hs.468426_at	-0.328539	2.318583e-01	5.547634e-01
Hs.157883_at	-0.328539	2.318583e-01	5.547634e-01
Hs.473470_at	-0.328539	2.318583e-01	5.547634e-01
Hs.534032_at	0.328539	2.318583e-01	5.547634e-01
Hs.337251_at	0.328539	2.318583e-01	5.547634e-01
Hs.634640_at	0.328539	2.318583e-01	5.547634e-01
Hs.512740_at	0.328539	2.318583e-01	5.547634e-01
Hs.635018_at	-0.328539	2.318583e-01	5.547634e-01
Hs.321045_at	0.328539	2.318583e-01	5.547634e-01
Hs.512776_at	0.328539	2.318583e-01	5.547634e-01
Hs.333348_at	-0.328539	2.318583e-01	5.547634e-01
Hs.330742_at	0.328539	2.318583e-01	5.547634e-01
Hs.633334_at	0.328539	2.318583e-01	5.547634e-01
Hs.610926_at	0.328539	2.318583e-01	5.547634e-01
Hs.610691_at	0.328539	2.318583e-01	5.547634e-01
Hs.324844_at	-0.328539	2.318583e-01	5.547634e-01
Hs.647064_at	0.328539	2.318583e-01	5.547634e-01
Hs.76253_at	-0.328539	2.318583e-01	5.547634e-01
Hs.592827_at	-0.328539	2.318583e-01	5.547634e-01
Hs.533721_at	0.328539	2.318583e-01	5.547634e-01
Hs.445169_at	0.328539	2.318583e-01	5.547634e-01
Hs.462923_at	-0.328539	2.318583e-01	5.547634e-01
Hs.592105_at	0.328539	2.318583e-01	5.547634e-01
Hs.132121_at	0.328539	2.318583e-01	5.547634e-01
Hs.75652_at	0.328539	2.318583e-01	5.547634e-01
Hs.410126_at	0.328539	2.318583e-01	5.547634e-01
Hs.515575_at	0.328539	2.318583e-01	5.547634e-01
Hs.530443_at	0.328539	2.318583e-01	5.547634e-01
Hs.444612_at	-0.328539	2.318583e-01	5.547634e-01
Hs.301296+_at	0.328539	2.318583e-01	5.547634e-01
Hs.308710_at	0.328539	2.318583e-01	5.547634e-01
Hs.307027_at	0.328539	2.318583e-01	5.547634e-01
Hs.89983_at	0.328539	2.318583e-01	5.547634e-01
Hs.514494_at	0.328539	2.318583e-01	5.547634e-01
Hs.465558_at	-0.328539	2.318583e-01	5.547634e-01
Hs.238914_at	0.328539	2.318583e-01	5.547634e-01
Hs.311609_at	0.328539	2.318583e-01	5.547634e-01
Hs.613721_at	-0.328539	2.318583e-01	5.547634e-01
Hs.647089_at	0.328539	2.318583e-01	5.547634e-01
Hs.183114_at	0.328539	2.318583e-01	5.547634e-01
Hs.611432_at	0.328539	2.318583e-01	5.547634e-01
Hs.532504_at	0.328539	2.318583e-01	5.547634e-01
Hs.513803_at	0.328539	2.318583e-01	5.547634e-01
Hs.611647+_at	0.328539	2.318583e-01	5.547634e-01
Hs.99960_at	-0.328539	2.318583e-01	5.547634e-01
Hs.479989_at	0.328539	2.318583e-01	5.547634e-01
Hs.173724_at	0.328539	2.318583e-01	5.547634e-01
Hs.418416_at	-0.328539	2.318583e-01	5.547634e-01
Hs.648885_at	0.328539	2.318583e-01	5.547634e-01
Hs.278285_at	-0.328539	2.318583e-01	5.547634e-01
Hs.629638_at	0.328539	2.318583e-01	5.547634e-01
Hs.279259_at	0.328539	2.318583e-01	5.547634e-01
Hs.624976_at	0.328539	2.318583e-01	5.547634e-01
Hs.27705_at	0.328539	2.318583e-01	5.547634e-01
Hs.624133_at	-0.328539	2.318583e-01	5.547634e-01
Hs.284122_at	0.328539	2.318583e-01	5.547634e-01
Hs.283551_at	-0.328539	2.318583e-01	5.547634e-01
Hs.626129_at	0.328539	2.318583e-01	5.547634e-01
Hs.449278_at	0.328539	2.318583e-01	5.547634e-01
Hs.547178_at	0.328539	2.318583e-01	5.547634e-01
Hs.152423_at	0.328539	2.318583e-01	5.547634e-01
Hs.9613_at	0.328539	2.318583e-01	5.547634e-01
Hs.623584_at	0.328539	2.318583e-01	5.547634e-01
Hs.111539_at	0.328539	2.318583e-01	5.547634e-01
Hs.370262_at	0.328539	2.318583e-01	5.547634e-01
Hs.126838_at	0.328539	2.318583e-01	5.547634e-01
Hs.437079_at	0.328539	2.318583e-01	5.547634e-01
Hs.380133_at	0.328539	2.318583e-01	5.547634e-01
Hs.173043_at	0.328539	2.318583e-01	5.547634e-01
Hs.272251_at	-0.328539	2.318583e-01	5.547634e-01
Hs.522826_at	0.328539	2.318583e-01	5.547634e-01
Hs.263671_at	-0.328539	2.318583e-01	5.547634e-01
Hs.631544_at	0.328539	2.318583e-01	5.547634e-01
Hs.45127_at	0.328539	2.318583e-01	5.547634e-01
Hs.163909_at	0.324929	2.373342e-01	5.583500e-01
Hs.160565_at	0.324929	2.373342e-01	5.583500e-01
Hs.126919_at	0.324929	2.373342e-01	5.583500e-01
Hs.250443_at	0.324929	2.373342e-01	5.583500e-01
Hs.623240_at	0.324929	2.373342e-01	5.583500e-01
Hs.153310_at	0.324929	2.373342e-01	5.583500e-01
Hs.575869_at	-0.324929	2.373342e-01	5.583500e-01
Hs.652269_at	-0.324929	2.373342e-01	5.583500e-01
Hs.528921_at	0.324929	2.373342e-01	5.583500e-01
Hs.271605_at	0.324929	2.373342e-01	5.583500e-01
Hs.631554_at	0.324929	2.373342e-01	5.583500e-01
Hs.319128_at	0.324929	2.373342e-01	5.583500e-01
Hs.145729_at	0.324929	2.373342e-01	5.583500e-01
Hs.486063_at	-0.324929	2.373342e-01	5.583500e-01
Hs.13188_at	0.324929	2.373342e-01	5.583500e-01
Hs.181173_at	0.324929	2.373342e-01	5.583500e-01
Hs.515667_at	0.324929	2.373342e-01	5.583500e-01
Hs.302034_at	0.324929	2.373342e-01	5.583500e-01
Hs.24598_at	-0.324929	2.373342e-01	5.583500e-01
Hs.632531_at	0.324929	2.373342e-01	5.583500e-01
Hs.476402_at	-0.324929	2.373342e-01	5.583500e-01
Hs.381912_at	0.324929	2.373342e-01	5.583500e-01
Hs.2030_at	0.324929	2.373342e-01	5.583500e-01
Hs.642808_at	0.324929	2.373342e-01	5.583500e-01
Hs.78518_at	-0.324929	2.373342e-01	5.583500e-01
Hs.128813_at	-0.324929	2.373342e-01	5.583500e-01
Hs.591185_at	0.324929	2.373342e-01	5.583500e-01
Hs.369042_at	0.324929	2.373342e-01	5.583500e-01
Hs.652922_at	0.324929	2.373342e-01	5.583500e-01
Hs.651273_at	0.324929	2.373342e-01	5.583500e-01
Hs.591107_at	-0.324929	2.373342e-01	5.583500e-01
Hs.68879_at	0.324929	2.373342e-01	5.583500e-01
Hs.374679_at	0.324929	2.373342e-01	5.583500e-01
Hs.547175_at	0.324929	2.373342e-01	5.583500e-01
Hs.372123_at	0.324929	2.373342e-01	5.583500e-01
Hs.200227_at	-0.324929	2.373342e-01	5.583500e-01
Hs.591002_at	0.324929	2.373342e-01	5.583500e-01
Hs.299560_at	0.324929	2.373342e-01	5.583500e-01
Hs.298069_at	0.324929	2.373342e-01	5.583500e-01
Hs.298079_at	0.324929	2.373342e-01	5.583500e-01
Hs.585066_at	0.324929	2.373342e-01	5.583500e-01
Hs.405144_at	-0.324929	2.373342e-01	5.583500e-01
Hs.227098_at	-0.324929	2.373342e-01	5.583500e-01
Hs.608570_at	0.324929	2.373342e-01	5.583500e-01
Hs.332119_at	0.324929	2.373342e-01	5.583500e-01
Hs.486835_at	-0.324929	2.373342e-01	5.583500e-01
Hs.184298_at	0.324929	2.373342e-01	5.583500e-01
Hs.434695_at	0.324929	2.373342e-01	5.583500e-01
Hs.610753_at	-0.324929	2.373342e-01	5.583500e-01
Hs.325275_at	0.324929	2.373342e-01	5.583500e-01
Hs.533444_at	-0.324929	2.373342e-01	5.583500e-01
Hs.633406_at	0.324929	2.373342e-01	5.583500e-01
Hs.225946_at	-0.324929	2.373342e-01	5.583500e-01
Hs.608694_at	0.324929	2.373342e-01	5.583500e-01
Hs.607138_at	0.324929	2.373342e-01	5.583500e-01
Hs.620251_at	0.324929	2.373342e-01	5.583500e-01
Hs.518326_at	-0.324929	2.373342e-01	5.583500e-01
Hs.112933_at	0.324929	2.373342e-01	5.583500e-01
Hs.638406_at	0.324929	2.373342e-01	5.583500e-01
Hs.38449_at	-0.324929	2.373342e-01	5.583500e-01
Hs.535274_at	0.324929	2.373342e-01	5.583500e-01
Hs.210862_at	0.324929	2.373342e-01	5.583500e-01
Hs.505654_at	0.324929	2.373342e-01	5.583500e-01
Hs.191144_at	0.324929	2.373342e-01	5.583500e-01
Hs.649680+_at	0.324929	2.373342e-01	5.583500e-01
Hs.192326_at	-0.324929	2.373342e-01	5.583500e-01
Hs.12457_at	-0.324929	2.373342e-01	5.583500e-01
Hs.506357_at	0.324929	2.373342e-01	5.583500e-01
Hs.85769_at	0.324929	2.373342e-01	5.583500e-01
Hs.651223_at	-0.324929	2.373342e-01	5.583500e-01
Hs.591041_at	0.324929	2.373342e-01	5.583500e-01
Hs.591018_at	0.324929	2.373342e-01	5.583500e-01
Hs.500013_at	0.324929	2.373342e-01	5.583500e-01
Hs.600462_at	-0.324929	2.373342e-01	5.583500e-01
Hs.500842_at	0.324929	2.373342e-01	5.583500e-01
Hs.343631_at	0.324929	2.373342e-01	5.583500e-01
Hs.121602_at	0.324929	2.373342e-01	5.583500e-01
Hs.2256_at	0.324929	2.373342e-01	5.583500e-01
Hs.593972_at	-0.324929	2.373342e-01	5.583500e-01
Hs.130310_at	-0.324929	2.373342e-01	5.583500e-01
Hs.567366_at	0.324929	2.373342e-01	5.583500e-01
Hs.157818_at	0.324929	2.373342e-01	5.583500e-01
Hs.652090_at	-0.324929	2.373342e-01	5.583500e-01
Hs.593283_at	-0.324929	2.373342e-01	5.583500e-01
Hs.404914_at	0.324929	2.373342e-01	5.583500e-01
Hs.594236_at	0.324929	2.373342e-01	5.583500e-01
Hs.348762_at	0.324929	2.373342e-01	5.583500e-01
Hs.351811_at	-0.324929	2.373342e-01	5.583500e-01
Hs.509140_at	-0.324929	2.373342e-01	5.583500e-01
Hs.439480_at	-0.324929	2.373342e-01	5.583500e-01
Hs.434969_at	0.324929	2.373342e-01	5.583500e-01
Hs.351474_at	0.324929	2.373342e-01	5.583500e-01
Hs.12333_at	-0.324929	2.373342e-01	5.583500e-01
Hs.122812_at	0.324929	2.373342e-01	5.583500e-01
Hs.534404_at	0.324929	2.373342e-01	5.583500e-01
Hs.50889_at	0.324929	2.373342e-01	5.583500e-01
Hs.587832_at	0.324929	2.373342e-01	5.583500e-01
Hs.87016_at	0.324929	2.373342e-01	5.583500e-01
Hs.396201_at	0.324929	2.373342e-01	5.583500e-01
Hs.441072_at	-0.324929	2.373342e-01	5.583500e-01
Hs.587743_at	0.324929	2.373342e-01	5.583500e-01
Hs.651384_at	0.324929	2.373342e-01	5.583500e-01
Hs.651435_at	-0.324929	2.373342e-01	5.583500e-01
Hs.147492_at	0.324929	2.373342e-01	5.583500e-01
Hs.301350_at	0.324929	2.373342e-01	5.583500e-01
Hs.247814_at	-0.324929	2.373342e-01	5.583500e-01
Hs.296422_at	-0.324929	2.373342e-01	5.583500e-01
Hs.632387_at	-0.324929	2.373342e-01	5.583500e-01
Hs.620697_at	0.324929	2.373342e-01	5.583500e-01
Hs.113253_at	0.324929	2.373342e-01	5.583500e-01
Hs.293798_at	0.324929	2.373342e-01	5.583500e-01
Hs.249227_at	0.324929	2.373342e-01	5.583500e-01
Hs.432656_at	0.324929	2.373342e-01	5.583500e-01
Hs.42572_at	0.324929	2.373342e-01	5.583500e-01
Hs.651116_at	0.324929	2.373342e-01	5.583500e-01
Hs.142372_at	0.324929	2.373342e-01	5.583500e-01
Hs.79092_at	0.324929	2.373342e-01	5.583500e-01
Hs.195929_at	0.324929	2.373342e-01	5.583500e-01
Hs.629517_at	-0.324929	2.373342e-01	5.583500e-01
Hs.256206_at	0.324929	2.373342e-01	5.583500e-01
Hs.108530_at	-0.324929	2.373342e-01	5.583500e-01
Hs.627274_at	-0.324929	2.373342e-01	5.583500e-01
Hs.448664_at	-0.324929	2.373342e-01	5.583500e-01
Hs.42339_at	-0.324929	2.373342e-01	5.583500e-01
Hs.174312_at	-0.324929	2.373342e-01	5.583500e-01
Hs.419208_at	0.324929	2.373342e-01	5.583500e-01
Hs.381220_at	-0.324929	2.373342e-01	5.583500e-01
Hs.596963_at	0.324929	2.373342e-01	5.583500e-01
Hs.649263_at	-0.324929	2.373342e-01	5.583500e-01
Hs.485865_at	-0.324929	2.373342e-01	5.583500e-01
Hs.3104_at	0.324929	2.373342e-01	5.583500e-01
Hs.592194_at	0.324929	2.373342e-01	5.583500e-01
Hs.3052_at	0.324929	2.373342e-01	5.583500e-01
Hs.234896_at	0.324929	2.373342e-01	5.583500e-01
Hs.118918_at	0.324929	2.373342e-01	5.583500e-01
Hs.91448_at	0.324929	2.373342e-01	5.583500e-01
Hs.591953_at	0.324929	2.373342e-01	5.583500e-01
Hs.413493_at	0.324929	2.373342e-01	5.583500e-01
Hs.528605_at	0.324929	2.373342e-01	5.583500e-01
Hs.623035_at	-0.324929	2.373342e-01	5.583500e-01
Hs.652234_at	0.324929	2.373342e-01	5.583500e-01
Hs.280987_at	-0.324929	2.373342e-01	5.583500e-01
Hs.175048_at	0.324929	2.373342e-01	5.583500e-01
Hs.459538_at	0.321318	2.428896e-01	5.635612e-01
Hs.631996_at	0.321318	2.428896e-01	5.635612e-01
Hs.519035_at	0.321318	2.428896e-01	5.635612e-01
Hs.288568_at	0.321318	2.428896e-01	5.635612e-01
Hs.41752_at	0.321318	2.428896e-01	5.635612e-01
Hs.132966_at	0.321318	2.428896e-01	5.635612e-01
Hs.160953_at	0.321318	2.428896e-01	5.635612e-01
Hs.286233_at	-0.321318	2.428896e-01	5.635612e-01
Hs.250905_at	-0.321318	2.428896e-01	5.635612e-01
Hs.585006_at	0.321318	2.428896e-01	5.635612e-01
Hs.195363_at	0.321318	2.428896e-01	5.635612e-01
Hs.379821_at	0.321318	2.428896e-01	5.635612e-01
Hs.591183_at	-0.321318	2.428896e-01	5.635612e-01
Hs.370424_at	-0.321318	2.428896e-01	5.635612e-01
Hs.2022_at	0.321318	2.428896e-01	5.635612e-01
Hs.522413_at	0.321318	2.428896e-01	5.635612e-01
Hs.273397_at	-0.321318	2.428896e-01	5.635612e-01
Hs.268869_at	-0.321318	2.428896e-01	5.635612e-01
Hs.420696_at	-0.321318	2.428896e-01	5.635612e-01
Hs.532660_at	0.321318	2.428896e-01	5.635612e-01
Hs.520087_at	0.321318	2.428896e-01	5.635612e-01
Hs.62595_at	0.321318	2.428896e-01	5.635612e-01
Hs.278429_at	0.321318	2.428896e-01	5.635612e-01
Hs.436203_at	-0.321318	2.428896e-01	5.635612e-01
Hs.59719_at	-0.321318	2.428896e-01	5.635612e-01
Hs.496542_at	0.321318	2.428896e-01	5.635612e-01
Hs.652343_at	0.321318	2.428896e-01	5.635612e-01
Hs.253475_at	0.321318	2.428896e-01	5.635612e-01
Hs.133095_at	0.321318	2.428896e-01	5.635612e-01
Hs.26920_at	0.321318	2.428896e-01	5.635612e-01
Hs.269109_at	-0.321318	2.428896e-01	5.635612e-01
Hs.648184_at	0.321318	2.428896e-01	5.635612e-01
Hs.42192_at	0.321318	2.428896e-01	5.635612e-01
Hs.591065_at	-0.321318	2.428896e-01	5.635612e-01
Hs.293130_at	-0.321318	2.428896e-01	5.635612e-01
Hs.558218_at	-0.321318	2.428896e-01	5.635612e-01
Hs.132599_at	-0.321318	2.428896e-01	5.635612e-01
Hs.558422_at	-0.321318	2.428896e-01	5.635612e-01
Hs.412311_at	-0.321318	2.428896e-01	5.635612e-01
Hs.517284_at	0.321318	2.428896e-01	5.635612e-01
Hs.115461_at	0.321318	2.428896e-01	5.635612e-01
Hs.294147_at	0.321318	2.428896e-01	5.635612e-01
Hs.516297_at	0.321318	2.428896e-01	5.635612e-01
Hs.115099_at	0.321318	2.428896e-01	5.635612e-01
Hs.516656_at	0.321318	2.428896e-01	5.635612e-01
Hs.390856_at	0.321318	2.428896e-01	5.635612e-01
Hs.78050_at	-0.321318	2.428896e-01	5.635612e-01
Hs.533772_at	0.321318	2.428896e-01	5.635612e-01
Hs.534377_at	0.321318	2.428896e-01	5.635612e-01
Hs.534471_at	0.321318	2.428896e-01	5.635612e-01
Hs.647018_at	0.321318	2.428896e-01	5.635612e-01
Hs.400876_at	0.321318	2.428896e-01	5.635612e-01
Hs.349208_at	0.321318	2.428896e-01	5.635612e-01
Hs.130434_at	0.321318	2.428896e-01	5.635612e-01
Hs.77978_at	0.321318	2.428896e-01	5.635612e-01
Hs.594640_at	0.321318	2.428896e-01	5.635612e-01
Hs.121870_at	0.321318	2.428896e-01	5.635612e-01
Hs.511386_at	-0.321318	2.428896e-01	5.635612e-01
Hs.607949_at	-0.321318	2.428896e-01	5.635612e-01
Hs.188528_at	0.321318	2.428896e-01	5.635612e-01
Hs.504687_at	0.321318	2.428896e-01	5.635612e-01
Hs.473152_at	0.321318	2.428896e-01	5.635612e-01
Hs.353035_at	0.321318	2.428896e-01	5.635612e-01
Hs.642649_at	0.321318	2.428896e-01	5.635612e-01
Hs.125904_at	0.321318	2.428896e-01	5.635612e-01
Hs.503134_at	0.321318	2.428896e-01	5.635612e-01
Hs.191887_at	-0.321318	2.428896e-01	5.635612e-01
Hs.129167_at	0.321318	2.428896e-01	5.635612e-01
Hs.112889_at	0.321318	2.428896e-01	5.635612e-01
Hs.528693_at	0.321318	2.428896e-01	5.635612e-01
Hs.632319_at	0.321318	2.428896e-01	5.635612e-01
Hs.438419_at	-0.321318	2.428896e-01	5.635612e-01
Hs.633390_at	0.321318	2.428896e-01	5.635612e-01
Hs.335319_at	-0.321318	2.428896e-01	5.635612e-01
Hs.465870_at	-0.321318	2.428896e-01	5.635612e-01
Hs.646604_at	-0.321318	2.428896e-01	5.635612e-01
Hs.406094_at	0.321318	2.428896e-01	5.635612e-01
Hs.567240_at	0.321318	2.428896e-01	5.635612e-01
Hs.407054_at	0.321318	2.428896e-01	5.635612e-01
Hs.231895_at	0.321318	2.428896e-01	5.635612e-01
Hs.121188_at	0.321318	2.428896e-01	5.635612e-01
Hs.592258_at	0.321318	2.428896e-01	5.635612e-01
Hs.169875_at	0.321318	2.428896e-01	5.635612e-01
Hs.299315_at	0.321318	2.428896e-01	5.635612e-01
Hs.445386_at	-0.321318	2.428896e-01	5.635612e-01
Hs.555086_at	-0.321318	2.428896e-01	5.635612e-01
Hs.643616_at	0.321318	2.428896e-01	5.635612e-01
Hs.197922_at	0.321318	2.428896e-01	5.635612e-01
Hs.598628_at	-0.321318	2.428896e-01	5.635612e-01
Hs.639365_at	0.321318	2.428896e-01	5.635612e-01
Hs.602704_at	0.321318	2.428896e-01	5.635612e-01
Hs.385801_at	0.321318	2.428896e-01	5.635612e-01
Hs.49765_at	-0.321318	2.428896e-01	5.635612e-01
Hs.596504_at	-0.321318	2.428896e-01	5.635612e-01
Hs.596542_at	-0.321318	2.428896e-01	5.635612e-01
Hs.70312_at	-0.321318	2.428896e-01	5.635612e-01
Hs.567550_at	0.321318	2.428896e-01	5.635612e-01
Hs.20768_at	0.321318	2.428896e-01	5.635612e-01
Hs.643604_at	0.321318	2.428896e-01	5.635612e-01
Hs.591273_at	0.321318	2.428896e-01	5.635612e-01
Hs.369356+_at	0.321318	2.428896e-01	5.635612e-01
Hs.596224_at	-0.321318	2.428896e-01	5.635612e-01
Hs.463382_at	-0.321318	2.428896e-01	5.635612e-01
Hs.463129_at	0.321318	2.428896e-01	5.635612e-01
Hs.556673_at	-0.321318	2.428896e-01	5.635612e-01
Hs.55682_at	-0.321318	2.428896e-01	5.635612e-01
Hs.632691_at	0.321318	2.428896e-01	5.635612e-01
Hs.515003_at	0.321318	2.428896e-01	5.635612e-01
Hs.301865_at	0.321318	2.428896e-01	5.635612e-01
Hs.308332_at	-0.321318	2.428896e-01	5.635612e-01
Hs.146688_at	0.321318	2.428896e-01	5.635612e-01
Hs.555985_at	-0.321318	2.428896e-01	5.635612e-01
Hs.592198_at	0.321318	2.428896e-01	5.635612e-01
Hs.317304_at	-0.321318	2.428896e-01	5.635612e-01
Hs.444314_at	0.321318	2.428896e-01	5.635612e-01
Hs.444092_at	0.321318	2.428896e-01	5.635612e-01
Hs.63128_at	-0.321318	2.428896e-01	5.635612e-01
Hs.524476_at	-0.321318	2.428896e-01	5.635612e-01
Hs.263928_at	-0.321318	2.428896e-01	5.635612e-01
Hs.614028_at	-0.317708	2.485247e-01	5.685540e-01
Hs.116254_at	0.317708	2.485247e-01	5.685540e-01
Hs.515855_at	0.317708	2.485247e-01	5.685540e-01
Hs.180933_at	0.317708	2.485247e-01	5.685540e-01
Hs.630808_at	0.317708	2.485247e-01	5.685540e-01
Hs.134807_at	0.317708	2.485247e-01	5.685540e-01
Hs.45152_at	0.317708	2.485247e-01	5.685540e-01
Hs.496587_at	0.317708	2.485247e-01	5.685540e-01
Hs.567578_at	0.317708	2.485247e-01	5.685540e-01
Hs.272299_at	0.317708	2.485247e-01	5.685540e-01
Hs.149454_at	0.317708	2.485247e-01	5.685540e-01
Hs.268707_at	0.317708	2.485247e-01	5.685540e-01
Hs.648124_at	0.317708	2.485247e-01	5.685540e-01
Hs.625129_at	-0.317708	2.485247e-01	5.685540e-01
Hs.279784_at	-0.317708	2.485247e-01	5.685540e-01
Hs.631062_at	-0.317708	2.485247e-01	5.685540e-01
Hs.217079-_at	0.317708	2.485247e-01	5.685540e-01
Hs.217079+_at	-0.317708	2.485247e-01	5.685540e-01
Hs.159003_at	0.317708	2.485247e-01	5.685540e-01
Hs.348645_at	0.317708	2.485247e-01	5.685540e-01
Hs.148909_at	-0.317708	2.485247e-01	5.685540e-01
Hs.283011_at	0.317708	2.485247e-01	5.685540e-01
Hs.631920_at	-0.317708	2.485247e-01	5.685540e-01
Hs.351068_at	0.317708	2.485247e-01	5.685540e-01
Hs.435004_at	-0.317708	2.485247e-01	5.685540e-01
Hs.591317_at	0.317708	2.485247e-01	5.685540e-01
Hs.591319_at	-0.317708	2.485247e-01	5.685540e-01
Hs.491988_at	-0.317708	2.485247e-01	5.685540e-01
Hs.389678_at	0.317708	2.485247e-01	5.685540e-01
Hs.632054_at	0.317708	2.485247e-01	5.685540e-01
Hs.432442_at	0.317708	2.485247e-01	5.685540e-01
Hs.17631_at	0.317708	2.485247e-01	5.685540e-01
Hs.135215_at	0.317708	2.485247e-01	5.685540e-01
Hs.13291_at	-0.317708	2.485247e-01	5.685540e-01
Hs.386453_at	0.317708	2.485247e-01	5.685540e-01
Hs.472270_at	-0.317708	2.485247e-01	5.685540e-01
Hs.551521_at	0.317708	2.485247e-01	5.685540e-01
Hs.190988_at	0.317708	2.485247e-01	5.685540e-01
Hs.534458_at	0.317708	2.485247e-01	5.685540e-01
Hs.568618_at	0.317708	2.485247e-01	5.685540e-01
Hs.497841_at	0.317708	2.485247e-01	5.685540e-01
Hs.504670_at	-0.317708	2.485247e-01	5.685540e-01
Hs.12548_at	0.317708	2.485247e-01	5.685540e-01
Hs.125187_at	-0.317708	2.485247e-01	5.685540e-01
Hs.650423_at	0.317708	2.485247e-01	5.685540e-01
Hs.649659_at	-0.317708	2.485247e-01	5.685540e-01
Hs.251526_at	0.317708	2.485247e-01	5.685540e-01
Hs.442658_at	0.317708	2.485247e-01	5.685540e-01
Hs.509585_at	-0.317708	2.485247e-01	5.685540e-01
Hs.533771_at	0.317708	2.485247e-01	5.685540e-01
Hs.607353_at	0.317708	2.485247e-01	5.685540e-01
Hs.96485_at	0.317708	2.485247e-01	5.685540e-01
Hs.97335_at	-0.317708	2.485247e-01	5.685540e-01
Hs.13245_at	0.317708	2.485247e-01	5.685540e-01
Hs.528834_at	-0.317708	2.485247e-01	5.685540e-01
Hs.137293_at	0.317708	2.485247e-01	5.685540e-01
Hs.77873_at	0.317708	2.485247e-01	5.685540e-01
Hs.609695_at	-0.317708	2.485247e-01	5.685540e-01
Hs.16757_at	0.317708	2.485247e-01	5.685540e-01
Hs.621368_at	0.317708	2.485247e-01	5.685540e-01
Hs.461229_at	0.317708	2.485247e-01	5.685540e-01
Hs.128594_at	-0.317708	2.485247e-01	5.685540e-01
Hs.503666_at	-0.317708	2.485247e-01	5.685540e-01
Hs.368805_at	0.317708	2.485247e-01	5.685540e-01
Hs.6795_at	0.317708	2.485247e-01	5.685540e-01
Hs.602757_at	-0.317708	2.485247e-01	5.685540e-01
Hs.368434_at	-0.317708	2.485247e-01	5.685540e-01
Hs.194157_at	0.317708	2.485247e-01	5.685540e-01
Hs.620721_at	0.317708	2.485247e-01	5.685540e-01
Hs.248116_at	0.317708	2.485247e-01	5.685540e-01
Hs.408427_at	-0.317708	2.485247e-01	5.685540e-01
Hs.406799_at	-0.317708	2.485247e-01	5.685540e-01
Hs.146544_at	0.317708	2.485247e-01	5.685540e-01
Hs.651854_at	0.317708	2.485247e-01	5.685540e-01
Hs.326718_at	0.317708	2.485247e-01	5.685540e-01
Hs.445402_at	0.317708	2.485247e-01	5.685540e-01
Hs.246590_at	0.317708	2.485247e-01	5.685540e-01
Hs.247812-_at	-0.317708	2.485247e-01	5.685540e-01
Hs.570682_at	-0.317708	2.485247e-01	5.685540e-01
Hs.445295_at	-0.317708	2.485247e-01	5.685540e-01
Hs.293024_at	-0.317708	2.485247e-01	5.685540e-01
Hs.192877_at	-0.317708	2.485247e-01	5.685540e-01
Hs.385616_at	0.317708	2.485247e-01	5.685540e-01
Hs.493791_at	0.317708	2.485247e-01	5.685540e-01
Hs.591499_at	-0.317708	2.485247e-01	5.685540e-01
Hs.555992_at	-0.317708	2.485247e-01	5.685540e-01
Hs.475401_at	0.317708	2.485247e-01	5.685540e-01
Hs.649405_at	0.317708	2.485247e-01	5.685540e-01
Hs.16970_at	0.317708	2.485247e-01	5.685540e-01
Hs.409989_at	-0.317708	2.485247e-01	5.685540e-01
Hs.50282_at	-0.317708	2.485247e-01	5.685540e-01
Hs.538726-_at	0.317708	2.485247e-01	5.685540e-01
Hs.202011_at	-0.317708	2.485247e-01	5.685540e-01
Hs.591225_at	-0.317708	2.485247e-01	5.685540e-01
Hs.644865_at	0.317708	2.485247e-01	5.685540e-01
Hs.193491_at	0.317708	2.485247e-01	5.685540e-01
Hs.595979_at	-0.317708	2.485247e-01	5.685540e-01
Hs.562270_at	0.317708	2.485247e-01	5.685540e-01
Hs.75782_at	-0.317708	2.485247e-01	5.685540e-01
Hs.484242_at	0.317708	2.485247e-01	5.685540e-01
Hs.17908_at	0.317708	2.485247e-01	5.685540e-01
Hs.592108_at	0.317708	2.485247e-01	5.685540e-01
Hs.567684_at	0.317708	2.485247e-01	5.685540e-01
Hs.600638_at	-0.317708	2.485247e-01	5.685540e-01
Hs.469359_at	0.317708	2.485247e-01	5.685540e-01
Hs.569809_at	0.317708	2.485247e-01	5.685540e-01
Hs.237825_at	-0.317708	2.485247e-01	5.685540e-01
Hs.614171_at	0.317708	2.485247e-01	5.685540e-01
Hs.640659_at	-0.317708	2.485247e-01	5.685540e-01
Hs.117835_at	-0.317708	2.485247e-01	5.685540e-01
Hs.632551_at	0.317708	2.485247e-01	5.685540e-01
Hs.614773_at	0.317708	2.485247e-01	5.685540e-01
Hs.507584_at	-0.317708	2.485247e-01	5.685540e-01
Hs.535177_at	0.317708	2.485247e-01	5.685540e-01
Hs.430551_at	-0.317708	2.485247e-01	5.685540e-01
Hs.128395_at	0.317708	2.485247e-01	5.685540e-01
Hs.2764_at	0.317708	2.485247e-01	5.685540e-01
Hs.274402_at	-0.317708	2.485247e-01	5.685540e-01
Hs.521545_at	0.317708	2.485247e-01	5.685540e-01
Hs.520063_at	-0.317708	2.485247e-01	5.685540e-01
Hs.520215_at	-0.317708	2.485247e-01	5.685540e-01
Hs.480694_at	-0.317708	2.485247e-01	5.685540e-01
Hs.478067_at	-0.317708	2.485247e-01	5.685540e-01
Hs.127945_at	-0.314098	2.542394e-01	5.730089e-01
Hs.278573_at	-0.314098	2.542394e-01	5.730089e-01
Hs.418533_at	-0.314098	2.542394e-01	5.730089e-01
Hs.422113_at	0.314098	2.542394e-01	5.730089e-01
Hs.458332_at	0.314098	2.542394e-01	5.730089e-01
Hs.630374_at	0.314098	2.542394e-01	5.730089e-01
Hs.272398_at	0.314098	2.542394e-01	5.730089e-01
Hs.272404_at	0.314098	2.542394e-01	5.730089e-01
Hs.9997_at	0.314098	2.542394e-01	5.730089e-01
Hs.303023_at	-0.314098	2.542394e-01	5.730089e-01
Hs.485434_at	0.314098	2.542394e-01	5.730089e-01
Hs.444459_at	-0.314098	2.542394e-01	5.730089e-01
Hs.444472_at	-0.314098	2.542394e-01	5.730089e-01
Hs.369089_at	0.314098	2.542394e-01	5.730089e-01
Hs.126265_at	0.314098	2.542394e-01	5.730089e-01
Hs.117167_at	-0.314098	2.542394e-01	5.730089e-01
Hs.614002_at	0.314098	2.542394e-01	5.730089e-01
Hs.570262_at	0.314098	2.542394e-01	5.730089e-01
Hs.532270_at	0.314098	2.542394e-01	5.730089e-01
Hs.310482_at	0.314098	2.542394e-01	5.730089e-01
Hs.238303_at	0.314098	2.542394e-01	5.730089e-01
Hs.304081_at	0.314098	2.542394e-01	5.730089e-01
Hs.436973_at	-0.314098	2.542394e-01	5.730089e-01
Hs.436996_at	0.314098	2.542394e-01	5.730089e-01
Hs.126938_at	0.314098	2.542394e-01	5.730089e-01
Hs.370410_at	0.314098	2.542394e-01	5.730089e-01
Hs.545112-_at	-0.314098	2.542394e-01	5.730089e-01
Hs.180141_at	-0.314098	2.542394e-01	5.730089e-01
Hs.1802_at	-0.314098	2.542394e-01	5.730089e-01
Hs.495255_at	0.314098	2.542394e-01	5.730089e-01
Hs.595971_at	-0.314098	2.542394e-01	5.730089e-01
Hs.632591_at	-0.314098	2.542394e-01	5.730089e-01
Hs.515664_at	0.314098	2.542394e-01	5.730089e-01
Hs.515444_at	0.314098	2.542394e-01	5.730089e-01
Hs.615235_at	-0.314098	2.542394e-01	5.730089e-01
Hs.434107_at	0.314098	2.542394e-01	5.730089e-01
Hs.494395_at	0.314098	2.542394e-01	5.730089e-01
Hs.23348_at	-0.314098	2.542394e-01	5.730089e-01
Hs.180591_at	-0.314098	2.542394e-01	5.730089e-01
Hs.516494_at	-0.314098	2.542394e-01	5.730089e-01
Hs.15744_at	0.314098	2.542394e-01	5.730089e-01
Hs.157234_at	0.314098	2.542394e-01	5.730089e-01
Hs.610795_at	0.314098	2.542394e-01	5.730089e-01
Hs.49582_at	-0.314098	2.542394e-01	5.730089e-01
Hs.495893_at	0.314098	2.542394e-01	5.730089e-01
Hs.380159_at	-0.314098	2.542394e-01	5.730089e-01
Hs.591582_at	-0.314098	2.542394e-01	5.730089e-01
Hs.647444_at	-0.314098	2.542394e-01	5.730089e-01
Hs.443891_at	-0.314098	2.542394e-01	5.730089e-01
Hs.632824_at	-0.314098	2.542394e-01	5.730089e-01
Hs.160562_at	0.314098	2.542394e-01	5.730089e-01
Hs.208358_at	-0.314098	2.542394e-01	5.730089e-01
Hs.639242_at	0.314098	2.542394e-01	5.730089e-01
Hs.369054_at	0.314098	2.542394e-01	5.730089e-01
Hs.537450_at	-0.314098	2.542394e-01	5.730089e-01
Hs.651245_at	0.314098	2.542394e-01	5.730089e-01
Hs.438311_at	0.314098	2.542394e-01	5.730089e-01
Hs.590958_at	0.314098	2.542394e-01	5.730089e-01
Hs.158438_at	0.314098	2.542394e-01	5.730089e-01
Hs.621382-_at	0.314098	2.542394e-01	5.730089e-01
Hs.643995_at	-0.314098	2.542394e-01	5.730089e-01
Hs.599786_at	-0.314098	2.542394e-01	5.730089e-01
Hs.596370_at	0.314098	2.542394e-01	5.730089e-01
Hs.194746_at	0.314098	2.542394e-01	5.730089e-01
Hs.633957_at	0.314098	2.542394e-01	5.730089e-01
Hs.87889_at	-0.314098	2.542394e-01	5.730089e-01
Hs.334684_at	0.314098	2.542394e-01	5.730089e-01
Hs.335068_at	-0.314098	2.542394e-01	5.730089e-01
Hs.554917_at	0.314098	2.542394e-01	5.730089e-01
Hs.555109_at	-0.314098	2.542394e-01	5.730089e-01
Hs.608767_at	-0.314098	2.542394e-01	5.730089e-01
Hs.490241_at	0.314098	2.542394e-01	5.730089e-01
Hs.490253_at	0.314098	2.542394e-01	5.730089e-01
Hs.1872_at	-0.314098	2.542394e-01	5.730089e-01
Hs.443683_at	-0.314098	2.542394e-01	5.730089e-01
Hs.443430_at	0.314098	2.542394e-01	5.730089e-01
Hs.62275_at	-0.314098	2.542394e-01	5.730089e-01
Hs.97477_at	0.314098	2.542394e-01	5.730089e-01
Hs.253305_at	-0.314098	2.542394e-01	5.730089e-01
Hs.462033_at	-0.314098	2.542394e-01	5.730089e-01
Hs.646364_at	0.314098	2.542394e-01	5.730089e-01
Hs.390729_at	0.314098	2.542394e-01	5.730089e-01
Hs.511096_at	0.314098	2.542394e-01	5.730089e-01
Hs.535420_at	0.314098	2.542394e-01	5.730089e-01
Hs.497806_at	0.314098	2.542394e-01	5.730089e-01
Hs.591133_at	0.314098	2.542394e-01	5.730089e-01
Hs.591140_at	0.314098	2.542394e-01	5.730089e-01
Hs.200136_at	-0.314098	2.542394e-01	5.730089e-01
Hs.127401_at	-0.314098	2.542394e-01	5.730089e-01
Hs.528382_at	-0.314098	2.542394e-01	5.730089e-01
Hs.446620_at	-0.314098	2.542394e-01	5.730089e-01
Hs.504908_at	0.314098	2.542394e-01	5.730089e-01
Hs.603319_at	0.314098	2.542394e-01	5.730089e-01
Hs.591366_at	-0.314098	2.542394e-01	5.730089e-01
Hs.584776_at	0.314098	2.542394e-01	5.730089e-01
Hs.374847_at	0.314098	2.542394e-01	5.730089e-01
Hs.375178_at	0.314098	2.542394e-01	5.730089e-01
Hs.373787_at	0.314098	2.542394e-01	5.730089e-01
Hs.497399_at	0.314098	2.542394e-01	5.730089e-01
Hs.128065_at	-0.314098	2.542394e-01	5.730089e-01
Hs.197749_at	0.314098	2.542394e-01	5.730089e-01
Hs.191539_at	-0.314098	2.542394e-01	5.730089e-01
Hs.123349_at	-0.314098	2.542394e-01	5.730089e-01
Hs.284279_at	-0.314098	2.542394e-01	5.730089e-01
Hs.414629_at	0.314098	2.542394e-01	5.730089e-01
Hs.17518_at	-0.314098	2.542394e-01	5.730089e-01
Hs.649817_at	-0.314098	2.542394e-01	5.730089e-01
Hs.190279_at	0.314098	2.542394e-01	5.730089e-01
Hs.283416_at	0.314098	2.542394e-01	5.730089e-01
Hs.253736_at	0.314098	2.542394e-01	5.730089e-01
Hs.97044_at	0.314098	2.542394e-01	5.730089e-01
Hs.624381_at	0.314098	2.542394e-01	5.730089e-01
Hs.652217_at	0.314098	2.542394e-01	5.730089e-01
Hs.351335_at	0.314098	2.542394e-01	5.730089e-01
Hs.508266_at	-0.314098	2.542394e-01	5.730089e-01
Hs.217409_at	0.314098	2.542394e-01	5.730089e-01
Hs.651214_at	-0.314098	2.542394e-01	5.730089e-01
Hs.631201_at	-0.314098	2.542394e-01	5.730089e-01
Hs.630026_at	-0.314098	2.542394e-01	5.730089e-01
Hs.631930_at	-0.314098	2.542394e-01	5.730089e-01
Hs.149020_at	0.314098	2.542394e-01	5.730089e-01
Hs.604728_at	-0.314098	2.542394e-01	5.730089e-01
Hs.534845_at	0.314098	2.542394e-01	5.730089e-01
Hs.266_at	0.314098	2.542394e-01	5.730089e-01
Hs.128258_at	0.314098	2.542394e-01	5.730089e-01
Hs.524571_at	0.314098	2.542394e-01	5.730089e-01
Hs.523262_at	-0.314098	2.542394e-01	5.730089e-01
Hs.478729_at	0.314098	2.542394e-01	5.730089e-01
Hs.631680_at	-0.314098	2.542394e-01	5.730089e-01
Hs.376334_at	0.314098	2.542394e-01	5.730089e-01
Hs.26441_at	0.314098	2.542394e-01	5.730089e-01
Hs.269898_at	0.314098	2.542394e-01	5.730089e-01
Hs.515610_at	0.310488	2.600337e-01	5.782142e-01
Hs.615820_at	0.310488	2.600337e-01	5.782142e-01
Hs.293736_at	-0.310488	2.600337e-01	5.782142e-01
Hs.992_at	0.310488	2.600337e-01	5.782142e-01
Hs.591650_at	-0.310488	2.600337e-01	5.782142e-01
Hs.626637_at	0.310488	2.600337e-01	5.782142e-01
Hs.2780_at	0.310488	2.600337e-01	5.782142e-01
Hs.259498_at	0.310488	2.600337e-01	5.782142e-01
Hs.171001_at	0.310488	2.600337e-01	5.782142e-01
Hs.128100_at	0.310488	2.600337e-01	5.782142e-01
Hs.272287_at	0.310488	2.600337e-01	5.782142e-01
Hs.195727_at	0.310488	2.600337e-01	5.782142e-01
Hs.150458_at	-0.310488	2.600337e-01	5.782142e-01
Hs.478275_at	-0.310488	2.600337e-01	5.782142e-01
Hs.525232_at	0.310488	2.600337e-01	5.782142e-01
Hs.521338_at	0.310488	2.600337e-01	5.782142e-01
Hs.374503_at	-0.310488	2.600337e-01	5.782142e-01
Hs.591945_at	-0.310488	2.600337e-01	5.782142e-01
Hs.483200_at	-0.310488	2.600337e-01	5.782142e-01
Hs.591564_at	-0.310488	2.600337e-01	5.782142e-01
Hs.591594_at	-0.310488	2.600337e-01	5.782142e-01
Hs.591531_at	0.310488	2.600337e-01	5.782142e-01
Hs.515715_at	0.310488	2.600337e-01	5.782142e-01
Hs.585675_at	0.310488	2.600337e-01	5.782142e-01
Hs.146735_at	-0.310488	2.600337e-01	5.782142e-01
Hs.652147_at	-0.310488	2.600337e-01	5.782142e-01
Hs.642794+_at	0.310488	2.600337e-01	5.782142e-01
Hs.599489+_at	-0.310488	2.600337e-01	5.782142e-01
Hs.531492_at	-0.310488	2.600337e-01	5.782142e-01
Hs.32118_at	0.310488	2.600337e-01	5.782142e-01
Hs.617342_at	0.310488	2.600337e-01	5.782142e-01
Hs.300404_at	-0.310488	2.600337e-01	5.782142e-01
Hs.113824_at	0.310488	2.600337e-01	5.782142e-01
Hs.484500_at	0.310488	2.600337e-01	5.782142e-01
Hs.155538_at	-0.310488	2.600337e-01	5.782142e-01
Hs.549204_at	0.310488	2.600337e-01	5.782142e-01
Hs.495851_at	-0.310488	2.600337e-01	5.782142e-01
Hs.164267_at	0.310488	2.600337e-01	5.782142e-01
Hs.649324_at	-0.310488	2.600337e-01	5.782142e-01
Hs.120483_at	0.310488	2.600337e-01	5.782142e-01
Hs.632767_at	0.310488	2.600337e-01	5.782142e-01
Hs.31961_at	-0.310488	2.600337e-01	5.782142e-01
Hs.444230_at	0.310488	2.600337e-01	5.782142e-01
Hs.382936_at	-0.310488	2.600337e-01	5.782142e-01
Hs.202470_at	-0.310488	2.600337e-01	5.782142e-01
Hs.642695_at	0.310488	2.600337e-01	5.782142e-01
Hs.75277_at	0.310488	2.600337e-01	5.782142e-01
Hs.177936_at	-0.310488	2.600337e-01	5.782142e-01
Hs.481466-_at	0.310488	2.600337e-01	5.782142e-01
Hs.19025_at	-0.310488	2.600337e-01	5.782142e-01
Hs.595368_at	-0.310488	2.600337e-01	5.782142e-01
Hs.551943_at	0.310488	2.600337e-01	5.782142e-01
Hs.350679_at	0.310488	2.600337e-01	5.782142e-01
Hs.191460_at	-0.310488	2.600337e-01	5.782142e-01
Hs.650455_at	0.310488	2.600337e-01	5.782142e-01
Hs.152414_at	0.310488	2.600337e-01	5.782142e-01
Hs.519672_at	0.310488	2.600337e-01	5.782142e-01
Hs.52788_at	0.310488	2.600337e-01	5.782142e-01
Hs.527909_at	0.310488	2.600337e-01	5.782142e-01
Hs.209542_at	0.310488	2.600337e-01	5.782142e-01
Hs.444319_at	-0.310488	2.600337e-01	5.782142e-01
Hs.533468_at	-0.310488	2.600337e-01	5.782142e-01
Hs.513091_at	0.310488	2.600337e-01	5.782142e-01
Hs.652416_at	-0.310488	2.600337e-01	5.782142e-01
Hs.23248_at	-0.310488	2.600337e-01	5.782142e-01
Hs.1361_at	0.310488	2.600337e-01	5.782142e-01
Hs.135435_at	0.310488	2.600337e-01	5.782142e-01
Hs.474869_at	-0.310488	2.600337e-01	5.782142e-01
Hs.75862_at	-0.310488	2.600337e-01	5.782142e-01
Hs.247905_at	0.310488	2.600337e-01	5.782142e-01
Hs.247921_at	0.310488	2.600337e-01	5.782142e-01
Hs.121748_at	0.310488	2.600337e-01	5.782142e-01
Hs.231873_at	0.310488	2.600337e-01	5.782142e-01
Hs.87225_at	0.310488	2.600337e-01	5.782142e-01
Hs.367936_at	-0.310488	2.600337e-01	5.782142e-01
Hs.546975_at	0.310488	2.600337e-01	5.782142e-01
Hs.198252_at	0.310488	2.600337e-01	5.782142e-01
Hs.249591_at	-0.310488	2.600337e-01	5.782142e-01
Hs.290758_at	-0.310488	2.600337e-01	5.782142e-01
Hs.287370_at	0.310488	2.600337e-01	5.782142e-01
Hs.546315_at	0.310488	2.600337e-01	5.782142e-01
Hs.567572_at	0.310488	2.600337e-01	5.782142e-01
Hs.651199_at	0.310488	2.600337e-01	5.782142e-01
Hs.599826_at	0.310488	2.600337e-01	5.782142e-01
Hs.590970_at	0.310488	2.600337e-01	5.782142e-01
Hs.211046_at	0.310488	2.600337e-01	5.782142e-01
Hs.145384_at	0.310488	2.600337e-01	5.782142e-01
Hs.533514_at	-0.310488	2.600337e-01	5.782142e-01
Hs.511983_at	0.310488	2.600337e-01	5.782142e-01
Hs.440967_at	0.310488	2.600337e-01	5.782142e-01
Hs.223715_at	0.310488	2.600337e-01	5.782142e-01
Hs.442449_at	-0.310488	2.600337e-01	5.782142e-01
Hs.189445_at	-0.310488	2.600337e-01	5.782142e-01
Hs.466507_at	0.310488	2.600337e-01	5.782142e-01
Hs.87191_at	0.310488	2.600337e-01	5.782142e-01
Hs.552124_at	-0.310488	2.600337e-01	5.782142e-01
Hs.434529_at	0.310488	2.600337e-01	5.782142e-01
Hs.122011_at	-0.310488	2.600337e-01	5.782142e-01
Hs.593071_at	0.310488	2.600337e-01	5.782142e-01
Hs.72290_at	0.310488	2.600337e-01	5.782142e-01
Hs.476052_at	0.310488	2.600337e-01	5.782142e-01
Hs.334562_at	-0.310488	2.600337e-01	5.782142e-01
Hs.608626_at	0.310488	2.600337e-01	5.782142e-01
Hs.523252_at	0.310488	2.600337e-01	5.782142e-01
Hs.21331_at	-0.310488	2.600337e-01	5.782142e-01
Hs.250_at	0.310488	2.600337e-01	5.782142e-01
Hs.520967_at	-0.310488	2.600337e-01	5.782142e-01
Hs.624118_at	0.310488	2.600337e-01	5.782142e-01
Hs.283672_at	0.310488	2.600337e-01	5.782142e-01
Hs.148586_at	0.310488	2.600337e-01	5.782142e-01
Hs.410378_at	0.310488	2.600337e-01	5.782142e-01
Hs.434113_at	0.310488	2.600337e-01	5.782142e-01
Hs.630997_at	0.310488	2.600337e-01	5.782142e-01
Hs.98188_at	0.310488	2.600337e-01	5.782142e-01
Hs.534521_at	0.310488	2.600337e-01	5.782142e-01
Hs.506276_at	-0.310488	2.600337e-01	5.782142e-01
Hs.606250_at	0.310488	2.600337e-01	5.782142e-01
Hs.605730_at	-0.310488	2.600337e-01	5.782142e-01
Hs.605838_at	-0.310488	2.600337e-01	5.782142e-01
Hs.158748_at	0.310488	2.600337e-01	5.782142e-01
Hs.133512_at	-0.310488	2.600337e-01	5.782142e-01
Hs.511714_at	0.306877	2.659076e-01	5.821205e-01
Hs.567384_at	-0.306877	2.659076e-01	5.821205e-01
Hs.130714_at	0.306877	2.659076e-01	5.821205e-01
Hs.608641_at	0.306877	2.659076e-01	5.821205e-01
Hs.511801_at	0.306877	2.659076e-01	5.821205e-01
Hs.121592_at	-0.306877	2.659076e-01	5.821205e-01
Hs.567294_at	0.306877	2.659076e-01	5.821205e-01
Hs.631659_at	0.306877	2.659076e-01	5.821205e-01
Hs.523194_at	0.306877	2.659076e-01	5.821205e-01
Hs.448572_at	0.306877	2.659076e-01	5.821205e-01
Hs.521212_at	-0.306877	2.659076e-01	5.821205e-01
Hs.521056_at	-0.306877	2.659076e-01	5.821205e-01
Hs.631854_at	0.306877	2.659076e-01	5.821205e-01
Hs.5210_at	-0.306877	2.659076e-01	5.821205e-01
Hs.283093_at	0.306877	2.659076e-01	5.821205e-01
Hs.41101_at	0.306877	2.659076e-01	5.821205e-01
Hs.375616_at	0.306877	2.659076e-01	5.821205e-01
Hs.479347_at	-0.306877	2.659076e-01	5.821205e-01
Hs.433652_at	0.306877	2.659076e-01	5.821205e-01
Hs.597122_at	-0.306877	2.659076e-01	5.821205e-01
Hs.597193_at	-0.306877	2.659076e-01	5.821205e-01
Hs.436687_at	-0.306877	2.659076e-01	5.821205e-01
Hs.647723_at	-0.306877	2.659076e-01	5.821205e-01
Hs.91481_at	0.306877	2.659076e-01	5.821205e-01
Hs.570216_at	0.306877	2.659076e-01	5.821205e-01
Hs.178011_at	0.306877	2.659076e-01	5.821205e-01
Hs.591449_at	-0.306877	2.659076e-01	5.821205e-01
Hs.592134_at	0.306877	2.659076e-01	5.821205e-01
Hs.117853_at	0.306877	2.659076e-01	5.821205e-01
Hs.117050_at	0.306877	2.659076e-01	5.821205e-01
Hs.307009_at	0.306877	2.659076e-01	5.821205e-01
Hs.369095_at	-0.306877	2.659076e-01	5.821205e-01
Hs.602238_at	0.306877	2.659076e-01	5.821205e-01
Hs.116308_at	-0.306877	2.659076e-01	5.821205e-01
Hs.236449_at	0.306877	2.659076e-01	5.821205e-01
Hs.371096_at	0.306877	2.659076e-01	5.821205e-01
Hs.643588_at	0.306877	2.659076e-01	5.821205e-01
Hs.161158_at	0.306877	2.659076e-01	5.821205e-01
Hs.201253_at	-0.306877	2.659076e-01	5.821205e-01
Hs.288959_at	0.306877	2.659076e-01	5.821205e-01
Hs.621201_at	0.306877	2.659076e-01	5.821205e-01
Hs.644033_at	0.306877	2.659076e-01	5.821205e-01
Hs.584804_at	0.306877	2.659076e-01	5.821205e-01
Hs.250009_at	-0.306877	2.659076e-01	5.821205e-01
Hs.249159_at	0.306877	2.659076e-01	5.821205e-01
Hs.621480_at	-0.306877	2.659076e-01	5.821205e-01
Hs.518084_at	-0.306877	2.659076e-01	5.821205e-01
Hs.250154_at	-0.306877	2.659076e-01	5.821205e-01
Hs.632226_at	0.306877	2.659076e-01	5.821205e-01
Hs.292449_at	-0.306877	2.659076e-01	5.821205e-01
Hs.125291_at	-0.306877	2.659076e-01	5.821205e-01
Hs.512465_at	0.306877	2.659076e-01	5.821205e-01
Hs.82222_at	0.306877	2.659076e-01	5.821205e-01
Hs.632244_at	0.306877	2.659076e-01	5.821205e-01
Hs.608111_at	-0.306877	2.659076e-01	5.821205e-01
Hs.646_at	-0.306877	2.659076e-01	5.821205e-01
Hs.635482_at	-0.306877	2.659076e-01	5.821205e-01
Hs.442498_at	0.306877	2.659076e-01	5.821205e-01
Hs.144913_at	-0.306877	2.659076e-01	5.821205e-01
Hs.534314_at	0.306877	2.659076e-01	5.821205e-01
Hs.408629_at	-0.306877	2.659076e-01	5.821205e-01
Hs.514423_at	0.306877	2.659076e-01	5.821205e-01
Hs.302025_at	0.306877	2.659076e-01	5.821205e-01
Hs.616911_at	0.306877	2.659076e-01	5.821205e-01
Hs.584936_at	-0.306877	2.659076e-01	5.821205e-01
Hs.632685_at	-0.306877	2.659076e-01	5.821205e-01
Hs.650333_at	-0.306877	2.659076e-01	5.821205e-01
Hs.246365_at	-0.306877	2.659076e-01	5.821205e-01
Hs.407653_at	0.306877	2.659076e-01	5.821205e-01
Hs.410355_at	-0.306877	2.659076e-01	5.821205e-01
Hs.199685_at	0.306877	2.659076e-01	5.821205e-01
Hs.183428_at	-0.306877	2.659076e-01	5.821205e-01
Hs.321535_at	0.306877	2.659076e-01	5.821205e-01
Hs.120551_at	-0.306877	2.659076e-01	5.821205e-01
Hs.496755_at	-0.306877	2.659076e-01	5.821205e-01
Hs.185777_at	0.306877	2.659076e-01	5.821205e-01
Hs.535257_at	0.306877	2.659076e-01	5.821205e-01
Hs.381970_at	0.306877	2.659076e-01	5.821205e-01
Hs.7353_at	-0.306877	2.659076e-01	5.821205e-01
Hs.72956_at	0.306877	2.659076e-01	5.821205e-01
Hs.547608_at	0.306877	2.659076e-01	5.821205e-01
Hs.121025_at	0.306877	2.659076e-01	5.821205e-01
Hs.652093_at	0.306877	2.659076e-01	5.821205e-01
Hs.356467_at	0.306877	2.659076e-01	5.821205e-01
Hs.29595_at	0.306877	2.659076e-01	5.821205e-01
Hs.82316_at	-0.306877	2.659076e-01	5.821205e-01
Hs.603148_at	-0.306877	2.659076e-01	5.821205e-01
Hs.436654_at	0.306877	2.659076e-01	5.821205e-01
Hs.642682_at	-0.306877	2.659076e-01	5.821205e-01
Hs.382306_at	-0.306877	2.659076e-01	5.821205e-01
Hs.611513_at	0.306877	2.659076e-01	5.821205e-01
Hs.443894_at	0.306877	2.659076e-01	5.821205e-01
Hs.432329_at	0.306877	2.659076e-01	5.821205e-01
Hs.632107_at	0.306877	2.659076e-01	5.821205e-01
Hs.385555_at	0.306877	2.659076e-01	5.821205e-01
Hs.549832_at	0.306877	2.659076e-01	5.821205e-01
Hs.128702_at	-0.306877	2.659076e-01	5.821205e-01
Hs.553595_at	0.306877	2.659076e-01	5.821205e-01
Hs.351296_at	0.306877	2.659076e-01	5.821205e-01
Hs.145575_at	-0.306877	2.659076e-01	5.821205e-01
Hs.28425_at	0.306877	2.659076e-01	5.821205e-01
Hs.519075_at	0.306877	2.659076e-01	5.821205e-01
Hs.96996_at	-0.306877	2.659076e-01	5.821205e-01
Hs.283809_at	0.306877	2.659076e-01	5.821205e-01
Hs.635551_at	-0.306877	2.659076e-01	5.821205e-01
Hs.551062_at	-0.306877	2.659076e-01	5.821205e-01
Hs.478150_at	-0.306877	2.659076e-01	5.821205e-01
Hs.644347_at	0.306877	2.659076e-01	5.821205e-01
Hs.139896_at	0.306877	2.659076e-01	5.821205e-01
Hs.2561_at	0.306877	2.659076e-01	5.821205e-01
Hs.272214_at	0.306877	2.659076e-01	5.821205e-01
Hs.10499_at	0.306877	2.659076e-01	5.821205e-01
Hs.424165_at	-0.306877	2.659076e-01	5.821205e-01
Hs.604932_at	-0.306877	2.659076e-01	5.821205e-01
Hs.568006_at	0.306877	2.659076e-01	5.821205e-01
Hs.158529_at	0.306877	2.659076e-01	5.821205e-01
Hs.15951_at	0.306877	2.659076e-01	5.821205e-01
Hs.634919_at	0.306877	2.659076e-01	5.821205e-01
Hs.508154_at	0.306877	2.659076e-01	5.821205e-01
Hs.352626_at	0.306877	2.659076e-01	5.821205e-01
Hs.85445_at	0.306877	2.659076e-01	5.821205e-01
Hs.162646_at	0.306877	2.659076e-01	5.821205e-01
Hs.6918_at	-0.306877	2.659076e-01	5.821205e-01
Hs.597113_at	-0.306877	2.659076e-01	5.821205e-01
Hs.348883_at	0.306877	2.659076e-01	5.821205e-01
Hs.567417_at	0.306877	2.659076e-01	5.821205e-01
Hs.553776_at	0.306877	2.659076e-01	5.821205e-01
Hs.121663_at	0.306877	2.659076e-01	5.821205e-01
Hs.41119_at	0.306877	2.659076e-01	5.821205e-01
Hs.563492_at	-0.306877	2.659076e-01	5.821205e-01
Hs.515493_at	0.306877	2.659076e-01	5.821205e-01
Hs.652216_at	0.306877	2.659076e-01	5.821205e-01
Hs.418123_at	0.306877	2.659076e-01	5.821205e-01
Hs.419_at	0.306877	2.659076e-01	5.821205e-01
Hs.154655_at	-0.306877	2.659076e-01	5.821205e-01
Hs.481918_at	0.306877	2.659076e-01	5.821205e-01
Hs.159274_at	0.306877	2.659076e-01	5.821205e-01
Hs.636447_at	0.306877	2.659076e-01	5.821205e-01
Hs.130934_at	-0.306877	2.659076e-01	5.821205e-01
Hs.5062_at	-0.306877	2.659076e-01	5.821205e-01
Hs.507590_at	-0.306877	2.659076e-01	5.821205e-01
Hs.525209_at	0.306877	2.659076e-01	5.821205e-01
Hs.631886_at	0.303267	2.718611e-01	5.877200e-01
Hs.213470_at	-0.303267	2.718611e-01	5.877200e-01
Hs.355404_at	0.303267	2.718611e-01	5.877200e-01
Hs.506713_at	0.303267	2.718611e-01	5.877200e-01
Hs.652348_at	0.303267	2.718611e-01	5.877200e-01
Hs.270428_at	-0.303267	2.718611e-01	5.877200e-01
Hs.567758_at	0.303267	2.718611e-01	5.877200e-01
Hs.355162_at	0.303267	2.718611e-01	5.877200e-01
Hs.227752_at	0.303267	2.718611e-01	5.877200e-01
Hs.633703_at	0.303267	2.718611e-01	5.877200e-01
Hs.633719_at	0.303267	2.718611e-01	5.877200e-01
Hs.534141_at	0.303267	2.718611e-01	5.877200e-01
Hs.187569_at	-0.303267	2.718611e-01	5.877200e-01
Hs.649958_at	0.303267	2.718611e-01	5.877200e-01
Hs.466539_at	0.303267	2.718611e-01	5.877200e-01
Hs.606391_at	0.303267	2.718611e-01	5.877200e-01
Hs.577403_at	0.303267	2.718611e-01	5.877200e-01
Hs.521568_at	-0.303267	2.718611e-01	5.877200e-01
Hs.440525_at	-0.303267	2.718611e-01	5.877200e-01
Hs.350846_at	-0.303267	2.718611e-01	5.877200e-01
Hs.262858_at	0.303267	2.718611e-01	5.877200e-01
Hs.259599_at	0.303267	2.718611e-01	5.877200e-01
Hs.459284_at	0.303267	2.718611e-01	5.877200e-01
Hs.149185_at	-0.303267	2.718611e-01	5.877200e-01
Hs.644221_at	-0.303267	2.718611e-01	5.877200e-01
Hs.374588_at	-0.303267	2.718611e-01	5.877200e-01
Hs.4290_at	0.303267	2.718611e-01	5.877200e-01
Hs.436191_at	0.303267	2.718611e-01	5.877200e-01
Hs.513490_at	0.303267	2.718611e-01	5.877200e-01
Hs.652320_at	-0.303267	2.718611e-01	5.877200e-01
Hs.15299_at	0.303267	2.718611e-01	5.877200e-01
Hs.440475_at	-0.303267	2.718611e-01	5.877200e-01
Hs.434951_at	-0.303267	2.718611e-01	5.877200e-01
Hs.435290_at	0.303267	2.718611e-01	5.877200e-01
Hs.416089_at	-0.303267	2.718611e-01	5.877200e-01
Hs.432818_at	-0.303267	2.718611e-01	5.877200e-01
Hs.528319_at	0.303267	2.718611e-01	5.877200e-01
Hs.596678_at	-0.303267	2.718611e-01	5.877200e-01
Hs.120277-_at	-0.303267	2.718611e-01	5.877200e-01
Hs.321273_at	-0.303267	2.718611e-01	5.877200e-01
Hs.319503_at	0.303267	2.718611e-01	5.877200e-01
Hs.650394_at	-0.303267	2.718611e-01	5.877200e-01
Hs.518524_at	0.303267	2.718611e-01	5.877200e-01
Hs.528664_at	0.303267	2.718611e-01	5.877200e-01
Hs.517946_at	0.303267	2.718611e-01	5.877200e-01
Hs.604834_at	0.303267	2.718611e-01	5.877200e-01
Hs.535896_at	0.303267	2.718611e-01	5.877200e-01
Hs.335355_at	0.303267	2.718611e-01	5.877200e-01
Hs.144447_at	-0.303267	2.718611e-01	5.877200e-01
Hs.621040_at	0.303267	2.718611e-01	5.877200e-01
Hs.380048_at	-0.303267	2.718611e-01	5.877200e-01
Hs.38004_at	-0.303267	2.718611e-01	5.877200e-01
Hs.475472_at	-0.303267	2.718611e-01	5.877200e-01
Hs.484138_at	-0.303267	2.718611e-01	5.877200e-01
Hs.1323_at	0.303267	2.718611e-01	5.877200e-01
Hs.633014_at	-0.303267	2.718611e-01	5.877200e-01
Hs.14577_at	0.303267	2.718611e-01	5.877200e-01
Hs.146591_at	-0.303267	2.718611e-01	5.877200e-01
Hs.407594_at	0.303267	2.718611e-01	5.877200e-01
Hs.503743_at	0.303267	2.718611e-01	5.877200e-01
Hs.331431_at	-0.303267	2.718611e-01	5.877200e-01
Hs.500340_at	-0.303267	2.718611e-01	5.877200e-01
Hs.194061_at	0.303267	2.718611e-01	5.877200e-01
Hs.497220_at	0.303267	2.718611e-01	5.877200e-01
Hs.471619_at	-0.303267	2.718611e-01	5.877200e-01
Hs.516420+_at	-0.303267	2.718611e-01	5.877200e-01
Hs.9469_at	0.303267	2.718611e-01	5.877200e-01
Hs.178728_at	0.303267	2.718611e-01	5.877200e-01
Hs.147434_at	-0.303267	2.718611e-01	5.877200e-01
Hs.572318_at	-0.303267	2.718611e-01	5.877200e-01
Hs.315562_at	-0.303267	2.718611e-01	5.877200e-01
Hs.632756_at	-0.303267	2.718611e-01	5.877200e-01
Hs.532231_at	-0.303267	2.718611e-01	5.877200e-01
Hs.408767_at	0.303267	2.718611e-01	5.877200e-01
Hs.37003_at	0.303267	2.718611e-01	5.877200e-01
Hs.642966_at	-0.303267	2.718611e-01	5.877200e-01
Hs.502917_at	-0.303267	2.718611e-01	5.877200e-01
Hs.514292_at	0.303267	2.718611e-01	5.877200e-01
Hs.403790_at	0.303267	2.718611e-01	5.877200e-01
Hs.607839+_at	0.303267	2.718611e-01	5.877200e-01
Hs.442798_at	0.303267	2.718611e-01	5.877200e-01
Hs.348319_at	-0.303267	2.718611e-01	5.877200e-01
Hs.567576_at	-0.303267	2.718611e-01	5.877200e-01
Hs.498292_at	-0.303267	2.718611e-01	5.877200e-01
Hs.293411_at	0.303267	2.718611e-01	5.877200e-01
Hs.461453_at	-0.303267	2.718611e-01	5.877200e-01
Hs.574822_at	0.303267	2.718611e-01	5.877200e-01
Hs.446044_at	0.303267	2.718611e-01	5.877200e-01
Hs.585007_at	0.303267	2.718611e-01	5.877200e-01
Hs.156171_at	-0.303267	2.718611e-01	5.877200e-01
Hs.444403_at	0.303267	2.718611e-01	5.877200e-01
Hs.500466_at	-0.303267	2.718611e-01	5.877200e-01
Hs.437130_at	0.303267	2.718611e-01	5.877200e-01
Hs.613982_at	0.303267	2.718611e-01	5.877200e-01
Hs.309069_at	0.303267	2.718611e-01	5.877200e-01
Hs.240182_at	0.303267	2.718611e-01	5.877200e-01
Hs.647355_at	0.303267	2.718611e-01	5.877200e-01
Hs.591944_at	0.303267	2.718611e-01	5.877200e-01
Hs.591872_at	0.303267	2.718611e-01	5.877200e-01
Hs.351798_at	-0.303267	2.718611e-01	5.877200e-01
Hs.172587_at	-0.303267	2.718611e-01	5.877200e-01
Hs.591728_at	0.303267	2.718611e-01	5.877200e-01
Hs.558536_at	0.303267	2.718611e-01	5.877200e-01
Hs.591774_at	-0.303267	2.718611e-01	5.877200e-01
Hs.421238_at	-0.303267	2.718611e-01	5.877200e-01
Hs.559736_at	-0.303267	2.718611e-01	5.877200e-01
Hs.480672_at	0.303267	2.718611e-01	5.877200e-01
Hs.2936_at	0.303267	2.718611e-01	5.877200e-01
Hs.632415_at	0.303267	2.718611e-01	5.877200e-01
Hs.631598_at	0.303267	2.718611e-01	5.877200e-01
Hs.132161_at	0.303267	2.718611e-01	5.877200e-01
Hs.449625_at	0.303267	2.718611e-01	5.877200e-01
Hs.520421_at	-0.303267	2.718611e-01	5.877200e-01
Hs.148841_at	0.303267	2.718611e-01	5.877200e-01
Hs.257900_at	0.303267	2.718611e-01	5.877200e-01
Hs.631993_at	0.303267	2.718611e-01	5.877200e-01
Hs.558477_at	-0.299657	2.778941e-01	5.933510e-01
Hs.621284_at	0.299657	2.778941e-01	5.933510e-01
Hs.290550_at	0.299657	2.778941e-01	5.933510e-01
Hs.571699_at	0.299657	2.778941e-01	5.933510e-01
Hs.59729_at	0.299657	2.778941e-01	5.933510e-01
Hs.143080_at	0.299657	2.778941e-01	5.933510e-01
Hs.496684_at	-0.299657	2.778941e-01	5.933510e-01
Hs.604799_at	-0.299657	2.778941e-01	5.933510e-01
Hs.431092_at	0.299657	2.778941e-01	5.933510e-01
Hs.711_at	0.299657	2.778941e-01	5.933510e-01
Hs.477346_at	0.299657	2.778941e-01	5.933510e-01
Hs.624587_at	0.299657	2.778941e-01	5.933510e-01
Hs.439370_at	-0.299657	2.778941e-01	5.933510e-01
Hs.353454_at	0.299657	2.778941e-01	5.933510e-01
Hs.25924_at	0.299657	2.778941e-01	5.933510e-01
Hs.257746_at	0.299657	2.778941e-01	5.933510e-01
Hs.8546_at	0.299657	2.778941e-01	5.933510e-01
Hs.439815_at	-0.299657	2.778941e-01	5.933510e-01
Hs.523877_at	0.299657	2.778941e-01	5.933510e-01
Hs.173859_at	0.299657	2.778941e-01	5.933510e-01
Hs.304757_at	0.299657	2.778941e-01	5.933510e-01
Hs.517418_at	0.299657	2.778941e-01	5.933510e-01
Hs.448988_at	0.299657	2.778941e-01	5.933510e-01
Hs.414614_at	0.299657	2.778941e-01	5.933510e-01
Hs.432792_at	-0.299657	2.778941e-01	5.933510e-01
Hs.436880_at	0.299657	2.778941e-01	5.933510e-01
Hs.374023_at	0.299657	2.778941e-01	5.933510e-01
Hs.411308_at	0.299657	2.778941e-01	5.933510e-01
Hs.18029_at	-0.299657	2.778941e-01	5.933510e-01
Hs.435255_at	0.299657	2.778941e-01	5.933510e-01
Hs.595246_at	-0.299657	2.778941e-01	5.933510e-01
Hs.489922_at	0.299657	2.778941e-01	5.933510e-01
Hs.189731_at	0.299657	2.778941e-01	5.933510e-01
Hs.432548_at	-0.299657	2.778941e-01	5.933510e-01
Hs.432401_at	0.299657	2.778941e-01	5.933510e-01
Hs.126141_at	0.299657	2.778941e-01	5.933510e-01
Hs.370995_at	0.299657	2.778941e-01	5.933510e-01
Hs.502618_at	0.299657	2.778941e-01	5.933510e-01
Hs.463936_at	-0.299657	2.778941e-01	5.933510e-01
Hs.126403_at	0.299657	2.778941e-01	5.933510e-01
Hs.349150_at	0.299657	2.778941e-01	5.933510e-01
Hs.534390_at	0.299657	2.778941e-01	5.933510e-01
Hs.72550_at	-0.299657	2.778941e-01	5.933510e-01
Hs.491885_at	0.299657	2.778941e-01	5.933510e-01
Hs.309090_at	-0.299657	2.778941e-01	5.933510e-01
Hs.91612_at	-0.299657	2.778941e-01	5.933510e-01
Hs.483909_at	0.299657	2.778941e-01	5.933510e-01
Hs.517478_at	0.299657	2.778941e-01	5.933510e-01
Hs.632233_at	-0.299657	2.778941e-01	5.933510e-01
Hs.109655_at	0.299657	2.778941e-01	5.933510e-01
Hs.645870_at	-0.299657	2.778941e-01	5.933510e-01
Hs.445219_at	0.299657	2.778941e-01	5.933510e-01
Hs.445233_at	0.299657	2.778941e-01	5.933510e-01
Hs.147025_at	-0.299657	2.778941e-01	5.933510e-01
Hs.125487_at	0.299657	2.778941e-01	5.933510e-01
Hs.191616_at	0.299657	2.778941e-01	5.933510e-01
Hs.498178_at	0.299657	2.778941e-01	5.933510e-01
Hs.552684_at	0.299657	2.778941e-01	5.933510e-01
Hs.586747-_at	0.299657	2.778941e-01	5.933510e-01
Hs.125166_at	0.299657	2.778941e-01	5.933510e-01
Hs.154296_at	0.299657	2.778941e-01	5.933510e-01
Hs.310781_at	-0.299657	2.778941e-01	5.933510e-01
Hs.485246_at	0.299657	2.778941e-01	5.933510e-01
Hs.310421_at	-0.299657	2.778941e-01	5.933510e-01
Hs.237886_at	0.299657	2.778941e-01	5.933510e-01
Hs.156667_at	0.299657	2.778941e-01	5.933510e-01
Hs.7012_at	-0.299657	2.778941e-01	5.933510e-01
Hs.119825_at	-0.299657	2.778941e-01	5.933510e-01
Hs.434680_at	0.299657	2.778941e-01	5.933510e-01
Hs.511728_at	0.299657	2.778941e-01	5.933510e-01
Hs.77854_at	0.299657	2.778941e-01	5.933510e-01
Hs.490287_at	-0.299657	2.778941e-01	5.933510e-01
Hs.144491_at	0.299657	2.778941e-01	5.933510e-01
Hs.604103_at	0.299657	2.778941e-01	5.933510e-01
Hs.205722_at	-0.299657	2.778941e-01	5.933510e-01
Hs.158304_at	0.299657	2.778941e-01	5.933510e-01
Hs.130937_at	0.299657	2.778941e-01	5.933510e-01
Hs.404466_at	-0.299657	2.778941e-01	5.933510e-01
Hs.550274+_at	0.299657	2.778941e-01	5.933510e-01
Hs.234282_at	0.299657	2.778941e-01	5.933510e-01
Hs.40888_at	0.299657	2.778941e-01	5.933510e-01
Hs.611159_at	0.299657	2.778941e-01	5.933510e-01
Hs.647062_at	-0.299657	2.778941e-01	5.933510e-01
Hs.592299_at	0.299657	2.778941e-01	5.933510e-01
Hs.1645_at	0.299657	2.778941e-01	5.933510e-01
Hs.199905_at	0.299657	2.778941e-01	5.933510e-01
Hs.382029_at	0.299657	2.778941e-01	5.933510e-01
Hs.644850_at	0.299657	2.778941e-01	5.933510e-01
Hs.517342_at	0.299657	2.778941e-01	5.933510e-01
Hs.619162_at	0.299657	2.778941e-01	5.933510e-01
Hs.247979_at	-0.299657	2.778941e-01	5.933510e-01
Hs.483772_at	-0.299657	2.778941e-01	5.933510e-01
Hs.132342_at	-0.299657	2.778941e-01	5.933510e-01
Hs.76838_at	0.299657	2.778941e-01	5.933510e-01
Hs.651733_at	0.299657	2.778941e-01	5.933510e-01
Hs.466154_at	0.299657	2.778941e-01	5.933510e-01
Hs.155004_at	0.299657	2.778941e-01	5.933510e-01
Hs.585028_at	0.299657	2.778941e-01	5.933510e-01
Hs.438409_at	-0.299657	2.778941e-01	5.933510e-01
Hs.67896_at	0.299657	2.778941e-01	5.933510e-01
Hs.503165_at	0.299657	2.778941e-01	5.933510e-01
Hs.602918_at	0.299657	2.778941e-01	5.933510e-01
Hs.651227_at	-0.299657	2.778941e-01	5.933510e-01
Hs.333418_at	0.299657	2.778941e-01	5.933510e-01
Hs.282702_at	-0.299657	2.778941e-01	5.933510e-01
Hs.34871_at	-0.299657	2.778941e-01	5.933510e-01
Hs.506415_at	0.299657	2.778941e-01	5.933510e-01
Hs.1238_at	0.299657	2.778941e-01	5.933510e-01
Hs.591706_at	-0.299657	2.778941e-01	5.933510e-01
Hs.647465_at	0.299657	2.778941e-01	5.933510e-01
Hs.98959_at	0.299657	2.778941e-01	5.933510e-01
Hs.604955_at	-0.299657	2.778941e-01	5.933510e-01
Hs.559546_at	-0.299657	2.778941e-01	5.933510e-01
Hs.479874_at	0.299657	2.778941e-01	5.933510e-01
Hs.149190_at	0.299657	2.778941e-01	5.933510e-01
Hs.98669_at	0.299657	2.778941e-01	5.933510e-01
Hs.507355_at	-0.296046	2.840065e-01	5.986350e-01
Hs.439551_at	-0.296046	2.840065e-01	5.986350e-01
Hs.98484_at	0.296046	2.840065e-01	5.986350e-01
Hs.597977_at	0.296046	2.840065e-01	5.986350e-01
Hs.650943_at	0.296046	2.840065e-01	5.986350e-01
Hs.172130_at	0.296046	2.840065e-01	5.986350e-01
Hs.644361_at	0.296046	2.840065e-01	5.986350e-01
Hs.256879_at	0.296046	2.840065e-01	5.986350e-01
Hs.153850_at	0.296046	2.840065e-01	5.986350e-01
Hs.632340_at	-0.296046	2.840065e-01	5.986350e-01
Hs.292356_at	-0.296046	2.840065e-01	5.986350e-01
Hs.571628_at	0.296046	2.840065e-01	5.986350e-01
Hs.112743_at	0.296046	2.840065e-01	5.986350e-01
Hs.513292_at	0.296046	2.840065e-01	5.986350e-01
Hs.513315_at	0.296046	2.840065e-01	5.986350e-01
Hs.537145_at	-0.296046	2.840065e-01	5.986350e-01
Hs.32984_at	-0.296046	2.840065e-01	5.986350e-01
Hs.75264_at	-0.296046	2.840065e-01	5.986350e-01
Hs.153022_at	0.296046	2.840065e-01	5.986350e-01
Hs.633506_at	0.296046	2.840065e-01	5.986350e-01
Hs.406952_at	0.296046	2.840065e-01	5.986350e-01
Hs.182729_at	0.296046	2.840065e-01	5.986350e-01
Hs.406534_at	0.296046	2.840065e-01	5.986350e-01
Hs.406062_at	-0.296046	2.840065e-01	5.986350e-01
Hs.382684_at	0.296046	2.840065e-01	5.986350e-01
Hs.433795_at	0.296046	2.840065e-01	5.986350e-01
Hs.512619_at	-0.296046	2.840065e-01	5.986350e-01
Hs.406134_at	-0.296046	2.840065e-01	5.986350e-01
Hs.34314_at	0.296046	2.840065e-01	5.986350e-01
Hs.473648_at	-0.296046	2.840065e-01	5.986350e-01
Hs.592946_at	-0.296046	2.840065e-01	5.986350e-01
Hs.509765_at	0.296046	2.840065e-01	5.986350e-01
Hs.502765_at	-0.296046	2.840065e-01	5.986350e-01
Hs.495985_at	0.296046	2.840065e-01	5.986350e-01
Hs.193717_at	0.296046	2.840065e-01	5.986350e-01
Hs.202354_at	0.296046	2.840065e-01	5.986350e-01
Hs.444235_at	0.296046	2.840065e-01	5.986350e-01
Hs.513954_at	-0.296046	2.840065e-01	5.986350e-01
Hs.501632_at	0.296046	2.840065e-01	5.986350e-01
Hs.5461_at	-0.296046	2.840065e-01	5.986350e-01
Hs.509916_at	-0.296046	2.840065e-01	5.986350e-01
Hs.226007_at	-0.296046	2.840065e-01	5.986350e-01
Hs.224012_at	0.296046	2.840065e-01	5.986350e-01
Hs.505412_at	0.296046	2.840065e-01	5.986350e-01
Hs.533628_at	-0.296046	2.840065e-01	5.986350e-01
Hs.384579_at	0.296046	2.840065e-01	5.986350e-01
Hs.127126_at	0.296046	2.840065e-01	5.986350e-01
Hs.497487_at	-0.296046	2.840065e-01	5.986350e-01
Hs.112482_at	0.296046	2.840065e-01	5.986350e-01
Hs.15243_at	-0.296046	2.840065e-01	5.986350e-01
Hs.48297_at	-0.296046	2.840065e-01	5.986350e-01
Hs.483238_at	-0.296046	2.840065e-01	5.986350e-01
Hs.176658_at	0.296046	2.840065e-01	5.986350e-01
Hs.516807_at	-0.296046	2.840065e-01	5.986350e-01
Hs.301463_at	-0.296046	2.840065e-01	5.986350e-01
Hs.518900_at	-0.296046	2.840065e-01	5.986350e-01
Hs.435711_at	-0.296046	2.840065e-01	5.986350e-01
Hs.72620_at	0.296046	2.840065e-01	5.986350e-01
Hs.649680-_at	0.296046	2.840065e-01	5.986350e-01
Hs.603465_at	0.296046	2.840065e-01	5.986350e-01
Hs.239600_at	0.296046	2.840065e-01	5.986350e-01
Hs.239818_at	-0.296046	2.840065e-01	5.986350e-01
Hs.24587_at	0.296046	2.840065e-01	5.986350e-01
Hs.433722_at	0.296046	2.840065e-01	5.986350e-01
Hs.635645_at	0.296046	2.840065e-01	5.986350e-01
Hs.434883_at	0.296046	2.840065e-01	5.986350e-01
Hs.123116_at	0.296046	2.840065e-01	5.986350e-01
Hs.350775_at	0.296046	2.840065e-01	5.986350e-01
Hs.143535_at	0.296046	2.840065e-01	5.986350e-01
Hs.444831_at	-0.296046	2.840065e-01	5.986350e-01
Hs.91791_at	0.296046	2.840065e-01	5.986350e-01
Hs.218362_at	-0.296046	2.840065e-01	5.986350e-01
Hs.623974_at	0.296046	2.840065e-01	5.986350e-01
Hs.4104_at	-0.296046	2.840065e-01	5.986350e-01
Hs.470586_at	-0.296046	2.840065e-01	5.986350e-01
Hs.201918_at	-0.296046	2.840065e-01	5.986350e-01
Hs.2006_at	-0.296046	2.840065e-01	5.986350e-01
Hs.546299_at	-0.296046	2.840065e-01	5.986350e-01
Hs.194333_at	0.296046	2.840065e-01	5.986350e-01
Hs.518438_at	0.296046	2.840065e-01	5.986350e-01
Hs.417549_at	0.296046	2.840065e-01	5.986350e-01
Hs.591863_at	-0.296046	2.840065e-01	5.986350e-01
Hs.632648_at	0.296046	2.840065e-01	5.986350e-01
Hs.247888_at	-0.296046	2.840065e-01	5.986350e-01
Hs.632430_at	-0.296046	2.840065e-01	5.986350e-01
Hs.170009_at	0.296046	2.840065e-01	5.986350e-01
Hs.197693_at	0.296046	2.840065e-01	5.986350e-01
Hs.375836_at	0.296046	2.840065e-01	5.986350e-01
Hs.21899_at	0.296046	2.840065e-01	5.986350e-01
Hs.5086_at	0.296046	2.840065e-01	5.986350e-01
Hs.350875_at	-0.296046	2.840065e-01	5.986350e-01
Hs.477959_at	0.296046	2.840065e-01	5.986350e-01
Hs.560100_at	-0.296046	2.840065e-01	5.986350e-01
Hs.648873_at	-0.296046	2.840065e-01	5.986350e-01
Hs.631617_at	0.296046	2.840065e-01	5.986350e-01
Hs.559718_at	-0.296046	2.840065e-01	5.986350e-01
Hs.534772_at	0.296046	2.840065e-01	5.986350e-01
Hs.191046_at	-0.296046	2.840065e-01	5.986350e-01
Hs.46732_at	0.296046	2.840065e-01	5.986350e-01
Hs.534543_at	0.296046	2.840065e-01	5.986350e-01
Hs.258429_at	-0.296046	2.840065e-01	5.986350e-01
Hs.274772_at	-0.296046	2.840065e-01	5.986350e-01
Hs.522373_at	-0.296046	2.840065e-01	5.986350e-01
Hs.272838_at	0.296046	2.840065e-01	5.986350e-01
Hs.520048_at	-0.296046	2.840065e-01	5.986350e-01
Hs.151334_at	-0.296046	2.840065e-01	5.986350e-01
Hs.624584_at	-0.296046	2.840065e-01	5.986350e-01
Hs.252351_at	0.296046	2.840065e-01	5.986350e-01
Hs.636766_at	-0.296046	2.840065e-01	5.986350e-01
Hs.439474_at	0.296046	2.840065e-01	5.986350e-01
Hs.467753_at	0.296046	2.840065e-01	5.986350e-01
Hs.107911_at	0.296046	2.840065e-01	5.986350e-01
Hs.625730_at	0.296046	2.840065e-01	5.986350e-01
Hs.79018_at	0.296046	2.840065e-01	5.986350e-01
Hs.644625_at	-0.296046	2.840065e-01	5.986350e-01
Hs.97647_at	0.296046	2.840065e-01	5.986350e-01
Hs.424594_at	0.296046	2.840065e-01	5.986350e-01
Hs.559602_at	0.296046	2.840065e-01	5.986350e-01
Hs.524513_at	-0.296046	2.840065e-01	5.986350e-01
Hs.578973_at	0.296046	2.840065e-01	5.986350e-01
Hs.480068_at	0.296046	2.840065e-01	5.986350e-01
Hs.98523_at	0.296046	2.840065e-01	5.986350e-01
Hs.272372_at	0.292436	2.901981e-01	6.043888e-01
Hs.525629_at	0.292436	2.901981e-01	6.043888e-01
Hs.58314_at	0.292436	2.901981e-01	6.043888e-01
Hs.44766_at	-0.292436	2.901981e-01	6.043888e-01
Hs.520889_at	-0.292436	2.901981e-01	6.043888e-01
Hs.25691_at	0.292436	2.901981e-01	6.043888e-01
Hs.650521_at	-0.292436	2.901981e-01	6.043888e-01
Hs.591402_at	0.292436	2.901981e-01	6.043888e-01
Hs.473144_at	0.292436	2.901981e-01	6.043888e-01
Hs.26890_at	-0.292436	2.901981e-01	6.043888e-01
Hs.268874_at	0.292436	2.901981e-01	6.043888e-01
Hs.269471_at	-0.292436	2.901981e-01	6.043888e-01
Hs.567491_at	0.292436	2.901981e-01	6.043888e-01
Hs.170422_at	0.292436	2.901981e-01	6.043888e-01
Hs.73625_at	-0.292436	2.901981e-01	6.043888e-01
Hs.562122_at	0.292436	2.901981e-01	6.043888e-01
Hs.517949_at	0.292436	2.901981e-01	6.043888e-01
Hs.112968_at	0.292436	2.901981e-01	6.043888e-01
Hs.248437_at	0.292436	2.901981e-01	6.043888e-01
Hs.35861_at	0.292436	2.901981e-01	6.043888e-01
Hs.212774_at	-0.292436	2.901981e-01	6.043888e-01
Hs.442180_at	0.292436	2.901981e-01	6.043888e-01
Hs.639651_at	0.292436	2.901981e-01	6.043888e-01
Hs.368483_at	0.292436	2.901981e-01	6.043888e-01
Hs.539684_at	-0.292436	2.901981e-01	6.043888e-01
Hs.50308_at	-0.292436	2.901981e-01	6.043888e-01
Hs.502330_at	-0.292436	2.901981e-01	6.043888e-01
Hs.369271_at	0.292436	2.901981e-01	6.043888e-01
Hs.271079_at	-0.292436	2.901981e-01	6.043888e-01
Hs.353176_at	0.292436	2.901981e-01	6.043888e-01
Hs.370254_at	0.292436	2.901981e-01	6.043888e-01
Hs.371776_at	0.292436	2.901981e-01	6.043888e-01
Hs.599664_at	0.292436	2.901981e-01	6.043888e-01
Hs.199593_at	0.292436	2.901981e-01	6.043888e-01
Hs.643813_at	-0.292436	2.901981e-01	6.043888e-01
Hs.443420_at	0.292436	2.901981e-01	6.043888e-01
Hs.651985_at	-0.292436	2.901981e-01	6.043888e-01
Hs.15825_at	-0.292436	2.901981e-01	6.043888e-01
Hs.504805_at	-0.292436	2.901981e-01	6.043888e-01
Hs.652268_at	0.292436	2.901981e-01	6.043888e-01
Hs.413047_at	0.292436	2.901981e-01	6.043888e-01
Hs.414028_at	0.292436	2.901981e-01	6.043888e-01
Hs.415312_at	0.292436	2.901981e-01	6.043888e-01
Hs.479853_at	0.292436	2.901981e-01	6.043888e-01
Hs.420244_at	0.292436	2.901981e-01	6.043888e-01
Hs.424156_at	0.292436	2.901981e-01	6.043888e-01
Hs.248184_at	0.292436	2.901981e-01	6.043888e-01
Hs.620184_at	-0.292436	2.901981e-01	6.043888e-01
Hs.1430_at	0.292436	2.901981e-01	6.043888e-01
Hs.485438_at	0.292436	2.901981e-01	6.043888e-01
Hs.444332_at	-0.292436	2.901981e-01	6.043888e-01
Hs.198158_at	-0.292436	2.901981e-01	6.043888e-01
Hs.375129_at	-0.292436	2.901981e-01	6.043888e-01
Hs.597188_at	0.292436	2.901981e-01	6.043888e-01
Hs.597227_at	0.292436	2.901981e-01	6.043888e-01
Hs.79064_at	-0.292436	2.901981e-01	6.043888e-01
Hs.496546_at	0.292436	2.901981e-01	6.043888e-01
Hs.437638_at	-0.292436	2.901981e-01	6.043888e-01
Hs.156832_at	0.292436	2.901981e-01	6.043888e-01
Hs.21398_at	-0.292436	2.901981e-01	6.043888e-01
Hs.356216_at	0.292436	2.901981e-01	6.043888e-01
Hs.551042+_at	0.292436	2.901981e-01	6.043888e-01
Hs.1294_at	0.292436	2.901981e-01	6.043888e-01
Hs.437066_at	0.292436	2.901981e-01	6.043888e-01
Hs.335321_at	0.292436	2.901981e-01	6.043888e-01
Hs.609556_at	0.292436	2.901981e-01	6.043888e-01
Hs.122583_at	0.292436	2.901981e-01	6.043888e-01
Hs.12271_at	0.292436	2.901981e-01	6.043888e-01
Hs.87159_at	-0.292436	2.901981e-01	6.043888e-01
Hs.534468_at	0.292436	2.901981e-01	6.043888e-01
Hs.131910_at	0.292436	2.901981e-01	6.043888e-01
Hs.410180_at	0.292436	2.901981e-01	6.043888e-01
Hs.180408_at	0.292436	2.901981e-01	6.043888e-01
Hs.647380_at	-0.292436	2.901981e-01	6.043888e-01
Hs.652409_at	-0.292436	2.901981e-01	6.043888e-01
Hs.632483_at	-0.292436	2.901981e-01	6.043888e-01
Hs.303798_at	0.292436	2.901981e-01	6.043888e-01
Hs.24422_at	-0.292436	2.901981e-01	6.043888e-01
Hs.515092_at	-0.292436	2.901981e-01	6.043888e-01
Hs.632540_at	-0.292436	2.901981e-01	6.043888e-01
Hs.306423_at	0.292436	2.901981e-01	6.043888e-01
Hs.613636_at	-0.292436	2.901981e-01	6.043888e-01
Hs.513832_at	-0.292436	2.901981e-01	6.043888e-01
Hs.462983_at	-0.292436	2.901981e-01	6.043888e-01
Hs.532626_at	-0.292436	2.901981e-01	6.043888e-01
Hs.532632_at	-0.292436	2.901981e-01	6.043888e-01
Hs.87734_at	0.292436	2.901981e-01	6.043888e-01
Hs.231883_at	-0.292436	2.901981e-01	6.043888e-01
Hs.381319_at	0.292436	2.901981e-01	6.043888e-01
Hs.494985_at	-0.292436	2.901981e-01	6.043888e-01
Hs.644805_at	0.292436	2.901981e-01	6.043888e-01
Hs.445045_at	0.292436	2.901981e-01	6.043888e-01
Hs.489988_at	0.292436	2.901981e-01	6.043888e-01
Hs.130759_at	-0.292436	2.901981e-01	6.043888e-01
Hs.241421_at	0.292436	2.901981e-01	6.043888e-01
Hs.632762_at	0.292436	2.901981e-01	6.043888e-01
Hs.258326_at	-0.292436	2.901981e-01	6.043888e-01
Hs.257761_at	-0.292436	2.901981e-01	6.043888e-01
Hs.279245_at	0.292436	2.901981e-01	6.043888e-01
Hs.626117_at	0.292436	2.901981e-01	6.043888e-01
Hs.520494_at	0.292436	2.901981e-01	6.043888e-01
Hs.526528_at	-0.292436	2.901981e-01	6.043888e-01
Hs.584791_at	0.292436	2.901981e-01	6.043888e-01
Hs.25960_at	0.292436	2.901981e-01	6.043888e-01
Hs.591565_at	0.292436	2.901981e-01	6.043888e-01
Hs.476517_at	0.292436	2.901981e-01	6.043888e-01
Hs.476217_at	0.292436	2.901981e-01	6.043888e-01
Hs.475872_at	0.292436	2.901981e-01	6.043888e-01
Hs.518480_at	0.292436	2.901981e-01	6.043888e-01
Hs.632080_at	-0.292436	2.901981e-01	6.043888e-01
Hs.621823_at	-0.292436	2.901981e-01	6.043888e-01
Hs.112873_at	0.292436	2.901981e-01	6.043888e-01
Hs.650499_at	0.292436	2.901981e-01	6.043888e-01
Hs.524590_at	0.292436	2.901981e-01	6.043888e-01
Hs.579784_at	0.292436	2.901981e-01	6.043888e-01
Hs.343522_at	-0.288826	2.964689e-01	6.089837e-01
Hs.651145_at	-0.288826	2.964689e-01	6.089837e-01
Hs.388654_at	-0.288826	2.964689e-01	6.089837e-01
Hs.79170_at	-0.288826	2.964689e-01	6.089837e-01
Hs.191518_at	-0.288826	2.964689e-01	6.089837e-01
Hs.386236_at	0.288826	2.964689e-01	6.089837e-01
Hs.192233_at	0.288826	2.964689e-01	6.089837e-01
Hs.595115_at	0.288826	2.964689e-01	6.089837e-01
Hs.567303_at	0.288826	2.964689e-01	6.089837e-01
Hs.475565_at	0.288826	2.964689e-01	6.089837e-01
Hs.136713_at	-0.288826	2.964689e-01	6.089837e-01
Hs.137274_at	0.288826	2.964689e-01	6.089837e-01
Hs.567380_at	-0.288826	2.964689e-01	6.089837e-01
Hs.649833_at	0.288826	2.964689e-01	6.089837e-01
Hs.105352_at	-0.288826	2.964689e-01	6.089837e-01
Hs.525105_at	0.288826	2.964689e-01	6.089837e-01
Hs.253773_at	0.288826	2.964689e-01	6.089837e-01
Hs.148641_at	-0.288826	2.964689e-01	6.089837e-01
Hs.278984_at	0.288826	2.964689e-01	6.089837e-01
Hs.106730_at	0.288826	2.964689e-01	6.089837e-01
Hs.106795_at	0.288826	2.964689e-01	6.089837e-01
Hs.519385_at	0.288826	2.964689e-01	6.089837e-01
Hs.258941_at	-0.288826	2.964689e-01	6.089837e-01
Hs.107944_at	-0.288826	2.964689e-01	6.089837e-01
Hs.638944_at	0.288826	2.964689e-01	6.089837e-01
Hs.638953_at	0.288826	2.964689e-01	6.089837e-01
Hs.362702_at	-0.288826	2.964689e-01	6.089837e-01
Hs.2879_at	0.288826	2.964689e-01	6.089837e-01
Hs.623813_at	0.288826	2.964689e-01	6.089837e-01
Hs.279840_at	0.288826	2.964689e-01	6.089837e-01
Hs.628129_at	0.288826	2.964689e-01	6.089837e-01
Hs.149473_at	0.288826	2.964689e-01	6.089837e-01
Hs.45231_at	-0.288826	2.964689e-01	6.089837e-01
Hs.502883_at	0.288826	2.964689e-01	6.089837e-01
Hs.145437_at	-0.288826	2.964689e-01	6.089837e-01
Hs.441498_at	0.288826	2.964689e-01	6.089837e-01
Hs.209206_at	0.288826	2.964689e-01	6.089837e-01
Hs.603457_at	-0.288826	2.964689e-01	6.089837e-01
Hs.631640_at	0.288826	2.964689e-01	6.089837e-01
Hs.454480_at	0.288826	2.964689e-01	6.089837e-01
Hs.239154_at	-0.288826	2.964689e-01	6.089837e-01
Hs.23918_at	0.288826	2.964689e-01	6.089837e-01
Hs.239499_at	-0.288826	2.964689e-01	6.089837e-01
Hs.514578_at	0.288826	2.964689e-01	6.089837e-01
Hs.514303_at	-0.288826	2.964689e-01	6.089837e-01
Hs.1310_at	-0.288826	2.964689e-01	6.089837e-01
Hs.470445_at	0.288826	2.964689e-01	6.089837e-01
Hs.651204_at	0.288826	2.964689e-01	6.089837e-01
Hs.91384_at	-0.288826	2.964689e-01	6.089837e-01
Hs.159130_at	0.288826	2.964689e-01	6.089837e-01
Hs.631550_at	0.288826	2.964689e-01	6.089837e-01
Hs.98619_at	0.288826	2.964689e-01	6.089837e-01
Hs.184926_at	-0.288826	2.964689e-01	6.089837e-01
Hs.77348_at	-0.288826	2.964689e-01	6.089837e-01
Hs.555999_at	0.288826	2.964689e-01	6.089837e-01
Hs.600532_at	-0.288826	2.964689e-01	6.089837e-01
Hs.353175_at	-0.288826	2.964689e-01	6.089837e-01
Hs.440379_at	-0.288826	2.964689e-01	6.089837e-01
Hs.601592_at	0.288826	2.964689e-01	6.089837e-01
Hs.369574_at	-0.288826	2.964689e-01	6.089837e-01
Hs.647067_at	0.288826	2.964689e-01	6.089837e-01
Hs.512464_at	0.288826	2.964689e-01	6.089837e-01
Hs.200242_at	-0.288826	2.964689e-01	6.089837e-01
Hs.644153_at	0.288826	2.964689e-01	6.089837e-01
Hs.545209_at	0.288826	2.964689e-01	6.089837e-01
Hs.601077-_at	0.288826	2.964689e-01	6.089837e-01
Hs.126963_at	-0.288826	2.964689e-01	6.089837e-01
Hs.7980_at	-0.288826	2.964689e-01	6.089837e-01
Hs.599628+_at	0.288826	2.964689e-01	6.089837e-01
Hs.193741_at	0.288826	2.964689e-01	6.089837e-01
Hs.38132_at	0.288826	2.964689e-01	6.089837e-01
Hs.23119_at	-0.288826	2.964689e-01	6.089837e-01
Hs.231411_at	-0.288826	2.964689e-01	6.089837e-01
Hs.652137_at	-0.288826	2.964689e-01	6.089837e-01
Hs.156289_at	0.288826	2.964689e-01	6.089837e-01
Hs.120260_at	0.288826	2.964689e-01	6.089837e-01
Hs.177530_at	-0.288826	2.964689e-01	6.089837e-01
Hs.175955_at	0.288826	2.964689e-01	6.089837e-01
Hs.146393_at	-0.288826	2.964689e-01	6.089837e-01
Hs.212872_at	0.288826	2.964689e-01	6.089837e-01
Hs.529782_at	0.288826	2.964689e-01	6.089837e-01
Hs.479451_at	-0.288826	2.964689e-01	6.089837e-01
Hs.561028_at	0.288826	2.964689e-01	6.089837e-01
Hs.31854_at	0.288826	2.964689e-01	6.089837e-01
Hs.320890_at	0.288826	2.964689e-01	6.089837e-01
Hs.31595_at	0.288826	2.964689e-01	6.089837e-01
Hs.530941_at	-0.288826	2.964689e-01	6.089837e-01
Hs.244139_at	-0.288826	2.964689e-01	6.089837e-01
Hs.461379_at	-0.288826	2.964689e-01	6.089837e-01
Hs.248144_at	0.288826	2.964689e-01	6.089837e-01
Hs.295917_at	-0.288826	2.964689e-01	6.089837e-01
Hs.632419_at	-0.288826	2.964689e-01	6.089837e-01
Hs.517466_at	0.288826	2.964689e-01	6.089837e-01
Hs.412186_at	-0.288826	2.964689e-01	6.089837e-01
Hs.436442_at	0.288826	2.964689e-01	6.089837e-01
Hs.245131_at	0.288826	2.964689e-01	6.089837e-01
Hs.592223_at	-0.288826	2.964689e-01	6.089837e-01
Hs.444550_at	0.288826	2.964689e-01	6.089837e-01
Hs.144567_at	-0.288826	2.964689e-01	6.089837e-01
Hs.516674_at	-0.288826	2.964689e-01	6.089837e-01
Hs.516671_at	-0.288826	2.964689e-01	6.089837e-01
Hs.178715_at	0.288826	2.964689e-01	6.089837e-01
Hs.408182_at	0.288826	2.964689e-01	6.089837e-01
Hs.409662_at	0.288826	2.964689e-01	6.089837e-01
Hs.159737_at	-0.288826	2.964689e-01	6.089837e-01
Hs.496982_at	-0.288826	2.964689e-01	6.089837e-01
Hs.378532_at	-0.288826	2.964689e-01	6.089837e-01
Hs.376780_at	0.288826	2.964689e-01	6.089837e-01
Hs.410810_at	-0.288826	2.964689e-01	6.089837e-01
Hs.34045_at	0.288826	2.964689e-01	6.089837e-01
Hs.607414_at	-0.288826	2.964689e-01	6.089837e-01
Hs.348711_at	0.288826	2.964689e-01	6.089837e-01
Hs.348418_at	-0.288826	2.964689e-01	6.089837e-01
Hs.606071_at	-0.288826	2.964689e-01	6.089837e-01
Hs.352156_at	0.288826	2.964689e-01	6.089837e-01
Hs.509008_at	-0.288826	2.964689e-01	6.089837e-01
Hs.21413_at	-0.288826	2.964689e-01	6.089837e-01
Hs.160324_at	-0.288826	2.964689e-01	6.089837e-01
Hs.121365_at	0.288826	2.964689e-01	6.089837e-01
Hs.336564_at	0.288826	2.964689e-01	6.089837e-01
Hs.289108_at	0.288826	2.964689e-01	6.089837e-01
Hs.621210_at	0.288826	2.964689e-01	6.089837e-01
Hs.109439_at	-0.288826	2.964689e-01	6.089837e-01
Hs.632066_at	-0.288826	2.964689e-01	6.089837e-01
Hs.623108_at	0.288826	2.964689e-01	6.089837e-01
Hs.649877_at	-0.288826	2.964689e-01	6.089837e-01
Hs.525557_at	0.288826	2.964689e-01	6.089837e-01
Hs.629038_at	0.288826	2.964689e-01	6.089837e-01
Hs.434235_at	0.288826	2.964689e-01	6.089837e-01
Hs.576092_at	0.288826	2.964689e-01	6.089837e-01
Hs.253247_at	0.288826	2.964689e-01	6.089837e-01
Hs.563176_at	-0.288826	2.964689e-01	6.089837e-01
Hs.101949_at	-0.288826	2.964689e-01	6.089837e-01
Hs.650504_at	0.288826	2.964689e-01	6.089837e-01
Hs.562513_at	0.285215	3.028187e-01	6.151665e-01
Hs.62919_at	-0.285215	3.028187e-01	6.151665e-01
Hs.98322_at	0.285215	3.028187e-01	6.151665e-01
Hs.105944_at	0.285215	3.028187e-01	6.151665e-01
Hs.567543_at	0.285215	3.028187e-01	6.151665e-01
Hs.523360_at	0.285215	3.028187e-01	6.151665e-01
Hs.523836_at	-0.285215	3.028187e-01	6.151665e-01
Hs.110298_at	0.285215	3.028187e-01	6.151665e-01
Hs.70327_at	-0.285215	3.028187e-01	6.151665e-01
Hs.435500_at	-0.285215	3.028187e-01	6.151665e-01
Hs.334526_at	0.285215	3.028187e-01	6.151665e-01
Hs.609539_at	0.285215	3.028187e-01	6.151665e-01
Hs.550502_at	-0.285215	3.028187e-01	6.151665e-01
Hs.607972_at	0.285215	3.028187e-01	6.151665e-01
Hs.22575_at	0.285215	3.028187e-01	6.151665e-01
Hs.38961_at	0.285215	3.028187e-01	6.151665e-01
Hs.21771_at	0.285215	3.028187e-01	6.151665e-01
Hs.12400_at	0.285215	3.028187e-01	6.151665e-01
Hs.128252_at	0.285215	3.028187e-01	6.151665e-01
Hs.509200_at	0.285215	3.028187e-01	6.151665e-01
Hs.346947_at	0.285215	3.028187e-01	6.151665e-01
Hs.86636_at	0.285215	3.028187e-01	6.151665e-01
Hs.46884_at	0.285215	3.028187e-01	6.151665e-01
Hs.1570_at	0.285215	3.028187e-01	6.151665e-01
Hs.548018_at	0.285215	3.028187e-01	6.151665e-01
Hs.644306_at	0.285215	3.028187e-01	6.151665e-01
Hs.75682_at	0.285215	3.028187e-01	6.151665e-01
Hs.413297_at	0.285215	3.028187e-01	6.151665e-01
Hs.409223_at	-0.285215	3.028187e-01	6.151665e-01
Hs.408385_at	0.285215	3.028187e-01	6.151665e-01
Hs.182698_at	-0.285215	3.028187e-01	6.151665e-01
Hs.586671_at	0.285215	3.028187e-01	6.151665e-01
Hs.438385_at	-0.285215	3.028187e-01	6.151665e-01
Hs.598384_at	0.285215	3.028187e-01	6.151665e-01
Hs.115617_at	0.285215	3.028187e-01	6.151665e-01
Hs.147554_at	-0.285215	3.028187e-01	6.151665e-01
Hs.91985_at	0.285215	3.028187e-01	6.151665e-01
Hs.483494_at	0.285215	3.028187e-01	6.151665e-01
Hs.75659_at	-0.285215	3.028187e-01	6.151665e-01
Hs.247686_at	0.285215	3.028187e-01	6.151665e-01
Hs.164537_at	0.285215	3.028187e-01	6.151665e-01
Hs.620701_at	0.285215	3.028187e-01	6.151665e-01
Hs.147293_at	0.285215	3.028187e-01	6.151665e-01
Hs.530595_at	-0.285215	3.028187e-01	6.151665e-01
Hs.93338_at	-0.285215	3.028187e-01	6.151665e-01
Hs.175350_at	0.285215	3.028187e-01	6.151665e-01
Hs.479911_at	0.285215	3.028187e-01	6.151665e-01
Hs.621486-_at	0.285215	3.028187e-01	6.151665e-01
Hs.58488_at	0.285215	3.028187e-01	6.151665e-01
Hs.41502_at	-0.285215	3.028187e-01	6.151665e-01
Hs.651751+_at	-0.285215	3.028187e-01	6.151665e-01
Hs.651751-_at	-0.285215	3.028187e-01	6.151665e-01
Hs.8035_at	0.285215	3.028187e-01	6.151665e-01
Hs.80485_at	0.285215	3.028187e-01	6.151665e-01
Hs.120021_at	0.285215	3.028187e-01	6.151665e-01
Hs.120784_at	0.285215	3.028187e-01	6.151665e-01
Hs.513430_at	0.285215	3.028187e-01	6.151665e-01
Hs.232296_at	-0.285215	3.028187e-01	6.151665e-01
Hs.326561_at	0.285215	3.028187e-01	6.151665e-01
Hs.632655_at	-0.285215	3.028187e-01	6.151665e-01
Hs.194726_at	0.285215	3.028187e-01	6.151665e-01
Hs.33187_at	-0.285215	3.028187e-01	6.151665e-01
Hs.512633_at	0.285215	3.028187e-01	6.151665e-01
Hs.372152_at	0.285215	3.028187e-01	6.151665e-01
Hs.573007_at	-0.285215	3.028187e-01	6.151665e-01
Hs.155204_at	-0.285215	3.028187e-01	6.151665e-01
Hs.18788_at	0.285215	3.028187e-01	6.151665e-01
Hs.594352_at	-0.285215	3.028187e-01	6.151665e-01
Hs.646647_at	0.285215	3.028187e-01	6.151665e-01
Hs.12844_at	0.285215	3.028187e-01	6.151665e-01
Hs.505_at	0.285215	3.028187e-01	6.151665e-01
Hs.353208_at	0.285215	3.028187e-01	6.151665e-01
Hs.534579_at	0.285215	3.028187e-01	6.151665e-01
Hs.118110_at	0.285215	3.028187e-01	6.151665e-01
Hs.553996_at	0.285215	3.028187e-01	6.151665e-01
Hs.406758_at	-0.285215	3.028187e-01	6.151665e-01
Hs.646574_at	0.285215	3.028187e-01	6.151665e-01
Hs.13155_at	0.285215	3.028187e-01	6.151665e-01
Hs.652603_at	-0.285215	3.028187e-01	6.151665e-01
Hs.631520_at	0.285215	3.028187e-01	6.151665e-01
Hs.126622_at	0.285215	3.028187e-01	6.151665e-01
Hs.126774_at	0.285215	3.028187e-01	6.151665e-01
Hs.12677_at	-0.285215	3.028187e-01	6.151665e-01
Hs.647041_at	0.285215	3.028187e-01	6.151665e-01
Hs.91142_at	0.285215	3.028187e-01	6.151665e-01
Hs.524782_at	-0.285215	3.028187e-01	6.151665e-01
Hs.632717_at	0.285215	3.028187e-01	6.151665e-01
Hs.311363_at	-0.285215	3.028187e-01	6.151665e-01
Hs.502982_at	0.285215	3.028187e-01	6.151665e-01
Hs.367956_at	0.285215	3.028187e-01	6.151665e-01
Hs.637894_at	-0.285215	3.028187e-01	6.151665e-01
Hs.625109_at	-0.285215	3.028187e-01	6.151665e-01
Hs.278839_at	0.285215	3.028187e-01	6.151665e-01
Hs.580427_at	0.285215	3.028187e-01	6.151665e-01
Hs.458336_at	-0.285215	3.028187e-01	6.151665e-01
Hs.603845_at	0.285215	3.028187e-01	6.151665e-01
Hs.638918_at	0.285215	3.028187e-01	6.151665e-01
Hs.638707_at	-0.285215	3.028187e-01	6.151665e-01
Hs.279906_at	0.285215	3.028187e-01	6.151665e-01
Hs.283865_at	0.285215	3.028187e-01	6.151665e-01
Hs.629674_at	0.285215	3.028187e-01	6.151665e-01
Hs.253646_at	0.285215	3.028187e-01	6.151665e-01
Hs.459630_at	0.285215	3.028187e-01	6.151665e-01
Hs.148656_at	-0.285215	3.028187e-01	6.151665e-01
Hs.112242_at	0.285215	3.028187e-01	6.151665e-01
Hs.649858_at	-0.285215	3.028187e-01	6.151665e-01
Hs.523899_at	-0.285215	3.028187e-01	6.151665e-01
Hs.102788_at	-0.285215	3.028187e-01	6.151665e-01
Hs.112499_at	0.285215	3.028187e-01	6.151665e-01
Hs.476454_at	-0.281605	3.092472e-01	6.201315e-01
Hs.134882_at	-0.281605	3.092472e-01	6.201315e-01
Hs.649335_at	-0.281605	3.092472e-01	6.201315e-01
Hs.7037_at	-0.281605	3.092472e-01	6.201315e-01
Hs.560319_at	0.281605	3.092472e-01	6.201315e-01
Hs.428147_at	0.281605	3.092472e-01	6.201315e-01
Hs.527021_at	0.281605	3.092472e-01	6.201315e-01
Hs.520038_at	0.281605	3.092472e-01	6.201315e-01
Hs.520026_at	0.281605	3.092472e-01	6.201315e-01
Hs.149763_at	0.281605	3.092472e-01	6.201315e-01
Hs.631574_at	0.281605	3.092472e-01	6.201315e-01
Hs.524809_at	-0.281605	3.092472e-01	6.201315e-01
Hs.434966_at	-0.281605	3.092472e-01	6.201315e-01
Hs.368153_at	0.281605	3.092472e-01	6.201315e-01
Hs.466248_at	0.281605	3.092472e-01	6.201315e-01
Hs.638702_at	0.281605	3.092472e-01	6.201315e-01
Hs.601825_at	-0.281605	3.092472e-01	6.201315e-01
Hs.200804_at	-0.281605	3.092472e-01	6.201315e-01
Hs.535075_at	0.281605	3.092472e-01	6.201315e-01
Hs.29725_at	-0.281605	3.092472e-01	6.201315e-01
Hs.585003_at	0.281605	3.092472e-01	6.201315e-01
Hs.584831_at	0.281605	3.092472e-01	6.201315e-01
Hs.461187_at	0.281605	3.092472e-01	6.201315e-01
Hs.292788_at	0.281605	3.092472e-01	6.201315e-01
Hs.425023_at	0.281605	3.092472e-01	6.201315e-01
Hs.73917_at	0.281605	3.092472e-01	6.201315e-01
Hs.163543_at	0.281605	3.092472e-01	6.201315e-01
Hs.591908_at	-0.281605	3.092472e-01	6.201315e-01
Hs.479342_at	-0.281605	3.092472e-01	6.201315e-01
Hs.558599_at	-0.281605	3.092472e-01	6.201315e-01
Hs.559113_at	-0.281605	3.092472e-01	6.201315e-01
Hs.435933_at	-0.281605	3.092472e-01	6.201315e-01
Hs.414489_at	0.281605	3.092472e-01	6.201315e-01
Hs.415067_at	-0.281605	3.092472e-01	6.201315e-01
Hs.176615_at	0.281605	3.092472e-01	6.201315e-01
Hs.177968_at	0.281605	3.092472e-01	6.201315e-01
Hs.289044_at	0.281605	3.092472e-01	6.201315e-01
Hs.652255_at	0.281605	3.092472e-01	6.201315e-01
Hs.527881_at	0.281605	3.092472e-01	6.201315e-01
Hs.350848_at	0.281605	3.092472e-01	6.201315e-01
Hs.123035_at	0.281605	3.092472e-01	6.201315e-01
Hs.123659_at	0.281605	3.092472e-01	6.201315e-01
Hs.444075_at	-0.281605	3.092472e-01	6.201315e-01
Hs.605549_at	-0.281605	3.092472e-01	6.201315e-01
Hs.144129_at	0.281605	3.092472e-01	6.201315e-01
Hs.376064_at	-0.281605	3.092472e-01	6.201315e-01
Hs.49614_at	-0.281605	3.092472e-01	6.201315e-01
Hs.644678_at	-0.281605	3.092472e-01	6.201315e-01
Hs.598709_at	-0.281605	3.092472e-01	6.201315e-01
Hs.374458_at	-0.281605	3.092472e-01	6.201315e-01
Hs.496622_at	-0.281605	3.092472e-01	6.201315e-01
Hs.589924_at	0.281605	3.092472e-01	6.201315e-01
Hs.196482_at	0.281605	3.092472e-01	6.201315e-01
Hs.606890_at	-0.281605	3.092472e-01	6.201315e-01
Hs.444247_at	-0.281605	3.092472e-01	6.201315e-01
Hs.22410_at	0.281605	3.092472e-01	6.201315e-01
Hs.241545_at	-0.281605	3.092472e-01	6.201315e-01
Hs.245798_at	-0.281605	3.092472e-01	6.201315e-01
Hs.617351_at	0.281605	3.092472e-01	6.201315e-01
Hs.530402_at	-0.281605	3.092472e-01	6.201315e-01
Hs.632511_at	0.281605	3.092472e-01	6.201315e-01
Hs.592074_at	0.281605	3.092472e-01	6.201315e-01
Hs.567655_at	0.281605	3.092472e-01	6.201315e-01
Hs.181289_at	0.281605	3.092472e-01	6.201315e-01
Hs.592327_at	0.281605	3.092472e-01	6.201315e-01
Hs.591011_at	0.281605	3.092472e-01	6.201315e-01
Hs.694_at	0.281605	3.092472e-01	6.201315e-01
Hs.592166_at	0.281605	3.092472e-01	6.201315e-01
Hs.632357_at	0.281605	3.092472e-01	6.201315e-01
Hs.94542_at	-0.281605	3.092472e-01	6.201315e-01
Hs.93836_at	0.281605	3.092472e-01	6.201315e-01
Hs.517070_at	0.281605	3.092472e-01	6.201315e-01
Hs.78224_at	0.281605	3.092472e-01	6.201315e-01
Hs.591045_at	-0.281605	3.092472e-01	6.201315e-01
Hs.161839_at	0.281605	3.092472e-01	6.201315e-01
Hs.492427_at	-0.281605	3.092472e-01	6.201315e-01
Hs.129683_at	-0.281605	3.092472e-01	6.201315e-01
Hs.381058_at	-0.281605	3.092472e-01	6.201315e-01
Hs.79299_at	-0.281605	3.092472e-01	6.201315e-01
Hs.548784-_at	0.281605	3.092472e-01	6.201315e-01
Hs.511991_at	-0.281605	3.092472e-01	6.201315e-01
Hs.511839_at	0.281605	3.092472e-01	6.201315e-01
Hs.513002_at	-0.281605	3.092472e-01	6.201315e-01
Hs.444673_at	-0.281605	3.092472e-01	6.201315e-01
Hs.571081_at	0.281605	3.092472e-01	6.201315e-01
Hs.611385_at	0.281605	3.092472e-01	6.201315e-01
Hs.317821_at	0.281605	3.092472e-01	6.201315e-01
Hs.236940_at	-0.281605	3.092472e-01	6.201315e-01
Hs.515048_at	-0.281605	3.092472e-01	6.201315e-01
Hs.513743_at	0.281605	3.092472e-01	6.201315e-01
Hs.515243_at	-0.281605	3.092472e-01	6.201315e-01
Hs.309753_at	-0.281605	3.092472e-01	6.201315e-01
Hs.310536_at	-0.281605	3.092472e-01	6.201315e-01
Hs.555927_at	0.281605	3.092472e-01	6.201315e-01
Hs.131188_at	0.281605	3.092472e-01	6.201315e-01
Hs.405667_at	-0.281605	3.092472e-01	6.201315e-01
Hs.593559_at	-0.281605	3.092472e-01	6.201315e-01
Hs.130370_at	-0.281605	3.092472e-01	6.201315e-01
Hs.187912_at	0.281605	3.092472e-01	6.201315e-01
Hs.307014_at	0.281605	3.092472e-01	6.201315e-01
Hs.167317_at	0.281605	3.092472e-01	6.201315e-01
Hs.434479_at	0.281605	3.092472e-01	6.201315e-01
Hs.591286_at	-0.281605	3.092472e-01	6.201315e-01
Hs.435765_at	0.281605	3.092472e-01	6.201315e-01
Hs.473912_at	-0.281605	3.092472e-01	6.201315e-01
Hs.148830_at	0.281605	3.092472e-01	6.201315e-01
Hs.105016_at	-0.281605	3.092472e-01	6.201315e-01
Hs.631758_at	-0.281605	3.092472e-01	6.201315e-01
Hs.272195_at	0.281605	3.092472e-01	6.201315e-01
Hs.270244_at	0.281605	3.092472e-01	6.201315e-01
Hs.587843_at	0.281605	3.092472e-01	6.201315e-01
Hs.368569_at	0.281605	3.092472e-01	6.201315e-01
Hs.501911_at	0.281605	3.092472e-01	6.201315e-01
Hs.369052_at	-0.281605	3.092472e-01	6.201315e-01
Hs.126667_at	-0.281605	3.092472e-01	6.201315e-01
Hs.250712_at	0.281605	3.092472e-01	6.201315e-01
Hs.96852_at	-0.281605	3.092472e-01	6.201315e-01
Hs.286173_at	0.281605	3.092472e-01	6.201315e-01
Hs.591378_at	-0.281605	3.092472e-01	6.201315e-01
Hs.475525_at	-0.281605	3.092472e-01	6.201315e-01
Hs.213137_at	0.281605	3.092472e-01	6.201315e-01
Hs.210995_at	0.281605	3.092472e-01	6.201315e-01
Hs.443301_at	-0.281605	3.092472e-01	6.201315e-01
Hs.643975_at	0.281605	3.092472e-01	6.201315e-01
Hs.370581_at	-0.281605	3.092472e-01	6.201315e-01
Hs.126780_at	0.281605	3.092472e-01	6.201315e-01
Hs.546479_at	0.281605	3.092472e-01	6.201315e-01
Hs.203099_at	0.281605	3.092472e-01	6.201315e-01
Hs.524430_at	0.281605	3.092472e-01	6.201315e-01
Hs.477_at	0.277995	3.157543e-01	6.245098e-01
Hs.108049_at	-0.277995	3.157543e-01	6.245098e-01
Hs.283613_at	0.277995	3.157543e-01	6.245098e-01
Hs.278907_at	0.277995	3.157543e-01	6.245098e-01
Hs.258979_at	0.277995	3.157543e-01	6.245098e-01
Hs.134848_at	0.277995	3.157543e-01	6.245098e-01
Hs.432690_at	-0.277995	3.157543e-01	6.245098e-01
Hs.70573_at	-0.277995	3.157543e-01	6.245098e-01
Hs.434251_at	0.277995	3.157543e-01	6.245098e-01
Hs.71465_at	0.277995	3.157543e-01	6.245098e-01
Hs.72938_at	0.277995	3.157543e-01	6.245098e-01
Hs.169238_at	0.277995	3.157543e-01	6.245098e-01
Hs.431400_at	0.277995	3.157543e-01	6.245098e-01
Hs.519033_at	-0.277995	3.157543e-01	6.245098e-01
Hs.527193_at	-0.277995	3.157543e-01	6.245098e-01
Hs.632179_at	-0.277995	3.157543e-01	6.245098e-01
Hs.434418_at	-0.277995	3.157543e-01	6.245098e-01
Hs.434159_at	0.277995	3.157543e-01	6.245098e-01
Hs.439777_at	0.277995	3.157543e-01	6.245098e-01
Hs.125898_at	0.277995	3.157543e-01	6.245098e-01
Hs.50252_at	-0.277995	3.157543e-01	6.245098e-01
Hs.538059_at	-0.277995	3.157543e-01	6.245098e-01
Hs.522992_at	0.277995	3.157543e-01	6.245098e-01
Hs.522090_at	-0.277995	3.157543e-01	6.245098e-01
Hs.269941_at	0.277995	3.157543e-01	6.245098e-01
Hs.1041_at	0.277995	3.157543e-01	6.245098e-01
Hs.369331_at	0.277995	3.157543e-01	6.245098e-01
Hs.144949_at	0.277995	3.157543e-01	6.245098e-01
Hs.521969_at	-0.277995	3.157543e-01	6.245098e-01
Hs.275998_at	0.277995	3.157543e-01	6.245098e-01
Hs.272259_at	0.277995	3.157543e-01	6.245098e-01
Hs.524660_at	0.277995	3.157543e-01	6.245098e-01
Hs.591282_at	0.277995	3.157543e-01	6.245098e-01
Hs.650535_at	0.277995	3.157543e-01	6.245098e-01
Hs.13880_at	-0.277995	3.157543e-01	6.245098e-01
Hs.552810_at	-0.277995	3.157543e-01	6.245098e-01
Hs.490415_at	0.277995	3.157543e-01	6.245098e-01
Hs.444992_at	-0.277995	3.157543e-01	6.245098e-01
Hs.89771_at	0.277995	3.157543e-01	6.245098e-01
Hs.118725_at	-0.277995	3.157543e-01	6.245098e-01
Hs.131342_at	0.277995	3.157543e-01	6.245098e-01
Hs.594563_at	0.277995	3.157543e-01	6.245098e-01
Hs.130949_at	-0.277995	3.157543e-01	6.245098e-01
Hs.404000_at	-0.277995	3.157543e-01	6.245098e-01
Hs.595261_at	0.277995	3.157543e-01	6.245098e-01
Hs.310164_at	-0.277995	3.157543e-01	6.245098e-01
Hs.531320_at	0.277995	3.157543e-01	6.245098e-01
Hs.183706_at	0.277995	3.157543e-01	6.245098e-01
Hs.407549_at	0.277995	3.157543e-01	6.245098e-01
Hs.14691_at	-0.277995	3.157543e-01	6.245098e-01
Hs.612021+_at	0.277995	3.157543e-01	6.245098e-01
Hs.91579_at	0.277995	3.157543e-01	6.245098e-01
Hs.512656_at	-0.277995	3.157543e-01	6.245098e-01
Hs.632964_at	0.277995	3.157543e-01	6.245098e-01
Hs.633123_at	0.277995	3.157543e-01	6.245098e-01
Hs.610830_at	0.277995	3.157543e-01	6.245098e-01
Hs.513463_at	0.277995	3.157543e-01	6.245098e-01
Hs.120369_at	0.277995	3.157543e-01	6.245098e-01
Hs.195060_at	-0.277995	3.157543e-01	6.245098e-01
Hs.12152_at	0.277995	3.157543e-01	6.245098e-01
Hs.32973_at	0.277995	3.157543e-01	6.245098e-01
Hs.8882_at	0.277995	3.157543e-01	6.245098e-01
Hs.129895_at	0.277995	3.157543e-01	6.245098e-01
Hs.1908_at	-0.277995	3.157543e-01	6.245098e-01
Hs.645440_at	-0.277995	3.157543e-01	6.245098e-01
Hs.551898_at	0.277995	3.157543e-01	6.245098e-01
Hs.348365_at	-0.277995	3.157543e-01	6.245098e-01
Hs.336994_at	0.277995	3.157543e-01	6.245098e-01
Hs.335808_at	-0.277995	3.157543e-01	6.245098e-01
Hs.634380_at	0.277995	3.157543e-01	6.245098e-01
Hs.633640_at	0.277995	3.157543e-01	6.245098e-01
Hs.618051_at	0.277995	3.157543e-01	6.245098e-01
Hs.94986_at	-0.277995	3.157543e-01	6.245098e-01
Hs.530003_at	-0.277995	3.157543e-01	6.245098e-01
Hs.517094_at	0.277995	3.157543e-01	6.245098e-01
Hs.529122-_at	0.277995	3.157543e-01	6.245098e-01
Hs.179299_at	0.277995	3.157543e-01	6.245098e-01
Hs.132163_at	0.277995	3.157543e-01	6.245098e-01
Hs.530331_at	-0.277995	3.157543e-01	6.245098e-01
Hs.516182_at	-0.277995	3.157543e-01	6.245098e-01
Hs.178665_at	0.277995	3.157543e-01	6.245098e-01
Hs.163113_at	-0.277995	3.157543e-01	6.245098e-01
Hs.132276_at	0.277995	3.157543e-01	6.245098e-01
Hs.515155_at	0.277995	3.157543e-01	6.245098e-01
Hs.515534_at	0.277995	3.157543e-01	6.245098e-01
Hs.9194_at	0.277995	3.157543e-01	6.245098e-01
Hs.584914_at	0.277995	3.157543e-01	6.245098e-01
Hs.439481_at	-0.277995	3.157543e-01	6.245098e-01
Hs.438906_at	0.277995	3.157543e-01	6.245098e-01
Hs.534334_at	0.277995	3.157543e-01	6.245098e-01
Hs.644671_at	-0.277995	3.157543e-01	6.245098e-01
Hs.44385_at	0.277995	3.157543e-01	6.245098e-01
Hs.351582_at	0.277995	3.157543e-01	6.245098e-01
Hs.350268_at	0.277995	3.157543e-01	6.245098e-01
Hs.644633_at	0.277995	3.157543e-01	6.245098e-01
Hs.506374_at	-0.277995	3.157543e-01	6.245098e-01
Hs.534494_at	0.277995	3.157543e-01	6.245098e-01
Hs.636851_at	0.277995	3.157543e-01	6.245098e-01
Hs.352241_at	0.277995	3.157543e-01	6.245098e-01
Hs.352515_at	0.277995	3.157543e-01	6.245098e-01
Hs.350507_at	0.277995	3.157543e-01	6.245098e-01
Hs.350588_at	0.277995	3.157543e-01	6.245098e-01
Hs.632242_at	0.277995	3.157543e-01	6.245098e-01
Hs.413137_at	0.277995	3.157543e-01	6.245098e-01
Hs.558734_at	-0.277995	3.157543e-01	6.245098e-01
Hs.647643_at	0.277995	3.157543e-01	6.245098e-01
Hs.73849_at	0.277995	3.157543e-01	6.245098e-01
Hs.479214_at	-0.277995	3.157543e-01	6.245098e-01
Hs.142179_at	0.277995	3.157543e-01	6.245098e-01
Hs.115284_at	0.277995	3.157543e-01	6.245098e-01
Hs.517937_at	0.277995	3.157543e-01	6.245098e-01
Hs.517227_at	0.277995	3.157543e-01	6.245098e-01
Hs.44609_at	-0.277995	3.157543e-01	6.245098e-01
Hs.461178_at	-0.277995	3.157543e-01	6.245098e-01
Hs.12680_at	0.277995	3.157543e-01	6.245098e-01
Hs.440414_at	-0.277995	3.157543e-01	6.245098e-01
Hs.354056_at	0.277995	3.157543e-01	6.245098e-01
Hs.652100_at	-0.277995	3.157543e-01	6.245098e-01
Hs.127383_at	0.277995	3.157543e-01	6.245098e-01
Hs.598830_at	-0.277995	3.157543e-01	6.245098e-01
Hs.372658_at	-0.277995	3.157543e-01	6.245098e-01
Hs.599703_at	0.277995	3.157543e-01	6.245098e-01
Hs.603818_at	-0.277995	3.157543e-01	6.245098e-01
Hs.604192_at	0.277995	3.157543e-01	6.245098e-01
Hs.535326_at	-0.277995	3.157543e-01	6.245098e-01
Hs.587427+_at	0.277995	3.157543e-01	6.245098e-01
Hs.126195_at	0.277995	3.157543e-01	6.245098e-01
Hs.603678_at	-0.277995	3.157543e-01	6.245098e-01
Hs.603257_at	0.277995	3.157543e-01	6.245098e-01
Hs.503510_at	-0.277995	3.157543e-01	6.245098e-01
Hs.44070_at	-0.277995	3.157543e-01	6.245098e-01
Hs.363087_at	0.277995	3.157543e-01	6.245098e-01
Hs.524815_at	0.277995	3.157543e-01	6.245098e-01
Hs.631693_at	-0.277995	3.157543e-01	6.245098e-01
Hs.104920_at	0.277995	3.157543e-01	6.245098e-01
Hs.458355_at	0.277995	3.157543e-01	6.245098e-01
Hs.268573_at	0.277995	3.157543e-01	6.245098e-01
Hs.591363_at	0.277995	3.157543e-01	6.245098e-01
Hs.562598_at	-0.277995	3.157543e-01	6.245098e-01
Hs.645640_at	-0.274384	3.223397e-01	6.295958e-01
Hs.551651_at	0.274384	3.223397e-01	6.295958e-01
Hs.5509_at	-0.274384	3.223397e-01	6.295958e-01
Hs.550808_at	0.274384	3.223397e-01	6.295958e-01
Hs.547771_at	-0.274384	3.223397e-01	6.295958e-01
Hs.383050_at	0.274384	3.223397e-01	6.295958e-01
Hs.192649_at	-0.274384	3.223397e-01	6.295958e-01
Hs.523968_at	0.274384	3.223397e-01	6.295958e-01
Hs.103106_at	-0.274384	3.223397e-01	6.295958e-01
Hs.149894_at	-0.274384	3.223397e-01	6.295958e-01
Hs.194208_at	0.274384	3.223397e-01	6.295958e-01
Hs.381715_at	0.274384	3.223397e-01	6.295958e-01
Hs.130293_at	-0.274384	3.223397e-01	6.295958e-01
Hs.646180_at	0.274384	3.223397e-01	6.295958e-01
Hs.646298_at	0.274384	3.223397e-01	6.295958e-01
Hs.496205_at	-0.274384	3.223397e-01	6.295958e-01
Hs.436104_at	0.274384	3.223397e-01	6.295958e-01
Hs.444388_at	-0.274384	3.223397e-01	6.295958e-01
Hs.592002_at	0.274384	3.223397e-01	6.295958e-01
Hs.337730_at	-0.274384	3.223397e-01	6.295958e-01
Hs.511817_at	-0.274384	3.223397e-01	6.295958e-01
Hs.85962_at	-0.274384	3.223397e-01	6.295958e-01
Hs.514496_at	0.274384	3.223397e-01	6.295958e-01
Hs.234759_at	0.274384	3.223397e-01	6.295958e-01
Hs.606771_at	0.274384	3.223397e-01	6.295958e-01
Hs.636038_at	-0.274384	3.223397e-01	6.295958e-01
Hs.350552_at	0.274384	3.223397e-01	6.295958e-01
Hs.326556_at	0.274384	3.223397e-01	6.295958e-01
Hs.326713_at	-0.274384	3.223397e-01	6.295958e-01
Hs.532835_at	-0.274384	3.223397e-01	6.295958e-01
Hs.506481_at	-0.274384	3.223397e-01	6.295958e-01
Hs.352839_at	-0.274384	3.223397e-01	6.295958e-01
Hs.123515_at	-0.274384	3.223397e-01	6.295958e-01
Hs.123464_at	-0.274384	3.223397e-01	6.295958e-01
Hs.91161_at	-0.274384	3.223397e-01	6.295958e-01
Hs.17253_at	0.274384	3.223397e-01	6.295958e-01
Hs.314246_at	-0.274384	3.223397e-01	6.295958e-01
Hs.155983_at	0.274384	3.223397e-01	6.295958e-01
Hs.631933_at	0.274384	3.223397e-01	6.295958e-01
Hs.652235_at	0.274384	3.223397e-01	6.295958e-01
Hs.58076_at	0.274384	3.223397e-01	6.295958e-01
Hs.518427_at	0.274384	3.223397e-01	6.295958e-01
Hs.292472_at	-0.274384	3.223397e-01	6.295958e-01
Hs.622398_at	-0.274384	3.223397e-01	6.295958e-01
Hs.287827_at	-0.274384	3.223397e-01	6.295958e-01
Hs.600663_at	-0.274384	3.223397e-01	6.295958e-01
Hs.438587_at	0.274384	3.223397e-01	6.295958e-01
Hs.159226_at	0.274384	3.223397e-01	6.295958e-01
Hs.467210_at	-0.274384	3.223397e-01	6.295958e-01
Hs.65734_at	0.274384	3.223397e-01	6.295958e-01
Hs.13205_at	0.274384	3.223397e-01	6.295958e-01
Hs.356460_at	-0.274384	3.223397e-01	6.295958e-01
Hs.442892_at	0.274384	3.223397e-01	6.295958e-01
Hs.652180_at	-0.274384	3.223397e-01	6.295958e-01
Hs.611969_at	0.274384	3.223397e-01	6.295958e-01
Hs.310429_at	-0.274384	3.223397e-01	6.295958e-01
Hs.125750_at	0.274384	3.223397e-01	6.295958e-01
Hs.369265_at	0.274384	3.223397e-01	6.295958e-01
Hs.502244_at	-0.274384	3.223397e-01	6.295958e-01
Hs.555918_at	-0.274384	3.223397e-01	6.295958e-01
Hs.163867_at	-0.274384	3.223397e-01	6.295958e-01
Hs.133982_at	0.274384	3.223397e-01	6.295958e-01
Hs.516107_at	0.274384	3.223397e-01	6.295958e-01
Hs.302029_at	0.274384	3.223397e-01	6.295958e-01
Hs.241576_at	0.274384	3.223397e-01	6.295958e-01
Hs.478588_at	0.274384	3.223397e-01	6.295958e-01
Hs.643658_at	-0.274384	3.223397e-01	6.295958e-01
Hs.373793_at	-0.274384	3.223397e-01	6.295958e-01
Hs.169358_at	-0.274384	3.223397e-01	6.295958e-01
Hs.446574_at	-0.274384	3.223397e-01	6.295958e-01
Hs.621337_at	0.274384	3.223397e-01	6.295958e-01
Hs.600135_at	-0.274384	3.223397e-01	6.295958e-01
Hs.651522_at	-0.274384	3.223397e-01	6.295958e-01
Hs.20274_at	0.274384	3.223397e-01	6.295958e-01
Hs.592340_at	-0.274384	3.223397e-01	6.295958e-01
Hs.591641_at	-0.274384	3.223397e-01	6.295958e-01
Hs.171061_at	-0.274384	3.223397e-01	6.295958e-01
Hs.648623_at	0.274384	3.223397e-01	6.295958e-01
Hs.113823_at	-0.274384	3.223397e-01	6.295958e-01
Hs.303727_at	-0.274384	3.223397e-01	6.295958e-01
Hs.516179_at	0.274384	3.223397e-01	6.295958e-01
Hs.147472_at	0.274384	3.223397e-01	6.295958e-01
Hs.441287_at	0.274384	3.223397e-01	6.295958e-01
Hs.501127_at	0.274384	3.223397e-01	6.295958e-01
Hs.371839_at	0.274384	3.223397e-01	6.295958e-01
Hs.406520_at	-0.274384	3.223397e-01	6.295958e-01
Hs.646051_at	-0.274384	3.223397e-01	6.295958e-01
Hs.404172_at	0.274384	3.223397e-01	6.295958e-01
Hs.488293_at	0.274384	3.223397e-01	6.295958e-01
Hs.477003_at	0.274384	3.223397e-01	6.295958e-01
Hs.432330_at	-0.274384	3.223397e-01	6.295958e-01
Hs.73072_at	0.274384	3.223397e-01	6.295958e-01
Hs.529317_at	-0.274384	3.223397e-01	6.295958e-01
Hs.247879_at	0.274384	3.223397e-01	6.295958e-01
Hs.619137_at	-0.274384	3.223397e-01	6.295958e-01
Hs.517265_at	-0.274384	3.223397e-01	6.295958e-01
Hs.114545_at	0.274384	3.223397e-01	6.295958e-01
Hs.115325_at	-0.274384	3.223397e-01	6.295958e-01
Hs.529755_at	0.274384	3.223397e-01	6.295958e-01
Hs.184211_at	-0.274384	3.223397e-01	6.295958e-01
Hs.407587_at	0.274384	3.223397e-01	6.295958e-01
Hs.466662_at	0.274384	3.223397e-01	6.295958e-01
Hs.104315_at	-0.274384	3.223397e-01	6.295958e-01
Hs.524762_at	-0.274384	3.223397e-01	6.295958e-01
Hs.277677_at	0.274384	3.223397e-01	6.295958e-01
Hs.2563_at	0.274384	3.223397e-01	6.295958e-01
Hs.521086_at	0.274384	3.223397e-01	6.295958e-01
Hs.128128_at	0.274384	3.223397e-01	6.295958e-01
Hs.190544_at	-0.274384	3.223397e-01	6.295958e-01
Hs.190384_at	-0.274384	3.223397e-01	6.295958e-01
Hs.437009_at	-0.274384	3.223397e-01	6.295958e-01
Hs.38039_at	0.274384	3.223397e-01	6.295958e-01
Hs.380923_at	0.274384	3.223397e-01	6.295958e-01
Hs.382131_at	0.274384	3.223397e-01	6.295958e-01
Hs.511797_at	0.274384	3.223397e-01	6.295958e-01
Hs.26135_at	0.274384	3.223397e-01	6.295958e-01
Hs.525769_at	0.274384	3.223397e-01	6.295958e-01
Hs.97997_at	-0.274384	3.223397e-01	6.295958e-01
Hs.152258_at	-0.274384	3.223397e-01	6.295958e-01
Hs.129751_at	0.274384	3.223397e-01	6.295958e-01
Hs.49760_at	0.274384	3.223397e-01	6.295958e-01
Hs.135626_at	0.274384	3.223397e-01	6.295958e-01
Hs.71574_at	0.274384	3.223397e-01	6.295958e-01
Hs.135736_at	0.274384	3.223397e-01	6.295958e-01
Hs.520937_at	-0.274384	3.223397e-01	6.295958e-01
Hs.97899_at	0.274384	3.223397e-01	6.295958e-01
Hs.280781_at	0.274384	3.223397e-01	6.295958e-01
Hs.558560_at	0.274384	3.223397e-01	6.295958e-01
Hs.619553_at	0.270774	3.290032e-01	6.341587e-01
Hs.18844_at	0.270774	3.290032e-01	6.341587e-01
Hs.446235_at	-0.270774	3.290032e-01	6.341587e-01
Hs.170599_at	0.270774	3.290032e-01	6.341587e-01
Hs.432360_at	0.270774	3.290032e-01	6.341587e-01
Hs.102598_at	0.270774	3.290032e-01	6.341587e-01
Hs.165636_at	0.270774	3.290032e-01	6.341587e-01
Hs.591421_at	-0.270774	3.290032e-01	6.341587e-01
Hs.553526_at	0.270774	3.290032e-01	6.341587e-01
Hs.434459_at	0.270774	3.290032e-01	6.341587e-01
Hs.258589_at	0.270774	3.290032e-01	6.341587e-01
Hs.522895_at	-0.270774	3.290032e-01	6.341587e-01
Hs.524625_at	0.270774	3.290032e-01	6.341587e-01
Hs.128518_at	0.270774	3.290032e-01	6.341587e-01
Hs.549833_at	0.270774	3.290032e-01	6.341587e-01
Hs.25647_at	-0.270774	3.290032e-01	6.341587e-01
Hs.439200_at	-0.270774	3.290032e-01	6.341587e-01
Hs.596332_at	0.270774	3.290032e-01	6.341587e-01
Hs.384583_at	-0.270774	3.290032e-01	6.341587e-01
Hs.594689_at	0.270774	3.290032e-01	6.341587e-01
Hs.494997_at	-0.270774	3.290032e-01	6.341587e-01
Hs.343571_at	0.270774	3.290032e-01	6.341587e-01
Hs.121915_at	0.270774	3.290032e-01	6.341587e-01
Hs.444405_at	-0.270774	3.290032e-01	6.341587e-01
Hs.591076_at	-0.270774	3.290032e-01	6.341587e-01
Hs.420272_at	0.270774	3.290032e-01	6.341587e-01
Hs.223782_at	0.270774	3.290032e-01	6.341587e-01
Hs.122509_at	0.270774	3.290032e-01	6.341587e-01
Hs.336916_at	-0.270774	3.290032e-01	6.341587e-01
Hs.335877_at	0.270774	3.290032e-01	6.341587e-01
Hs.513646_at	-0.270774	3.290032e-01	6.341587e-01
Hs.463928_at	0.270774	3.290032e-01	6.341587e-01
Hs.585976_at	0.270774	3.290032e-01	6.341587e-01
Hs.221074_at	0.270774	3.290032e-01	6.341587e-01
Hs.610961_at	0.270774	3.290032e-01	6.341587e-01
Hs.512670_at	-0.270774	3.290032e-01	6.341587e-01
Hs.606402_at	0.270774	3.290032e-01	6.341587e-01
Hs.534375_at	0.270774	3.290032e-01	6.341587e-01
Hs.647659_at	-0.270774	3.290032e-01	6.341587e-01
Hs.90297_at	0.270774	3.290032e-01	6.341587e-01
Hs.476018_at	0.270774	3.290032e-01	6.341587e-01
Hs.649410_at	-0.270774	3.290032e-01	6.341587e-01
Hs.446354_at	-0.270774	3.290032e-01	6.341587e-01
Hs.497745_at	0.270774	3.290032e-01	6.341587e-01
Hs.293590_at	0.270774	3.290032e-01	6.341587e-01
Hs.292599_at	0.270774	3.290032e-01	6.341587e-01
Hs.529488_at	0.270774	3.290032e-01	6.341587e-01
Hs.130980_at	0.270774	3.290032e-01	6.341587e-01
Hs.201667_at	0.270774	3.290032e-01	6.341587e-01
Hs.643257-_at	0.270774	3.290032e-01	6.341587e-01
Hs.602579_at	0.270774	3.290032e-01	6.341587e-01
Hs.498740_at	0.270774	3.290032e-01	6.341587e-01
Hs.498620_at	0.270774	3.290032e-01	6.341587e-01
Hs.57687_at	0.270774	3.290032e-01	6.341587e-01
Hs.591642_at	-0.270774	3.290032e-01	6.341587e-01
Hs.429018_at	0.270774	3.290032e-01	6.341587e-01
Hs.573245_at	0.270774	3.290032e-01	6.341587e-01
Hs.641295_at	-0.270774	3.290032e-01	6.341587e-01
Hs.439312_at	0.270774	3.290032e-01	6.341587e-01
Hs.592347_at	0.270774	3.290032e-01	6.341587e-01
Hs.507866_at	0.270774	3.290032e-01	6.341587e-01
Hs.134012_at	0.270774	3.290032e-01	6.341587e-01
Hs.2149_at	0.270774	3.290032e-01	6.341587e-01
Hs.411488_at	-0.270774	3.290032e-01	6.341587e-01
Hs.570775_at	0.270774	3.290032e-01	6.341587e-01
Hs.463412_at	0.270774	3.290032e-01	6.341587e-01
Hs.652129_at	0.270774	3.290032e-01	6.341587e-01
Hs.564847_at	-0.270774	3.290032e-01	6.341587e-01
Hs.632142_at	0.270774	3.290032e-01	6.341587e-01
Hs.515283_at	0.270774	3.290032e-01	6.341587e-01
Hs.613653_at	0.270774	3.290032e-01	6.341587e-01
Hs.483773_at	0.270774	3.290032e-01	6.341587e-01
Hs.485270_at	0.270774	3.290032e-01	6.341587e-01
Hs.147762_at	0.270774	3.290032e-01	6.341587e-01
Hs.471695_at	0.270774	3.290032e-01	6.341587e-01
Hs.14070_at	0.270774	3.290032e-01	6.341587e-01
Hs.1342_at	-0.270774	3.290032e-01	6.341587e-01
Hs.601513_at	-0.270774	3.290032e-01	6.341587e-01
Hs.642639_at	-0.270774	3.290032e-01	6.341587e-01
Hs.642381_at	0.270774	3.290032e-01	6.341587e-01
Hs.530940_at	0.270774	3.290032e-01	6.341587e-01
Hs.116150_at	0.270774	3.290032e-01	6.341587e-01
Hs.70821_at	0.270774	3.290032e-01	6.341587e-01
Hs.475382_at	0.270774	3.290032e-01	6.341587e-01
Hs.241559_at	0.270774	3.290032e-01	6.341587e-01
Hs.172052_at	-0.270774	3.290032e-01	6.341587e-01
Hs.7764_at	0.270774	3.290032e-01	6.341587e-01
Hs.371794_at	0.270774	3.290032e-01	6.341587e-01
Hs.28465_at	-0.270774	3.290032e-01	6.341587e-01
Hs.285354_at	0.270774	3.290032e-01	6.341587e-01
Hs.622508_at	0.270774	3.290032e-01	6.341587e-01
Hs.651221_at	-0.270774	3.290032e-01	6.341587e-01
Hs.159499_at	0.270774	3.290032e-01	6.341587e-01
Hs.438830_at	-0.270774	3.290032e-01	6.341587e-01
Hs.568276_at	0.270774	3.290032e-01	6.341587e-01
Hs.644004_at	0.270774	3.290032e-01	6.341587e-01
Hs.651186_at	0.270774	3.290032e-01	6.341587e-01
Hs.173381_at	-0.270774	3.290032e-01	6.341587e-01
Hs.462214_at	0.270774	3.290032e-01	6.341587e-01
Hs.445065_at	-0.270774	3.290032e-01	6.341587e-01
Hs.652854_at	0.270774	3.290032e-01	6.341587e-01
Hs.638916-_at	0.270774	3.290032e-01	6.341587e-01
Hs.646293_at	0.270774	3.290032e-01	6.341587e-01
Hs.37636_at	0.270774	3.290032e-01	6.341587e-01
Hs.66713_at	0.270774	3.290032e-01	6.341587e-01
Hs.19699_at	0.270774	3.290032e-01	6.341587e-01
Hs.107740_at	-0.270774	3.290032e-01	6.341587e-01
Hs.279761_at	-0.270774	3.290032e-01	6.341587e-01
Hs.469264_at	-0.270774	3.290032e-01	6.341587e-01
Hs.128121_at	0.270774	3.290032e-01	6.341587e-01
Hs.473877_at	0.270774	3.290032e-01	6.341587e-01
Hs.121383_at	0.270774	3.290032e-01	6.341587e-01
Hs.532755_at	-0.270774	3.290032e-01	6.341587e-01
Hs.87469_at	0.270774	3.290032e-01	6.341587e-01
Hs.75361_at	0.270774	3.290032e-01	6.341587e-01
Hs.519993_at	0.270774	3.290032e-01	6.341587e-01
Hs.557142_at	0.270774	3.290032e-01	6.341587e-01
Hs.464137_at	-0.270774	3.290032e-01	6.341587e-01
Hs.231655_at	0.270774	3.290032e-01	6.341587e-01
Hs.301052_at	0.270774	3.290032e-01	6.341587e-01
Hs.300559_at	-0.270774	3.290032e-01	6.341587e-01
Hs.632527_at	-0.270774	3.290032e-01	6.341587e-01
Hs.516176_at	0.270774	3.290032e-01	6.341587e-01
Hs.298851_at	-0.270774	3.290032e-01	6.341587e-01
Hs.542014+_at	0.270774	3.290032e-01	6.341587e-01
Hs.640107_at	0.270774	3.290032e-01	6.341587e-01
Hs.651434_at	0.270774	3.290032e-01	6.341587e-01
Hs.651635_at	0.270774	3.290032e-01	6.341587e-01
Hs.58367_at	0.270774	3.290032e-01	6.341587e-01
Hs.98317_at	0.270774	3.290032e-01	6.341587e-01
Hs.629003_at	-0.270774	3.290032e-01	6.341587e-01
Hs.591061_at	-0.270774	3.290032e-01	6.341587e-01
Hs.224189_at	0.270774	3.290032e-01	6.341587e-01
Hs.482573_at	-0.270774	3.290032e-01	6.341587e-01
Hs.132483_at	0.270774	3.290032e-01	6.341587e-01
Hs.459534_at	-0.270774	3.290032e-01	6.341587e-01
Hs.645573_at	0.270774	3.290032e-01	6.341587e-01
Hs.631594_at	0.267164	3.357445e-01	6.397211e-01
Hs.271749_at	-0.267164	3.357445e-01	6.397211e-01
Hs.137674_at	0.267164	3.357445e-01	6.397211e-01
Hs.618526_at	0.267164	3.357445e-01	6.397211e-01
Hs.440263_at	-0.267164	3.357445e-01	6.397211e-01
Hs.499264_at	-0.267164	3.357445e-01	6.397211e-01
Hs.542014-_at	-0.267164	3.357445e-01	6.397211e-01
Hs.542230_at	0.267164	3.357445e-01	6.397211e-01
Hs.368028_at	0.267164	3.357445e-01	6.397211e-01
Hs.208914_at	-0.267164	3.357445e-01	6.397211e-01
Hs.442609_at	0.267164	3.357445e-01	6.397211e-01
Hs.652379_at	0.267164	3.357445e-01	6.397211e-01
Hs.153088_at	-0.267164	3.357445e-01	6.397211e-01
Hs.620034_at	0.267164	3.357445e-01	6.397211e-01
Hs.436643_at	0.267164	3.357445e-01	6.397211e-01
Hs.120855_at	0.267164	3.357445e-01	6.397211e-01
Hs.121518_at	0.267164	3.357445e-01	6.397211e-01
Hs.46440_at	0.267164	3.357445e-01	6.397211e-01
Hs.444389_at	0.267164	3.357445e-01	6.397211e-01
Hs.591957_at	0.267164	3.357445e-01	6.397211e-01
Hs.481860_at	-0.267164	3.357445e-01	6.397211e-01
Hs.132781_at	-0.267164	3.357445e-01	6.397211e-01
Hs.254808_at	0.267164	3.357445e-01	6.397211e-01
Hs.520122_at	-0.267164	3.357445e-01	6.397211e-01
Hs.467769_at	0.267164	3.357445e-01	6.397211e-01
Hs.646533_at	0.267164	3.357445e-01	6.397211e-01
Hs.77897_at	0.267164	3.357445e-01	6.397211e-01
Hs.437941_at	-0.267164	3.357445e-01	6.397211e-01
Hs.645218_at	0.267164	3.357445e-01	6.397211e-01
Hs.306000_at	-0.267164	3.357445e-01	6.397211e-01
Hs.118513_at	0.267164	3.357445e-01	6.397211e-01
Hs.90232_at	0.267164	3.357445e-01	6.397211e-01
Hs.364911_at	-0.267164	3.357445e-01	6.397211e-01
Hs.131035_at	0.267164	3.357445e-01	6.397211e-01
Hs.422585_at	0.267164	3.357445e-01	6.397211e-01
Hs.158311_at	0.267164	3.357445e-01	6.397211e-01
Hs.443609_at	0.267164	3.357445e-01	6.397211e-01
Hs.213394_at	0.267164	3.357445e-01	6.397211e-01
Hs.356744_at	-0.267164	3.357445e-01	6.397211e-01
Hs.505337_at	0.267164	3.357445e-01	6.397211e-01
Hs.588854_at	-0.267164	3.357445e-01	6.397211e-01
Hs.251415_at	0.267164	3.357445e-01	6.397211e-01
Hs.600794_at	-0.267164	3.357445e-01	6.397211e-01
Hs.529059_at	0.267164	3.357445e-01	6.397211e-01
Hs.621472_at	-0.267164	3.357445e-01	6.397211e-01
Hs.546502_at	-0.267164	3.357445e-01	6.397211e-01
Hs.615284_at	-0.267164	3.357445e-01	6.397211e-01
Hs.243272_at	0.267164	3.357445e-01	6.397211e-01
Hs.560955_at	0.267164	3.357445e-01	6.397211e-01
Hs.181107_at	0.267164	3.357445e-01	6.397211e-01
Hs.485392_at	-0.267164	3.357445e-01	6.397211e-01
Hs.11747_at	0.267164	3.357445e-01	6.397211e-01
Hs.306385_at	0.267164	3.357445e-01	6.397211e-01
Hs.531668_at	0.267164	3.357445e-01	6.397211e-01
Hs.556022_at	0.267164	3.357445e-01	6.397211e-01
Hs.503692_at	0.267164	3.357445e-01	6.397211e-01
Hs.642615_at	0.267164	3.357445e-01	6.397211e-01
Hs.514227_at	0.267164	3.357445e-01	6.397211e-01
Hs.309489_at	0.267164	3.357445e-01	6.397211e-01
Hs.4096_at	-0.267164	3.357445e-01	6.397211e-01
Hs.28673_at	0.267164	3.357445e-01	6.397211e-01
Hs.584747_at	0.267164	3.357445e-01	6.397211e-01
Hs.7235_at	0.267164	3.357445e-01	6.397211e-01
Hs.632164_at	0.267164	3.357445e-01	6.397211e-01
Hs.23642_at	-0.267164	3.357445e-01	6.397211e-01
Hs.147369_at	0.267164	3.357445e-01	6.397211e-01
Hs.146806_at	0.267164	3.357445e-01	6.397211e-01
Hs.317340_at	-0.267164	3.357445e-01	6.397211e-01
Hs.591696_at	0.267164	3.357445e-01	6.397211e-01
Hs.478936_at	-0.267164	3.357445e-01	6.397211e-01
Hs.591790_at	0.267164	3.357445e-01	6.397211e-01
Hs.420529_at	-0.267164	3.357445e-01	6.397211e-01
Hs.323342_at	0.267164	3.357445e-01	6.397211e-01
Hs.613498_at	-0.267164	3.357445e-01	6.397211e-01
Hs.411391+_at	0.267164	3.357445e-01	6.397211e-01
Hs.592322_at	-0.267164	3.357445e-01	6.397211e-01
Hs.407860_at	-0.267164	3.357445e-01	6.397211e-01
Hs.506852_at	-0.267164	3.357445e-01	6.397211e-01
Hs.534808_at	0.267164	3.357445e-01	6.397211e-01
Hs.535012_at	0.267164	3.357445e-01	6.397211e-01
Hs.535040_at	-0.267164	3.357445e-01	6.397211e-01
Hs.513075_at	0.267164	3.357445e-01	6.397211e-01
Hs.325531_at	-0.267164	3.357445e-01	6.397211e-01
Hs.369670_at	0.267164	3.357445e-01	6.397211e-01
Hs.602105+_at	0.267164	3.357445e-01	6.397211e-01
Hs.130767_at	0.267164	3.357445e-01	6.397211e-01
Hs.200596_at	-0.267164	3.357445e-01	6.397211e-01
Hs.460336_at	0.267164	3.357445e-01	6.397211e-01
Hs.517557_at	0.267164	3.357445e-01	6.397211e-01
Hs.432726_at	-0.267164	3.357445e-01	6.397211e-01
Hs.591580_at	0.267164	3.357445e-01	6.397211e-01
Hs.649382_at	-0.267164	3.357445e-01	6.397211e-01
Hs.170310_at	-0.267164	3.357445e-01	6.397211e-01
Hs.379186_at	-0.267164	3.357445e-01	6.397211e-01
Hs.12813_at	0.267164	3.357445e-01	6.397211e-01
Hs.633113_at	0.267164	3.357445e-01	6.397211e-01
Hs.481836_at	0.267164	3.357445e-01	6.397211e-01
Hs.512773_at	0.267164	3.357445e-01	6.397211e-01
Hs.86970_at	-0.267164	3.357445e-01	6.397211e-01
Hs.350209_at	0.267164	3.357445e-01	6.397211e-01
Hs.124010_at	0.267164	3.357445e-01	6.397211e-01
Hs.61188_at	-0.267164	3.357445e-01	6.397211e-01
Hs.132237_at	-0.267164	3.357445e-01	6.397211e-01
Hs.534485_at	0.267164	3.357445e-01	6.397211e-01
Hs.609681_at	-0.267164	3.357445e-01	6.397211e-01
Hs.509966_at	0.267164	3.357445e-01	6.397211e-01
Hs.651126_at	0.267164	3.357445e-01	6.397211e-01
Hs.436625_at	0.267164	3.357445e-01	6.397211e-01
Hs.387671_at	0.267164	3.357445e-01	6.397211e-01
Hs.595538_at	-0.267164	3.357445e-01	6.397211e-01
Hs.631730_at	0.267164	3.357445e-01	6.397211e-01
Hs.596475+_at	0.267164	3.357445e-01	6.397211e-01
Hs.7835_at	0.267164	3.357445e-01	6.397211e-01
Hs.652344_at	-0.267164	3.357445e-01	6.397211e-01
Hs.148845_at	-0.267164	3.357445e-01	6.397211e-01
Hs.166348_at	0.267164	3.357445e-01	6.397211e-01
Hs.136829_at	-0.267164	3.357445e-01	6.397211e-01
Hs.274586_at	0.267164	3.357445e-01	6.397211e-01
Hs.525550_at	0.267164	3.357445e-01	6.397211e-01
Hs.495219_at	0.267164	3.357445e-01	6.397211e-01
Hs.167679_at	0.267164	3.357445e-01	6.397211e-01
Hs.645382_at	0.263553	3.425632e-01	6.447587e-01
Hs.101337_at	0.263553	3.425632e-01	6.447587e-01
Hs.193226_at	-0.263553	3.425632e-01	6.447587e-01
Hs.549963_at	-0.263553	3.425632e-01	6.447587e-01
Hs.1027_at	0.263553	3.425632e-01	6.447587e-01
Hs.434481_at	0.263553	3.425632e-01	6.447587e-01
Hs.631656_at	-0.263553	3.425632e-01	6.447587e-01
Hs.435458_at	-0.263553	3.425632e-01	6.447587e-01
Hs.652301_at	0.263553	3.425632e-01	6.447587e-01
Hs.438102_at	0.263553	3.425632e-01	6.447587e-01
Hs.595196_at	0.263553	3.425632e-01	6.447587e-01
Hs.412468_at	-0.263553	3.425632e-01	6.447587e-01
Hs.472225_at	0.263553	3.425632e-01	6.447587e-01
Hs.259559_at	0.263553	3.425632e-01	6.447587e-01
Hs.631919_at	0.263553	3.425632e-01	6.447587e-01
Hs.136857_at	-0.263553	3.425632e-01	6.447587e-01
Hs.121735_at	0.263553	3.425632e-01	6.447587e-01
Hs.591936_at	0.263553	3.425632e-01	6.447587e-01
Hs.75431_at	0.263553	3.425632e-01	6.447587e-01
Hs.331147_at	0.263553	3.425632e-01	6.447587e-01
Hs.591870_at	0.263553	3.425632e-01	6.447587e-01
Hs.522684_at	-0.263553	3.425632e-01	6.447587e-01
Hs.522543_at	0.263553	3.425632e-01	6.447587e-01
Hs.521934_at	-0.263553	3.425632e-01	6.447587e-01
Hs.631727_at	-0.263553	3.425632e-01	6.447587e-01
Hs.523442_at	-0.263553	3.425632e-01	6.447587e-01
Hs.104777_at	0.263553	3.425632e-01	6.447587e-01
Hs.283749_at	-0.263553	3.425632e-01	6.447587e-01
Hs.644380_at	-0.263553	3.425632e-01	6.447587e-01
Hs.3781_at	-0.263553	3.425632e-01	6.447587e-01
Hs.500724_at	0.263553	3.425632e-01	6.447587e-01
Hs.629380_at	0.263553	3.425632e-01	6.447587e-01
Hs.628968_at	-0.263553	3.425632e-01	6.447587e-01
Hs.525348_at	-0.263553	3.425632e-01	6.447587e-01
Hs.19413_at	-0.263553	3.425632e-01	6.447587e-01
Hs.495230_at	0.263553	3.425632e-01	6.447587e-01
Hs.6191_at	0.263553	3.425632e-01	6.447587e-01
Hs.516707_at	0.263553	3.425632e-01	6.447587e-01
Hs.93670_at	0.263553	3.425632e-01	6.447587e-01
Hs.621002_at	0.263553	3.425632e-01	6.447587e-01
Hs.649593_at	0.263553	3.425632e-01	6.447587e-01
Hs.468972_at	0.263553	3.425632e-01	6.447587e-01
Hs.567774_at	0.263553	3.425632e-01	6.447587e-01
Hs.594790+_at	0.263553	3.425632e-01	6.447587e-01
Hs.194864_at	0.263553	3.425632e-01	6.447587e-01
Hs.174746_at	-0.263553	3.425632e-01	6.447587e-01
Hs.131433_at	0.263553	3.425632e-01	6.447587e-01
Hs.554831_at	0.263553	3.425632e-01	6.447587e-01
Hs.184339_at	-0.263553	3.425632e-01	6.447587e-01
Hs.517517_at	0.263553	3.425632e-01	6.447587e-01
Hs.619638_at	-0.263553	3.425632e-01	6.447587e-01
Hs.123036_at	0.263553	3.425632e-01	6.447587e-01
Hs.60640_at	0.263553	3.425632e-01	6.447587e-01
Hs.223837_at	-0.263553	3.425632e-01	6.447587e-01
Hs.347537_at	0.263553	3.425632e-01	6.447587e-01
Hs.369091_at	-0.263553	3.425632e-01	6.447587e-01
Hs.369488_at	-0.263553	3.425632e-01	6.447587e-01
Hs.439998_at	0.263553	3.425632e-01	6.447587e-01
Hs.651493_at	0.263553	3.425632e-01	6.447587e-01
Hs.466436_at	-0.263553	3.425632e-01	6.447587e-01
Hs.34494_at	0.263553	3.425632e-01	6.447587e-01
Hs.444225_at	0.263553	3.425632e-01	6.447587e-01
Hs.350800_at	0.263553	3.425632e-01	6.447587e-01
Hs.156055_at	0.263553	3.425632e-01	6.447587e-01
Hs.171244_at	0.263553	3.425632e-01	6.447587e-01
Hs.560315_at	0.263553	3.425632e-01	6.447587e-01
Hs.445890_at	-0.263553	3.425632e-01	6.447587e-01
Hs.486285_at	-0.263553	3.425632e-01	6.447587e-01
Hs.61268_at	-0.263553	3.425632e-01	6.447587e-01
Hs.591787_at	0.263553	3.425632e-01	6.447587e-01
Hs.49787_at	-0.263553	3.425632e-01	6.447587e-01
Hs.486401_at	-0.263553	3.425632e-01	6.447587e-01
Hs.368157_at	0.263553	3.425632e-01	6.447587e-01
Hs.440932_at	0.263553	3.425632e-01	6.447587e-01
Hs.650225_at	0.263553	3.425632e-01	6.447587e-01
Hs.571720_at	0.263553	3.425632e-01	6.447587e-01
Hs.97501_at	0.263553	3.425632e-01	6.447587e-01
Hs.518099_at	-0.263553	3.425632e-01	6.447587e-01
Hs.474436_at	0.263553	3.425632e-01	6.447587e-01
Hs.591532_at	0.263553	3.425632e-01	6.447587e-01
Hs.374093_at	0.263553	3.425632e-01	6.447587e-01
Hs.374191_at	0.263553	3.425632e-01	6.447587e-01
Hs.568628_at	0.263553	3.425632e-01	6.447587e-01
Hs.651215_at	-0.263553	3.425632e-01	6.447587e-01
Hs.504317_at	-0.263553	3.425632e-01	6.447587e-01
Hs.591482_at	0.263553	3.425632e-01	6.447587e-01
Hs.518602_at	0.263553	3.425632e-01	6.447587e-01
Hs.109752_at	-0.263553	3.425632e-01	6.447587e-01
Hs.623923+_at	-0.263553	3.425632e-01	6.447587e-01
Hs.278694_at	0.263553	3.425632e-01	6.447587e-01
Hs.124597_at	0.263553	3.425632e-01	6.447587e-01
Hs.506504_at	-0.263553	3.425632e-01	6.447587e-01
Hs.508201_at	0.263553	3.425632e-01	6.447587e-01
Hs.351906_at	0.263553	3.425632e-01	6.447587e-01
Hs.180374_at	0.263553	3.425632e-01	6.447587e-01
Hs.621450_at	0.263553	3.425632e-01	6.447587e-01
Hs.288761_at	0.263553	3.425632e-01	6.447587e-01
Hs.112621_at	0.263553	3.425632e-01	6.447587e-01
Hs.621232_at	0.263553	3.425632e-01	6.447587e-01
Hs.169979_at	-0.263553	3.425632e-01	6.447587e-01
Hs.72981_at	0.263553	3.425632e-01	6.447587e-01
Hs.444915_at	0.263553	3.425632e-01	6.447587e-01
Hs.585042_at	0.263553	3.425632e-01	6.447587e-01
Hs.42239_at	0.263553	3.425632e-01	6.447587e-01
Hs.502458_at	0.263553	3.425632e-01	6.447587e-01
Hs.201939_at	-0.263553	3.425632e-01	6.447587e-01
Hs.54483_at	-0.263553	3.425632e-01	6.447587e-01
Hs.601151_at	0.263553	3.425632e-01	6.447587e-01
Hs.421391_at	0.263553	3.425632e-01	6.447587e-01
Hs.648459_at	0.263553	3.425632e-01	6.447587e-01
Hs.651193_at	0.263553	3.425632e-01	6.447587e-01
Hs.504877_at	-0.263553	3.425632e-01	6.447587e-01
Hs.569122_at	0.263553	3.425632e-01	6.447587e-01
Hs.211267_at	0.263553	3.425632e-01	6.447587e-01
Hs.35300_at	0.263553	3.425632e-01	6.447587e-01
Hs.356820_at	0.263553	3.425632e-01	6.447587e-01
Hs.243678_at	0.263553	3.425632e-01	6.447587e-01
Hs.241564_at	0.263553	3.425632e-01	6.447587e-01
Hs.515687_at	0.263553	3.425632e-01	6.447587e-01
Hs.435988_at	0.263553	3.425632e-01	6.447587e-01
Hs.380346_at	0.263553	3.425632e-01	6.447587e-01
Hs.396178_at	0.263553	3.425632e-01	6.447587e-01
Hs.256398_at	0.263553	3.425632e-01	6.447587e-01
Hs.652219_at	0.263553	3.425632e-01	6.447587e-01
Hs.436493_at	0.263553	3.425632e-01	6.447587e-01
Hs.533551_at	0.263553	3.425632e-01	6.447587e-01
Hs.652435_at	-0.263553	3.425632e-01	6.447587e-01
Hs.414099_at	0.263553	3.425632e-01	6.447587e-01
Hs.652313_at	-0.263553	3.425632e-01	6.447587e-01
Hs.573792_at	0.263553	3.425632e-01	6.447587e-01
Hs.474069_at	0.259943	3.494590e-01	6.503002e-01
Hs.434924_at	-0.259943	3.494590e-01	6.503002e-01
Hs.652284_at	0.259943	3.494590e-01	6.503002e-01
Hs.386748_at	-0.259943	3.494590e-01	6.503002e-01
Hs.386989_at	-0.259943	3.494590e-01	6.503002e-01
Hs.495229_at	0.259943	3.494590e-01	6.503002e-01
Hs.306814_at	0.259943	3.494590e-01	6.503002e-01
Hs.515858_at	0.259943	3.494590e-01	6.503002e-01
Hs.515417_at	0.259943	3.494590e-01	6.503002e-01
Hs.16362_at	0.259943	3.494590e-01	6.503002e-01
Hs.556006_at	0.259943	3.494590e-01	6.503002e-01
Hs.647063_at	0.259943	3.494590e-01	6.503002e-01
Hs.157697_at	0.259943	3.494590e-01	6.503002e-01
Hs.182014_at	-0.259943	3.494590e-01	6.503002e-01
Hs.407654_at	0.259943	3.494590e-01	6.503002e-01
Hs.515469_at	0.259943	3.494590e-01	6.503002e-01
Hs.470399_at	0.259943	3.494590e-01	6.503002e-01
Hs.592245_at	0.259943	3.494590e-01	6.503002e-01
Hs.603000_at	-0.259943	3.494590e-01	6.503002e-01
Hs.370703_at	-0.259943	3.494590e-01	6.503002e-01
Hs.546439_at	0.259943	3.494590e-01	6.503002e-01
Hs.517422_at	-0.259943	3.494590e-01	6.503002e-01
Hs.409982_at	0.259943	3.494590e-01	6.503002e-01
Hs.310458_at	-0.259943	3.494590e-01	6.503002e-01
Hs.632702_at	0.259943	3.494590e-01	6.503002e-01
Hs.531418_at	0.259943	3.494590e-01	6.503002e-01
Hs.118354_at	0.259943	3.494590e-01	6.503002e-01
Hs.621423_at	0.259943	3.494590e-01	6.503002e-01
Hs.632317_at	-0.259943	3.494590e-01	6.503002e-01
Hs.605609_at	0.259943	3.494590e-01	6.503002e-01
Hs.84753_at	0.259943	3.494590e-01	6.503002e-01
Hs.485527_at	-0.259943	3.494590e-01	6.503002e-01
Hs.434247_at	0.259943	3.494590e-01	6.503002e-01
Hs.107922_at	0.259943	3.494590e-01	6.503002e-01
Hs.636868+_at	0.259943	3.494590e-01	6.503002e-01
Hs.65425_at	0.259943	3.494590e-01	6.503002e-01
Hs.439153_at	-0.259943	3.494590e-01	6.503002e-01
Hs.287702_at	0.259943	3.494590e-01	6.503002e-01
Hs.287758_at	0.259943	3.494590e-01	6.503002e-01
Hs.29068_at	-0.259943	3.494590e-01	6.503002e-01
Hs.148716_at	-0.259943	3.494590e-01	6.503002e-01
Hs.284813_at	0.259943	3.494590e-01	6.503002e-01
Hs.368525_at	-0.259943	3.494590e-01	6.503002e-01
Hs.368072_at	0.259943	3.494590e-01	6.503002e-01
Hs.3017_at	0.259943	3.494590e-01	6.503002e-01
Hs.585854_at	0.259943	3.494590e-01	6.503002e-01
Hs.515053_at	0.259943	3.494590e-01	6.503002e-01
Hs.648517_at	0.259943	3.494590e-01	6.503002e-01
Hs.491172_at	-0.259943	3.494590e-01	6.503002e-01
Hs.25022_at	0.259943	3.494590e-01	6.503002e-01
Hs.617978_at	-0.259943	3.494590e-01	6.503002e-01
Hs.301296-_at	0.259943	3.494590e-01	6.503002e-01
Hs.148741_at	-0.259943	3.494590e-01	6.503002e-01
Hs.648941_at	-0.259943	3.494590e-01	6.503002e-01
Hs.179675_at	0.259943	3.494590e-01	6.503002e-01
Hs.534454_at	-0.259943	3.494590e-01	6.503002e-01
Hs.606258_at	0.259943	3.494590e-01	6.503002e-01
Hs.318529_at	0.259943	3.494590e-01	6.503002e-01
Hs.646899_at	0.259943	3.494590e-01	6.503002e-01
Hs.369646_at	0.259943	3.494590e-01	6.503002e-01
Hs.81218_at	-0.259943	3.494590e-01	6.503002e-01
Hs.21816_at	-0.259943	3.494590e-01	6.503002e-01
Hs.634882_at	-0.259943	3.494590e-01	6.503002e-01
Hs.533831_at	0.259943	3.494590e-01	6.503002e-01
Hs.122337_at	0.259943	3.494590e-01	6.503002e-01
Hs.407656_at	0.259943	3.494590e-01	6.503002e-01
Hs.517034_at	0.259943	3.494590e-01	6.503002e-01
Hs.296049_at	0.259943	3.494590e-01	6.503002e-01
Hs.591015_at	-0.259943	3.494590e-01	6.503002e-01
Hs.380222_at	0.259943	3.494590e-01	6.503002e-01
Hs.415299_at	-0.259943	3.494590e-01	6.503002e-01
Hs.529925_at	-0.259943	3.494590e-01	6.503002e-01
Hs.248117_at	0.259943	3.494590e-01	6.503002e-01
Hs.170838_at	0.259943	3.494590e-01	6.503002e-01
Hs.130411_at	0.259943	3.494590e-01	6.503002e-01
Hs.130313_at	-0.259943	3.494590e-01	6.503002e-01
Hs.491646_at	0.259943	3.494590e-01	6.503002e-01
Hs.43834_at	-0.259943	3.494590e-01	6.503002e-01
Hs.128627_at	0.259943	3.494590e-01	6.503002e-01
Hs.43728_at	-0.259943	3.494590e-01	6.503002e-01
Hs.371864_at	0.259943	3.494590e-01	6.503002e-01
Hs.594444_at	0.259943	3.494590e-01	6.503002e-01
Hs.370937_at	0.259943	3.494590e-01	6.503002e-01
Hs.105940_at	-0.259943	3.494590e-01	6.503002e-01
Hs.527936_at	0.259943	3.494590e-01	6.503002e-01
Hs.527876_at	0.259943	3.494590e-01	6.503002e-01
Hs.159799_at	0.259943	3.494590e-01	6.503002e-01
Hs.67928_at	0.259943	3.494590e-01	6.503002e-01
Hs.130171_at	0.259943	3.494590e-01	6.503002e-01
Hs.523414_at	0.259943	3.494590e-01	6.503002e-01
Hs.635054_at	0.259943	3.494590e-01	6.503002e-01
Hs.481852_at	0.259943	3.494590e-01	6.503002e-01
Hs.611026_at	-0.259943	3.494590e-01	6.503002e-01
Hs.444756_at	0.259943	3.494590e-01	6.503002e-01
Hs.591866_at	0.259943	3.494590e-01	6.503002e-01
Hs.224607_at	0.259943	3.494590e-01	6.503002e-01
Hs.647409_at	0.259943	3.494590e-01	6.503002e-01
Hs.558310_at	0.259943	3.494590e-01	6.503002e-01
Hs.75798_at	0.259943	3.494590e-01	6.503002e-01
Hs.608419_at	-0.259943	3.494590e-01	6.503002e-01
Hs.122061_at	-0.259943	3.494590e-01	6.503002e-01
Hs.163244_at	0.259943	3.494590e-01	6.503002e-01
Hs.162989_at	0.259943	3.494590e-01	6.503002e-01
Hs.334176_at	-0.259943	3.494590e-01	6.503002e-01
Hs.333059_at	0.259943	3.494590e-01	6.503002e-01
Hs.332012_at	0.259943	3.494590e-01	6.503002e-01
Hs.337696_at	0.259943	3.494590e-01	6.503002e-01
Hs.128352_at	0.259943	3.494590e-01	6.503002e-01
Hs.496501_at	0.259943	3.494590e-01	6.503002e-01
Hs.1897_at	0.259943	3.494590e-01	6.503002e-01
Hs.521151_at	0.259943	3.494590e-01	6.503002e-01
Hs.167115_at	-0.259943	3.494590e-01	6.503002e-01
Hs.649689-_at	0.259943	3.494590e-01	6.503002e-01
Hs.435342_at	0.259943	3.494590e-01	6.503002e-01
Hs.191540_at	-0.259943	3.494590e-01	6.503002e-01
Hs.160594_at	0.259943	3.494590e-01	6.503002e-01
Hs.1614_at	0.259943	3.494590e-01	6.503002e-01
Hs.579243_at	0.259943	3.494590e-01	6.503002e-01
Hs.156527_at	0.259943	3.494590e-01	6.503002e-01
Hs.454272_at	0.259943	3.494590e-01	6.503002e-01
Hs.580313_at	0.259943	3.494590e-01	6.503002e-01
Hs.494614_at	0.259943	3.494590e-01	6.503002e-01
Hs.98367_at	0.256333	3.564316e-01	6.560394e-01
Hs.136947_at	0.256333	3.564316e-01	6.560394e-01
Hs.472492_at	-0.256333	3.564316e-01	6.560394e-01
Hs.472854_at	-0.256333	3.564316e-01	6.560394e-01
Hs.277349_at	0.256333	3.564316e-01	6.560394e-01
Hs.166463_at	-0.256333	3.564316e-01	6.560394e-01
Hs.348308_at	0.256333	3.564316e-01	6.560394e-01
Hs.271510_at	-0.256333	3.564316e-01	6.560394e-01
Hs.631567_at	-0.256333	3.564316e-01	6.560394e-01
Hs.104894_at	0.256333	3.564316e-01	6.560394e-01
Hs.98259_at	0.256333	3.564316e-01	6.560394e-01
Hs.272813_at	0.256333	3.564316e-01	6.560394e-01
Hs.26225_at	0.256333	3.564316e-01	6.560394e-01
Hs.26331_at	0.256333	3.564316e-01	6.560394e-01
Hs.62946_at	-0.256333	3.564316e-01	6.560394e-01
Hs.98280_at	-0.256333	3.564316e-01	6.560394e-01
Hs.525084_at	0.256333	3.564316e-01	6.560394e-01
Hs.94300_at	-0.256333	3.564316e-01	6.560394e-01
Hs.114084_at	0.256333	3.564316e-01	6.560394e-01
Hs.529385_at	-0.256333	3.564316e-01	6.560394e-01
Hs.555583+_at	0.256333	3.564316e-01	6.560394e-01
Hs.646575_at	0.256333	3.564316e-01	6.560394e-01
Hs.619551_at	-0.256333	3.564316e-01	6.560394e-01
Hs.517008_at	0.256333	3.564316e-01	6.560394e-01
Hs.431043_at	-0.256333	3.564316e-01	6.560394e-01
Hs.406687_at	0.256333	3.564316e-01	6.560394e-01
Hs.646725_at	0.256333	3.564316e-01	6.560394e-01
Hs.126497_at	-0.256333	3.564316e-01	6.560394e-01
Hs.584985_at	0.256333	3.564316e-01	6.560394e-01
Hs.164595_at	-0.256333	3.564316e-01	6.560394e-01
Hs.153648_at	0.256333	3.564316e-01	6.560394e-01
Hs.601402_at	-0.256333	3.564316e-01	6.560394e-01
Hs.502793_at	0.256333	3.564316e-01	6.560394e-01
Hs.20798_at	0.256333	3.564316e-01	6.560394e-01
Hs.368538_at	-0.256333	3.564316e-01	6.560394e-01
Hs.368454_at	0.256333	3.564316e-01	6.560394e-01
Hs.196647_at	0.256333	3.564316e-01	6.560394e-01
Hs.568653_at	0.256333	3.564316e-01	6.560394e-01
Hs.599944_at	-0.256333	3.564316e-01	6.560394e-01
Hs.632345_at	0.256333	3.564316e-01	6.560394e-01
Hs.446427_at	-0.256333	3.564316e-01	6.560394e-01
Hs.153003_at	-0.256333	3.564316e-01	6.560394e-01
Hs.248176_at	0.256333	3.564316e-01	6.560394e-01
Hs.529462_at	0.256333	3.564316e-01	6.560394e-01
Hs.487409_at	0.256333	3.564316e-01	6.560394e-01
Hs.127496_at	-0.256333	3.564316e-01	6.560394e-01
Hs.545401_at	-0.256333	3.564316e-01	6.560394e-01
Hs.140950_at	0.256333	3.564316e-01	6.560394e-01
Hs.555926_at	-0.256333	3.564316e-01	6.560394e-01
Hs.302341_at	0.256333	3.564316e-01	6.560394e-01
Hs.632469_at	0.256333	3.564316e-01	6.560394e-01
Hs.535801_at	0.256333	3.564316e-01	6.560394e-01
Hs.131824_at	0.256333	3.564316e-01	6.560394e-01
Hs.466257_at	0.256333	3.564316e-01	6.560394e-01
Hs.569218_at	0.256333	3.564316e-01	6.560394e-01
Hs.614313_at	0.256333	3.564316e-01	6.560394e-01
Hs.560737_at	-0.256333	3.564316e-01	6.560394e-01
Hs.422336_at	0.256333	3.564316e-01	6.560394e-01
Hs.647962_at	0.256333	3.564316e-01	6.560394e-01
Hs.591106_at	-0.256333	3.564316e-01	6.560394e-01
Hs.306298_at	-0.256333	3.564316e-01	6.560394e-01
Hs.306199_at	0.256333	3.564316e-01	6.560394e-01
Hs.3041_at	0.256333	3.564316e-01	6.560394e-01
Hs.412103_at	-0.256333	3.564316e-01	6.560394e-01
Hs.21422_at	0.256333	3.564316e-01	6.560394e-01
Hs.614008_at	0.256333	3.564316e-01	6.560394e-01
Hs.353022_at	-0.256333	3.564316e-01	6.560394e-01
Hs.637344_at	0.256333	3.564316e-01	6.560394e-01
Hs.281902_at	-0.256333	3.564316e-01	6.560394e-01
Hs.567280_at	0.256333	3.564316e-01	6.560394e-01
Hs.279580_at	-0.256333	3.564316e-01	6.560394e-01
Hs.446680_at	0.256333	3.564316e-01	6.560394e-01
Hs.631858_at	0.256333	3.564316e-01	6.560394e-01
Hs.433750_at	0.256333	3.564316e-01	6.560394e-01
Hs.561841_at	0.256333	3.564316e-01	6.560394e-01
Hs.149133_at	0.256333	3.564316e-01	6.560394e-01
Hs.284255_at	-0.256333	3.564316e-01	6.560394e-01
Hs.284171+_at	0.256333	3.564316e-01	6.560394e-01
Hs.623030_at	-0.256333	3.564316e-01	6.560394e-01
Hs.547366_at	-0.256333	3.564316e-01	6.560394e-01
Hs.643480_at	-0.256333	3.564316e-01	6.560394e-01
Hs.518200_at	-0.256333	3.564316e-01	6.560394e-01
Hs.570765_at	-0.256333	3.564316e-01	6.560394e-01
Hs.513861_at	0.256333	3.564316e-01	6.560394e-01
Hs.513867_at	-0.256333	3.564316e-01	6.560394e-01
Hs.213861_at	0.256333	3.564316e-01	6.560394e-01
Hs.17987_at	-0.256333	3.564316e-01	6.560394e-01
Hs.484741_at	0.256333	3.564316e-01	6.560394e-01
Hs.415576_at	0.256333	3.564316e-01	6.560394e-01
Hs.534412_at	0.256333	3.564316e-01	6.560394e-01
Hs.444488_at	0.256333	3.564316e-01	6.560394e-01
Hs.194329_at	-0.256333	3.564316e-01	6.560394e-01
Hs.491242_at	0.256333	3.564316e-01	6.560394e-01
Hs.491060_at	-0.256333	3.564316e-01	6.560394e-01
Hs.7739_at	0.256333	3.564316e-01	6.560394e-01
Hs.595919_at	0.256333	3.564316e-01	6.560394e-01
Hs.497200_at	-0.256333	3.564316e-01	6.560394e-01
Hs.547696_at	0.256333	3.564316e-01	6.560394e-01
Hs.376194_at	0.256333	3.564316e-01	6.560394e-01
Hs.2795_at	0.256333	3.564316e-01	6.560394e-01
Hs.644652_at	-0.256333	3.564316e-01	6.560394e-01
Hs.332706_at	-0.256333	3.564316e-01	6.560394e-01
Hs.513520_at	0.256333	3.564316e-01	6.560394e-01
Hs.13366_at	-0.256333	3.564316e-01	6.560394e-01
Hs.610318_at	0.256333	3.564316e-01	6.560394e-01
Hs.481133_at	-0.256333	3.564316e-01	6.560394e-01
Hs.533723_at	-0.256333	3.564316e-01	6.560394e-01
Hs.609130_at	0.256333	3.564316e-01	6.560394e-01
Hs.334519_at	0.256333	3.564316e-01	6.560394e-01
Hs.465521_at	0.256333	3.564316e-01	6.560394e-01
Hs.156346_at	-0.256333	3.564316e-01	6.560394e-01
Hs.346575_at	0.256333	3.564316e-01	6.560394e-01
Hs.509414_at	-0.256333	3.564316e-01	6.560394e-01
Hs.143134_at	0.256333	3.564316e-01	6.560394e-01
Hs.651142_at	0.256333	3.564316e-01	6.560394e-01
Hs.99391_at	0.256333	3.564316e-01	6.560394e-01
Hs.469199_at	0.256333	3.564316e-01	6.560394e-01
Hs.550045_at	0.256333	3.564316e-01	6.560394e-01
Hs.387207_at	0.256333	3.564316e-01	6.560394e-01
Hs.375975_at	0.252722	3.634806e-01	6.611343e-01
Hs.496098_at	0.252722	3.634806e-01	6.611343e-01
Hs.631717_at	0.252722	3.634806e-01	6.611343e-01
Hs.631609_at	0.252722	3.634806e-01	6.611343e-01
Hs.385526_at	0.252722	3.634806e-01	6.611343e-01
Hs.129278_at	-0.252722	3.634806e-01	6.611343e-01
Hs.630885_at	0.252722	3.634806e-01	6.611343e-01
Hs.1560_at	-0.252722	3.634806e-01	6.611343e-01
Hs.558009_at	0.252722	3.634806e-01	6.611343e-01
Hs.10094_at	0.252722	3.634806e-01	6.611343e-01
Hs.459855_at	-0.252722	3.634806e-01	6.611343e-01
Hs.551805_at	0.252722	3.634806e-01	6.611343e-01
Hs.129621_at	0.252722	3.634806e-01	6.611343e-01
Hs.610873_at	0.252722	3.634806e-01	6.611343e-01
Hs.316931_at	-0.252722	3.634806e-01	6.611343e-01
Hs.42091_at	0.252722	3.634806e-01	6.611343e-01
Hs.334612_at	-0.252722	3.634806e-01	6.611343e-01
Hs.421474_at	-0.252722	3.634806e-01	6.611343e-01
Hs.337594_at	0.252722	3.634806e-01	6.611343e-01
Hs.534342_at	-0.252722	3.634806e-01	6.611343e-01
Hs.592018_at	0.252722	3.634806e-01	6.611343e-01
Hs.155342_at	-0.252722	3.634806e-01	6.611343e-01
Hs.514685_at	-0.252722	3.634806e-01	6.611343e-01
Hs.482873_at	-0.252722	3.634806e-01	6.611343e-01
Hs.533985_at	0.252722	3.634806e-01	6.611343e-01
Hs.86154_at	0.252722	3.634806e-01	6.611343e-01
Hs.509718_at	-0.252722	3.634806e-01	6.611343e-01
Hs.609755_at	0.252722	3.634806e-01	6.611343e-01
Hs.304192_at	-0.252722	3.634806e-01	6.611343e-01
Hs.12248_at	0.252722	3.634806e-01	6.611343e-01
Hs.86859_at	0.252722	3.634806e-01	6.611343e-01
Hs.116679_at	-0.252722	3.634806e-01	6.611343e-01
Hs.9235_at	0.252722	3.634806e-01	6.611343e-01
Hs.134079_at	-0.252722	3.634806e-01	6.611343e-01
Hs.444449_at	0.252722	3.634806e-01	6.611343e-01
Hs.444301_at	0.252722	3.634806e-01	6.611343e-01
Hs.651160_at	0.252722	3.634806e-01	6.611343e-01
Hs.550924_at	0.252722	3.634806e-01	6.611343e-01
Hs.381373_at	0.252722	3.634806e-01	6.611343e-01
Hs.649876_at	0.252722	3.634806e-01	6.611343e-01
Hs.650432_at	0.252722	3.634806e-01	6.611343e-01
Hs.566933_at	0.252722	3.634806e-01	6.611343e-01
Hs.138860_at	0.252722	3.634806e-01	6.611343e-01
Hs.274407_at	0.252722	3.634806e-01	6.611343e-01
Hs.181097_at	-0.252722	3.634806e-01	6.611343e-01
Hs.157101_at	0.252722	3.634806e-01	6.611343e-01
Hs.218366_at	0.252722	3.634806e-01	6.611343e-01
Hs.515542_at	0.252722	3.634806e-01	6.611343e-01
Hs.303208_at	0.252722	3.634806e-01	6.611343e-01
Hs.300816_at	0.252722	3.634806e-01	6.611343e-01
Hs.632453_at	0.252722	3.634806e-01	6.611343e-01
Hs.301756_at	-0.252722	3.634806e-01	6.611343e-01
Hs.302123_at	0.252722	3.634806e-01	6.611343e-01
Hs.508148_at	-0.252722	3.634806e-01	6.611343e-01
Hs.507076_at	-0.252722	3.634806e-01	6.611343e-01
Hs.618744_at	-0.252722	3.634806e-01	6.611343e-01
Hs.297814_at	0.252722	3.634806e-01	6.611343e-01
Hs.652076_at	0.252722	3.634806e-01	6.611343e-01
Hs.158315_at	-0.252722	3.634806e-01	6.611343e-01
Hs.300887_at	0.252722	3.634806e-01	6.611343e-01
Hs.114412_at	0.252722	3.634806e-01	6.611343e-01
Hs.135406_at	0.252722	3.634806e-01	6.611343e-01
Hs.135052_at	-0.252722	3.634806e-01	6.611343e-01
Hs.504765_at	0.252722	3.634806e-01	6.611343e-01
Hs.355935_at	-0.252722	3.634806e-01	6.611343e-01
Hs.355645_at	0.252722	3.634806e-01	6.611343e-01
Hs.477420_at	0.252722	3.634806e-01	6.611343e-01
Hs.150131_at	0.252722	3.634806e-01	6.611343e-01
Hs.567759_at	-0.252722	3.634806e-01	6.611343e-01
Hs.596374_at	0.252722	3.634806e-01	6.611343e-01
Hs.47382_at	0.252722	3.634806e-01	6.611343e-01
Hs.211575_at	0.252722	3.634806e-01	6.611343e-01
Hs.604338_at	0.252722	3.634806e-01	6.611343e-01
Hs.29344_at	0.252722	3.634806e-01	6.611343e-01
Hs.652273_at	0.252722	3.634806e-01	6.611343e-01
Hs.649383_at	-0.252722	3.634806e-01	6.611343e-01
Hs.82848_at	-0.252722	3.634806e-01	6.611343e-01
Hs.62185_at	-0.252722	3.634806e-01	6.611343e-01
Hs.503074_at	0.252722	3.634806e-01	6.611343e-01
Hs.517792_at	-0.252722	3.634806e-01	6.611343e-01
Hs.568109_at	0.252722	3.634806e-01	6.611343e-01
Hs.43977_at	0.252722	3.634806e-01	6.611343e-01
Hs.406549_at	-0.252722	3.634806e-01	6.611343e-01
Hs.519601_at	0.252722	3.634806e-01	6.611343e-01
Hs.112158_at	0.252722	3.634806e-01	6.611343e-01
Hs.460459_at	0.252722	3.634806e-01	6.611343e-01
Hs.584788_at	-0.252722	3.634806e-01	6.611343e-01
Hs.370100_at	-0.252722	3.634806e-01	6.611343e-01
Hs.501289_at	0.252722	3.634806e-01	6.611343e-01
Hs.500916_at	0.252722	3.634806e-01	6.611343e-01
Hs.593614_at	0.252722	3.634806e-01	6.611343e-01
Hs.528305_at	-0.252722	3.634806e-01	6.611343e-01
Hs.528157_at	0.252722	3.634806e-01	6.611343e-01
Hs.9701_at	0.252722	3.634806e-01	6.611343e-01
Hs.527883-_at	0.252722	3.634806e-01	6.611343e-01
Hs.563551_at	0.252722	3.634806e-01	6.611343e-01
Hs.399779_at	0.252722	3.634806e-01	6.611343e-01
Hs.580782_at	-0.252722	3.634806e-01	6.611343e-01
Hs.198269_at	-0.252722	3.634806e-01	6.611343e-01
Hs.489284_at	-0.252722	3.634806e-01	6.611343e-01
Hs.489354_at	0.252722	3.634806e-01	6.611343e-01
Hs.77741_at	0.252722	3.634806e-01	6.611343e-01
Hs.488237_at	-0.252722	3.634806e-01	6.611343e-01
Hs.187636_at	-0.252722	3.634806e-01	6.611343e-01
Hs.519694_at	0.252722	3.634806e-01	6.611343e-01
Hs.630102_at	-0.252722	3.634806e-01	6.611343e-01
Hs.630225_at	0.252722	3.634806e-01	6.611343e-01
Hs.435661_at	-0.252722	3.634806e-01	6.611343e-01
Hs.197043_at	-0.252722	3.634806e-01	6.611343e-01
Hs.198301_at	0.252722	3.634806e-01	6.611343e-01
Hs.568155_at	0.252722	3.634806e-01	6.611343e-01
Hs.371416_at	0.252722	3.634806e-01	6.611343e-01
Hs.643467_at	-0.252722	3.634806e-01	6.611343e-01
Hs.109672_at	0.252722	3.634806e-01	6.611343e-01
Hs.4930_at	0.252722	3.634806e-01	6.611343e-01
Hs.646408_at	-0.252722	3.634806e-01	6.611343e-01
Hs.591192_at	0.252722	3.634806e-01	6.611343e-01
Hs.66542_at	0.252722	3.634806e-01	6.611343e-01
Hs.497636_at	0.252722	3.634806e-01	6.611343e-01
Hs.377992_at	0.252722	3.634806e-01	6.611343e-01
Hs.591792_at	0.252722	3.634806e-01	6.611343e-01
Hs.647842_at	0.252722	3.634806e-01	6.611343e-01
Hs.610328_at	-0.252722	3.634806e-01	6.611343e-01
Hs.436055_at	0.252722	3.634806e-01	6.611343e-01
Hs.614039_at	0.252722	3.634806e-01	6.611343e-01
Hs.30792_at	-0.252722	3.634806e-01	6.611343e-01
Hs.308171_at	0.252722	3.634806e-01	6.611343e-01
Hs.436556_at	0.252722	3.634806e-01	6.611343e-01
Hs.631621_at	0.252722	3.634806e-01	6.611343e-01
Hs.269592_at	0.252722	3.634806e-01	6.611343e-01
Hs.376505_at	0.249112	3.706056e-01	6.670835e-01
Hs.89640_at	0.249112	3.706056e-01	6.670835e-01
Hs.533013_at	0.249112	3.706056e-01	6.670835e-01
Hs.300834_at	0.249112	3.706056e-01	6.670835e-01
Hs.632356_at	0.249112	3.706056e-01	6.670835e-01
Hs.513885_at	-0.249112	3.706056e-01	6.670835e-01
Hs.321709_at	-0.249112	3.706056e-01	6.670835e-01
Hs.119177_at	0.249112	3.706056e-01	6.670835e-01
Hs.155915_at	0.249112	3.706056e-01	6.670835e-01
Hs.492974_at	0.249112	3.706056e-01	6.670835e-01
Hs.268785_at	-0.249112	3.706056e-01	6.670835e-01
Hs.492859_at	0.249112	3.706056e-01	6.670835e-01
Hs.388810_at	0.249112	3.706056e-01	6.670835e-01
Hs.525157_at	-0.249112	3.706056e-01	6.670835e-01
Hs.272795_at	0.249112	3.706056e-01	6.670835e-01
Hs.512599_at	0.249112	3.706056e-01	6.670835e-01
Hs.209979_at	0.249112	3.706056e-01	6.670835e-01
Hs.507755_at	0.249112	3.706056e-01	6.670835e-01
Hs.504597_at	-0.249112	3.706056e-01	6.670835e-01
Hs.216623_at	0.249112	3.706056e-01	6.670835e-01
Hs.507971_at	-0.249112	3.706056e-01	6.670835e-01
Hs.114198_at	-0.249112	3.706056e-01	6.670835e-01
Hs.248140_at	0.249112	3.706056e-01	6.670835e-01
Hs.435629_at	-0.249112	3.706056e-01	6.670835e-01
Hs.472497_at	0.249112	3.706056e-01	6.670835e-01
Hs.651698_at	-0.249112	3.706056e-01	6.670835e-01
Hs.649054-_at	0.249112	3.706056e-01	6.670835e-01
Hs.647093_at	0.249112	3.706056e-01	6.670835e-01
Hs.649908_at	-0.249112	3.706056e-01	6.670835e-01
Hs.529464_at	-0.249112	3.706056e-01	6.670835e-01
Hs.432755_at	0.249112	3.706056e-01	6.670835e-01
Hs.461988_at	0.249112	3.706056e-01	6.670835e-01
Hs.508423_at	-0.249112	3.706056e-01	6.670835e-01
Hs.50868_at	0.249112	3.706056e-01	6.670835e-01
Hs.506659_at	0.249112	3.706056e-01	6.670835e-01
Hs.406223_at	0.249112	3.706056e-01	6.670835e-01
Hs.651414_at	0.249112	3.706056e-01	6.670835e-01
Hs.536490_at	-0.249112	3.706056e-01	6.670835e-01
Hs.293689_at	-0.249112	3.706056e-01	6.670835e-01
Hs.584811_at	0.249112	3.706056e-01	6.670835e-01
Hs.532265_at	-0.249112	3.706056e-01	6.670835e-01
Hs.591768_at	-0.249112	3.706056e-01	6.670835e-01
Hs.559708_at	0.249112	3.706056e-01	6.670835e-01
Hs.513987_at	-0.249112	3.706056e-01	6.670835e-01
Hs.434622_at	-0.249112	3.706056e-01	6.670835e-01
Hs.624077_at	0.249112	3.706056e-01	6.670835e-01
Hs.567752_at	0.249112	3.706056e-01	6.670835e-01
Hs.374097_at	-0.249112	3.706056e-01	6.670835e-01
Hs.372640_at	0.249112	3.706056e-01	6.670835e-01
Hs.465607_at	0.249112	3.706056e-01	6.670835e-01
Hs.613950_at	-0.249112	3.706056e-01	6.670835e-01
Hs.591031_at	0.249112	3.706056e-01	6.670835e-01
Hs.128828_at	0.249112	3.706056e-01	6.670835e-01
Hs.585536_at	0.249112	3.706056e-01	6.670835e-01
Hs.502306_at	0.249112	3.706056e-01	6.670835e-01
Hs.368639_at	0.249112	3.706056e-01	6.670835e-01
Hs.83286_at	-0.249112	3.706056e-01	6.670835e-01
Hs.406741_at	-0.249112	3.706056e-01	6.670835e-01
Hs.586513_at	0.249112	3.706056e-01	6.670835e-01
Hs.926_at	-0.249112	3.706056e-01	6.670835e-01
Hs.515487_at	0.249112	3.706056e-01	6.670835e-01
Hs.531701_at	-0.249112	3.706056e-01	6.670835e-01
Hs.560957_at	-0.249112	3.706056e-01	6.670835e-01
Hs.559587_at	0.249112	3.706056e-01	6.670835e-01
Hs.478407_at	-0.249112	3.706056e-01	6.670835e-01
Hs.158497_at	0.249112	3.706056e-01	6.670835e-01
Hs.592145_at	0.249112	3.706056e-01	6.670835e-01
Hs.345700_at	0.249112	3.706056e-01	6.670835e-01
Hs.607775_at	-0.249112	3.706056e-01	6.670835e-01
Hs.34780_at	0.249112	3.706056e-01	6.670835e-01
Hs.22488_at	0.249112	3.706056e-01	6.670835e-01
Hs.370111_at	0.249112	3.706056e-01	6.670835e-01
Hs.601168+_at	-0.249112	3.706056e-01	6.670835e-01
Hs.203637_at	-0.249112	3.706056e-01	6.670835e-01
Hs.440219_at	0.249112	3.706056e-01	6.670835e-01
Hs.591799_at	0.249112	3.706056e-01	6.670835e-01
Hs.648338_at	-0.249112	3.706056e-01	6.670835e-01
Hs.591708_at	0.249112	3.706056e-01	6.670835e-01
Hs.87306_at	0.249112	3.706056e-01	6.670835e-01
Hs.475074_at	-0.249112	3.706056e-01	6.670835e-01
Hs.108957_at	-0.249112	3.706056e-01	6.670835e-01
Hs.389103_at	0.249112	3.706056e-01	6.670835e-01
Hs.567421_at	0.249112	3.706056e-01	6.670835e-01
Hs.482521_at	0.249112	3.706056e-01	6.670835e-01
Hs.557425_at	0.249112	3.706056e-01	6.670835e-01
Hs.74564_at	-0.249112	3.706056e-01	6.670835e-01
Hs.371078_at	-0.249112	3.706056e-01	6.670835e-01
Hs.563509_at	0.249112	3.706056e-01	6.670835e-01
Hs.97313_at	-0.249112	3.706056e-01	6.670835e-01
Hs.592422_at	-0.249112	3.706056e-01	6.670835e-01
Hs.490273_at	0.249112	3.706056e-01	6.670835e-01
Hs.4_at	0.249112	3.706056e-01	6.670835e-01
Hs.307924_at	-0.249112	3.706056e-01	6.670835e-01
Hs.436061_at	0.249112	3.706056e-01	6.670835e-01
Hs.491234_at	0.249112	3.706056e-01	6.670835e-01
Hs.198760_at	-0.249112	3.706056e-01	6.670835e-01
Hs.644100_at	0.249112	3.706056e-01	6.670835e-01
Hs.522863_at	-0.249112	3.706056e-01	6.670835e-01
Hs.524750_at	0.249112	3.706056e-01	6.670835e-01
Hs.174934_at	0.249112	3.706056e-01	6.670835e-01
Hs.129955_at	0.249112	3.706056e-01	6.670835e-01
Hs.269254_at	-0.249112	3.706056e-01	6.670835e-01
Hs.547695_at	0.249112	3.706056e-01	6.670835e-01
Hs.584797_at	0.249112	3.706056e-01	6.670835e-01
Hs.521926_at	0.249112	3.706056e-01	6.670835e-01
Hs.437599_at	-0.249112	3.706056e-01	6.670835e-01
Hs.130212_at	0.249112	3.706056e-01	6.670835e-01
Hs.283127_at	-0.249112	3.706056e-01	6.670835e-01
Hs.96885_at	0.249112	3.706056e-01	6.670835e-01
Hs.560324_at	0.249112	3.706056e-01	6.670835e-01
Hs.469030_at	-0.249112	3.706056e-01	6.670835e-01
Hs.431045_at	-0.249112	3.706056e-01	6.670835e-01
Hs.155775_at	-0.249112	3.706056e-01	6.670835e-01
Hs.459211_at	0.249112	3.706056e-01	6.670835e-01
Hs.459391_at	-0.249112	3.706056e-01	6.670835e-01
Hs.451636_at	0.249112	3.706056e-01	6.670835e-01
Hs.204475_at	-0.245502	3.778062e-01	6.737023e-01
Hs.348350_at	-0.245502	3.778062e-01	6.737023e-01
Hs.262960_at	0.245502	3.778062e-01	6.737023e-01
Hs.549171_at	-0.245502	3.778062e-01	6.737023e-01
Hs.175043_at	0.245502	3.778062e-01	6.737023e-01
Hs.495961_at	-0.245502	3.778062e-01	6.737023e-01
Hs.547712_at	0.245502	3.778062e-01	6.737023e-01
Hs.458292_at	0.245502	3.778062e-01	6.737023e-01
Hs.268668_at	0.245502	3.778062e-01	6.737023e-01
Hs.524039_at	0.245502	3.778062e-01	6.737023e-01
Hs.500156_at	0.245502	3.778062e-01	6.737023e-01
Hs.188781_at	-0.245502	3.778062e-01	6.737023e-01
Hs.436448_at	0.245502	3.778062e-01	6.737023e-01
Hs.389104_at	0.245502	3.778062e-01	6.737023e-01
Hs.390623_at	-0.245502	3.778062e-01	6.737023e-01
Hs.610162_at	0.245502	3.778062e-01	6.737023e-01
Hs.135282_at	0.245502	3.778062e-01	6.737023e-01
Hs.157872_at	-0.245502	3.778062e-01	6.737023e-01
Hs.587148_at	0.245502	3.778062e-01	6.737023e-01
Hs.380094_at	0.245502	3.778062e-01	6.737023e-01
Hs.596803_at	-0.245502	3.778062e-01	6.737023e-01
Hs.503500_at	-0.245502	3.778062e-01	6.737023e-01
Hs.516777_at	0.245502	3.778062e-01	6.737023e-01
Hs.529542_at	0.245502	3.778062e-01	6.737023e-01
Hs.372939_at	-0.245502	3.778062e-01	6.737023e-01
Hs.321359_at	0.245502	3.778062e-01	6.737023e-01
Hs.652388_at	-0.245502	3.778062e-01	6.737023e-01
Hs.62492_at	0.245502	3.778062e-01	6.737023e-01
Hs.319171_at	-0.245502	3.778062e-01	6.737023e-01
Hs.189780_at	0.245502	3.778062e-01	6.737023e-01
Hs.646389_at	-0.245502	3.778062e-01	6.737023e-01
Hs.232021_at	-0.245502	3.778062e-01	6.737023e-01
Hs.652525_at	0.245502	3.778062e-01	6.737023e-01
Hs.315230_at	0.245502	3.778062e-01	6.737023e-01
Hs.521083_at	0.245502	3.778062e-01	6.737023e-01
Hs.436178_at	0.245502	3.778062e-01	6.737023e-01
Hs.121549_at	0.245502	3.778062e-01	6.737023e-01
Hs.546449_at	-0.245502	3.778062e-01	6.737023e-01
Hs.187884_at	-0.245502	3.778062e-01	6.737023e-01
Hs.444106_at	0.245502	3.778062e-01	6.737023e-01
Hs.607412_at	0.245502	3.778062e-01	6.737023e-01
Hs.644967-_at	0.245502	3.778062e-01	6.737023e-01
Hs.649844_at	0.245502	3.778062e-01	6.737023e-01
Hs.562320_at	0.245502	3.778062e-01	6.737023e-01
Hs.561993_at	0.245502	3.778062e-01	6.737023e-01
Hs.564235_at	0.245502	3.778062e-01	6.737023e-01
Hs.371013_at	0.245502	3.778062e-01	6.737023e-01
Hs.647116_at	0.245502	3.778062e-01	6.737023e-01
Hs.85603_at	-0.245502	3.778062e-01	6.737023e-01
Hs.112794_at	0.245502	3.778062e-01	6.737023e-01
Hs.501991_at	-0.245502	3.778062e-01	6.737023e-01
Hs.514662_at	0.245502	3.778062e-01	6.737023e-01
Hs.514718_at	0.245502	3.778062e-01	6.737023e-01
Hs.396494_at	-0.245502	3.778062e-01	6.737023e-01
Hs.187667_at	-0.245502	3.778062e-01	6.737023e-01
Hs.165619_at	0.245502	3.778062e-01	6.737023e-01
Hs.135087_at	-0.245502	3.778062e-01	6.737023e-01
Hs.647079_at	-0.245502	3.778062e-01	6.737023e-01
Hs.485528_at	-0.245502	3.778062e-01	6.737023e-01
Hs.651728_at	-0.245502	3.778062e-01	6.737023e-01
Hs.517145_at	-0.245502	3.778062e-01	6.737023e-01
Hs.161985_at	0.245502	3.778062e-01	6.737023e-01
Hs.604272_at	-0.245502	3.778062e-01	6.737023e-01
Hs.632218_at	0.245502	3.778062e-01	6.737023e-01
Hs.517969_at	-0.245502	3.778062e-01	6.737023e-01
Hs.461655_at	-0.245502	3.778062e-01	6.737023e-01
Hs.508284_at	0.245502	3.778062e-01	6.737023e-01
Hs.567563_at	0.245502	3.778062e-01	6.737023e-01
Hs.516160_at	0.245502	3.778062e-01	6.737023e-01
Hs.442344_at	0.245502	3.778062e-01	6.737023e-01
Hs.247824_at	-0.245502	3.778062e-01	6.737023e-01
Hs.617629_at	-0.245502	3.778062e-01	6.737023e-01
Hs.607144_at	0.245502	3.778062e-01	6.737023e-01
Hs.369017_at	0.245502	3.778062e-01	6.737023e-01
Hs.584851_at	-0.245502	3.778062e-01	6.737023e-01
Hs.407015_at	0.245502	3.778062e-01	6.737023e-01
Hs.605969+_at	0.245502	3.778062e-01	6.737023e-01
Hs.83577_at	0.245502	3.778062e-01	6.737023e-01
Hs.449627_at	0.245502	3.778062e-01	6.737023e-01
Hs.134209_at	-0.245502	3.778062e-01	6.737023e-01
Hs.44690_at	-0.245502	3.778062e-01	6.737023e-01
Hs.515966+_at	0.245502	3.778062e-01	6.737023e-01
Hs.533526_at	-0.245502	3.778062e-01	6.737023e-01
Hs.189823_at	-0.245502	3.778062e-01	6.737023e-01
Hs.128427_at	0.245502	3.778062e-01	6.737023e-01
Hs.12292_at	0.245502	3.778062e-01	6.737023e-01
Hs.534453_at	-0.245502	3.778062e-01	6.737023e-01
Hs.75812_at	-0.245502	3.778062e-01	6.737023e-01
Hs.511768_at	-0.245502	3.778062e-01	6.737023e-01
Hs.47517_at	0.245502	3.778062e-01	6.737023e-01
Hs.440291_at	0.245502	3.778062e-01	6.737023e-01
Hs.592282_at	0.245502	3.778062e-01	6.737023e-01
Hs.332156_at	0.245502	3.778062e-01	6.737023e-01
Hs.651274_at	-0.245502	3.778062e-01	6.737023e-01
Hs.231897_at	0.245502	3.778062e-01	6.737023e-01
Hs.590890_at	-0.245502	3.778062e-01	6.737023e-01
Hs.493655_at	0.245502	3.778062e-01	6.737023e-01
Hs.375439_at	0.245502	3.778062e-01	6.737023e-01
Hs.375809_at	0.245502	3.778062e-01	6.737023e-01
Hs.597918_at	0.245502	3.778062e-01	6.737023e-01
Hs.597943_at	-0.245502	3.778062e-01	6.737023e-01
Hs.507658_at	-0.245502	3.778062e-01	6.737023e-01
Hs.591665_at	0.245502	3.778062e-01	6.737023e-01
Hs.182081_at	0.245502	3.778062e-01	6.737023e-01
Hs.524874_at	-0.245502	3.778062e-01	6.737023e-01
Hs.449840_at	0.241891	3.850818e-01	6.787785e-01
Hs.645481_at	0.241891	3.850818e-01	6.787785e-01
Hs.193115_at	-0.241891	3.850818e-01	6.787785e-01
Hs.595007_at	0.241891	3.850818e-01	6.787785e-01
Hs.101480_at	-0.241891	3.850818e-01	6.787785e-01
Hs.631765_at	-0.241891	3.850818e-01	6.787785e-01
Hs.652229_at	0.241891	3.850818e-01	6.787785e-01
Hs.591315_at	0.241891	3.850818e-01	6.787785e-01
Hs.129783_at	0.241891	3.850818e-01	6.787785e-01
Hs.647016_at	-0.241891	3.850818e-01	6.787785e-01
Hs.554182_at	0.241891	3.850818e-01	6.787785e-01
Hs.593611_at	0.241891	3.850818e-01	6.787785e-01
Hs.54609_at	0.241891	3.850818e-01	6.787785e-01
Hs.81131_at	0.241891	3.850818e-01	6.787785e-01
Hs.585087_at	0.241891	3.850818e-01	6.787785e-01
Hs.8739_at	0.241891	3.850818e-01	6.787785e-01
Hs.633789_at	0.241891	3.850818e-01	6.787785e-01
Hs.479703_at	-0.241891	3.850818e-01	6.787785e-01
Hs.440168_at	-0.241891	3.850818e-01	6.787785e-01
Hs.5302_at	0.241891	3.850818e-01	6.787785e-01
Hs.437647_at	-0.241891	3.850818e-01	6.787785e-01
Hs.652346_at	0.241891	3.850818e-01	6.787785e-01
Hs.177983_at	0.241891	3.850818e-01	6.787785e-01
Hs.412870_at	-0.241891	3.850818e-01	6.787785e-01
Hs.177633_at	-0.241891	3.850818e-01	6.787785e-01
Hs.159157_at	0.241891	3.850818e-01	6.787785e-01
Hs.425311_at	-0.241891	3.850818e-01	6.787785e-01
Hs.12393_at	-0.241891	3.850818e-01	6.787785e-01
Hs.487175_at	-0.241891	3.850818e-01	6.787785e-01
Hs.252543_at	-0.241891	3.850818e-01	6.787785e-01
Hs.591176_at	0.241891	3.850818e-01	6.787785e-01
Hs.591629_at	0.241891	3.850818e-01	6.787785e-01
Hs.356545_at	-0.241891	3.850818e-01	6.787785e-01
Hs.12473_at	0.241891	3.850818e-01	6.787785e-01
Hs.590923_at	0.241891	3.850818e-01	6.787785e-01
Hs.648480_at	0.241891	3.850818e-01	6.787785e-01
Hs.126730_at	0.241891	3.850818e-01	6.787785e-01
Hs.433307_at	0.241891	3.850818e-01	6.787785e-01
Hs.287735_at	0.241891	3.850818e-01	6.787785e-01
Hs.621300_at	0.241891	3.850818e-01	6.787785e-01
Hs.469925_at	-0.241891	3.850818e-01	6.787785e-01
Hs.139120_at	-0.241891	3.850818e-01	6.787785e-01
Hs.592080_at	0.241891	3.850818e-01	6.787785e-01
Hs.50405_at	-0.241891	3.850818e-01	6.787785e-01
Hs.632373_at	0.241891	3.850818e-01	6.787785e-01
Hs.470126_at	-0.241891	3.850818e-01	6.787785e-01
Hs.111377_at	0.241891	3.850818e-01	6.787785e-01
Hs.647117_at	-0.241891	3.850818e-01	6.787785e-01
Hs.620112_at	0.241891	3.850818e-01	6.787785e-01
Hs.211252_at	0.241891	3.850818e-01	6.787785e-01
Hs.640479_at	0.241891	3.850818e-01	6.787785e-01
Hs.517180_at	0.241891	3.850818e-01	6.787785e-01
Hs.619097_at	0.241891	3.850818e-01	6.787785e-01
Hs.649468_at	-0.241891	3.850818e-01	6.787785e-01
Hs.635285_at	-0.241891	3.850818e-01	6.787785e-01
Hs.473632_at	0.241891	3.850818e-01	6.787785e-01
Hs.518726_at	0.241891	3.850818e-01	6.787785e-01
Hs.624064_at	-0.241891	3.850818e-01	6.787785e-01
Hs.484047_at	0.241891	3.850818e-01	6.787785e-01
Hs.621382+_at	0.241891	3.850818e-01	6.787785e-01
Hs.466044_at	0.241891	3.850818e-01	6.787785e-01
Hs.443913_at	0.241891	3.850818e-01	6.787785e-01
Hs.591481_at	0.241891	3.850818e-01	6.787785e-01
Hs.514174_at	0.241891	3.850818e-01	6.787785e-01
Hs.511899_at	0.241891	3.850818e-01	6.787785e-01
Hs.12211_at	0.241891	3.850818e-01	6.787785e-01
Hs.525091_at	0.241891	3.850818e-01	6.787785e-01
Hs.464595_at	0.241891	3.850818e-01	6.787785e-01
Hs.203_at	0.241891	3.850818e-01	6.787785e-01
Hs.591392_at	-0.241891	3.850818e-01	6.787785e-01
Hs.465709_at	0.241891	3.850818e-01	6.787785e-01
Hs.465529_at	0.241891	3.850818e-01	6.787785e-01
Hs.285666_at	0.241891	3.850818e-01	6.787785e-01
Hs.252387_at	-0.241891	3.850818e-01	6.787785e-01
Hs.591504_at	0.241891	3.850818e-01	6.787785e-01
Hs.570383_at	-0.241891	3.850818e-01	6.787785e-01
Hs.91728_at	-0.241891	3.850818e-01	6.787785e-01
Hs.512823_at	0.241891	3.850818e-01	6.787785e-01
Hs.648054_at	-0.241891	3.850818e-01	6.787785e-01
Hs.416810_at	0.241891	3.850818e-01	6.787785e-01
Hs.283015_at	0.241891	3.850818e-01	6.787785e-01
Hs.595250_at	-0.241891	3.850818e-01	6.787785e-01
Hs.434335_at	0.241891	3.850818e-01	6.787785e-01
Hs.168439_at	0.241891	3.850818e-01	6.787785e-01
Hs.434269_at	0.241891	3.850818e-01	6.787785e-01
Hs.652571_at	0.241891	3.850818e-01	6.787785e-01
Hs.29282_at	0.241891	3.850818e-01	6.787785e-01
Hs.303025_at	-0.241891	3.850818e-01	6.787785e-01
Hs.22026_at	0.241891	3.850818e-01	6.787785e-01
Hs.635603_at	-0.241891	3.850818e-01	6.787785e-01
Hs.248472_at	0.241891	3.850818e-01	6.787785e-01
Hs.460960_at	0.241891	3.850818e-01	6.787785e-01
Hs.621420_at	0.241891	3.850818e-01	6.787785e-01
Hs.652252_at	-0.241891	3.850818e-01	6.787785e-01
Hs.576154_at	0.241891	3.850818e-01	6.787785e-01
Hs.368364_at	0.241891	3.850818e-01	6.787785e-01
Hs.585852_at	0.241891	3.850818e-01	6.787785e-01
Hs.585901_at	0.241891	3.850818e-01	6.787785e-01
Hs.106254_at	0.241891	3.850818e-01	6.787785e-01
Hs.463677_at	-0.241891	3.850818e-01	6.787785e-01
Hs.40794_at	0.241891	3.850818e-01	6.787785e-01
Hs.380178_at	-0.241891	3.850818e-01	6.787785e-01
Hs.436896_at	0.241891	3.850818e-01	6.787785e-01
Hs.47099_at	-0.241891	3.850818e-01	6.787785e-01
Hs.604790_at	-0.241891	3.850818e-01	6.787785e-01
Hs.477547_at	-0.241891	3.850818e-01	6.787785e-01
Hs.120196_at	-0.241891	3.850818e-01	6.787785e-01
Hs.68864_at	0.241891	3.850818e-01	6.787785e-01
Hs.44278_at	0.241891	3.850818e-01	6.787785e-01
Hs.513316_at	0.241891	3.850818e-01	6.787785e-01
Hs.532853_at	-0.241891	3.850818e-01	6.787785e-01
Hs.436429_at	0.241891	3.850818e-01	6.787785e-01
Hs.118161_at	-0.241891	3.850818e-01	6.787785e-01
Hs.591763_at	0.241891	3.850818e-01	6.787785e-01
Hs.464333_at	0.241891	3.850818e-01	6.787785e-01
Hs.792_at	-0.241891	3.850818e-01	6.787785e-01
Hs.437696_at	0.241891	3.850818e-01	6.787785e-01
Hs.496646_at	-0.241891	3.850818e-01	6.787785e-01
Hs.255230_at	0.241891	3.850818e-01	6.787785e-01
Hs.645632_at	0.241891	3.850818e-01	6.787785e-01
Hs.591208_at	0.241891	3.850818e-01	6.787785e-01
Hs.121438_at	0.241891	3.850818e-01	6.787785e-01
Hs.522643_at	0.241891	3.850818e-01	6.787785e-01
Hs.105105_at	-0.241891	3.850818e-01	6.787785e-01
Hs.283652_at	0.241891	3.850818e-01	6.787785e-01
Hs.600249_at	0.241891	3.850818e-01	6.787785e-01
Hs.490510_at	0.241891	3.850818e-01	6.787785e-01
Hs.651125_at	0.241891	3.850818e-01	6.787785e-01
Hs.651014_at	0.241891	3.850818e-01	6.787785e-01
Hs.10649_at	0.241891	3.850818e-01	6.787785e-01
Hs.106469_at	0.241891	3.850818e-01	6.787785e-01
Hs.453273_at	0.238281	3.924320e-01	6.844039e-01
Hs.102971_at	-0.238281	3.924320e-01	6.844039e-01
Hs.580074_at	0.238281	3.924320e-01	6.844039e-01
Hs.149387_at	0.238281	3.924320e-01	6.844039e-01
Hs.457861_at	0.238281	3.924320e-01	6.844039e-01
Hs.631823_at	-0.238281	3.924320e-01	6.844039e-01
Hs.522019_at	0.238281	3.924320e-01	6.844039e-01
Hs.105399_at	0.238281	3.924320e-01	6.844039e-01
Hs.532634_at	0.238281	3.924320e-01	6.844039e-01
Hs.106857_at	0.238281	3.924320e-01	6.844039e-01
Hs.196990_at	-0.238281	3.924320e-01	6.844039e-01
Hs.643612_at	0.238281	3.924320e-01	6.844039e-01
Hs.54943_at	-0.238281	3.924320e-01	6.844039e-01
Hs.496613_at	-0.238281	3.924320e-01	6.844039e-01
Hs.524348_at	-0.238281	3.924320e-01	6.844039e-01
Hs.652795_at	-0.238281	3.924320e-01	6.844039e-01
Hs.513683_at	0.238281	3.924320e-01	6.844039e-01
Hs.479856_at	-0.238281	3.924320e-01	6.844039e-01
Hs.591865_at	0.238281	3.924320e-01	6.844039e-01
Hs.119922_at	0.238281	3.924320e-01	6.844039e-01
Hs.432453_at	0.238281	3.924320e-01	6.844039e-01
Hs.272382_at	0.238281	3.924320e-01	6.844039e-01
Hs.31720_at	0.238281	3.924320e-01	6.844039e-01
Hs.146738_at	0.238281	3.924320e-01	6.844039e-01
Hs.584806_at	0.238281	3.924320e-01	6.844039e-01
Hs.208267_at	0.238281	3.924320e-01	6.844039e-01
Hs.606408_at	0.238281	3.924320e-01	6.844039e-01
Hs.21810_at	-0.238281	3.924320e-01	6.844039e-01
Hs.460924_at	0.238281	3.924320e-01	6.844039e-01
Hs.599725_at	0.238281	3.924320e-01	6.844039e-01
Hs.514920_at	-0.238281	3.924320e-01	6.844039e-01
Hs.513851_at	-0.238281	3.924320e-01	6.844039e-01
Hs.377705_at	-0.238281	3.924320e-01	6.844039e-01
Hs.107003_at	-0.238281	3.924320e-01	6.844039e-01
Hs.118983_at	-0.238281	3.924320e-01	6.844039e-01
Hs.652130_at	0.238281	3.924320e-01	6.844039e-01
Hs.275243_at	-0.238281	3.924320e-01	6.844039e-01
Hs.202577_at	-0.238281	3.924320e-01	6.844039e-01
Hs.20516_at	0.238281	3.924320e-01	6.844039e-01
Hs.36915_at	0.238281	3.924320e-01	6.844039e-01
Hs.443948_at	0.238281	3.924320e-01	6.844039e-01
Hs.444451_at	-0.238281	3.924320e-01	6.844039e-01
Hs.651155_at	0.238281	3.924320e-01	6.844039e-01
Hs.525251_at	0.238281	3.924320e-01	6.844039e-01
Hs.27621_at	-0.238281	3.924320e-01	6.844039e-01
Hs.275086_at	0.238281	3.924320e-01	6.844039e-01
Hs.368632_at	0.238281	3.924320e-01	6.844039e-01
Hs.131412_at	0.238281	3.924320e-01	6.844039e-01
Hs.431471_at	-0.238281	3.924320e-01	6.844039e-01
Hs.134974_at	-0.238281	3.924320e-01	6.844039e-01
Hs.410786_at	0.238281	3.924320e-01	6.844039e-01
Hs.20848_at	-0.238281	3.924320e-01	6.844039e-01
Hs.208544_at	0.238281	3.924320e-01	6.844039e-01
Hs.460_at	0.238281	3.924320e-01	6.844039e-01
Hs.143545_at	0.238281	3.924320e-01	6.844039e-01
Hs.502705_at	-0.238281	3.924320e-01	6.844039e-01
Hs.928_at	0.238281	3.924320e-01	6.844039e-01
Hs.413359_at	-0.238281	3.924320e-01	6.844039e-01
Hs.487341_at	0.238281	3.924320e-01	6.844039e-01
Hs.288912_at	-0.238281	3.924320e-01	6.844039e-01
Hs.96103_at	-0.238281	3.924320e-01	6.844039e-01
Hs.518000_at	0.238281	3.924320e-01	6.844039e-01
Hs.244569_at	-0.238281	3.924320e-01	6.844039e-01
Hs.123119_at	-0.238281	3.924320e-01	6.844039e-01
Hs.591547_at	-0.238281	3.924320e-01	6.844039e-01
Hs.184907_at	0.238281	3.924320e-01	6.844039e-01
Hs.145061_at	0.238281	3.924320e-01	6.844039e-01
Hs.608123_at	0.238281	3.924320e-01	6.844039e-01
Hs.592131_at	0.238281	3.924320e-01	6.844039e-01
Hs.20107_at	-0.238281	3.924320e-01	6.844039e-01
Hs.127032_at	-0.238281	3.924320e-01	6.844039e-01
Hs.306242_at	-0.238281	3.924320e-01	6.844039e-01
Hs.591746_at	0.238281	3.924320e-01	6.844039e-01
Hs.593811_at	-0.238281	3.924320e-01	6.844039e-01
Hs.440384_at	-0.238281	3.924320e-01	6.844039e-01
Hs.231942_at	-0.238281	3.924320e-01	6.844039e-01
Hs.337040_at	-0.238281	3.924320e-01	6.844039e-01
Hs.567381_at	0.238281	3.924320e-01	6.844039e-01
Hs.145256_at	0.238281	3.924320e-01	6.844039e-01
Hs.58877_at	0.238281	3.924320e-01	6.844039e-01
Hs.352183_at	0.238281	3.924320e-01	6.844039e-01
Hs.50802_at	-0.238281	3.924320e-01	6.844039e-01
Hs.44298_at	-0.238281	3.924320e-01	6.844039e-01
Hs.6985_at	-0.238281	3.924320e-01	6.844039e-01
Hs.410231_at	0.238281	3.924320e-01	6.844039e-01
Hs.472471_at	0.238281	3.924320e-01	6.844039e-01
Hs.652342_at	-0.238281	3.924320e-01	6.844039e-01
Hs.225950_at	0.238281	3.924320e-01	6.844039e-01
Hs.371698_at	0.238281	3.924320e-01	6.844039e-01
Hs.558337_at	-0.238281	3.924320e-01	6.844039e-01
Hs.400740_at	0.238281	3.924320e-01	6.844039e-01
Hs.470477_at	0.238281	3.924320e-01	6.844039e-01
Hs.528335_at	0.238281	3.924320e-01	6.844039e-01
Hs.593833_at	0.238281	3.924320e-01	6.844039e-01
Hs.234742_at	0.238281	3.924320e-01	6.844039e-01
Hs.591834_at	0.238281	3.924320e-01	6.844039e-01
Hs.514843_at	0.238281	3.924320e-01	6.844039e-01
Hs.352218_at	0.238281	3.924320e-01	6.844039e-01
Hs.573153_at	-0.238281	3.924320e-01	6.844039e-01
Hs.631992_at	0.238281	3.924320e-01	6.844039e-01
Hs.469313_at	0.238281	3.924320e-01	6.844039e-01
Hs.535190_at	-0.238281	3.924320e-01	6.844039e-01
Hs.85201_at	-0.238281	3.924320e-01	6.844039e-01
Hs.151443_at	-0.238281	3.924320e-01	6.844039e-01
Hs.577323_at	0.238281	3.924320e-01	6.844039e-01
Hs.138202_at	0.238281	3.924320e-01	6.844039e-01
Hs.117938_at	0.238281	3.924320e-01	6.844039e-01
Hs.121347_at	0.238281	3.924320e-01	6.844039e-01
Hs.334907_at	0.238281	3.924320e-01	6.844039e-01
Hs.227777_at	0.238281	3.924320e-01	6.844039e-01
Hs.594136_at	-0.238281	3.924320e-01	6.844039e-01
Hs.547577_at	0.238281	3.924320e-01	6.844039e-01
Hs.334707_at	-0.238281	3.924320e-01	6.844039e-01
Hs.436564_at	-0.238281	3.924320e-01	6.844039e-01
Hs.460145_at	0.238281	3.924320e-01	6.844039e-01
Hs.459542_at	0.238281	3.924320e-01	6.844039e-01
Hs.149098_at	0.238281	3.924320e-01	6.844039e-01
Hs.600025_at	0.238281	3.924320e-01	6.844039e-01
Hs.496191_at	-0.238281	3.924320e-01	6.844039e-01
Hs.578433_at	0.238281	3.924320e-01	6.844039e-01
Hs.269745_at	0.238281	3.924320e-01	6.844039e-01
Hs.522350_at	0.238281	3.924320e-01	6.844039e-01
Hs.430849_at	-0.234671	3.998564e-01	6.891507e-01
Hs.398111_at	-0.234671	3.998564e-01	6.891507e-01
Hs.128032_at	0.234671	3.998564e-01	6.891507e-01
Hs.98041_at	-0.234671	3.998564e-01	6.891507e-01
Hs.121482_at	0.234671	3.998564e-01	6.891507e-01
Hs.633139_at	0.234671	3.998564e-01	6.891507e-01
Hs.591793_at	0.234671	3.998564e-01	6.891507e-01
Hs.567426_at	0.234671	3.998564e-01	6.891507e-01
Hs.597146_at	-0.234671	3.998564e-01	6.891507e-01
Hs.100890_at	0.234671	3.998564e-01	6.891507e-01
Hs.524496_at	0.234671	3.998564e-01	6.891507e-01
Hs.435291_at	0.234671	3.998564e-01	6.891507e-01
Hs.435535_at	0.234671	3.998564e-01	6.891507e-01
Hs.435381_at	0.234671	3.998564e-01	6.891507e-01
Hs.454818_at	0.234671	3.998564e-01	6.891507e-01
Hs.100057_at	0.234671	3.998564e-01	6.891507e-01
Hs.648636_at	-0.234671	3.998564e-01	6.891507e-01
Hs.7036_at	-0.234671	3.998564e-01	6.891507e-01
Hs.85862_at	0.234671	3.998564e-01	6.891507e-01
Hs.356076_at	-0.234671	3.998564e-01	6.891507e-01
Hs.352549_at	0.234671	3.998564e-01	6.891507e-01
Hs.124128_at	-0.234671	3.998564e-01	6.891507e-01
Hs.163898_at	0.234671	3.998564e-01	6.891507e-01
Hs.647044_at	-0.234671	3.998564e-01	6.891507e-01
Hs.648931_at	-0.234671	3.998564e-01	6.891507e-01
Hs.473893_at	-0.234671	3.998564e-01	6.891507e-01
Hs.591162_at	-0.234671	3.998564e-01	6.891507e-01
Hs.624604+_at	0.234671	3.998564e-01	6.891507e-01
Hs.632679_at	0.234671	3.998564e-01	6.891507e-01
Hs.321541_at	-0.234671	3.998564e-01	6.891507e-01
Hs.514814_at	0.234671	3.998564e-01	6.891507e-01
Hs.421150_at	-0.234671	3.998564e-01	6.891507e-01
Hs.417972_at	0.234671	3.998564e-01	6.891507e-01
Hs.591967_at	0.234671	3.998564e-01	6.891507e-01
Hs.481542_at	0.234671	3.998564e-01	6.891507e-01
Hs.97837_at	0.234671	3.998564e-01	6.891507e-01
Hs.97691_at	0.234671	3.998564e-01	6.891507e-01
Hs.652341_at	0.234671	3.998564e-01	6.891507e-01
Hs.651171_at	-0.234671	3.998564e-01	6.891507e-01
Hs.594872_at	0.234671	3.998564e-01	6.891507e-01
Hs.597269_at	-0.234671	3.998564e-01	6.891507e-01
Hs.136235_at	-0.234671	3.998564e-01	6.891507e-01
Hs.135668_at	0.234671	3.998564e-01	6.891507e-01
Hs.278962_at	0.234671	3.998564e-01	6.891507e-01
Hs.310511_at	0.234671	3.998564e-01	6.891507e-01
Hs.435952_at	0.234671	3.998564e-01	6.891507e-01
Hs.439437_at	-0.234671	3.998564e-01	6.891507e-01
Hs.473927_at	0.234671	3.998564e-01	6.891507e-01
Hs.298716_at	0.234671	3.998564e-01	6.891507e-01
Hs.69504_at	-0.234671	3.998564e-01	6.891507e-01
Hs.590991_at	0.234671	3.998564e-01	6.891507e-01
Hs.11417_at	0.234671	3.998564e-01	6.891507e-01
Hs.443258_at	0.234671	3.998564e-01	6.891507e-01
Hs.617515_at	0.234671	3.998564e-01	6.891507e-01
Hs.508588_at	0.234671	3.998564e-01	6.891507e-01
Hs.410719_at	0.234671	3.998564e-01	6.891507e-01
Hs.63236_at	0.234671	3.998564e-01	6.891507e-01
Hs.461196_at	-0.234671	3.998564e-01	6.891507e-01
Hs.296031_at	0.234671	3.998564e-01	6.891507e-01
Hs.293629_at	0.234671	3.998564e-01	6.891507e-01
Hs.632425_at	-0.234671	3.998564e-01	6.891507e-01
Hs.187946_at	0.234671	3.998564e-01	6.891507e-01
Hs.541741-_at	0.234671	3.998564e-01	6.891507e-01
Hs.544835-_at	0.234671	3.998564e-01	6.891507e-01
Hs.531776_at	-0.234671	3.998564e-01	6.891507e-01
Hs.464391_at	0.234671	3.998564e-01	6.891507e-01
Hs.334534_at	-0.234671	3.998564e-01	6.891507e-01
Hs.609780_at	0.234671	3.998564e-01	6.891507e-01
Hs.334019_at	-0.234671	3.998564e-01	6.891507e-01
Hs.484950_at	0.234671	3.998564e-01	6.891507e-01
Hs.179915_at	0.234671	3.998564e-01	6.891507e-01
Hs.201671_at	0.234671	3.998564e-01	6.891507e-01
Hs.632050_at	0.234671	3.998564e-01	6.891507e-01
Hs.111903_at	0.234671	3.998564e-01	6.891507e-01
Hs.434127_at	0.234671	3.998564e-01	6.891507e-01
Hs.188464_at	-0.234671	3.998564e-01	6.891507e-01
Hs.647425_at	-0.234671	3.998564e-01	6.891507e-01
Hs.118958_at	0.234671	3.998564e-01	6.891507e-01
Hs.118608_at	0.234671	3.998564e-01	6.891507e-01
Hs.118631_at	-0.234671	3.998564e-01	6.891507e-01
Hs.514599_at	0.234671	3.998564e-01	6.891507e-01
Hs.514602_at	-0.234671	3.998564e-01	6.891507e-01
Hs.368282_at	-0.234671	3.998564e-01	6.891507e-01
Hs.477015_at	0.234671	3.998564e-01	6.891507e-01
Hs.470038_at	0.234671	3.998564e-01	6.891507e-01
Hs.145605_at	0.234671	3.998564e-01	6.891507e-01
Hs.515544_at	-0.234671	3.998564e-01	6.891507e-01
Hs.293884_at	-0.234671	3.998564e-01	6.891507e-01
Hs.502842_at	0.234671	3.998564e-01	6.891507e-01
Hs.125680_at	0.234671	3.998564e-01	6.891507e-01
Hs.531064_at	-0.234671	3.998564e-01	6.891507e-01
Hs.172176_at	0.234671	3.998564e-01	6.891507e-01
Hs.80828_at	0.234671	3.998564e-01	6.891507e-01
Hs.546482_at	-0.234671	3.998564e-01	6.891507e-01
Hs.643598_at	0.234671	3.998564e-01	6.891507e-01
Hs.509499_at	-0.234671	3.998564e-01	6.891507e-01
Hs.462693_at	-0.234671	3.998564e-01	6.891507e-01
Hs.511818_at	0.234671	3.998564e-01	6.891507e-01
Hs.307574_at	0.234671	3.998564e-01	6.891507e-01
Hs.572443_at	0.234671	3.998564e-01	6.891507e-01
Hs.525299_at	0.234671	3.998564e-01	6.891507e-01
Hs.521459_at	0.234671	3.998564e-01	6.891507e-01
Hs.596475-_at	0.234671	3.998564e-01	6.891507e-01
Hs.202522_at	-0.234671	3.998564e-01	6.891507e-01
Hs.369168_at	0.234671	3.998564e-01	6.891507e-01
Hs.433381_at	-0.234671	3.998564e-01	6.891507e-01
Hs.158564_at	0.234671	3.998564e-01	6.891507e-01
Hs.145156_at	0.234671	3.998564e-01	6.891507e-01
Hs.144527_at	-0.234671	3.998564e-01	6.891507e-01
Hs.591585_at	-0.234671	3.998564e-01	6.891507e-01
Hs.413208_at	-0.234671	3.998564e-01	6.891507e-01
Hs.425777_at	-0.234671	3.998564e-01	6.891507e-01
Hs.134683_at	-0.234671	3.998564e-01	6.891507e-01
Hs.24258_at	-0.234671	3.998564e-01	6.891507e-01
Hs.58785_at	0.234671	3.998564e-01	6.891507e-01
Hs.518250_at	0.234671	3.998564e-01	6.891507e-01
Hs.528671_at	0.234671	3.998564e-01	6.891507e-01
Hs.161332_at	0.234671	3.998564e-01	6.891507e-01
Hs.591024_at	0.234671	3.998564e-01	6.891507e-01
Hs.596541_at	0.234671	3.998564e-01	6.891507e-01
Hs.447948_at	0.234671	3.998564e-01	6.891507e-01
Hs.449913_at	-0.234671	3.998564e-01	6.891507e-01
Hs.595738_at	0.234671	3.998564e-01	6.891507e-01
Hs.524910_at	0.234671	3.998564e-01	6.891507e-01
Hs.233952_at	-0.234671	3.998564e-01	6.891507e-01
Hs.533066_at	0.234671	3.998564e-01	6.891507e-01
Hs.432560_at	-0.234671	3.998564e-01	6.891507e-01
Hs.436567_at	-0.234671	3.998564e-01	6.891507e-01
Hs.549606_at	-0.234671	3.998564e-01	6.891507e-01
Hs.385998_at	-0.234671	3.998564e-01	6.891507e-01
Hs.524367_at	-0.234671	3.998564e-01	6.891507e-01
Hs.38085_at	0.234671	3.998564e-01	6.891507e-01
Hs.98132_at	-0.234671	3.998564e-01	6.891507e-01
Hs.380233_at	0.234671	3.998564e-01	6.891507e-01
Hs.380132_at	0.234671	3.998564e-01	6.891507e-01
Hs.596749_at	-0.234671	3.998564e-01	6.891507e-01
Hs.523875_at	0.234671	3.998564e-01	6.891507e-01
Hs.368592_at	0.231060	4.073543e-01	6.941481e-01
Hs.292419_at	0.231060	4.073543e-01	6.941481e-01
Hs.517544_at	-0.231060	4.073543e-01	6.941481e-01
Hs.621490_at	0.231060	4.073543e-01	6.941481e-01
Hs.592317_at	0.231060	4.073543e-01	6.941481e-01
Hs.408324_at	0.231060	4.073543e-01	6.941481e-01
Hs.158336_at	0.231060	4.073543e-01	6.941481e-01
Hs.620557_at	0.231060	4.073543e-01	6.941481e-01
Hs.73090_at	0.231060	4.073543e-01	6.941481e-01
Hs.524800_at	0.231060	4.073543e-01	6.941481e-01
Hs.301478_at	0.231060	4.073543e-01	6.941481e-01
Hs.357025_at	0.231060	4.073543e-01	6.941481e-01
Hs.603876_at	0.231060	4.073543e-01	6.941481e-01
Hs.2131_at	0.231060	4.073543e-01	6.941481e-01
Hs.103561_at	0.231060	4.073543e-01	6.941481e-01
Hs.133261_at	-0.231060	4.073543e-01	6.941481e-01
Hs.79353_at	-0.231060	4.073543e-01	6.941481e-01
Hs.48029_at	0.231060	4.073543e-01	6.941481e-01
Hs.567425_at	-0.231060	4.073543e-01	6.941481e-01
Hs.375217_at	0.231060	4.073543e-01	6.941481e-01
Hs.522351_at	-0.231060	4.073543e-01	6.941481e-01
Hs.606360_at	0.231060	4.073543e-01	6.941481e-01
Hs.179718_at	0.231060	4.073543e-01	6.941481e-01
Hs.592519_at	0.231060	4.073543e-01	6.941481e-01
Hs.575782_at	0.231060	4.073543e-01	6.941481e-01
Hs.597323_at	-0.231060	4.073543e-01	6.941481e-01
Hs.520182_at	0.231060	4.073543e-01	6.941481e-01
Hs.632119_at	0.231060	4.073543e-01	6.941481e-01
Hs.198365_at	0.231060	4.073543e-01	6.941481e-01
Hs.375142_at	0.231060	4.073543e-01	6.941481e-01
Hs.420662_at	0.231060	4.073543e-01	6.941481e-01
Hs.302028_at	0.231060	4.073543e-01	6.941481e-01
Hs.247831_at	0.231060	4.073543e-01	6.941481e-01
Hs.377188_at	-0.231060	4.073543e-01	6.941481e-01
Hs.373550_at	0.231060	4.073543e-01	6.941481e-01
Hs.602387_at	0.231060	4.073543e-01	6.941481e-01
Hs.602730_at	0.231060	4.073543e-01	6.941481e-01
Hs.503560_at	0.231060	4.073543e-01	6.941481e-01
Hs.405849_at	-0.231060	4.073543e-01	6.941481e-01
Hs.445665_at	0.231060	4.073543e-01	6.941481e-01
Hs.84190_at	0.231060	4.073543e-01	6.941481e-01
Hs.29724_at	-0.231060	4.073543e-01	6.941481e-01
Hs.543693_at	0.231060	4.073543e-01	6.941481e-01
Hs.500756_at	-0.231060	4.073543e-01	6.941481e-01
Hs.491143_at	0.231060	4.073543e-01	6.941481e-01
Hs.116665_at	0.231060	4.073543e-01	6.941481e-01
Hs.127930_at	0.231060	4.073543e-01	6.941481e-01
Hs.480848_at	-0.231060	4.073543e-01	6.941481e-01
Hs.520293_at	0.231060	4.073543e-01	6.941481e-01
Hs.578508_at	-0.231060	4.073543e-01	6.941481e-01
Hs.169191_at	0.231060	4.073543e-01	6.941481e-01
Hs.591572_at	-0.231060	4.073543e-01	6.941481e-01
Hs.406620_at	-0.231060	4.073543e-01	6.941481e-01
Hs.602321_at	-0.231060	4.073543e-01	6.941481e-01
Hs.58089_at	0.231060	4.073543e-01	6.941481e-01
Hs.560_at	0.231060	4.073543e-01	6.941481e-01
Hs.350741_at	0.231060	4.073543e-01	6.941481e-01
Hs.530477_at	0.231060	4.073543e-01	6.941481e-01
Hs.126598_at	-0.231060	4.073543e-01	6.941481e-01
Hs.288936_at	0.231060	4.073543e-01	6.941481e-01
Hs.82482_at	-0.231060	4.073543e-01	6.941481e-01
Hs.368507_at	0.231060	4.073543e-01	6.941481e-01
Hs.503555_at	-0.231060	4.073543e-01	6.941481e-01
Hs.351099_at	-0.231060	4.073543e-01	6.941481e-01
Hs.557608_at	0.231060	4.073543e-01	6.941481e-01
Hs.632549_at	-0.231060	4.073543e-01	6.941481e-01
Hs.485130_at	-0.231060	4.073543e-01	6.941481e-01
Hs.486361_at	0.231060	4.073543e-01	6.941481e-01
Hs.404056_at	-0.231060	4.073543e-01	6.941481e-01
Hs.109929_at	0.231060	4.073543e-01	6.941481e-01
Hs.154652_at	0.231060	4.073543e-01	6.941481e-01
Hs.122514_at	0.231060	4.073543e-01	6.941481e-01
Hs.308597_at	0.231060	4.073543e-01	6.941481e-01
Hs.634578_at	0.231060	4.073543e-01	6.941481e-01
Hs.647900_at	-0.231060	4.073543e-01	6.941481e-01
Hs.132344_at	0.231060	4.073543e-01	6.941481e-01
Hs.216653_at	-0.231060	4.073543e-01	6.941481e-01
Hs.143594_at	0.231060	4.073543e-01	6.941481e-01
Hs.640380_at	0.231060	4.073543e-01	6.941481e-01
Hs.368367_at	-0.231060	4.073543e-01	6.941481e-01
Hs.24601_at	0.231060	4.073543e-01	6.941481e-01
Hs.603871_at	0.231060	4.073543e-01	6.941481e-01
Hs.58679_at	0.231060	4.073543e-01	6.941481e-01
Hs.482563_at	-0.231060	4.073543e-01	6.941481e-01
Hs.460996_at	-0.231060	4.073543e-01	6.941481e-01
Hs.21691_at	0.231060	4.073543e-01	6.941481e-01
Hs.642712_at	0.231060	4.073543e-01	6.941481e-01
Hs.530479_at	0.231060	4.073543e-01	6.941481e-01
Hs.586639_at	-0.231060	4.073543e-01	6.941481e-01
Hs.426410_at	0.231060	4.073543e-01	6.941481e-01
Hs.14032_at	0.231060	4.073543e-01	6.941481e-01
Hs.545163_at	0.231060	4.073543e-01	6.941481e-01
Hs.307043_at	-0.231060	4.073543e-01	6.941481e-01
Hs.122110_at	-0.231060	4.073543e-01	6.941481e-01
Hs.487360_at	-0.231060	4.073543e-01	6.941481e-01
Hs.601911_at	0.231060	4.073543e-01	6.941481e-01
Hs.643431_at	0.231060	4.073543e-01	6.941481e-01
Hs.546396_at	-0.231060	4.073543e-01	6.941481e-01
Hs.227817_at	0.231060	4.073543e-01	6.941481e-01
Hs.335918_at	-0.231060	4.073543e-01	6.941481e-01
Hs.412406_at	0.231060	4.073543e-01	6.941481e-01
Hs.435782_at	0.231060	4.073543e-01	6.941481e-01
Hs.856_at	-0.231060	4.073543e-01	6.941481e-01
Hs.507087_at	0.231060	4.073543e-01	6.941481e-01
Hs.531587_at	-0.231060	4.073543e-01	6.941481e-01
Hs.282265_at	0.231060	4.073543e-01	6.941481e-01
Hs.438678_at	-0.231060	4.073543e-01	6.941481e-01
Hs.643487_at	-0.231060	4.073543e-01	6.941481e-01
Hs.371614_at	0.231060	4.073543e-01	6.941481e-01
Hs.127194_at	0.231060	4.073543e-01	6.941481e-01
Hs.372650_at	0.231060	4.073543e-01	6.941481e-01
Hs.6126_at	-0.231060	4.073543e-01	6.941481e-01
Hs.610070_at	0.231060	4.073543e-01	6.941481e-01
Hs.624605_at	-0.231060	4.073543e-01	6.941481e-01
Hs.591786_at	0.231060	4.073543e-01	6.941481e-01
Hs.75064_at	-0.231060	4.073543e-01	6.941481e-01
Hs.356416_at	-0.231060	4.073543e-01	6.941481e-01
Hs.431048_at	0.231060	4.073543e-01	6.941481e-01
Hs.69328_at	-0.231060	4.073543e-01	6.941481e-01
Hs.398093_at	-0.231060	4.073543e-01	6.941481e-01
Hs.631513_at	0.231060	4.073543e-01	6.941481e-01
Hs.150092_at	-0.231060	4.073543e-01	6.941481e-01
Hs.1964_at	0.231060	4.073543e-01	6.941481e-01
Hs.399800_at	0.231060	4.073543e-01	6.941481e-01
Hs.533701_at	-0.231060	4.073543e-01	6.941481e-01
Hs.512932_at	-0.231060	4.073543e-01	6.941481e-01
Hs.12799_at	0.231060	4.073543e-01	6.941481e-01
Hs.8867_at	0.231060	4.073543e-01	6.941481e-01
Hs.485640_at	-0.231060	4.073543e-01	6.941481e-01
Hs.104990_at	0.231060	4.073543e-01	6.941481e-01
Hs.385784_at	0.231060	4.073543e-01	6.941481e-01
Hs.647549_at	0.231060	4.073543e-01	6.941481e-01
Hs.470996_at	-0.231060	4.073543e-01	6.941481e-01
Hs.492280_at	-0.227450	4.149253e-01	6.985121e-01
Hs.493819_at	-0.227450	4.149253e-01	6.985121e-01
Hs.58013_at	0.227450	4.149253e-01	6.985121e-01
Hs.547779_at	-0.227450	4.149253e-01	6.985121e-01
Hs.101439_at	-0.227450	4.149253e-01	6.985121e-01
Hs.458499_at	0.227450	4.149253e-01	6.985121e-01
Hs.147340_at	0.227450	4.149253e-01	6.985121e-01
Hs.381300_at	0.227450	4.149253e-01	6.985121e-01
Hs.594708_at	0.227450	4.149253e-01	6.985121e-01
Hs.449968_at	0.227450	4.149253e-01	6.985121e-01
Hs.492261_at	-0.227450	4.149253e-01	6.985121e-01
Hs.383564_at	-0.227450	4.149253e-01	6.985121e-01
Hs.98418_at	0.227450	4.149253e-01	6.985121e-01
Hs.106510_at	0.227450	4.149253e-01	6.985121e-01
Hs.276315_at	-0.227450	4.149253e-01	6.985121e-01
Hs.586747+_at	-0.227450	4.149253e-01	6.985121e-01
Hs.20588_at	0.227450	4.149253e-01	6.985121e-01
Hs.125562_at	0.227450	4.149253e-01	6.985121e-01
Hs.485436_at	0.227450	4.149253e-01	6.985121e-01
Hs.356626_at	-0.227450	4.149253e-01	6.985121e-01
Hs.505289_at	-0.227450	4.149253e-01	6.985121e-01
Hs.146239_at	0.227450	4.149253e-01	6.985121e-01
Hs.633844_at	0.227450	4.149253e-01	6.985121e-01
Hs.474217_at	0.227450	4.149253e-01	6.985121e-01
Hs.480190_at	0.227450	4.149253e-01	6.985121e-01
Hs.6917_at	-0.227450	4.149253e-01	6.985121e-01
Hs.356578_at	-0.227450	4.149253e-01	6.985121e-01
Hs.173840_at	0.227450	4.149253e-01	6.985121e-01
Hs.170427_at	-0.227450	4.149253e-01	6.985121e-01
Hs.517499_at	0.227450	4.149253e-01	6.985121e-01
Hs.85905_at	0.227450	4.149253e-01	6.985121e-01
Hs.315568_at	0.227450	4.149253e-01	6.985121e-01
Hs.95260_at	-0.227450	4.149253e-01	6.985121e-01
Hs.436271_at	-0.227450	4.149253e-01	6.985121e-01
Hs.614671_at	0.227450	4.149253e-01	6.985121e-01
Hs.225953_at	0.227450	4.149253e-01	6.985121e-01
Hs.122926_at	-0.227450	4.149253e-01	6.985121e-01
Hs.462278_at	-0.227450	4.149253e-01	6.985121e-01
Hs.601651_at	-0.227450	4.149253e-01	6.985121e-01
Hs.289123_at	0.227450	4.149253e-01	6.985121e-01
Hs.370503_at	-0.227450	4.149253e-01	6.985121e-01
Hs.1869_at	-0.227450	4.149253e-01	6.985121e-01
Hs.91910_at	0.227450	4.149253e-01	6.985121e-01
Hs.9216_at	-0.227450	4.149253e-01	6.985121e-01
Hs.157378_at	-0.227450	4.149253e-01	6.985121e-01
Hs.157078_at	-0.227450	4.149253e-01	6.985121e-01
Hs.642813_at	-0.227450	4.149253e-01	6.985121e-01
Hs.506435_at	0.227450	4.149253e-01	6.985121e-01
Hs.352661_at	-0.227450	4.149253e-01	6.985121e-01
Hs.569195_at	0.227450	4.149253e-01	6.985121e-01
Hs.617610_at	-0.227450	4.149253e-01	6.985121e-01
Hs.558476_at	0.227450	4.149253e-01	6.985121e-01
Hs.84136_at	0.227450	4.149253e-01	6.985121e-01
Hs.517356_at	0.227450	4.149253e-01	6.985121e-01
Hs.606045_at	0.227450	4.149253e-01	6.985121e-01
Hs.118351_at	-0.227450	4.149253e-01	6.985121e-01
Hs.143212_at	0.227450	4.149253e-01	6.985121e-01
Hs.165803_at	0.227450	4.149253e-01	6.985121e-01
Hs.585048_at	0.227450	4.149253e-01	6.985121e-01
Hs.519574_at	0.227450	4.149253e-01	6.985121e-01
Hs.404103_at	0.227450	4.149253e-01	6.985121e-01
Hs.56729_at	0.227450	4.149253e-01	6.985121e-01
Hs.407535_at	0.227450	4.149253e-01	6.985121e-01
Hs.14791_at	-0.227450	4.149253e-01	6.985121e-01
Hs.620346_at	0.227450	4.149253e-01	6.985121e-01
Hs.56147_at	0.227450	4.149253e-01	6.985121e-01
Hs.41086_at	0.227450	4.149253e-01	6.985121e-01
Hs.302051_at	0.227450	4.149253e-01	6.985121e-01
Hs.170053_at	0.227450	4.149253e-01	6.985121e-01
Hs.433180_at	0.227450	4.149253e-01	6.985121e-01
Hs.440599_at	-0.227450	4.149253e-01	6.985121e-01
Hs.243994_at	0.227450	4.149253e-01	6.985121e-01
Hs.350581_at	-0.227450	4.149253e-01	6.985121e-01
Hs.518236_at	0.227450	4.149253e-01	6.985121e-01
Hs.623826_at	-0.227450	4.149253e-01	6.985121e-01
Hs.475110_at	0.227450	4.149253e-01	6.985121e-01
Hs.208854_at	-0.227450	4.149253e-01	6.985121e-01
Hs.522114_at	-0.227450	4.149253e-01	6.985121e-01
Hs.109052_at	-0.227450	4.149253e-01	6.985121e-01
Hs.176227_at	0.227450	4.149253e-01	6.985121e-01
Hs.514793_at	0.227450	4.149253e-01	6.985121e-01
Hs.463759_at	0.227450	4.149253e-01	6.985121e-01
Hs.547611_at	-0.227450	4.149253e-01	6.985121e-01
Hs.531755_at	0.227450	4.149253e-01	6.985121e-01
Hs.444774_at	0.227450	4.149253e-01	6.985121e-01
Hs.132956_at	0.227450	4.149253e-01	6.985121e-01
Hs.600293_at	-0.227450	4.149253e-01	6.985121e-01
Hs.144151_at	0.227450	4.149253e-01	6.985121e-01
Hs.652349_at	0.227450	4.149253e-01	6.985121e-01
Hs.643812_at	0.227450	4.149253e-01	6.985121e-01
Hs.148819_at	0.227450	4.149253e-01	6.985121e-01
Hs.632547_at	0.227450	4.149253e-01	6.985121e-01
Hs.49075_at	0.227450	4.149253e-01	6.985121e-01
Hs.127724_at	0.227450	4.149253e-01	6.985121e-01
Hs.594454_at	0.227450	4.149253e-01	6.985121e-01
Hs.149030_at	0.227450	4.149253e-01	6.985121e-01
Hs.367999_at	0.227450	4.149253e-01	6.985121e-01
Hs.600301_at	0.227450	4.149253e-01	6.985121e-01
Hs.517973_at	0.227450	4.149253e-01	6.985121e-01
Hs.292009_at	0.227450	4.149253e-01	6.985121e-01
Hs.623810_at	0.227450	4.149253e-01	6.985121e-01
Hs.349656_at	-0.227450	4.149253e-01	6.985121e-01
Hs.607130_at	0.227450	4.149253e-01	6.985121e-01
Hs.632272_at	0.227450	4.149253e-01	6.985121e-01
Hs.47062_at	-0.227450	4.149253e-01	6.985121e-01
Hs.638946_at	0.227450	4.149253e-01	6.985121e-01
Hs.538721_at	0.227450	4.149253e-01	6.985121e-01
Hs.468760_at	-0.227450	4.149253e-01	6.985121e-01
Hs.375139_at	0.227450	4.149253e-01	6.985121e-01
Hs.532768_at	0.227450	4.149253e-01	6.985121e-01
Hs.479372_at	-0.227450	4.149253e-01	6.985121e-01
Hs.605970_at	0.227450	4.149253e-01	6.985121e-01
Hs.652578_at	0.227450	4.149253e-01	6.985121e-01
Hs.519909_at	-0.227450	4.149253e-01	6.985121e-01
Hs.519294_at	-0.227450	4.149253e-01	6.985121e-01
Hs.106909_at	-0.227450	4.149253e-01	6.985121e-01
Hs.369581_at	-0.227450	4.149253e-01	6.985121e-01
Hs.572399_at	0.227450	4.149253e-01	6.985121e-01
Hs.534190_at	-0.227450	4.149253e-01	6.985121e-01
Hs.12341_at	0.227450	4.149253e-01	6.985121e-01
Hs.376071_at	0.227450	4.149253e-01	6.985121e-01
Hs.8944_at	0.227450	4.149253e-01	6.985121e-01
Hs.324342_at	0.227450	4.149253e-01	6.985121e-01
Hs.150319_at	0.227450	4.149253e-01	6.985121e-01
Hs.382012_at	0.227450	4.149253e-01	6.985121e-01
Hs.472165_at	0.227450	4.149253e-01	6.985121e-01
Hs.674_at	-0.227450	4.149253e-01	6.985121e-01
Hs.437905_at	-0.227450	4.149253e-01	6.985121e-01
Hs.188881_at	0.227450	4.149253e-01	6.985121e-01
Hs.108080_at	0.227450	4.149253e-01	6.985121e-01
Hs.196176_at	-0.227450	4.149253e-01	6.985121e-01
Hs.497573_at	-0.227450	4.149253e-01	6.985121e-01
Hs.513022_at	0.227450	4.149253e-01	6.985121e-01
Hs.26550_at	0.227450	4.149253e-01	6.985121e-01
Hs.283961_at	0.227450	4.149253e-01	6.985121e-01
Hs.97714_at	0.227450	4.149253e-01	6.985121e-01
Hs.591332_at	-0.227450	4.149253e-01	6.985121e-01
Hs.79015_at	-0.227450	4.149253e-01	6.985121e-01
Hs.26479_at	0.227450	4.149253e-01	6.985121e-01
Hs.567518_at	0.227450	4.149253e-01	6.985121e-01
Hs.233465_at	0.227450	4.149253e-01	6.985121e-01
Hs.10082_at	-0.227450	4.149253e-01	6.985121e-01
Hs.175285_at	-0.227450	4.149253e-01	6.985121e-01
Hs.450175_at	-0.227450	4.149253e-01	6.985121e-01
Hs.123493_at	0.223840	4.225687e-01	7.034170e-01
Hs.530314_at	-0.223840	4.225687e-01	7.034170e-01
Hs.605079_at	-0.223840	4.225687e-01	7.034170e-01
Hs.16529_at	-0.223840	4.225687e-01	7.034170e-01
Hs.649667_at	-0.223840	4.225687e-01	7.034170e-01
Hs.104091_at	0.223840	4.225687e-01	7.034170e-01
Hs.2704_at	0.223840	4.225687e-01	7.034170e-01
Hs.458276_at	0.223840	4.225687e-01	7.034170e-01
Hs.647486_at	0.223840	4.225687e-01	7.034170e-01
Hs.523715_at	0.223840	4.225687e-01	7.034170e-01
Hs.59134_at	0.223840	4.225687e-01	7.034170e-01
Hs.99093_at	0.223840	4.225687e-01	7.034170e-01
Hs.99439_at	0.223840	4.225687e-01	7.034170e-01
Hs.459070_at	0.223840	4.225687e-01	7.034170e-01
Hs.79334_at	0.223840	4.225687e-01	7.034170e-01
Hs.193951_at	0.223840	4.225687e-01	7.034170e-01
Hs.612876+_at	0.223840	4.225687e-01	7.034170e-01
Hs.278432_at	0.223840	4.225687e-01	7.034170e-01
Hs.472221_at	-0.223840	4.225687e-01	7.034170e-01
Hs.435611_at	0.223840	4.225687e-01	7.034170e-01
Hs.161640_at	-0.223840	4.225687e-01	7.034170e-01
Hs.596793_at	0.223840	4.225687e-01	7.034170e-01
Hs.97556_at	-0.223840	4.225687e-01	7.034170e-01
Hs.278960_at	0.223840	4.225687e-01	7.034170e-01
Hs.620803_at	0.223840	4.225687e-01	7.034170e-01
Hs.444291_at	0.223840	4.225687e-01	7.034170e-01
Hs.223803_at	0.223840	4.225687e-01	7.034170e-01
Hs.425178_at	0.223840	4.225687e-01	7.034170e-01
Hs.530381_at	0.223840	4.225687e-01	7.034170e-01
Hs.302903_at	0.223840	4.225687e-01	7.034170e-01
Hs.592109_at	0.223840	4.225687e-01	7.034170e-01
Hs.591145_at	-0.223840	4.225687e-01	7.034170e-01
Hs.505601_at	0.223840	4.225687e-01	7.034170e-01
Hs.465221_at	-0.223840	4.225687e-01	7.034170e-01
Hs.517080_at	-0.223840	4.225687e-01	7.034170e-01
Hs.591643_at	0.223840	4.225687e-01	7.034170e-01
Hs.353013_at	0.223840	4.225687e-01	7.034170e-01
Hs.605170_at	0.223840	4.225687e-01	7.034170e-01
Hs.407641_at	0.223840	4.225687e-01	7.034170e-01
Hs.411490_at	-0.223840	4.225687e-01	7.034170e-01
Hs.69997_at	0.223840	4.225687e-01	7.034170e-01
Hs.389724_at	-0.223840	4.225687e-01	7.034170e-01
Hs.416090_at	0.223840	4.225687e-01	7.034170e-01
Hs.532296_at	-0.223840	4.225687e-01	7.034170e-01
Hs.373857_at	-0.223840	4.225687e-01	7.034170e-01
Hs.373763_at	-0.223840	4.225687e-01	7.034170e-01
Hs.189409_at	0.223840	4.225687e-01	7.034170e-01
Hs.398196_at	0.223840	4.225687e-01	7.034170e-01
Hs.551940_at	0.223840	4.225687e-01	7.034170e-01
Hs.519469_at	-0.223840	4.225687e-01	7.034170e-01
Hs.2830_at	0.223840	4.225687e-01	7.034170e-01
Hs.280951_at	-0.223840	4.225687e-01	7.034170e-01
Hs.631989_at	0.223840	4.225687e-01	7.034170e-01
Hs.447530_at	0.223840	4.225687e-01	7.034170e-01
Hs.93177_at	0.223840	4.225687e-01	7.034170e-01
Hs.242821_at	0.223840	4.225687e-01	7.034170e-01
Hs.559523_at	-0.223840	4.225687e-01	7.034170e-01
Hs.484686_at	0.223840	4.225687e-01	7.034170e-01
Hs.635037_at	0.223840	4.225687e-01	7.034170e-01
Hs.294041_at	-0.223840	4.225687e-01	7.034170e-01
Hs.477155_at	-0.223840	4.225687e-01	7.034170e-01
Hs.469649_at	-0.223840	4.225687e-01	7.034170e-01
Hs.486434_at	0.223840	4.225687e-01	7.034170e-01
Hs.469970_at	0.223840	4.225687e-01	7.034170e-01
Hs.639353_at	0.223840	4.225687e-01	7.034170e-01
Hs.208623_at	-0.223840	4.225687e-01	7.034170e-01
Hs.368281_at	0.223840	4.225687e-01	7.034170e-01
Hs.209614_at	0.223840	4.225687e-01	7.034170e-01
Hs.637806_at	0.223840	4.225687e-01	7.034170e-01
Hs.430435_at	0.223840	4.225687e-01	7.034170e-01
Hs.134846_at	0.223840	4.225687e-01	7.034170e-01
Hs.127403_at	-0.223840	4.225687e-01	7.034170e-01
Hs.121776_at	0.223840	4.225687e-01	7.034170e-01
Hs.651128_at	0.223840	4.225687e-01	7.034170e-01
Hs.309849_at	0.223840	4.225687e-01	7.034170e-01
Hs.155597_at	0.223840	4.225687e-01	7.034170e-01
Hs.585051_at	-0.223840	4.225687e-01	7.034170e-01
Hs.634632_at	0.223840	4.225687e-01	7.034170e-01
Hs.201446+_at	0.223840	4.225687e-01	7.034170e-01
Hs.371856_at	-0.223840	4.225687e-01	7.034170e-01
Hs.433732_at	0.223840	4.225687e-01	7.034170e-01
Hs.594122_at	0.223840	4.225687e-01	7.034170e-01
Hs.601963_at	-0.223840	4.225687e-01	7.034170e-01
Hs.25155_at	0.223840	4.225687e-01	7.034170e-01
Hs.593852_at	-0.223840	4.225687e-01	7.034170e-01
Hs.488143_at	-0.223840	4.225687e-01	7.034170e-01
Hs.130970_at	0.223840	4.225687e-01	7.034170e-01
Hs.187376_at	-0.223840	4.225687e-01	7.034170e-01
Hs.225641_at	0.223840	4.225687e-01	7.034170e-01
Hs.648103_at	-0.223840	4.225687e-01	7.034170e-01
Hs.652183_at	-0.223840	4.225687e-01	7.034170e-01
Hs.343244_at	0.223840	4.225687e-01	7.034170e-01
Hs.131306_at	-0.223840	4.225687e-01	7.034170e-01
Hs.406050_at	0.223840	4.225687e-01	7.034170e-01
Hs.649325_at	0.223840	4.225687e-01	7.034170e-01
Hs.73734_at	-0.223840	4.225687e-01	7.034170e-01
Hs.504035_at	-0.223840	4.225687e-01	7.034170e-01
Hs.1701_at	0.223840	4.225687e-01	7.034170e-01
Hs.446311_at	-0.223840	4.225687e-01	7.034170e-01
Hs.460809_at	0.223840	4.225687e-01	7.034170e-01
Hs.164960_at	0.223840	4.225687e-01	7.034170e-01
Hs.513913_at	0.223840	4.225687e-01	7.034170e-01
Hs.611493_at	0.223840	4.225687e-01	7.034170e-01
Hs.88417_at	-0.223840	4.225687e-01	7.034170e-01
Hs.652102_at	-0.223840	4.225687e-01	7.034170e-01
Hs.321231_at	-0.223840	4.225687e-01	7.034170e-01
Hs.514535_at	0.223840	4.225687e-01	7.034170e-01
Hs.89575_at	0.223840	4.225687e-01	7.034170e-01
Hs.437365_at	-0.223840	4.225687e-01	7.034170e-01
Hs.525330_at	0.223840	4.225687e-01	7.034170e-01
Hs.522662_at	0.223840	4.225687e-01	7.034170e-01
Hs.448872_at	0.223840	4.225687e-01	7.034170e-01
Hs.385789_at	0.223840	4.225687e-01	7.034170e-01
Hs.596242_at	-0.223840	4.225687e-01	7.034170e-01
Hs.380169_at	-0.223840	4.225687e-01	7.034170e-01
Hs.495540_at	0.223840	4.225687e-01	7.034170e-01
Hs.94367_at	0.223840	4.225687e-01	7.034170e-01
Hs.485518_at	-0.223840	4.225687e-01	7.034170e-01
Hs.2161_at	0.223840	4.225687e-01	7.034170e-01
Hs.605350_at	-0.223840	4.225687e-01	7.034170e-01
Hs.494100_at	-0.223840	4.225687e-01	7.034170e-01
Hs.1955_at	0.223840	4.225687e-01	7.034170e-01
Hs.596643_at	0.223840	4.225687e-01	7.034170e-01
Hs.334274_at	0.223840	4.225687e-01	7.034170e-01
Hs.533755_at	-0.223840	4.225687e-01	7.034170e-01
Hs.513268_at	0.223840	4.225687e-01	7.034170e-01
Hs.333132_at	-0.223840	4.225687e-01	7.034170e-01
Hs.314141_at	0.223840	4.225687e-01	7.034170e-01
Hs.481927_at	-0.223840	4.225687e-01	7.034170e-01
Hs.633313_at	0.223840	4.225687e-01	7.034170e-01
Hs.595462_at	-0.223840	4.225687e-01	7.034170e-01
Hs.458485_at	-0.223840	4.225687e-01	7.034170e-01
Hs.104941_at	0.223840	4.225687e-01	7.034170e-01
Hs.459183_at	0.223840	4.225687e-01	7.034170e-01
Hs.384598_at	0.223840	4.225687e-01	7.034170e-01
Hs.119387_at	-0.220230	4.302840e-01	7.083316e-01
Hs.532655_at	0.220230	4.302840e-01	7.083316e-01
Hs.523438_at	-0.220230	4.302840e-01	7.083316e-01
Hs.580300_at	0.220230	4.302840e-01	7.083316e-01
Hs.631569_at	-0.220230	4.302840e-01	7.083316e-01
Hs.133244_at	0.220230	4.302840e-01	7.083316e-01
Hs.301419_at	-0.220230	4.302840e-01	7.083316e-01
Hs.652380_at	0.220230	4.302840e-01	7.083316e-01
Hs.534847_at	0.220230	4.302840e-01	7.083316e-01
Hs.445497_at	-0.220230	4.302840e-01	7.083316e-01
Hs.632367_at	-0.220230	4.302840e-01	7.083316e-01
Hs.483948_at	0.220230	4.302840e-01	7.083316e-01
Hs.483765_at	-0.220230	4.302840e-01	7.083316e-01
Hs.78944_at	-0.220230	4.302840e-01	7.083316e-01
Hs.128433_at	-0.220230	4.302840e-01	7.083316e-01
Hs.533222_at	-0.220230	4.302840e-01	7.083316e-01
Hs.437341_at	0.220230	4.302840e-01	7.083316e-01
Hs.551552_at	0.220230	4.302840e-01	7.083316e-01
Hs.469045_at	-0.220230	4.302840e-01	7.083316e-01
Hs.26010_at	-0.220230	4.302840e-01	7.083316e-01
Hs.513875_at	-0.220230	4.302840e-01	7.083316e-01
Hs.652115_at	0.220230	4.302840e-01	7.083316e-01
Hs.234895_at	0.220230	4.302840e-01	7.083316e-01
Hs.175437_at	-0.220230	4.302840e-01	7.083316e-01
Hs.744_at	-0.220230	4.302840e-01	7.083316e-01
Hs.272399_at	0.220230	4.302840e-01	7.083316e-01
Hs.98493_at	0.220230	4.302840e-01	7.083316e-01
Hs.611529_at	-0.220230	4.302840e-01	7.083316e-01
Hs.463613_at	0.220230	4.302840e-01	7.083316e-01
Hs.466987_at	0.220230	4.302840e-01	7.083316e-01
Hs.603589_at	0.220230	4.302840e-01	7.083316e-01
Hs.603387_at	-0.220230	4.302840e-01	7.083316e-01
Hs.433150_at	0.220230	4.302840e-01	7.083316e-01
Hs.608354_at	0.220230	4.302840e-01	7.083316e-01
Hs.518119_at	-0.220230	4.302840e-01	7.083316e-01
Hs.527989_at	0.220230	4.302840e-01	7.083316e-01
Hs.43297_at	-0.220230	4.302840e-01	7.083316e-01
Hs.444957_at	0.220230	4.302840e-01	7.083316e-01
Hs.510068_at	0.220230	4.302840e-01	7.083316e-01
Hs.126561_at	0.220230	4.302840e-01	7.083316e-01
Hs.652240_at	0.220230	4.302840e-01	7.083316e-01
Hs.528006_at	0.220230	4.302840e-01	7.083316e-01
Hs.251699_at	0.220230	4.302840e-01	7.083316e-01
Hs.40403_at	0.220230	4.302840e-01	7.083316e-01
Hs.97403_at	0.220230	4.302840e-01	7.083316e-01
Hs.632176_at	-0.220230	4.302840e-01	7.083316e-01
Hs.2859_at	0.220230	4.302840e-01	7.083316e-01
Hs.646137_at	0.220230	4.302840e-01	7.083316e-01
Hs.404183_at	0.220230	4.302840e-01	7.083316e-01
Hs.601988_at	0.220230	4.302840e-01	7.083316e-01
Hs.512693_at	-0.220230	4.302840e-01	7.083316e-01
Hs.22543_at	-0.220230	4.302840e-01	7.083316e-01
Hs.600876_at	0.220230	4.302840e-01	7.083316e-01
Hs.500047_at	-0.220230	4.302840e-01	7.083316e-01
Hs.515879_at	-0.220230	4.302840e-01	7.083316e-01
Hs.531785_at	0.220230	4.302840e-01	7.083316e-01
Hs.647421_at	0.220230	4.302840e-01	7.083316e-01
Hs.534333_at	-0.220230	4.302840e-01	7.083316e-01
Hs.80720_at	-0.220230	4.302840e-01	7.083316e-01
Hs.520757_at	-0.220230	4.302840e-01	7.083316e-01
Hs.624384_at	-0.220230	4.302840e-01	7.083316e-01
Hs.434284_at	0.220230	4.302840e-01	7.083316e-01
Hs.600648_at	0.220230	4.302840e-01	7.083316e-01
Hs.467554_at	0.220230	4.302840e-01	7.083316e-01
Hs.21026_at	0.220230	4.302840e-01	7.083316e-01
Hs.135181_at	-0.220230	4.302840e-01	7.083316e-01
Hs.3003_at	0.220230	4.302840e-01	7.083316e-01
Hs.516855_at	0.220230	4.302840e-01	7.083316e-01
Hs.567557_at	0.220230	4.302840e-01	7.083316e-01
Hs.179646_at	0.220230	4.302840e-01	7.083316e-01
Hs.348618_at	0.220230	4.302840e-01	7.083316e-01
Hs.534400_at	-0.220230	4.302840e-01	7.083316e-01
Hs.638747_at	0.220230	4.302840e-01	7.083316e-01
Hs.47668_at	-0.220230	4.302840e-01	7.083316e-01
Hs.368647_at	-0.220230	4.302840e-01	7.083316e-01
Hs.601502_at	0.220230	4.302840e-01	7.083316e-01
Hs.640836_at	-0.220230	4.302840e-01	7.083316e-01
Hs.591992_at	0.220230	4.302840e-01	7.083316e-01
Hs.515454_at	-0.220230	4.302840e-01	7.083316e-01
Hs.632048_at	0.220230	4.302840e-01	7.083316e-01
Hs.496897_at	-0.220230	4.302840e-01	7.083316e-01
Hs.13034_at	-0.220230	4.302840e-01	7.083316e-01
Hs.599225_at	0.220230	4.302840e-01	7.083316e-01
Hs.127112_at	0.220230	4.302840e-01	7.083316e-01
Hs.374668_at	0.220230	4.302840e-01	7.083316e-01
Hs.553733_at	0.220230	4.302840e-01	7.083316e-01
Hs.259046_at	0.220230	4.302840e-01	7.083316e-01
Hs.519514_at	0.220230	4.302840e-01	7.083316e-01
Hs.31431_at	0.220230	4.302840e-01	7.083316e-01
Hs.311187_at	0.220230	4.302840e-01	7.083316e-01
Hs.479119_at	0.220230	4.302840e-01	7.083316e-01
Hs.643889_at	-0.220230	4.302840e-01	7.083316e-01
Hs.128196_at	0.220230	4.302840e-01	7.083316e-01
Hs.644630_at	0.220230	4.302840e-01	7.083316e-01
Hs.190342_at	0.220230	4.302840e-01	7.083316e-01
Hs.156652_at	0.220230	4.302840e-01	7.083316e-01
Hs.632706_at	0.220230	4.302840e-01	7.083316e-01
Hs.532286_at	-0.220230	4.302840e-01	7.083316e-01
Hs.516788_at	-0.220230	4.302840e-01	7.083316e-01
Hs.21963_at	0.220230	4.302840e-01	7.083316e-01
Hs.647090_at	-0.220230	4.302840e-01	7.083316e-01
Hs.158339_at	0.220230	4.302840e-01	7.083316e-01
Hs.587325_at	0.220230	4.302840e-01	7.083316e-01
Hs.444552_at	0.220230	4.302840e-01	7.083316e-01
Hs.534613_at	0.220230	4.302840e-01	7.083316e-01
Hs.511175_at	0.220230	4.302840e-01	7.083316e-01
Hs.113287_at	0.220230	4.302840e-01	7.083316e-01
Hs.112895_at	0.220230	4.302840e-01	7.083316e-01
Hs.247711_at	0.220230	4.302840e-01	7.083316e-01
Hs.247744_at	0.220230	4.302840e-01	7.083316e-01
Hs.619144_at	-0.220230	4.302840e-01	7.083316e-01
Hs.443077_at	-0.220230	4.302840e-01	7.083316e-01
Hs.469820_at	-0.220230	4.302840e-01	7.083316e-01
Hs.567316_at	-0.220230	4.302840e-01	7.083316e-01
Hs.436900_at	0.220230	4.302840e-01	7.083316e-01
Hs.97220_at	0.220230	4.302840e-01	7.083316e-01
Hs.390599_at	-0.220230	4.302840e-01	7.083316e-01
Hs.19012_at	-0.220230	4.302840e-01	7.083316e-01
Hs.397729_at	-0.220230	4.302840e-01	7.083316e-01
Hs.522274_at	0.220230	4.302840e-01	7.083316e-01
Hs.258212_at	0.220230	4.302840e-01	7.083316e-01
Hs.631866_at	0.220230	4.302840e-01	7.083316e-01
Hs.333179_at	-0.220230	4.302840e-01	7.083316e-01
Hs.514941_at	0.220230	4.302840e-01	7.083316e-01
Hs.236572_at	0.220230	4.302840e-01	7.083316e-01
Hs.567236_at	0.220230	4.302840e-01	7.083316e-01
Hs.523131_at	-0.220230	4.302840e-01	7.083316e-01
Hs.523045_at	-0.220230	4.302840e-01	7.083316e-01
Hs.631742_at	-0.220230	4.302840e-01	7.083316e-01
Hs.129435_at	-0.220230	4.302840e-01	7.083316e-01
Hs.100921_at	-0.220230	4.302840e-01	7.083316e-01
Hs.26915_at	-0.220230	4.302840e-01	7.083316e-01
Hs.523467_at	0.220230	4.302840e-01	7.083316e-01
Hs.524094_at	-0.220230	4.302840e-01	7.083316e-01
Hs.13662_at	-0.220230	4.302840e-01	7.083316e-01
Hs.368348_at	-0.216619	4.380706e-01	7.138335e-01
Hs.470259_at	0.216619	4.380706e-01	7.138335e-01
Hs.649501_at	0.216619	4.380706e-01	7.138335e-01
Hs.568970_at	0.216619	4.380706e-01	7.138335e-01
Hs.99922_at	0.216619	4.380706e-01	7.138335e-01
Hs.142074_at	-0.216619	4.380706e-01	7.138335e-01
Hs.479066_at	-0.216619	4.380706e-01	7.138335e-01
Hs.471130_at	-0.216619	4.380706e-01	7.138335e-01
Hs.24485_at	-0.216619	4.380706e-01	7.138335e-01
Hs.595540_at	-0.216619	4.380706e-01	7.138335e-01
Hs.10056_at	-0.216619	4.380706e-01	7.138335e-01
Hs.50649_at	-0.216619	4.380706e-01	7.138335e-01
Hs.534525_at	0.216619	4.380706e-01	7.138335e-01
Hs.40919_at	-0.216619	4.380706e-01	7.138335e-01
Hs.484813_at	-0.216619	4.380706e-01	7.138335e-01
Hs.461214_at	0.216619	4.380706e-01	7.138335e-01
Hs.272794_at	-0.216619	4.380706e-01	7.138335e-01
Hs.594982_at	0.216619	4.380706e-01	7.138335e-01
Hs.133475_at	0.216619	4.380706e-01	7.138335e-01
Hs.274136_at	0.216619	4.380706e-01	7.138335e-01
Hs.525626_at	0.216619	4.380706e-01	7.138335e-01
Hs.163027_at	0.216619	4.380706e-01	7.138335e-01
Hs.132701_at	0.216619	4.380706e-01	7.138335e-01
Hs.423348_at	-0.216619	4.380706e-01	7.138335e-01
Hs.4221_at	0.216619	4.380706e-01	7.138335e-01
Hs.404289_at	-0.216619	4.380706e-01	7.138335e-01
Hs.631749_at	-0.216619	4.380706e-01	7.138335e-01
Hs.12929_at	-0.216619	4.380706e-01	7.138335e-01
Hs.559000-_at	-0.216619	4.380706e-01	7.138335e-01
Hs.480415_at	-0.216619	4.380706e-01	7.138335e-01
Hs.610124_at	0.216619	4.380706e-01	7.138335e-01
Hs.326728_at	0.216619	4.380706e-01	7.138335e-01
Hs.533683_at	0.216619	4.380706e-01	7.138335e-01
Hs.594424_at	-0.216619	4.380706e-01	7.138335e-01
Hs.540038_at	-0.216619	4.380706e-01	7.138335e-01
Hs.126664_at	0.216619	4.380706e-01	7.138335e-01
Hs.195391_at	0.216619	4.380706e-01	7.138335e-01
Hs.195403_at	0.216619	4.380706e-01	7.138335e-01
Hs.181867_at	-0.216619	4.380706e-01	7.138335e-01
Hs.370036_at	-0.216619	4.380706e-01	7.138335e-01
Hs.249200_at	-0.216619	4.380706e-01	7.138335e-01
Hs.433540_at	-0.216619	4.380706e-01	7.138335e-01
Hs.368944_at	-0.216619	4.380706e-01	7.138335e-01
Hs.284292_at	-0.216619	4.380706e-01	7.138335e-01
Hs.528300_at	-0.216619	4.380706e-01	7.138335e-01
Hs.439381_at	-0.216619	4.380706e-01	7.138335e-01
Hs.50640_at	0.216619	4.380706e-01	7.138335e-01
Hs.591637_at	-0.216619	4.380706e-01	7.138335e-01
Hs.507290_at	0.216619	4.380706e-01	7.138335e-01
Hs.440959_at	0.216619	4.380706e-01	7.138335e-01
Hs.406696_at	0.216619	4.380706e-01	7.138335e-01
Hs.184233_at	0.216619	4.380706e-01	7.138335e-01
Hs.591495_at	0.216619	4.380706e-01	7.138335e-01
Hs.647061_at	0.216619	4.380706e-01	7.138335e-01
Hs.300076_at	0.216619	4.380706e-01	7.138335e-01
Hs.587231_at	-0.216619	4.380706e-01	7.138335e-01
Hs.652414_at	-0.216619	4.380706e-01	7.138335e-01
Hs.254642_at	-0.216619	4.380706e-01	7.138335e-01
Hs.120950_at	0.216619	4.380706e-01	7.138335e-01
Hs.464438_at	0.216619	4.380706e-01	7.138335e-01
Hs.504096_at	-0.216619	4.380706e-01	7.138335e-01
Hs.434202_at	0.216619	4.380706e-01	7.138335e-01
Hs.37890_at	0.216619	4.380706e-01	7.138335e-01
Hs.437655_at	0.216619	4.380706e-01	7.138335e-01
Hs.567807_at	0.216619	4.380706e-01	7.138335e-01
Hs.194694_at	0.216619	4.380706e-01	7.138335e-01
Hs.434130_at	0.216619	4.380706e-01	7.138335e-01
Hs.20013_at	0.216619	4.380706e-01	7.138335e-01
Hs.224630_at	0.216619	4.380706e-01	7.138335e-01
Hs.647450_at	-0.216619	4.380706e-01	7.138335e-01
Hs.585433_at	0.216619	4.380706e-01	7.138335e-01
Hs.608610_at	0.216619	4.380706e-01	7.138335e-01
Hs.448003_at	-0.216619	4.380706e-01	7.138335e-01
Hs.62645_at	-0.216619	4.380706e-01	7.138335e-01
Hs.15200_at	-0.216619	4.380706e-01	7.138335e-01
Hs.218040_at	0.216619	4.380706e-01	7.138335e-01
Hs.219140_at	0.216619	4.380706e-01	7.138335e-01
Hs.515369_at	0.216619	4.380706e-01	7.138335e-01
Hs.607349_at	0.216619	4.380706e-01	7.138335e-01
Hs.646346_at	0.216619	4.380706e-01	7.138335e-01
Hs.497448_at	-0.216619	4.380706e-01	7.138335e-01
Hs.31130_at	-0.216619	4.380706e-01	7.138335e-01
Hs.567268_at	0.216619	4.380706e-01	7.138335e-01
Hs.474384_at	-0.216619	4.380706e-01	7.138335e-01
Hs.434311_at	0.216619	4.380706e-01	7.138335e-01
Hs.448979_at	-0.216619	4.380706e-01	7.138335e-01
Hs.578684_at	0.216619	4.380706e-01	7.138335e-01
Hs.520414_at	0.216619	4.380706e-01	7.138335e-01
Hs.526975_at	-0.216619	4.380706e-01	7.138335e-01
Hs.534189_at	-0.216619	4.380706e-01	7.138335e-01
Hs.465829_at	0.216619	4.380706e-01	7.138335e-01
Hs.4205_at	0.216619	4.380706e-01	7.138335e-01
Hs.172613_at	0.216619	4.380706e-01	7.138335e-01
Hs.309403_at	0.216619	4.380706e-01	7.138335e-01
Hs.313471_at	0.216619	4.380706e-01	7.138335e-01
Hs.652143_at	-0.216619	4.380706e-01	7.138335e-01
Hs.464733_at	-0.216619	4.380706e-01	7.138335e-01
Hs.652145_at	-0.216619	4.380706e-01	7.138335e-01
Hs.30345_at	-0.216619	4.380706e-01	7.138335e-01
Hs.303609_at	0.216619	4.380706e-01	7.138335e-01
Hs.652149_at	-0.216619	4.380706e-01	7.138335e-01
Hs.278695_at	0.216619	4.380706e-01	7.138335e-01
Hs.128103_at	0.216619	4.380706e-01	7.138335e-01
Hs.248164_at	0.216619	4.380706e-01	7.138335e-01
Hs.534457_at	-0.216619	4.380706e-01	7.138335e-01
Hs.615131_at	0.216619	4.380706e-01	7.138335e-01
Hs.478481_at	0.216619	4.380706e-01	7.138335e-01
Hs.517172_at	-0.216619	4.380706e-01	7.138335e-01
Hs.356664_at	0.216619	4.380706e-01	7.138335e-01
Hs.213467_at	0.216619	4.380706e-01	7.138335e-01
Hs.637706_at	0.216619	4.380706e-01	7.138335e-01
Hs.183646_at	-0.216619	4.380706e-01	7.138335e-01
Hs.591033_at	0.216619	4.380706e-01	7.138335e-01
Hs.463511_at	0.216619	4.380706e-01	7.138335e-01
Hs.32766_at	-0.216619	4.380706e-01	7.138335e-01
Hs.585619_at	0.216619	4.380706e-01	7.138335e-01
Hs.567387_at	-0.216619	4.380706e-01	7.138335e-01
Hs.274408_at	0.216619	4.380706e-01	7.138335e-01
Hs.1011_at	0.216619	4.380706e-01	7.138335e-01
Hs.631589_at	0.216619	4.380706e-01	7.138335e-01
Hs.120267_at	-0.216619	4.380706e-01	7.138335e-01
Hs.1650_at	0.216619	4.380706e-01	7.138335e-01
Hs.100322_at	-0.216619	4.380706e-01	7.138335e-01
Hs.103156_at	-0.216619	4.380706e-01	7.138335e-01
Hs.523550_at	0.216619	4.380706e-01	7.138335e-01
Hs.462859_at	-0.213009	4.459277e-01	7.191077e-01
Hs.234521_at	0.213009	4.459277e-01	7.191077e-01
Hs.23388_at	-0.213009	4.459277e-01	7.191077e-01
Hs.98330_at	0.213009	4.459277e-01	7.191077e-01
Hs.134215_at	0.213009	4.459277e-01	7.191077e-01
Hs.163645_at	-0.213009	4.459277e-01	7.191077e-01
Hs.617023_at	0.213009	4.459277e-01	7.191077e-01
Hs.125039_at	-0.213009	4.459277e-01	7.191077e-01
Hs.407506_at	0.213009	4.459277e-01	7.191077e-01
Hs.432132_at	0.213009	4.459277e-01	7.191077e-01
Hs.162025_at	-0.213009	4.459277e-01	7.191077e-01
Hs.436667_at	0.213009	4.459277e-01	7.191077e-01
Hs.298250_at	0.213009	4.459277e-01	7.191077e-01
Hs.212838_at	0.213009	4.459277e-01	7.191077e-01
Hs.292570_at	0.213009	4.459277e-01	7.191077e-01
Hs.846_at	-0.213009	4.459277e-01	7.191077e-01
Hs.635318_at	0.213009	4.459277e-01	7.191077e-01
Hs.515475_at	0.213009	4.459277e-01	7.191077e-01
Hs.597390_at	0.213009	4.459277e-01	7.191077e-01
Hs.594938_at	-0.213009	4.459277e-01	7.191077e-01
Hs.626042_at	0.213009	4.459277e-01	7.191077e-01
Hs.627962_at	0.213009	4.459277e-01	7.191077e-01
Hs.113216_at	0.213009	4.459277e-01	7.191077e-01
Hs.414362_at	0.213009	4.459277e-01	7.191077e-01
Hs.304020_at	-0.213009	4.459277e-01	7.191077e-01
Hs.517817_at	-0.213009	4.459277e-01	7.191077e-01
Hs.126248_at	-0.213009	4.459277e-01	7.191077e-01
Hs.584868_at	0.213009	4.459277e-01	7.191077e-01
Hs.460885_at	-0.213009	4.459277e-01	7.191077e-01
Hs.613797_at	-0.213009	4.459277e-01	7.191077e-01
Hs.612084_at	-0.213009	4.459277e-01	7.191077e-01
Hs.145517_at	-0.213009	4.459277e-01	7.191077e-01
Hs.607889_at	0.213009	4.459277e-01	7.191077e-01
Hs.569932_at	0.213009	4.459277e-01	7.191077e-01
Hs.638941_at	0.213009	4.459277e-01	7.191077e-01
Hs.652898_at	0.213009	4.459277e-01	7.191077e-01
Hs.624588_at	-0.213009	4.459277e-01	7.191077e-01
Hs.599325_at	0.213009	4.459277e-01	7.191077e-01
Hs.282624_at	0.213009	4.459277e-01	7.191077e-01
Hs.631945_at	0.213009	4.459277e-01	7.191077e-01
Hs.527919_at	-0.213009	4.459277e-01	7.191077e-01
Hs.438838_at	-0.213009	4.459277e-01	7.191077e-01
Hs.302513_at	0.213009	4.459277e-01	7.191077e-01
Hs.531642_at	0.213009	4.459277e-01	7.191077e-01
Hs.303090_at	0.213009	4.459277e-01	7.191077e-01
Hs.533803_at	-0.213009	4.459277e-01	7.191077e-01
Hs.380774_at	-0.213009	4.459277e-01	7.191077e-01
Hs.437141_at	0.213009	4.459277e-01	7.191077e-01
Hs.436944_at	0.213009	4.459277e-01	7.191077e-01
Hs.521456_at	0.213009	4.459277e-01	7.191077e-01
Hs.521087_at	0.213009	4.459277e-01	7.191077e-01
Hs.483209_at	-0.213009	4.459277e-01	7.191077e-01
Hs.436383_at	-0.213009	4.459277e-01	7.191077e-01
Hs.626108_at	-0.213009	4.459277e-01	7.191077e-01
Hs.379097_at	0.213009	4.459277e-01	7.191077e-01
Hs.438336_at	-0.213009	4.459277e-01	7.191077e-01
Hs.465025_at	0.213009	4.459277e-01	7.191077e-01
Hs.121520_at	-0.213009	4.459277e-01	7.191077e-01
Hs.207745_at	-0.213009	4.459277e-01	7.191077e-01
Hs.535898+_at	0.213009	4.459277e-01	7.191077e-01
Hs.446065_at	-0.213009	4.459277e-01	7.191077e-01
Hs.618882_at	0.213009	4.459277e-01	7.191077e-01
Hs.42896_at	0.213009	4.459277e-01	7.191077e-01
Hs.429666_at	-0.213009	4.459277e-01	7.191077e-01
Hs.128193_at	-0.213009	4.459277e-01	7.191077e-01
Hs.504284_at	-0.213009	4.459277e-01	7.191077e-01
Hs.475353_at	0.213009	4.459277e-01	7.191077e-01
Hs.593316_at	-0.213009	4.459277e-01	7.191077e-01
Hs.215766_at	0.213009	4.459277e-01	7.191077e-01
Hs.352298_at	-0.213009	4.459277e-01	7.191077e-01
Hs.506861_at	0.213009	4.459277e-01	7.191077e-01
Hs.354068_at	-0.213009	4.459277e-01	7.191077e-01
Hs.507333_at	-0.213009	4.459277e-01	7.191077e-01
Hs.112791_at	0.213009	4.459277e-01	7.191077e-01
Hs.643456_at	0.213009	4.459277e-01	7.191077e-01
Hs.519337_at	-0.213009	4.459277e-01	7.191077e-01
Hs.632133_at	0.213009	4.459277e-01	7.191077e-01
Hs.519702_at	-0.213009	4.459277e-01	7.191077e-01
Hs.400432_at	-0.213009	4.459277e-01	7.191077e-01
Hs.500721_at	-0.213009	4.459277e-01	7.191077e-01
Hs.80539_at	0.213009	4.459277e-01	7.191077e-01
Hs.40061_at	-0.213009	4.459277e-01	7.191077e-01
Hs.382151_at	0.213009	4.459277e-01	7.191077e-01
Hs.462529_at	0.213009	4.459277e-01	7.191077e-01
Hs.445511_at	0.213009	4.459277e-01	7.191077e-01
Hs.8526_at	-0.213009	4.459277e-01	7.191077e-01
Hs.411600_at	-0.213009	4.459277e-01	7.191077e-01
Hs.178098_at	-0.213009	4.459277e-01	7.191077e-01
Hs.591729_at	-0.213009	4.459277e-01	7.191077e-01
Hs.585245_at	0.213009	4.459277e-01	7.191077e-01
Hs.306322_at	0.213009	4.459277e-01	7.191077e-01
Hs.445030_at	0.213009	4.459277e-01	7.191077e-01
Hs.481186_at	-0.213009	4.459277e-01	7.191077e-01
Hs.319334_at	-0.213009	4.459277e-01	7.191077e-01
Hs.495112_at	0.213009	4.459277e-01	7.191077e-01
Hs.591733_at	-0.213009	4.459277e-01	7.191077e-01
Hs.631744_at	0.213009	4.459277e-01	7.191077e-01
Hs.192237_at	0.213009	4.459277e-01	7.191077e-01
Hs.49573_at	-0.213009	4.459277e-01	7.191077e-01
Hs.78183_at	-0.213009	4.459277e-01	7.191077e-01
Hs.594240_at	-0.213009	4.459277e-01	7.191077e-01
Hs.5148_at	-0.213009	4.459277e-01	7.191077e-01
Hs.98244_at	-0.213009	4.459277e-01	7.191077e-01
Hs.49407_at	0.213009	4.459277e-01	7.191077e-01
Hs.387623_at	0.213009	4.459277e-01	7.191077e-01
Hs.460298_at	0.213009	4.459277e-01	7.191077e-01
Hs.119889_at	0.213009	4.459277e-01	7.191077e-01
Hs.58042_at	0.213009	4.459277e-01	7.191077e-01
Hs.268742_at	-0.213009	4.459277e-01	7.191077e-01
Hs.98445_at	-0.213009	4.459277e-01	7.191077e-01
Hs.26704_at	-0.213009	4.459277e-01	7.191077e-01
Hs.26506_at	0.213009	4.459277e-01	7.191077e-01
Hs.12970_at	-0.213009	4.459277e-01	7.191077e-01
Hs.113684_at	0.213009	4.459277e-01	7.191077e-01
Hs.591412_at	-0.213009	4.459277e-01	7.191077e-01
Hs.150580_at	0.213009	4.459277e-01	7.191077e-01
Hs.495419_at	-0.213009	4.459277e-01	7.191077e-01
Hs.66726_at	0.213009	4.459277e-01	7.191077e-01
Hs.448941_at	0.213009	4.459277e-01	7.191077e-01
Hs.323833_at	0.213009	4.459277e-01	7.191077e-01
Hs.333509_at	0.213009	4.459277e-01	7.191077e-01
Hs.591856_at	-0.213009	4.459277e-01	7.191077e-01
Hs.512843_at	0.213009	4.459277e-01	7.191077e-01
Hs.6061_at	0.213009	4.459277e-01	7.191077e-01
Hs.461074_at	-0.213009	4.459277e-01	7.191077e-01
Hs.94070_at	0.213009	4.459277e-01	7.191077e-01
Hs.99141_at	0.213009	4.459277e-01	7.191077e-01
Hs.631638_at	-0.213009	4.459277e-01	7.191077e-01
Hs.631699_at	-0.213009	4.459277e-01	7.191077e-01
Hs.445489_at	-0.209399	4.538548e-01	7.240400e-01
Hs.652215_at	0.209399	4.538548e-01	7.240400e-01
Hs.652199_at	-0.209399	4.538548e-01	7.240400e-01
Hs.274337_at	-0.209399	4.538548e-01	7.240400e-01
Hs.550274-_at	-0.209399	4.538548e-01	7.240400e-01
Hs.382317_at	0.209399	4.538548e-01	7.240400e-01
Hs.449718_at	0.209399	4.538548e-01	7.240400e-01
Hs.567889_at	0.209399	4.538548e-01	7.240400e-01
Hs.577252_at	-0.209399	4.538548e-01	7.240400e-01
Hs.301853_at	0.209399	4.538548e-01	7.240400e-01
Hs.608046_at	0.209399	4.538548e-01	7.240400e-01
Hs.608078_at	-0.209399	4.538548e-01	7.240400e-01
Hs.30579_at	-0.209399	4.538548e-01	7.240400e-01
Hs.652213_at	-0.209399	4.538548e-01	7.240400e-01
Hs.502612_at	0.209399	4.538548e-01	7.240400e-01
Hs.584654_at	0.209399	4.538548e-01	7.240400e-01
Hs.291000_at	0.209399	4.538548e-01	7.240400e-01
Hs.291196_at	0.209399	4.538548e-01	7.240400e-01
Hs.501511_at	-0.209399	4.538548e-01	7.240400e-01
Hs.621324_at	0.209399	4.538548e-01	7.240400e-01
Hs.570546_at	0.209399	4.538548e-01	7.240400e-01
Hs.604630_at	0.209399	4.538548e-01	7.240400e-01
Hs.125482_at	-0.209399	4.538548e-01	7.240400e-01
Hs.352548_at	0.209399	4.538548e-01	7.240400e-01
Hs.408236_at	-0.209399	4.538548e-01	7.240400e-01
Hs.889_at	-0.209399	4.538548e-01	7.240400e-01
Hs.644724_at	-0.209399	4.538548e-01	7.240400e-01
Hs.651168_at	-0.209399	4.538548e-01	7.240400e-01
Hs.533446_at	-0.209399	4.538548e-01	7.240400e-01
Hs.513094_at	-0.209399	4.538548e-01	7.240400e-01
Hs.23217_at	0.209399	4.538548e-01	7.240400e-01
Hs.231850_at	-0.209399	4.538548e-01	7.240400e-01
Hs.633362_at	0.209399	4.538548e-01	7.240400e-01
Hs.235390_at	-0.209399	4.538548e-01	7.240400e-01
Hs.513242_at	0.209399	4.538548e-01	7.240400e-01
Hs.389461_at	-0.209399	4.538548e-01	7.240400e-01
Hs.594906_at	0.209399	4.538548e-01	7.240400e-01
Hs.322431_at	0.209399	4.538548e-01	7.240400e-01
Hs.532469_at	-0.209399	4.538548e-01	7.240400e-01
Hs.369368_at	0.209399	4.538548e-01	7.240400e-01
Hs.466871_at	0.209399	4.538548e-01	7.240400e-01
Hs.126357_at	-0.209399	4.538548e-01	7.240400e-01
Hs.591563_at	-0.209399	4.538548e-01	7.240400e-01
Hs.539880-_at	-0.209399	4.538548e-01	7.240400e-01
Hs.440382_at	-0.209399	4.538548e-01	7.240400e-01
Hs.208600_at	0.209399	4.538548e-01	7.240400e-01
Hs.152432_at	0.209399	4.538548e-01	7.240400e-01
Hs.12723_at	-0.209399	4.538548e-01	7.240400e-01
Hs.82002_at	-0.209399	4.538548e-01	7.240400e-01
Hs.467408_at	0.209399	4.538548e-01	7.240400e-01
Hs.159430_at	-0.209399	4.538548e-01	7.240400e-01
Hs.438550_at	-0.209399	4.538548e-01	7.240400e-01
Hs.434453_at	0.209399	4.538548e-01	7.240400e-01
Hs.118640_at	0.209399	4.538548e-01	7.240400e-01
Hs.511956_at	0.209399	4.538548e-01	7.240400e-01
Hs.445098_at	-0.209399	4.538548e-01	7.240400e-01
Hs.17892_at	0.209399	4.538548e-01	7.240400e-01
Hs.143102_at	0.209399	4.538548e-01	7.240400e-01
Hs.244580_at	-0.209399	4.538548e-01	7.240400e-01
Hs.534261_at	-0.209399	4.538548e-01	7.240400e-01
Hs.9196_at	0.209399	4.538548e-01	7.240400e-01
Hs.94395_at	0.209399	4.538548e-01	7.240400e-01
Hs.15827_at	-0.209399	4.538548e-01	7.240400e-01
Hs.587345_at	-0.209399	4.538548e-01	7.240400e-01
Hs.515634_at	0.209399	4.538548e-01	7.240400e-01
Hs.591219_at	0.209399	4.538548e-01	7.240400e-01
Hs.436939_at	-0.209399	4.538548e-01	7.240400e-01
Hs.436893_at	-0.209399	4.538548e-01	7.240400e-01
Hs.27836_at	0.209399	4.538548e-01	7.240400e-01
Hs.598731-_at	0.209399	4.538548e-01	7.240400e-01
Hs.468058_at	0.209399	4.538548e-01	7.240400e-01
Hs.600970_at	-0.209399	4.538548e-01	7.240400e-01
Hs.19977_at	-0.209399	4.538548e-01	7.240400e-01
Hs.608775-_at	0.209399	4.538548e-01	7.240400e-01
Hs.439074_at	0.209399	4.538548e-01	7.240400e-01
Hs.632015_at	0.209399	4.538548e-01	7.240400e-01
Hs.520287_at	-0.209399	4.538548e-01	7.240400e-01
Hs.279887_at	0.209399	4.538548e-01	7.240400e-01
Hs.597703_at	0.209399	4.538548e-01	7.240400e-01
Hs.497967_at	-0.209399	4.538548e-01	7.240400e-01
Hs.127486_at	-0.209399	4.538548e-01	7.240400e-01
Hs.624324_at	-0.209399	4.538548e-01	7.240400e-01
Hs.449076_at	-0.209399	4.538548e-01	7.240400e-01
Hs.369068_at	0.209399	4.538548e-01	7.240400e-01
Hs.615249_at	-0.209399	4.538548e-01	7.240400e-01
Hs.621346_at	-0.209399	4.538548e-01	7.240400e-01
Hs.411312_at	0.209399	4.538548e-01	7.240400e-01
Hs.134729_at	0.209399	4.538548e-01	7.240400e-01
Hs.74124_at	0.209399	4.538548e-01	7.240400e-01
Hs.180142_at	0.209399	4.538548e-01	7.240400e-01
Hs.561054_at	-0.209399	4.538548e-01	7.240400e-01
Hs.134514_at	0.209399	4.538548e-01	7.240400e-01
Hs.651176_at	0.209399	4.538548e-01	7.240400e-01
Hs.486466_at	-0.209399	4.538548e-01	7.240400e-01
Hs.647042_at	0.209399	4.538548e-01	7.240400e-01
Hs.477921_at	0.209399	4.538548e-01	7.240400e-01
Hs.649433_at	-0.209399	4.538548e-01	7.240400e-01
Hs.434116_at	0.209399	4.538548e-01	7.240400e-01
Hs.603218_at	-0.209399	4.538548e-01	7.240400e-01
Hs.505077_at	-0.209399	4.538548e-01	7.240400e-01
Hs.389874_at	0.209399	4.538548e-01	7.240400e-01
Hs.390420_at	-0.209399	4.538548e-01	7.240400e-01
Hs.465475_at	0.209399	4.538548e-01	7.240400e-01
Hs.195979_at	-0.209399	4.538548e-01	7.240400e-01
Hs.332138_at	0.209399	4.538548e-01	7.240400e-01
Hs.634175_at	-0.209399	4.538548e-01	7.240400e-01
Hs.533709_at	-0.209399	4.538548e-01	7.240400e-01
Hs.147128_at	-0.209399	4.538548e-01	7.240400e-01
Hs.437259_at	0.209399	4.538548e-01	7.240400e-01
Hs.591026_at	0.209399	4.538548e-01	7.240400e-01
Hs.435103_at	-0.209399	4.538548e-01	7.240400e-01
Hs.104223_at	-0.209399	4.538548e-01	7.240400e-01
Hs.269990_at	0.209399	4.538548e-01	7.240400e-01
Hs.271614_at	-0.209399	4.538548e-01	7.240400e-01
Hs.100866_at	-0.209399	4.538548e-01	7.240400e-01
Hs.272803_at	-0.209399	4.538548e-01	7.240400e-01
Hs.191911_at	-0.209399	4.538548e-01	7.240400e-01
Hs.49421_at	0.209399	4.538548e-01	7.240400e-01
Hs.608867_at	-0.209399	4.538548e-01	7.240400e-01
Hs.646787_at	0.209399	4.538548e-01	7.240400e-01
Hs.127951_at	0.209399	4.538548e-01	7.240400e-01
Hs.169330_at	0.209399	4.538548e-01	7.240400e-01
Hs.646895_at	0.209399	4.538548e-01	7.240400e-01
Hs.112680_at	0.209399	4.538548e-01	7.240400e-01
Hs.125914_at	0.209399	4.538548e-01	7.240400e-01
Hs.369624_at	-0.209399	4.538548e-01	7.240400e-01
Hs.284630_at	0.209399	4.538548e-01	7.240400e-01
Hs.518417_at	-0.209399	4.538548e-01	7.240400e-01
Hs.494875_at	0.209399	4.538548e-01	7.240400e-01
Hs.592243_at	-0.209399	4.538548e-01	7.240400e-01
Hs.652375_at	-0.209399	4.538548e-01	7.240400e-01
Hs.148105_at	0.209399	4.538548e-01	7.240400e-01
Hs.445555_at	-0.209399	4.538548e-01	7.240400e-01
Hs.147816_at	0.209399	4.538548e-01	7.240400e-01
Hs.103527_at	0.209399	4.538548e-01	7.240400e-01
Hs.180877_at	0.205788	4.618511e-01	7.292635e-01
Hs.486031_at	-0.205788	4.618511e-01	7.292635e-01
Hs.647118_at	0.205788	4.618511e-01	7.292635e-01
Hs.163893_at	-0.205788	4.618511e-01	7.292635e-01
Hs.410830_at	-0.205788	4.618511e-01	7.292635e-01
Hs.166371_at	0.205788	4.618511e-01	7.292635e-01
Hs.167017_at	0.205788	4.618511e-01	7.292635e-01
Hs.628393_at	-0.205788	4.618511e-01	7.292635e-01
Hs.247077_at	-0.205788	4.618511e-01	7.292635e-01
Hs.9383_at	-0.205788	4.618511e-01	7.292635e-01
Hs.494321_at	-0.205788	4.618511e-01	7.292635e-01
Hs.105134_at	-0.205788	4.618511e-01	7.292635e-01
Hs.435126_at	0.205788	4.618511e-01	7.292635e-01
Hs.275865_at	-0.205788	4.618511e-01	7.292635e-01
Hs.194686_at	-0.205788	4.618511e-01	7.292635e-01
Hs.129493_at	0.205788	4.618511e-01	7.292635e-01
Hs.525134_at	0.205788	4.618511e-01	7.292635e-01
Hs.551042-_at	0.205788	4.618511e-01	7.292635e-01
Hs.382669_at	0.205788	4.618511e-01	7.292635e-01
Hs.386299_at	-0.205788	4.618511e-01	7.292635e-01
Hs.424589_at	-0.205788	4.618511e-01	7.292635e-01
Hs.126958_at	0.205788	4.618511e-01	7.292635e-01
Hs.445315_at	-0.205788	4.618511e-01	7.292635e-01
Hs.534331_at	-0.205788	4.618511e-01	7.292635e-01
Hs.101674_at	0.205788	4.618511e-01	7.292635e-01
Hs.386365_at	0.205788	4.618511e-01	7.292635e-01
Hs.32470_at	-0.205788	4.618511e-01	7.292635e-01
Hs.26703_at	0.205788	4.618511e-01	7.292635e-01
Hs.578918_at	0.205788	4.618511e-01	7.292635e-01
Hs.580076_at	0.205788	4.618511e-01	7.292635e-01
Hs.50607_at	0.205788	4.618511e-01	7.292635e-01
Hs.326391_at	-0.205788	4.618511e-01	7.292635e-01
Hs.326805_at	-0.205788	4.618511e-01	7.292635e-01
Hs.480653_at	-0.205788	4.618511e-01	7.292635e-01
Hs.513667_at	0.205788	4.618511e-01	7.292635e-01
Hs.521800_at	0.205788	4.618511e-01	7.292635e-01
Hs.117545_at	0.205788	4.618511e-01	7.292635e-01
Hs.652134_at	-0.205788	4.618511e-01	7.292635e-01
Hs.417710_at	0.205788	4.618511e-01	7.292635e-01
Hs.591741_at	0.205788	4.618511e-01	7.292635e-01
Hs.466039_at	-0.205788	4.618511e-01	7.292635e-01
Hs.163079_at	0.205788	4.618511e-01	7.292635e-01
Hs.416848_at	0.205788	4.618511e-01	7.292635e-01
Hs.156291_at	-0.205788	4.618511e-01	7.292635e-01
Hs.355934_at	0.205788	4.618511e-01	7.292635e-01
Hs.603691_at	-0.205788	4.618511e-01	7.292635e-01
Hs.123352_at	-0.205788	4.618511e-01	7.292635e-01
Hs.222494_at	0.205788	4.618511e-01	7.292635e-01
Hs.75694_at	-0.205788	4.618511e-01	7.292635e-01
Hs.477114_at	-0.205788	4.618511e-01	7.292635e-01
Hs.75640_at	0.205788	4.618511e-01	7.292635e-01
Hs.531704_at	-0.205788	4.618511e-01	7.292635e-01
Hs.515478_at	0.205788	4.618511e-01	7.292635e-01
Hs.474251_at	0.205788	4.618511e-01	7.292635e-01
Hs.44685_at	-0.205788	4.618511e-01	7.292635e-01
Hs.621519_at	0.205788	4.618511e-01	7.292635e-01
Hs.502528_at	-0.205788	4.618511e-01	7.292635e-01
Hs.584839_at	0.205788	4.618511e-01	7.292635e-01
Hs.462390_at	0.205788	4.618511e-01	7.292635e-01
Hs.388715_at	0.205788	4.618511e-01	7.292635e-01
Hs.374043_at	0.205788	4.618511e-01	7.292635e-01
Hs.552091_at	0.205788	4.618511e-01	7.292635e-01
Hs.159448_at	0.205788	4.618511e-01	7.292635e-01
Hs.253806_at	0.205788	4.618511e-01	7.292635e-01
Hs.567522_at	0.205788	4.618511e-01	7.292635e-01
Hs.567525_at	0.205788	4.618511e-01	7.292635e-01
Hs.467862_at	-0.205788	4.618511e-01	7.292635e-01
Hs.527078_at	-0.205788	4.618511e-01	7.292635e-01
Hs.651326_at	-0.205788	4.618511e-01	7.292635e-01
Hs.448218_at	0.205788	4.618511e-01	7.292635e-01
Hs.631846_at	0.205788	4.618511e-01	7.292635e-01
Hs.594768_at	0.205788	4.618511e-01	7.292635e-01
Hs.351316_at	0.205788	4.618511e-01	7.292635e-01
Hs.606653_at	0.205788	4.618511e-01	7.292635e-01
Hs.116153_at	0.205788	4.618511e-01	7.292635e-01
Hs.618430_at	-0.205788	4.618511e-01	7.292635e-01
Hs.408333_at	0.205788	4.618511e-01	7.292635e-01
Hs.419126_at	0.205788	4.618511e-01	7.292635e-01
Hs.613865_at	0.205788	4.618511e-01	7.292635e-01
Hs.464469_at	0.205788	4.618511e-01	7.292635e-01
Hs.588900_at	-0.205788	4.618511e-01	7.292635e-01
Hs.357567_at	-0.205788	4.618511e-01	7.292635e-01
Hs.13438_at	-0.205788	4.618511e-01	7.292635e-01
Hs.609469_at	0.205788	4.618511e-01	7.292635e-01
Hs.512744_at	0.205788	4.618511e-01	7.292635e-01
Hs.20157_at	-0.205788	4.618511e-01	7.292635e-01
Hs.369471_at	0.205788	4.618511e-01	7.292635e-01
Hs.513975_at	0.205788	4.618511e-01	7.292635e-01
Hs.536953_at	0.205788	4.618511e-01	7.292635e-01
Hs.592723_at	-0.205788	4.618511e-01	7.292635e-01
Hs.536275_at	0.205788	4.618511e-01	7.292635e-01
Hs.512156_at	0.205788	4.618511e-01	7.292635e-01
Hs.288773_at	-0.205788	4.618511e-01	7.292635e-01
Hs.647069_at	0.205788	4.618511e-01	7.292635e-01
Hs.649238_at	0.205788	4.618511e-01	7.292635e-01
Hs.208093_at	-0.205788	4.618511e-01	7.292635e-01
Hs.421245_at	-0.205788	4.618511e-01	7.292635e-01
Hs.522605_at	0.205788	4.618511e-01	7.292635e-01
Hs.177744_at	-0.205788	4.618511e-01	7.292635e-01
Hs.416755_at	0.205788	4.618511e-01	7.292635e-01
Hs.652156_at	0.205788	4.618511e-01	7.292635e-01
Hs.181444_at	-0.205788	4.618511e-01	7.292635e-01
Hs.408142_at	0.205788	4.618511e-01	7.292635e-01
Hs.592292_at	0.205788	4.618511e-01	7.292635e-01
Hs.631861_at	0.205788	4.618511e-01	7.292635e-01
Hs.648675_at	0.205788	4.618511e-01	7.292635e-01
Hs.171384_at	-0.205788	4.618511e-01	7.292635e-01
Hs.171480_at	0.205788	4.618511e-01	7.292635e-01
Hs.652829_at	0.205788	4.618511e-01	7.292635e-01
Hs.602085_at	0.205788	4.618511e-01	7.292635e-01
Hs.204575_at	-0.205788	4.618511e-01	7.292635e-01
Hs.519005_at	-0.205788	4.618511e-01	7.292635e-01
Hs.97358_at	0.205788	4.618511e-01	7.292635e-01
Hs.642618_at	-0.205788	4.618511e-01	7.292635e-01
Hs.335933_at	0.205788	4.618511e-01	7.292635e-01
Hs.122038_at	0.205788	4.618511e-01	7.292635e-01
Hs.224137_at	-0.205788	4.618511e-01	7.292635e-01
Hs.591486_at	0.205788	4.618511e-01	7.292635e-01
Hs.253146_at	0.205788	4.618511e-01	7.292635e-01
Hs.544835+_at	-0.205788	4.618511e-01	7.292635e-01
Hs.608049_at	0.205788	4.618511e-01	7.292635e-01
Hs.306220_at	0.205788	4.618511e-01	7.292635e-01
Hs.585084_at	0.205788	4.618511e-01	7.292635e-01
Hs.459858_at	0.205788	4.618511e-01	7.292635e-01
Hs.471405_at	0.205788	4.618511e-01	7.292635e-01
Hs.99272_at	0.205788	4.618511e-01	7.292635e-01
Hs.103142_at	0.205788	4.618511e-01	7.292635e-01
Hs.136697_at	0.205788	4.618511e-01	7.292635e-01
Hs.267632_at	-0.205788	4.618511e-01	7.292635e-01
Hs.102308_at	0.205788	4.618511e-01	7.292635e-01
Hs.532691_at	0.202178	4.699160e-01	7.340313e-01
Hs.466775_at	-0.202178	4.699160e-01	7.340313e-01
Hs.441047_at	0.202178	4.699160e-01	7.340313e-01
Hs.622425_at	-0.202178	4.699160e-01	7.340313e-01
Hs.100912_at	-0.202178	4.699160e-01	7.340313e-01
Hs.524502_at	0.202178	4.699160e-01	7.340313e-01
Hs.382074_at	0.202178	4.699160e-01	7.340313e-01
Hs.521954_at	0.202178	4.699160e-01	7.340313e-01
Hs.492333_at	-0.202178	4.699160e-01	7.340313e-01
Hs.98377_at	0.202178	4.699160e-01	7.340313e-01
Hs.98470_at	0.202178	4.699160e-01	7.340313e-01
Hs.595701_at	0.202178	4.699160e-01	7.340313e-01
Hs.271014_at	-0.202178	4.699160e-01	7.340313e-01
Hs.380887_at	-0.202178	4.699160e-01	7.340313e-01
Hs.387262_at	-0.202178	4.699160e-01	7.340313e-01
Hs.270621_at	0.202178	4.699160e-01	7.340313e-01
Hs.435479_at	0.202178	4.699160e-01	7.340313e-01
Hs.307962_at	-0.202178	4.699160e-01	7.340313e-01
Hs.179770_at	0.202178	4.699160e-01	7.340313e-01
Hs.609963_at	0.202178	4.699160e-01	7.340313e-01
Hs.162209_at	0.202178	4.699160e-01	7.340313e-01
Hs.512898_at	0.202178	4.699160e-01	7.340313e-01
Hs.75348_at	0.202178	4.699160e-01	7.340313e-01
Hs.133444_at	0.202178	4.699160e-01	7.340313e-01
Hs.13318_at	-0.202178	4.699160e-01	7.340313e-01
Hs.369188_at	0.202178	4.699160e-01	7.340313e-01
Hs.288658_at	0.202178	4.699160e-01	7.340313e-01
Hs.569397_at	0.202178	4.699160e-01	7.340313e-01
Hs.227489_at	0.202178	4.699160e-01	7.340313e-01
Hs.233343_at	0.202178	4.699160e-01	7.340313e-01
Hs.232618_at	0.202178	4.699160e-01	7.340313e-01
Hs.234785_at	0.202178	4.699160e-01	7.340313e-01
Hs.23459_at	0.202178	4.699160e-01	7.340313e-01
Hs.571512_at	-0.202178	4.699160e-01	7.340313e-01
Hs.571148_at	-0.202178	4.699160e-01	7.340313e-01
Hs.284217_at	-0.202178	4.699160e-01	7.340313e-01
Hs.603666_at	0.202178	4.699160e-01	7.340313e-01
Hs.367829_at	0.202178	4.699160e-01	7.340313e-01
Hs.639825_at	0.202178	4.699160e-01	7.340313e-01
Hs.472651_at	-0.202178	4.699160e-01	7.340313e-01
Hs.47125_at	-0.202178	4.699160e-01	7.340313e-01
Hs.470679_at	-0.202178	4.699160e-01	7.340313e-01
Hs.274309_at	0.202178	4.699160e-01	7.340313e-01
Hs.449636_at	0.202178	4.699160e-01	7.340313e-01
Hs.584800_at	-0.202178	4.699160e-01	7.340313e-01
Hs.584760_at	0.202178	4.699160e-01	7.340313e-01
Hs.597712_at	0.202178	4.699160e-01	7.340313e-01
Hs.597698_at	0.202178	4.699160e-01	7.340313e-01
Hs.189507_at	0.202178	4.699160e-01	7.340313e-01
Hs.158851_at	-0.202178	4.699160e-01	7.340313e-01
Hs.159069_at	0.202178	4.699160e-01	7.340313e-01
Hs.591521_at	0.202178	4.699160e-01	7.340313e-01
Hs.591815_at	0.202178	4.699160e-01	7.340313e-01
Hs.651941_at	0.202178	4.699160e-01	7.340313e-01
Hs.441038_at	0.202178	4.699160e-01	7.340313e-01
Hs.571099_at	0.202178	4.699160e-01	7.340313e-01
Hs.632712_at	0.202178	4.699160e-01	7.340313e-01
Hs.37035_at	0.202178	4.699160e-01	7.340313e-01
Hs.371001_at	0.202178	4.699160e-01	7.340313e-01
Hs.437705_at	0.202178	4.699160e-01	7.340313e-01
Hs.620270_at	0.202178	4.699160e-01	7.340313e-01
Hs.591057_at	-0.202178	4.699160e-01	7.340313e-01
Hs.13872_at	-0.202178	4.699160e-01	7.340313e-01
Hs.407751_at	-0.202178	4.699160e-01	7.340313e-01
Hs.604001_at	0.202178	4.699160e-01	7.340313e-01
Hs.72879_at	0.202178	4.699160e-01	7.340313e-01
Hs.72325_at	-0.202178	4.699160e-01	7.340313e-01
Hs.241797_at	0.202178	4.699160e-01	7.340313e-01
Hs.24510_at	0.202178	4.699160e-01	7.340313e-01
Hs.515660_at	0.202178	4.699160e-01	7.340313e-01
Hs.412117_at	0.202178	4.699160e-01	7.340313e-01
Hs.642245_at	0.202178	4.699160e-01	7.340313e-01
Hs.205457_at	0.202178	4.699160e-01	7.340313e-01
Hs.20506_at	-0.202178	4.699160e-01	7.340313e-01
Hs.43803_at	-0.202178	4.699160e-01	7.340313e-01
Hs.534371_at	-0.202178	4.699160e-01	7.340313e-01
Hs.484844_at	-0.202178	4.699160e-01	7.340313e-01
Hs.118633_at	0.202178	4.699160e-01	7.340313e-01
Hs.252457_at	0.202178	4.699160e-01	7.340313e-01
Hs.251386_at	0.202178	4.699160e-01	7.340313e-01
Hs.632034_at	0.202178	4.699160e-01	7.340313e-01
Hs.444911_at	0.202178	4.699160e-01	7.340313e-01
Hs.518476_at	0.202178	4.699160e-01	7.340313e-01
Hs.482520_at	0.202178	4.699160e-01	7.340313e-01
Hs.615210_at	-0.202178	4.699160e-01	7.340313e-01
Hs.44289_at	0.202178	4.699160e-01	7.340313e-01
Hs.838_at	-0.202178	4.699160e-01	7.340313e-01
Hs.352611_at	0.202178	4.699160e-01	7.340313e-01
Hs.534575_at	-0.202178	4.699160e-01	7.340313e-01
Hs.20136_at	-0.202178	4.699160e-01	7.340313e-01
Hs.643453_at	0.202178	4.699160e-01	7.340313e-01
Hs.506458_at	0.202178	4.699160e-01	7.340313e-01
Hs.69745_at	-0.202178	4.699160e-01	7.340313e-01
Hs.201555_at	-0.202178	4.699160e-01	7.340313e-01
Hs.475392_at	0.202178	4.699160e-01	7.340313e-01
Hs.475103_at	0.202178	4.699160e-01	7.340313e-01
Hs.205098_at	-0.202178	4.699160e-01	7.340313e-01
Hs.642743_at	-0.202178	4.699160e-01	7.340313e-01
Hs.414175_at	0.202178	4.699160e-01	7.340313e-01
Hs.626730_at	-0.202178	4.699160e-01	7.340313e-01
Hs.529509_at	0.202178	4.699160e-01	7.340313e-01
Hs.645239_at	0.202178	4.699160e-01	7.340313e-01
Hs.193418_at	0.202178	4.699160e-01	7.340313e-01
Hs.147361_at	0.202178	4.699160e-01	7.340313e-01
Hs.538286_at	-0.202178	4.699160e-01	7.340313e-01
Hs.652975_at	0.202178	4.699160e-01	7.340313e-01
Hs.145251_at	0.202178	4.699160e-01	7.340313e-01
Hs.560727_at	0.202178	4.699160e-01	7.340313e-01
Hs.560255_at	0.202178	4.699160e-01	7.340313e-01
Hs.517641_at	0.202178	4.699160e-01	7.340313e-01
Hs.123034_at	0.202178	4.699160e-01	7.340313e-01
Hs.308028_at	0.202178	4.699160e-01	7.340313e-01
Hs.307518_at	0.202178	4.699160e-01	7.340313e-01
Hs.1925_at	0.202178	4.699160e-01	7.340313e-01
Hs.607321_at	0.202178	4.699160e-01	7.340313e-01
Hs.627596_at	-0.202178	4.699160e-01	7.340313e-01
Hs.2605_at	-0.202178	4.699160e-01	7.340313e-01
Hs.584950_at	-0.202178	4.699160e-01	7.340313e-01
Hs.166068_at	-0.202178	4.699160e-01	7.340313e-01
Hs.493649_at	0.202178	4.699160e-01	7.340313e-01
Hs.31714_at	0.202178	4.699160e-01	7.340313e-01
Hs.552142_at	0.202178	4.699160e-01	7.340313e-01
Hs.648499_at	-0.202178	4.699160e-01	7.340313e-01
Hs.169378_at	0.202178	4.699160e-01	7.340313e-01
Hs.48945_at	-0.202178	4.699160e-01	7.340313e-01
Hs.312644_at	0.202178	4.699160e-01	7.340313e-01
Hs.433057_at	0.202178	4.699160e-01	7.340313e-01
Hs.130979_at	-0.202178	4.699160e-01	7.340313e-01
Hs.97858_at	0.202178	4.699160e-01	7.340313e-01
Hs.98265_at	0.202178	4.699160e-01	7.340313e-01
Hs.380277_at	-0.202178	4.699160e-01	7.340313e-01
Hs.521178_at	0.202178	4.699160e-01	7.340313e-01
Hs.376289_at	-0.202178	4.699160e-01	7.340313e-01
Hs.178121_at	-0.202178	4.699160e-01	7.340313e-01
Hs.160871_at	-0.202178	4.699160e-01	7.340313e-01
Hs.651107_at	-0.202178	4.699160e-01	7.340313e-01
Hs.491292_at	-0.202178	4.699160e-01	7.340313e-01
Hs.100261_at	-0.202178	4.699160e-01	7.340313e-01
Hs.313343_at	0.198568	4.780487e-01	7.384614e-01
Hs.647623_at	0.198568	4.780487e-01	7.384614e-01
Hs.160572_at	0.198568	4.780487e-01	7.384614e-01
Hs.943_at	-0.198568	4.780487e-01	7.384614e-01
Hs.376281_at	0.198568	4.780487e-01	7.384614e-01
Hs.26870_at	0.198568	4.780487e-01	7.384614e-01
Hs.584823_at	-0.198568	4.780487e-01	7.384614e-01
Hs.27043_at	0.198568	4.780487e-01	7.384614e-01
Hs.95990_at	0.198568	4.780487e-01	7.384614e-01
Hs.524271_at	0.198568	4.780487e-01	7.384614e-01
Hs.268551_at	-0.198568	4.780487e-01	7.384614e-01
Hs.270869_at	0.198568	4.780487e-01	7.384614e-01
Hs.631650_at	0.198568	4.780487e-01	7.384614e-01
Hs.584921_at	-0.198568	4.780487e-01	7.384614e-01
Hs.445843_at	0.198568	4.780487e-01	7.384614e-01
Hs.652300_at	-0.198568	4.780487e-01	7.384614e-01
Hs.34576_at	-0.198568	4.780487e-01	7.384614e-01
Hs.528821_at	-0.198568	4.780487e-01	7.384614e-01
Hs.528673_at	0.198568	4.780487e-01	7.384614e-01
Hs.593960_at	0.198568	4.780487e-01	7.384614e-01
Hs.477537_at	0.198568	4.780487e-01	7.384614e-01
Hs.567902_at	0.198568	4.780487e-01	7.384614e-01
Hs.471933_at	0.198568	4.780487e-01	7.384614e-01
Hs.567530_at	0.198568	4.780487e-01	7.384614e-01
Hs.567492_at	-0.198568	4.780487e-01	7.384614e-01
Hs.638726+_at	0.198568	4.780487e-01	7.384614e-01
Hs.60260_at	-0.198568	4.780487e-01	7.384614e-01
Hs.592173_at	0.198568	4.780487e-01	7.384614e-01
Hs.472437_at	-0.198568	4.780487e-01	7.384614e-01
Hs.46473_at	-0.198568	4.780487e-01	7.384614e-01
Hs.23492_at	-0.198568	4.780487e-01	7.384614e-01
Hs.129829_at	0.198568	4.780487e-01	7.384614e-01
Hs.129944_at	-0.198568	4.780487e-01	7.384614e-01
Hs.292105_at	0.198568	4.780487e-01	7.384614e-01
Hs.232142_at	0.198568	4.780487e-01	7.384614e-01
Hs.601862_at	0.198568	4.780487e-01	7.384614e-01
Hs.369716_at	0.198568	4.780487e-01	7.384614e-01
Hs.78019_at	-0.198568	4.780487e-01	7.384614e-01
Hs.644082_at	0.198568	4.780487e-01	7.384614e-01
Hs.476604_at	0.198568	4.780487e-01	7.384614e-01
Hs.144073_at	-0.198568	4.780487e-01	7.384614e-01
Hs.652741_at	0.198568	4.780487e-01	7.384614e-01
Hs.436204_at	0.198568	4.780487e-01	7.384614e-01
Hs.652489_at	0.198568	4.780487e-01	7.384614e-01
Hs.123536_at	0.198568	4.780487e-01	7.384614e-01
Hs.123239_at	0.198568	4.780487e-01	7.384614e-01
Hs.123024_at	-0.198568	4.780487e-01	7.384614e-01
Hs.652516_at	-0.198568	4.780487e-01	7.384614e-01
Hs.474914_at	-0.198568	4.780487e-01	7.384614e-01
Hs.605065_at	-0.198568	4.780487e-01	7.384614e-01
Hs.65791_at	0.198568	4.780487e-01	7.384614e-01
Hs.656_at	0.198568	4.780487e-01	7.384614e-01
Hs.507348_at	-0.198568	4.780487e-01	7.384614e-01
Hs.2962_at	-0.198568	4.780487e-01	7.384614e-01
Hs.294145_at	-0.198568	4.780487e-01	7.384614e-01
Hs.352677_at	-0.198568	4.780487e-01	7.384614e-01
Hs.66196_at	-0.198568	4.780487e-01	7.384614e-01
Hs.292336_at	-0.198568	4.780487e-01	7.384614e-01
Hs.534330_at	-0.198568	4.780487e-01	7.384614e-01
Hs.71215_at	0.198568	4.780487e-01	7.384614e-01
Hs.239676_at	0.198568	4.780487e-01	7.384614e-01
Hs.651919_at	0.198568	4.780487e-01	7.384614e-01
Hs.546373+_at	0.198568	4.780487e-01	7.384614e-01
Hs.651355_at	-0.198568	4.780487e-01	7.384614e-01
Hs.498494_at	0.198568	4.780487e-01	7.384614e-01
Hs.545091_at	0.198568	4.780487e-01	7.384614e-01
Hs.334832_at	-0.198568	4.780487e-01	7.384614e-01
Hs.187657_at	-0.198568	4.780487e-01	7.384614e-01
Hs.18631_at	0.198568	4.780487e-01	7.384614e-01
Hs.186363_at	0.198568	4.780487e-01	7.384614e-01
Hs.610291_at	0.198568	4.780487e-01	7.384614e-01
Hs.334916_at	0.198568	4.780487e-01	7.384614e-01
Hs.448589_at	0.198568	4.780487e-01	7.384614e-01
Hs.256036_at	0.198568	4.780487e-01	7.384614e-01
Hs.75636_at	0.198568	4.780487e-01	7.384614e-01
Hs.533491_at	-0.198568	4.780487e-01	7.384614e-01
Hs.215502_at	0.198568	4.780487e-01	7.384614e-01
Hs.437083_at	-0.198568	4.780487e-01	7.384614e-01
Hs.574492_at	0.198568	4.780487e-01	7.384614e-01
Hs.459590_at	0.198568	4.780487e-01	7.384614e-01
Hs.248145_at	0.198568	4.780487e-01	7.384614e-01
Hs.529571_at	-0.198568	4.780487e-01	7.384614e-01
Hs.1905_at	0.198568	4.780487e-01	7.384614e-01
Hs.190261_at	0.198568	4.780487e-01	7.384614e-01
Hs.591184_at	-0.198568	4.780487e-01	7.384614e-01
Hs.458272_at	-0.198568	4.780487e-01	7.384614e-01
Hs.647074_at	-0.198568	4.780487e-01	7.384614e-01
Hs.484328_at	0.198568	4.780487e-01	7.384614e-01
Hs.9029_at	-0.198568	4.780487e-01	7.384614e-01
Hs.590976_at	0.198568	4.780487e-01	7.384614e-01
Hs.642705_at	-0.198568	4.780487e-01	7.384614e-01
Hs.642714_at	-0.198568	4.780487e-01	7.384614e-01
Hs.642658_at	0.198568	4.780487e-01	7.384614e-01
Hs.641155_at	0.198568	4.780487e-01	7.384614e-01
Hs.515890_at	0.198568	4.780487e-01	7.384614e-01
Hs.604781_at	-0.198568	4.780487e-01	7.384614e-01
Hs.530291_at	0.198568	4.780487e-01	7.384614e-01
Hs.7367_at	0.198568	4.780487e-01	7.384614e-01
Hs.73088_at	0.198568	4.780487e-01	7.384614e-01
Hs.135805_at	0.198568	4.780487e-01	7.384614e-01
Hs.128037_at	-0.198568	4.780487e-01	7.384614e-01
Hs.592319_at	-0.198568	4.780487e-01	7.384614e-01
Hs.534041_at	0.198568	4.780487e-01	7.384614e-01
Hs.410924_at	-0.198568	4.780487e-01	7.384614e-01
Hs.604320_at	-0.198568	4.780487e-01	7.384614e-01
Hs.105887_at	0.198568	4.780487e-01	7.384614e-01
Hs.522099_at	0.198568	4.780487e-01	7.384614e-01
Hs.110637_at	0.198568	4.780487e-01	7.384614e-01
Hs.97469_at	-0.198568	4.780487e-01	7.384614e-01
Hs.96633_at	0.198568	4.780487e-01	7.384614e-01
Hs.602844_at	-0.198568	4.780487e-01	7.384614e-01
Hs.103253_at	0.198568	4.780487e-01	7.384614e-01
Hs.102276_at	0.198568	4.780487e-01	7.384614e-01
Hs.592244_at	-0.198568	4.780487e-01	7.384614e-01
Hs.634349_at	-0.198568	4.780487e-01	7.384614e-01
Hs.650238_at	0.198568	4.780487e-01	7.384614e-01
Hs.553540_at	0.198568	4.780487e-01	7.384614e-01
Hs.325978_at	0.198568	4.780487e-01	7.384614e-01
Hs.171182_at	-0.198568	4.780487e-01	7.384614e-01
Hs.171045_at	0.198568	4.780487e-01	7.384614e-01
Hs.649663_at	0.198568	4.780487e-01	7.384614e-01
Hs.165762_at	0.198568	4.780487e-01	7.384614e-01
Hs.494261_at	-0.198568	4.780487e-01	7.384614e-01
Hs.493808_at	0.198568	4.780487e-01	7.384614e-01
Hs.493512_at	-0.198568	4.780487e-01	7.384614e-01
Hs.287714_at	-0.198568	4.780487e-01	7.384614e-01
Hs.229335_at	0.198568	4.780487e-01	7.384614e-01
Hs.512894_at	-0.198568	4.780487e-01	7.384614e-01
Hs.602328_at	0.198568	4.780487e-01	7.384614e-01
Hs.369422_at	0.198568	4.780487e-01	7.384614e-01
Hs.179608_at	-0.198568	4.780487e-01	7.384614e-01
Hs.161338_at	-0.198568	4.780487e-01	7.384614e-01
Hs.597702_at	0.198568	4.780487e-01	7.384614e-01
Hs.163754_at	0.198568	4.780487e-01	7.384614e-01
Hs.162877_at	0.198568	4.780487e-01	7.384614e-01
Hs.613704_at	-0.198568	4.780487e-01	7.384614e-01
Hs.149540_at	0.198568	4.780487e-01	7.384614e-01
Hs.458308_at	-0.198568	4.780487e-01	7.384614e-01
Hs.306812_at	0.198568	4.780487e-01	7.384614e-01
Hs.558519_at	0.198568	4.780487e-01	7.384614e-01
Hs.19196_at	0.198568	4.780487e-01	7.384614e-01
Hs.398178_at	0.198568	4.780487e-01	7.384614e-01
Hs.459072_at	0.198568	4.780487e-01	7.384614e-01
Hs.607810_at	-0.198568	4.780487e-01	7.384614e-01
Hs.5199_at	-0.194957	4.862484e-01	7.441995e-01
Hs.519568_at	0.194957	4.862484e-01	7.441995e-01
Hs.263812_at	0.194957	4.862484e-01	7.441995e-01
Hs.1611_at	0.194957	4.862484e-01	7.441995e-01
Hs.486084_at	-0.194957	4.862484e-01	7.441995e-01
Hs.521809_at	0.194957	4.862484e-01	7.441995e-01
Hs.520819_at	0.194957	4.862484e-01	7.441995e-01
Hs.331555_at	0.194957	4.862484e-01	7.441995e-01
Hs.651151_at	0.194957	4.862484e-01	7.441995e-01
Hs.275464_at	0.194957	4.862484e-01	7.441995e-01
Hs.495240_at	0.194957	4.862484e-01	7.441995e-01
Hs.130101_at	0.194957	4.862484e-01	7.441995e-01
Hs.289092_at	0.194957	4.862484e-01	7.441995e-01
Hs.169815_at	0.194957	4.862484e-01	7.441995e-01
Hs.649341_at	0.194957	4.862484e-01	7.441995e-01
Hs.164162_at	0.194957	4.862484e-01	7.441995e-01
Hs.434112_at	0.194957	4.862484e-01	7.441995e-01
Hs.315186_at	0.194957	4.862484e-01	7.441995e-01
Hs.368337_at	0.194957	4.862484e-01	7.441995e-01
Hs.406913_at	0.194957	4.862484e-01	7.441995e-01
Hs.102408_at	0.194957	4.862484e-01	7.441995e-01
Hs.129563_at	0.194957	4.862484e-01	7.441995e-01
Hs.532363_at	0.194957	4.862484e-01	7.441995e-01
Hs.168677_at	0.194957	4.862484e-01	7.441995e-01
Hs.112405_at	-0.194957	4.862484e-01	7.441995e-01
Hs.412517_at	-0.194957	4.862484e-01	7.441995e-01
Hs.74050_at	0.194957	4.862484e-01	7.441995e-01
Hs.530311_at	0.194957	4.862484e-01	7.441995e-01
Hs.371957_at	0.194957	4.862484e-01	7.441995e-01
Hs.632555_at	-0.194957	4.862484e-01	7.441995e-01
Hs.247838_at	0.194957	4.862484e-01	7.441995e-01
Hs.247729_at	0.194957	4.862484e-01	7.441995e-01
Hs.363156_at	0.194957	4.862484e-01	7.441995e-01
Hs.282997_at	-0.194957	4.862484e-01	7.441995e-01
Hs.599590_at	-0.194957	4.862484e-01	7.441995e-01
Hs.82614_at	0.194957	4.862484e-01	7.441995e-01
Hs.125507_at	-0.194957	4.862484e-01	7.441995e-01
Hs.515490_at	0.194957	4.862484e-01	7.441995e-01
Hs.515517_at	-0.194957	4.862484e-01	7.441995e-01
Hs.530930_at	-0.194957	4.862484e-01	7.441995e-01
Hs.601345_at	0.194957	4.862484e-01	7.441995e-01
Hs.640889_at	0.194957	4.862484e-01	7.441995e-01
Hs.647029_at	0.194957	4.862484e-01	7.441995e-01
Hs.182421_at	0.194957	4.862484e-01	7.441995e-01
Hs.518611_at	-0.194957	4.862484e-01	7.441995e-01
Hs.90061_at	-0.194957	4.862484e-01	7.441995e-01
Hs.590918_at	0.194957	4.862484e-01	7.441995e-01
Hs.152983_at	-0.194957	4.862484e-01	7.441995e-01
Hs.645987_at	0.194957	4.862484e-01	7.441995e-01
Hs.8977_at	0.194957	4.862484e-01	7.441995e-01
Hs.518545_at	-0.194957	4.862484e-01	7.441995e-01
Hs.58611_at	0.194957	4.862484e-01	7.441995e-01
Hs.250899_at	-0.194957	4.862484e-01	7.441995e-01
Hs.614877_at	0.194957	4.862484e-01	7.441995e-01
Hs.151573_at	0.194957	4.862484e-01	7.441995e-01
Hs.652204_at	-0.194957	4.862484e-01	7.441995e-01
Hs.153479_at	-0.194957	4.862484e-01	7.441995e-01
Hs.518448_at	-0.194957	4.862484e-01	7.441995e-01
Hs.89538_at	0.194957	4.862484e-01	7.441995e-01
Hs.460789_at	0.194957	4.862484e-01	7.441995e-01
Hs.248100_at	0.194957	4.862484e-01	7.441995e-01
Hs.132195_at	0.194957	4.862484e-01	7.441995e-01
Hs.186970_at	0.194957	4.862484e-01	7.441995e-01
Hs.646301_at	0.194957	4.862484e-01	7.441995e-01
Hs.42502_at	-0.194957	4.862484e-01	7.441995e-01
Hs.608287_at	0.194957	4.862484e-01	7.441995e-01
Hs.339396_at	0.194957	4.862484e-01	7.441995e-01
Hs.591782_at	-0.194957	4.862484e-01	7.441995e-01
Hs.334603_at	-0.194957	4.862484e-01	7.441995e-01
Hs.437174_at	0.194957	4.862484e-01	7.441995e-01
Hs.71428_at	0.194957	4.862484e-01	7.441995e-01
Hs.600536_at	0.194957	4.862484e-01	7.441995e-01
Hs.530833_at	-0.194957	4.862484e-01	7.441995e-01
Hs.436550_at	0.194957	4.862484e-01	7.441995e-01
Hs.352591_at	-0.194957	4.862484e-01	7.441995e-01
Hs.123933_at	0.194957	4.862484e-01	7.441995e-01
Hs.416216_at	-0.194957	4.862484e-01	7.441995e-01
Hs.192927_at	0.194957	4.862484e-01	7.441995e-01
Hs.478815_at	0.194957	4.862484e-01	7.441995e-01
Hs.502915_at	0.194957	4.862484e-01	7.441995e-01
Hs.148503_at	0.194957	4.862484e-01	7.441995e-01
Hs.529249_at	-0.194957	4.862484e-01	7.441995e-01
Hs.535735_at	0.194957	4.862484e-01	7.441995e-01
Hs.516790_at	0.194957	4.862484e-01	7.441995e-01
Hs.443140_at	0.194957	4.862484e-01	7.441995e-01
Hs.443081_at	-0.194957	4.862484e-01	7.441995e-01
Hs.131037_at	0.194957	4.862484e-01	7.441995e-01
Hs.633246_at	0.194957	4.862484e-01	7.441995e-01
Hs.570564_at	-0.194957	4.862484e-01	7.441995e-01
Hs.405467_at	0.194957	4.862484e-01	7.441995e-01
Hs.129959_at	0.194957	4.862484e-01	7.441995e-01
Hs.621313-_at	0.194957	4.862484e-01	7.441995e-01
Hs.567788_at	0.194957	4.862484e-01	7.441995e-01
Hs.221375_at	0.194957	4.862484e-01	7.441995e-01
Hs.75835_at	-0.194957	4.862484e-01	7.441995e-01
Hs.531314_at	0.194957	4.862484e-01	7.441995e-01
Hs.127675_at	0.194957	4.862484e-01	7.441995e-01
Hs.589927_at	-0.194957	4.862484e-01	7.441995e-01
Hs.533260_at	-0.194957	4.862484e-01	7.441995e-01
Hs.211580_at	0.194957	4.862484e-01	7.441995e-01
Hs.211079_at	-0.194957	4.862484e-01	7.441995e-01
Hs.517864_at	-0.194957	4.862484e-01	7.441995e-01
Hs.517768_at	-0.194957	4.862484e-01	7.441995e-01
Hs.517830_at	0.194957	4.862484e-01	7.441995e-01
Hs.593973_at	-0.194957	4.862484e-01	7.441995e-01
Hs.191230_at	-0.194957	4.862484e-01	7.441995e-01
Hs.375135_at	-0.194957	4.862484e-01	7.441995e-01
Hs.3989_at	0.194957	4.862484e-01	7.441995e-01
Hs.12272_at	-0.194957	4.862484e-01	7.441995e-01
Hs.652288_at	-0.194957	4.862484e-01	7.441995e-01
Hs.250760_at	0.194957	4.862484e-01	7.441995e-01
Hs.58068_at	-0.194957	4.862484e-01	7.441995e-01
Hs.259048_at	0.194957	4.862484e-01	7.441995e-01
Hs.445586_at	0.194957	4.862484e-01	7.441995e-01
Hs.445512_at	-0.194957	4.862484e-01	7.441995e-01
Hs.418055_at	0.194957	4.862484e-01	7.441995e-01
Hs.631558_at	0.194957	4.862484e-01	7.441995e-01
Hs.524906_at	0.194957	4.862484e-01	7.441995e-01
Hs.522823_at	0.194957	4.862484e-01	7.441995e-01
Hs.596208_at	0.194957	4.862484e-01	7.441995e-01
Hs.11169_at	0.194957	4.862484e-01	7.441995e-01
Hs.602756_at	0.191347	4.945143e-01	7.490278e-01
Hs.649555_at	0.191347	4.945143e-01	7.490278e-01
Hs.172847_at	0.191347	4.945143e-01	7.490278e-01
Hs.32196_at	0.191347	4.945143e-01	7.490278e-01
Hs.165258_at	0.191347	4.945143e-01	7.490278e-01
Hs.584940_at	0.191347	4.945143e-01	7.490278e-01
Hs.445343_at	0.191347	4.945143e-01	7.490278e-01
Hs.376760_at	0.191347	4.945143e-01	7.490278e-01
Hs.631721_at	0.191347	4.945143e-01	7.490278e-01
Hs.26156_at	-0.191347	4.945143e-01	7.490278e-01
Hs.104613_at	0.191347	4.945143e-01	7.490278e-01
Hs.631760_at	0.191347	4.945143e-01	7.490278e-01
Hs.383206_at	0.191347	4.945143e-01	7.490278e-01
Hs.380044_at	0.191347	4.945143e-01	7.490278e-01
Hs.495097_at	0.191347	4.945143e-01	7.490278e-01
Hs.550803_at	-0.191347	4.945143e-01	7.490278e-01
Hs.213762_at	-0.191347	4.945143e-01	7.490278e-01
Hs.84905_at	-0.191347	4.945143e-01	7.490278e-01
Hs.12332_at	0.191347	4.945143e-01	7.490278e-01
Hs.25121_at	0.191347	4.945143e-01	7.490278e-01
Hs.250002_at	0.191347	4.945143e-01	7.490278e-01
Hs.480321_at	0.191347	4.945143e-01	7.490278e-01
Hs.306974_at	0.191347	4.945143e-01	7.490278e-01
Hs.480188_at	-0.191347	4.945143e-01	7.490278e-01
Hs.344088_at	0.191347	4.945143e-01	7.490278e-01
Hs.121233_at	-0.191347	4.945143e-01	7.490278e-01
Hs.121333_at	0.191347	4.945143e-01	7.490278e-01
Hs.434319_at	0.191347	4.945143e-01	7.490278e-01
Hs.418668_at	0.191347	4.945143e-01	7.490278e-01
Hs.598454_at	0.191347	4.945143e-01	7.490278e-01
Hs.652259_at	0.191347	4.945143e-01	7.490278e-01
Hs.306307_at	-0.191347	4.945143e-01	7.490278e-01
Hs.483784_at	0.191347	4.945143e-01	7.490278e-01
Hs.518414_at	-0.191347	4.945143e-01	7.490278e-01
Hs.644600_at	0.191347	4.945143e-01	7.490278e-01
Hs.146751_at	0.191347	4.945143e-01	7.490278e-01
Hs.537126_at	0.191347	4.945143e-01	7.490278e-01
Hs.132049_at	-0.191347	4.945143e-01	7.490278e-01
Hs.638015_at	0.191347	4.945143e-01	7.490278e-01
Hs.31334_at	0.191347	4.945143e-01	7.490278e-01
Hs.434618_at	-0.191347	4.945143e-01	7.490278e-01
Hs.116651_at	0.191347	4.945143e-01	7.490278e-01
Hs.113265_at	0.191347	4.945143e-01	7.490278e-01
Hs.519839_at	-0.191347	4.945143e-01	7.490278e-01
Hs.388220_at	0.191347	4.945143e-01	7.490278e-01
Hs.525597_at	0.191347	4.945143e-01	7.490278e-01
Hs.521008_at	-0.191347	4.945143e-01	7.490278e-01
Hs.561460_at	0.191347	4.945143e-01	7.490278e-01
Hs.604896_at	-0.191347	4.945143e-01	7.490278e-01
Hs.507162_at	0.191347	4.945143e-01	7.490278e-01
Hs.530438_at	0.191347	4.945143e-01	7.490278e-01
Hs.248139_at	0.191347	4.945143e-01	7.490278e-01
Hs.5298_at	0.191347	4.945143e-01	7.490278e-01
Hs.529846_at	0.191347	4.945143e-01	7.490278e-01
Hs.535713_at	0.191347	4.945143e-01	7.490278e-01
Hs.199068_at	0.191347	4.945143e-01	7.490278e-01
Hs.350321_at	0.191347	4.945143e-01	7.490278e-01
Hs.502773_at	-0.191347	4.945143e-01	7.490278e-01
Hs.2012_at	-0.191347	4.945143e-01	7.490278e-01
Hs.507268_at	0.191347	4.945143e-01	7.490278e-01
Hs.120058_at	0.191347	4.945143e-01	7.490278e-01
Hs.279583_at	-0.191347	4.945143e-01	7.490278e-01
Hs.333907_at	-0.191347	4.945143e-01	7.490278e-01
Hs.182635_at	0.191347	4.945143e-01	7.490278e-01
Hs.651958_at	-0.191347	4.945143e-01	7.490278e-01
Hs.157160_at	-0.191347	4.945143e-01	7.490278e-01
Hs.591761_at	0.191347	4.945143e-01	7.490278e-01
Hs.652136_at	0.191347	4.945143e-01	7.490278e-01
Hs.546222-_at	0.191347	4.945143e-01	7.490278e-01
Hs.3346_at	0.191347	4.945143e-01	7.490278e-01
Hs.200250_at	0.191347	4.945143e-01	7.490278e-01
Hs.211426_at	0.191347	4.945143e-01	7.490278e-01
Hs.639511_at	-0.191347	4.945143e-01	7.490278e-01
Hs.133046_at	0.191347	4.945143e-01	7.490278e-01
Hs.408973_at	0.191347	4.945143e-01	7.490278e-01
Hs.79110_at	-0.191347	4.945143e-01	7.490278e-01
Hs.571184_at	0.191347	4.945143e-01	7.490278e-01
Hs.632799_at	0.191347	4.945143e-01	7.490278e-01
Hs.632788_at	0.191347	4.945143e-01	7.490278e-01
Hs.127963_at	0.191347	4.945143e-01	7.490278e-01
Hs.465144_at	-0.191347	4.945143e-01	7.490278e-01
Hs.510375_at	-0.191347	4.945143e-01	7.490278e-01
Hs.135978_at	-0.191347	4.945143e-01	7.490278e-01
Hs.36688_at	0.191347	4.945143e-01	7.490278e-01
Hs.510958_at	-0.191347	4.945143e-01	7.490278e-01
Hs.51133_at	0.191347	4.945143e-01	7.490278e-01
Hs.533913_at	-0.191347	4.945143e-01	7.490278e-01
Hs.599649_at	0.191347	4.945143e-01	7.490278e-01
Hs.432638_at	0.191347	4.945143e-01	7.490278e-01
Hs.158348_at	0.191347	4.945143e-01	7.490278e-01
Hs.336681_at	0.191347	4.945143e-01	7.490278e-01
Hs.484099_at	0.191347	4.945143e-01	7.490278e-01
Hs.188882_at	-0.191347	4.945143e-01	7.490278e-01
Hs.58149_at	-0.191347	4.945143e-01	7.490278e-01
Hs.444029_at	-0.191347	4.945143e-01	7.490278e-01
Hs.620541_at	-0.191347	4.945143e-01	7.490278e-01
Hs.370904_at	0.191347	4.945143e-01	7.490278e-01
Hs.515274_at	0.191347	4.945143e-01	7.490278e-01
Hs.461819_at	0.191347	4.945143e-01	7.490278e-01
Hs.442530_at	0.191347	4.945143e-01	7.490278e-01
Hs.590939_at	0.191347	4.945143e-01	7.490278e-01
Hs.474233_at	0.191347	4.945143e-01	7.490278e-01
Hs.592047_at	-0.191347	4.945143e-01	7.490278e-01
Hs.515689_at	0.191347	4.945143e-01	7.490278e-01
Hs.443736_at	0.191347	4.945143e-01	7.490278e-01
Hs.282417_at	-0.191347	4.945143e-01	7.490278e-01
Hs.13781_at	0.191347	4.945143e-01	7.490278e-01
Hs.50915_at	0.191347	4.945143e-01	7.490278e-01
Hs.592046_at	-0.191347	4.945143e-01	7.490278e-01
Hs.567405_at	0.191347	4.945143e-01	7.490278e-01
Hs.271643_at	-0.191347	4.945143e-01	7.490278e-01
Hs.274416_at	-0.191347	4.945143e-01	7.490278e-01
Hs.274336_at	-0.191347	4.945143e-01	7.490278e-01
Hs.430606_at	0.191347	4.945143e-01	7.490278e-01
Hs.435510_at	-0.191347	4.945143e-01	7.490278e-01
Hs.310231_at	-0.191347	4.945143e-01	7.490278e-01
Hs.613963_at	-0.191347	4.945143e-01	7.490278e-01
Hs.620808_at	0.191347	4.945143e-01	7.490278e-01
Hs.522679_at	-0.191347	4.945143e-01	7.490278e-01
Hs.466937_at	0.191347	4.945143e-01	7.490278e-01
Hs.131098_at	0.191347	4.945143e-01	7.490278e-01
Hs.131057_at	0.191347	4.945143e-01	7.490278e-01
Hs.635193_at	0.191347	4.945143e-01	7.490278e-01
Hs.77274_at	0.191347	4.945143e-01	7.490278e-01
Hs.438863_at	-0.191347	4.945143e-01	7.490278e-01
Hs.131543_at	0.191347	4.945143e-01	7.490278e-01
Hs.37982_at	-0.191347	4.945143e-01	7.490278e-01
Hs.525205_at	-0.191347	4.945143e-01	7.490278e-01
Hs.434993_at	-0.191347	4.945143e-01	7.490278e-01
Hs.553795_at	-0.191347	4.945143e-01	7.490278e-01
Hs.555589_at	0.191347	4.945143e-01	7.490278e-01
Hs.129715_at	0.191347	4.945143e-01	7.490278e-01
Hs.288798_at	-0.191347	4.945143e-01	7.490278e-01
Hs.633810_at	0.191347	4.945143e-01	7.490278e-01
Hs.590899_at	-0.191347	4.945143e-01	7.490278e-01
Hs.512973_at	-0.191347	4.945143e-01	7.490278e-01
Hs.260855_at	0.191347	4.945143e-01	7.490278e-01
Hs.438919_at	0.187737	5.028457e-01	7.540245e-01
Hs.233552_at	-0.187737	5.028457e-01	7.540245e-01
Hs.633420_at	0.187737	5.028457e-01	7.540245e-01
Hs.622576_at	-0.187737	5.028457e-01	7.540245e-01
Hs.465411_at	-0.187737	5.028457e-01	7.540245e-01
Hs.369356-_at	-0.187737	5.028457e-01	7.540245e-01
Hs.314432_at	0.187737	5.028457e-01	7.540245e-01
Hs.553494_at	-0.187737	5.028457e-01	7.540245e-01
Hs.173001_at	-0.187737	5.028457e-01	7.540245e-01
Hs.368266_at	-0.187737	5.028457e-01	7.540245e-01
Hs.622304_at	0.187737	5.028457e-01	7.540245e-01
Hs.7879_at	0.187737	5.028457e-01	7.540245e-01
Hs.523854_at	-0.187737	5.028457e-01	7.540245e-01
Hs.611911_at	0.187737	5.028457e-01	7.540245e-01
Hs.317632_at	0.187737	5.028457e-01	7.540245e-01
Hs.437451_at	-0.187737	5.028457e-01	7.540245e-01
Hs.444882_at	0.187737	5.028457e-01	7.540245e-01
Hs.528513_at	0.187737	5.028457e-01	7.540245e-01
Hs.618455_at	0.187737	5.028457e-01	7.540245e-01
Hs.618075_at	-0.187737	5.028457e-01	7.540245e-01
Hs.298658_at	0.187737	5.028457e-01	7.540245e-01
Hs.19121_at	-0.187737	5.028457e-01	7.540245e-01
Hs.646035_at	0.187737	5.028457e-01	7.540245e-01
Hs.149363_at	0.187737	5.028457e-01	7.540245e-01
Hs.418795_at	0.187737	5.028457e-01	7.540245e-01
Hs.154706_at	-0.187737	5.028457e-01	7.540245e-01
Hs.122785_at	-0.187737	5.028457e-01	7.540245e-01
Hs.95612_at	0.187737	5.028457e-01	7.540245e-01
Hs.87779_at	0.187737	5.028457e-01	7.540245e-01
Hs.628204_at	-0.187737	5.028457e-01	7.540245e-01
Hs.436885_at	0.187737	5.028457e-01	7.540245e-01
Hs.561430_at	-0.187737	5.028457e-01	7.540245e-01
Hs.534497_at	0.187737	5.028457e-01	7.540245e-01
Hs.471234_at	0.187737	5.028457e-01	7.540245e-01
Hs.487143_at	-0.187737	5.028457e-01	7.540245e-01
Hs.397638_at	0.187737	5.028457e-01	7.540245e-01
Hs.93764_at	0.187737	5.028457e-01	7.540245e-01
Hs.306842_at	0.187737	5.028457e-01	7.540245e-01
Hs.160673_at	0.187737	5.028457e-01	7.540245e-01
Hs.439713_at	0.187737	5.028457e-01	7.540245e-01
Hs.439620_at	-0.187737	5.028457e-01	7.540245e-01
Hs.131819_at	0.187737	5.028457e-01	7.540245e-01
Hs.4859_at	-0.187737	5.028457e-01	7.540245e-01
Hs.559589_at	0.187737	5.028457e-01	7.540245e-01
Hs.197015_at	-0.187737	5.028457e-01	7.540245e-01
Hs.197018_at	0.187737	5.028457e-01	7.540245e-01
Hs.503756_at	0.187737	5.028457e-01	7.540245e-01
Hs.503546_at	-0.187737	5.028457e-01	7.540245e-01
Hs.642794-_at	-0.187737	5.028457e-01	7.540245e-01
Hs.125439_at	0.187737	5.028457e-01	7.540245e-01
Hs.507783_at	-0.187737	5.028457e-01	7.540245e-01
Hs.204947_at	0.187737	5.028457e-01	7.540245e-01
Hs.473937_at	-0.187737	5.028457e-01	7.540245e-01
Hs.125231_at	0.187737	5.028457e-01	7.540245e-01
Hs.355750_at	-0.187737	5.028457e-01	7.540245e-01
Hs.235935_at	-0.187737	5.028457e-01	7.540245e-01
Hs.5724_at	-0.187737	5.028457e-01	7.540245e-01
Hs.370359_at	0.187737	5.028457e-01	7.540245e-01
Hs.593586_at	-0.187737	5.028457e-01	7.540245e-01
Hs.354013_at	-0.187737	5.028457e-01	7.540245e-01
Hs.204041_at	-0.187737	5.028457e-01	7.540245e-01
Hs.296433_at	-0.187737	5.028457e-01	7.540245e-01
Hs.256632_at	0.187737	5.028457e-01	7.540245e-01
Hs.448685_at	0.187737	5.028457e-01	7.540245e-01
Hs.591835_at	0.187737	5.028457e-01	7.540245e-01
Hs.6540_at	0.187737	5.028457e-01	7.540245e-01
Hs.632006_at	0.187737	5.028457e-01	7.540245e-01
Hs.254406_at	0.187737	5.028457e-01	7.540245e-01
Hs.1183_at	0.187737	5.028457e-01	7.540245e-01
Hs.591084_at	0.187737	5.028457e-01	7.540245e-01
Hs.140666_at	0.187737	5.028457e-01	7.540245e-01
Hs.351327_at	-0.187737	5.028457e-01	7.540245e-01
Hs.300684_at	0.187737	5.028457e-01	7.540245e-01
Hs.443299_at	-0.187737	5.028457e-01	7.540245e-01
Hs.587558_at	-0.187737	5.028457e-01	7.540245e-01
Hs.587089_at	0.187737	5.028457e-01	7.540245e-01
Hs.605563_at	-0.187737	5.028457e-01	7.540245e-01
Hs.516420-_at	-0.187737	5.028457e-01	7.540245e-01
Hs.530539_at	0.187737	5.028457e-01	7.540245e-01
Hs.437084_at	-0.187737	5.028457e-01	7.540245e-01
Hs.632369_at	0.187737	5.028457e-01	7.540245e-01
Hs.376151_at	0.187737	5.028457e-01	7.540245e-01
Hs.375684_at	-0.187737	5.028457e-01	7.540245e-01
Hs.527657_at	-0.187737	5.028457e-01	7.540245e-01
Hs.519162_at	0.187737	5.028457e-01	7.540245e-01
Hs.372679_at	-0.187737	5.028457e-01	7.540245e-01
Hs.591559_at	0.187737	5.028457e-01	7.540245e-01
Hs.499108_at	0.187737	5.028457e-01	7.540245e-01
Hs.356769_at	0.187737	5.028457e-01	7.540245e-01
Hs.366401_at	0.187737	5.028457e-01	7.540245e-01
Hs.515146_at	0.187737	5.028457e-01	7.540245e-01
Hs.515247_at	0.187737	5.028457e-01	7.540245e-01
Hs.531719_at	0.187737	5.028457e-01	7.540245e-01
Hs.233458_at	-0.187737	5.028457e-01	7.540245e-01
Hs.515139_at	-0.187737	5.028457e-01	7.540245e-01
Hs.211764_at	0.187737	5.028457e-01	7.540245e-01
Hs.409602_at	0.187737	5.028457e-01	7.540245e-01
Hs.603491_at	-0.187737	5.028457e-01	7.540245e-01
Hs.611375_at	-0.187737	5.028457e-01	7.540245e-01
Hs.25887_at	-0.187737	5.028457e-01	7.540245e-01
Hs.169348_at	0.187737	5.028457e-01	7.540245e-01
Hs.170473_at	0.187737	5.028457e-01	7.540245e-01
Hs.321653_at	0.187737	5.028457e-01	7.540245e-01
Hs.592502+_at	0.187737	5.028457e-01	7.540245e-01
Hs.406068_at	0.187737	5.028457e-01	7.540245e-01
Hs.513451_at	0.187737	5.028457e-01	7.540245e-01
Hs.288382_at	0.187737	5.028457e-01	7.540245e-01
Hs.288520_at	0.187737	5.028457e-01	7.540245e-01
Hs.631464_at	-0.187737	5.028457e-01	7.540245e-01
Hs.385479_at	0.187737	5.028457e-01	7.540245e-01
Hs.522412_at	0.187737	5.028457e-01	7.540245e-01
Hs.524517_at	0.187737	5.028457e-01	7.540245e-01
Hs.12999_at	0.187737	5.028457e-01	7.540245e-01
Hs.131365_at	0.187737	5.028457e-01	7.540245e-01
Hs.75890_at	-0.187737	5.028457e-01	7.540245e-01
Hs.635508_at	0.187737	5.028457e-01	7.540245e-01
Hs.652290_at	-0.187737	5.028457e-01	7.540245e-01
Hs.580464_at	0.187737	5.028457e-01	7.540245e-01
Hs.132591_at	-0.187737	5.028457e-01	7.540245e-01
Hs.74615_at	0.187737	5.028457e-01	7.540245e-01
Hs.294009_at	-0.187737	5.028457e-01	7.540245e-01
Hs.293660_at	0.187737	5.028457e-01	7.540245e-01
Hs.61389_at	0.187737	5.028457e-01	7.540245e-01
Hs.651111_at	-0.187737	5.028457e-01	7.540245e-01
Hs.650125_at	-0.187737	5.028457e-01	7.540245e-01
Hs.591367_at	-0.187737	5.028457e-01	7.540245e-01
Hs.591327_at	-0.187737	5.028457e-01	7.540245e-01
Hs.73875_at	-0.187737	5.028457e-01	7.540245e-01
Hs.16426_at	0.187737	5.028457e-01	7.540245e-01
Hs.37916_at	0.187737	5.028457e-01	7.540245e-01
Hs.610390_at	0.187737	5.028457e-01	7.540245e-01
Hs.631595_at	0.187737	5.028457e-01	7.540245e-01
Hs.595920_at	-0.187737	5.028457e-01	7.540245e-01
Hs.584836_at	-0.187737	5.028457e-01	7.540245e-01
Hs.435064_at	0.184126	5.112418e-01	7.595236e-01
Hs.524121_at	0.184126	5.112418e-01	7.595236e-01
Hs.103939_at	-0.184126	5.112418e-01	7.595236e-01
Hs.445371_at	0.184126	5.112418e-01	7.595236e-01
Hs.613133_at	0.184126	5.112418e-01	7.595236e-01
Hs.650212_at	0.184126	5.112418e-01	7.595236e-01
Hs.596982_at	0.184126	5.112418e-01	7.595236e-01
Hs.438979_at	0.184126	5.112418e-01	7.595236e-01
Hs.503043_at	0.184126	5.112418e-01	7.595236e-01
Hs.122346_at	0.184126	5.112418e-01	7.595236e-01
Hs.86984_at	0.184126	5.112418e-01	7.595236e-01
Hs.86724_at	-0.184126	5.112418e-01	7.595236e-01
Hs.458319_at	-0.184126	5.112418e-01	7.595236e-01
Hs.288178_at	-0.184126	5.112418e-01	7.595236e-01
Hs.633052_at	0.184126	5.112418e-01	7.595236e-01
Hs.513457_at	-0.184126	5.112418e-01	7.595236e-01
Hs.513379_at	-0.184126	5.112418e-01	7.595236e-01
Hs.221761_at	0.184126	5.112418e-01	7.595236e-01
Hs.270055_at	0.184126	5.112418e-01	7.595236e-01
Hs.584845_at	-0.184126	5.112418e-01	7.595236e-01
Hs.381943_at	0.184126	5.112418e-01	7.595236e-01
Hs.406787_at	0.184126	5.112418e-01	7.595236e-01
Hs.2909_at	0.184126	5.112418e-01	7.595236e-01
Hs.368784_at	0.184126	5.112418e-01	7.595236e-01
Hs.368853_at	0.184126	5.112418e-01	7.595236e-01
Hs.390221_at	0.184126	5.112418e-01	7.595236e-01
Hs.648505-_at	-0.184126	5.112418e-01	7.595236e-01
Hs.406530_at	-0.184126	5.112418e-01	7.595236e-01
Hs.368046_at	-0.184126	5.112418e-01	7.595236e-01
Hs.500572_at	-0.184126	5.112418e-01	7.595236e-01
Hs.54505_at	0.184126	5.112418e-01	7.595236e-01
Hs.158353_at	0.184126	5.112418e-01	7.595236e-01
Hs.126895_at	0.184126	5.112418e-01	7.595236e-01
Hs.531564_at	-0.184126	5.112418e-01	7.595236e-01
Hs.128292_at	0.184126	5.112418e-01	7.595236e-01
Hs.624050_at	0.184126	5.112418e-01	7.595236e-01
Hs.499429_at	-0.184126	5.112418e-01	7.595236e-01
Hs.533670_at	0.184126	5.112418e-01	7.595236e-01
Hs.632463_at	-0.184126	5.112418e-01	7.595236e-01
Hs.247478_at	0.184126	5.112418e-01	7.595236e-01
Hs.376018_at	0.184126	5.112418e-01	7.595236e-01
Hs.598731+_at	-0.184126	5.112418e-01	7.595236e-01
Hs.605962_at	0.184126	5.112418e-01	7.595236e-01
Hs.351265_at	0.184126	5.112418e-01	7.595236e-01
Hs.84429_at	-0.184126	5.112418e-01	7.595236e-01
Hs.530274_at	0.184126	5.112418e-01	7.595236e-01
Hs.352018_at	-0.184126	5.112418e-01	7.595236e-01
Hs.301540_at	-0.184126	5.112418e-01	7.595236e-01
Hs.436341_at	0.184126	5.112418e-01	7.595236e-01
Hs.459596_at	-0.184126	5.112418e-01	7.595236e-01
Hs.58650_at	-0.184126	5.112418e-01	7.595236e-01
Hs.68876_at	0.184126	5.112418e-01	7.595236e-01
Hs.415172_at	-0.184126	5.112418e-01	7.595236e-01
Hs.535004_at	0.184126	5.112418e-01	7.595236e-01
Hs.651252_at	0.184126	5.112418e-01	7.595236e-01
Hs.15725_at	0.184126	5.112418e-01	7.595236e-01
Hs.334370_at	0.184126	5.112418e-01	7.595236e-01
Hs.501106_at	-0.184126	5.112418e-01	7.595236e-01
Hs.563344_at	0.184126	5.112418e-01	7.595236e-01
Hs.274135_at	0.184126	5.112418e-01	7.595236e-01
Hs.583805_at	-0.184126	5.112418e-01	7.595236e-01
Hs.355348_at	-0.184126	5.112418e-01	7.595236e-01
Hs.37107_at	-0.184126	5.112418e-01	7.595236e-01
Hs.444118_at	0.184126	5.112418e-01	7.595236e-01
Hs.593645_at	0.184126	5.112418e-01	7.595236e-01
Hs.604861_at	-0.184126	5.112418e-01	7.595236e-01
Hs.370118_at	-0.184126	5.112418e-01	7.595236e-01
Hs.441145_at	0.184126	5.112418e-01	7.595236e-01
Hs.283092_at	0.184126	5.112418e-01	7.595236e-01
Hs.622919_at	0.184126	5.112418e-01	7.595236e-01
Hs.356108_at	-0.184126	5.112418e-01	7.595236e-01
Hs.515632_at	0.184126	5.112418e-01	7.595236e-01
Hs.281680_at	-0.184126	5.112418e-01	7.595236e-01
Hs.507798_at	0.184126	5.112418e-01	7.595236e-01
Hs.177972_at	0.184126	5.112418e-01	7.595236e-01
Hs.486502_at	-0.184126	5.112418e-01	7.595236e-01
Hs.591289_at	-0.184126	5.112418e-01	7.595236e-01
Hs.486886_at	0.184126	5.112418e-01	7.595236e-01
Hs.174103_at	0.184126	5.112418e-01	7.595236e-01
Hs.178695_at	-0.184126	5.112418e-01	7.595236e-01
Hs.367690_at	-0.184126	5.112418e-01	7.595236e-01
Hs.591445_at	-0.184126	5.112418e-01	7.595236e-01
Hs.92308_at	0.184126	5.112418e-01	7.595236e-01
Hs.116827_at	0.184126	5.112418e-01	7.595236e-01
Hs.562365_at	0.184126	5.112418e-01	7.595236e-01
Hs.561790_at	-0.184126	5.112418e-01	7.595236e-01
Hs.526972_at	0.184126	5.112418e-01	7.595236e-01
Hs.521651_at	0.184126	5.112418e-01	7.595236e-01
Hs.349094_at	-0.184126	5.112418e-01	7.595236e-01
Hs.12114_at	-0.184126	5.112418e-01	7.595236e-01
Hs.278569_at	-0.184126	5.112418e-01	7.595236e-01
Hs.249718_at	0.184126	5.112418e-01	7.595236e-01
Hs.418493_at	-0.184126	5.112418e-01	7.595236e-01
Hs.502127_at	0.184126	5.112418e-01	7.595236e-01
Hs.652163_at	0.184126	5.112418e-01	7.595236e-01
Hs.375031_at	0.184126	5.112418e-01	7.595236e-01
Hs.399496_at	0.184126	5.112418e-01	7.595236e-01
Hs.434232_at	-0.184126	5.112418e-01	7.595236e-01
Hs.559597_at	-0.184126	5.112418e-01	7.595236e-01
Hs.190548_at	-0.184126	5.112418e-01	7.595236e-01
Hs.652270_at	-0.184126	5.112418e-01	7.595236e-01
Hs.478429_at	0.184126	5.112418e-01	7.595236e-01
Hs.40094_at	-0.184126	5.112418e-01	7.595236e-01
Hs.502823_at	-0.184126	5.112418e-01	7.595236e-01
Hs.6147_at	0.184126	5.112418e-01	7.595236e-01
Hs.483486_at	-0.184126	5.112418e-01	7.595236e-01
Hs.591657_at	0.184126	5.112418e-01	7.595236e-01
Hs.591668_at	0.184126	5.112418e-01	7.595236e-01
Hs.610208_at	0.184126	5.112418e-01	7.595236e-01
Hs.331491_at	-0.184126	5.112418e-01	7.595236e-01
Hs.18070_at	-0.184126	5.112418e-01	7.595236e-01
Hs.591252_at	0.184126	5.112418e-01	7.595236e-01
Hs.162852_at	-0.184126	5.112418e-01	7.595236e-01
Hs.434138_at	0.184126	5.112418e-01	7.595236e-01
Hs.102866_at	-0.184126	5.112418e-01	7.595236e-01
Hs.509229_at	0.184126	5.112418e-01	7.595236e-01
Hs.292524_at	0.184126	5.112418e-01	7.595236e-01
Hs.591042_at	-0.184126	5.112418e-01	7.595236e-01
Hs.47338_at	-0.184126	5.112418e-01	7.595236e-01
Hs.634263-_at	-0.184126	5.112418e-01	7.595236e-01
Hs.440729_at	-0.184126	5.112418e-01	7.595236e-01
Hs.584900_at	0.184126	5.112418e-01	7.595236e-01
Hs.381167_at	-0.184126	5.112418e-01	7.595236e-01
Hs.584959_at	0.184126	5.112418e-01	7.595236e-01
Hs.611790_at	0.184126	5.112418e-01	7.595236e-01
Hs.205427_at	-0.180516	5.197016e-01	7.658018e-01
Hs.202686_at	0.180516	5.197016e-01	7.658018e-01
Hs.605316_at	-0.180516	5.197016e-01	7.658018e-01
Hs.475348_at	-0.180516	5.197016e-01	7.658018e-01
Hs.474949_at	-0.180516	5.197016e-01	7.658018e-01
Hs.608692_at	0.180516	5.197016e-01	7.658018e-01
Hs.185701_at	0.180516	5.197016e-01	7.658018e-01
Hs.99354_at	0.180516	5.197016e-01	7.658018e-01
Hs.611647-_at	0.180516	5.197016e-01	7.658018e-01
Hs.513530_at	0.180516	5.197016e-01	7.658018e-01
Hs.524579_at	-0.180516	5.197016e-01	7.658018e-01
Hs.96616_at	0.180516	5.197016e-01	7.658018e-01
Hs.464985_at	0.180516	5.197016e-01	7.658018e-01
Hs.634969_at	-0.180516	5.197016e-01	7.658018e-01
Hs.76244_at	-0.180516	5.197016e-01	7.658018e-01
Hs.29106_at	-0.180516	5.197016e-01	7.658018e-01
Hs.591340_at	-0.180516	5.197016e-01	7.658018e-01
Hs.521075_at	-0.180516	5.197016e-01	7.658018e-01
Hs.376443_at	0.180516	5.197016e-01	7.658018e-01
Hs.595258_at	0.180516	5.197016e-01	7.658018e-01
Hs.343679_at	0.180516	5.197016e-01	7.658018e-01
Hs.645379_at	-0.180516	5.197016e-01	7.658018e-01
Hs.173524_at	0.180516	5.197016e-01	7.658018e-01
Hs.650209_at	0.180516	5.197016e-01	7.658018e-01
Hs.435027_at	-0.180516	5.197016e-01	7.658018e-01
Hs.591451_at	-0.180516	5.197016e-01	7.658018e-01
Hs.306777_at	-0.180516	5.197016e-01	7.658018e-01
Hs.632191_at	-0.180516	5.197016e-01	7.658018e-01
Hs.633866_at	0.180516	5.197016e-01	7.658018e-01
Hs.75318_at	0.180516	5.197016e-01	7.658018e-01
Hs.370024_at	-0.180516	5.197016e-01	7.658018e-01
Hs.621489_at	-0.180516	5.197016e-01	7.658018e-01
Hs.122226_at	-0.180516	5.197016e-01	7.658018e-01
Hs.85570_at	-0.180516	5.197016e-01	7.658018e-01
Hs.501574_at	0.180516	5.197016e-01	7.658018e-01
Hs.18857_at	0.180516	5.197016e-01	7.658018e-01
Hs.177926_at	-0.180516	5.197016e-01	7.658018e-01
Hs.312098_at	0.180516	5.197016e-01	7.658018e-01
Hs.486548_at	-0.180516	5.197016e-01	7.658018e-01
Hs.590897_at	0.180516	5.197016e-01	7.658018e-01
Hs.558421_at	0.180516	5.197016e-01	7.658018e-01
Hs.154036_at	0.180516	5.197016e-01	7.658018e-01
Hs.401842_at	-0.180516	5.197016e-01	7.658018e-01
Hs.640492_at	-0.180516	5.197016e-01	7.658018e-01
Hs.209253_at	-0.180516	5.197016e-01	7.658018e-01
Hs.367833_at	-0.180516	5.197016e-01	7.658018e-01
Hs.211511_at	-0.180516	5.197016e-01	7.658018e-01
Hs.112667_at	0.180516	5.197016e-01	7.658018e-01
Hs.598622_at	0.180516	5.197016e-01	7.658018e-01
Hs.119591_at	0.180516	5.197016e-01	7.658018e-01
Hs.350750_at	0.180516	5.197016e-01	7.658018e-01
Hs.502829_at	0.180516	5.197016e-01	7.658018e-01
Hs.54056_at	0.180516	5.197016e-01	7.658018e-01
Hs.538635_at	-0.180516	5.197016e-01	7.658018e-01
Hs.604038_at	-0.180516	5.197016e-01	7.658018e-01
Hs.464572_at	0.180516	5.197016e-01	7.658018e-01
Hs.46468_at	-0.180516	5.197016e-01	7.658018e-01
Hs.408843_at	0.180516	5.197016e-01	7.658018e-01
Hs.7101_at	-0.180516	5.197016e-01	7.658018e-01
Hs.533855_at	-0.180516	5.197016e-01	7.658018e-01
Hs.511251_at	-0.180516	5.197016e-01	7.658018e-01
Hs.132992_at	-0.180516	5.197016e-01	7.658018e-01
Hs.512257_at	0.180516	5.197016e-01	7.658018e-01
Hs.136398_at	-0.180516	5.197016e-01	7.658018e-01
Hs.632346_at	0.180516	5.197016e-01	7.658018e-01
Hs.459366_at	0.180516	5.197016e-01	7.658018e-01
Hs.460857_at	-0.180516	5.197016e-01	7.658018e-01
Hs.331981_at	0.180516	5.197016e-01	7.658018e-01
Hs.597793_at	0.180516	5.197016e-01	7.658018e-01
Hs.27182_at	-0.180516	5.197016e-01	7.658018e-01
Hs.437160_at	0.180516	5.197016e-01	7.658018e-01
Hs.310645_at	0.180516	5.197016e-01	7.658018e-01
Hs.495522_at	0.180516	5.197016e-01	7.658018e-01
Hs.329850_at	0.180516	5.197016e-01	7.658018e-01
Hs.432394-_at	0.180516	5.197016e-01	7.658018e-01
Hs.496984_at	0.180516	5.197016e-01	7.658018e-01
Hs.16157_at	-0.180516	5.197016e-01	7.658018e-01
Hs.516108_at	0.180516	5.197016e-01	7.658018e-01
Hs.476270_at	0.180516	5.197016e-01	7.658018e-01
Hs.643565_at	-0.180516	5.197016e-01	7.658018e-01
Hs.20160_at	0.180516	5.197016e-01	7.658018e-01
Hs.253576_at	0.180516	5.197016e-01	7.658018e-01
Hs.404089_at	0.180516	5.197016e-01	7.658018e-01
Hs.620525_at	-0.180516	5.197016e-01	7.658018e-01
Hs.509964_at	-0.180516	5.197016e-01	7.658018e-01
Hs.534363_at	-0.180516	5.197016e-01	7.658018e-01
Hs.600882_at	0.180516	5.197016e-01	7.658018e-01
Hs.632693_at	0.180516	5.197016e-01	7.658018e-01
Hs.370984_at	0.180516	5.197016e-01	7.658018e-01
Hs.279815_at	0.180516	5.197016e-01	7.658018e-01
Hs.505398_at	0.180516	5.197016e-01	7.658018e-01
Hs.65735_at	0.180516	5.197016e-01	7.658018e-01
Hs.643005_at	0.180516	5.197016e-01	7.658018e-01
Hs.591281_at	-0.180516	5.197016e-01	7.658018e-01
Hs.158341_at	-0.180516	5.197016e-01	7.658018e-01
Hs.59203_at	-0.180516	5.197016e-01	7.658018e-01
Hs.568010_at	-0.180516	5.197016e-01	7.658018e-01
Hs.95835_at	-0.180516	5.197016e-01	7.658018e-01
Hs.522736_at	-0.180516	5.197016e-01	7.658018e-01
Hs.169474_at	-0.180516	5.197016e-01	7.658018e-01
Hs.167700_at	-0.180516	5.197016e-01	7.658018e-01
Hs.434296_at	-0.180516	5.197016e-01	7.658018e-01
Hs.374774_at	0.180516	5.197016e-01	7.658018e-01
Hs.433222_at	0.180516	5.197016e-01	7.658018e-01
Hs.532781_at	0.180516	5.197016e-01	7.658018e-01
Hs.108002_at	-0.180516	5.197016e-01	7.658018e-01
Hs.105448_at	0.180516	5.197016e-01	7.658018e-01
Hs.611952_at	0.180516	5.197016e-01	7.658018e-01
Hs.381134_at	0.180516	5.197016e-01	7.658018e-01
Hs.106185_at	0.180516	5.197016e-01	7.658018e-01
Hs.172772_at	0.180516	5.197016e-01	7.658018e-01
Hs.407580_at	-0.176906	5.282244e-01	7.712844e-01
Hs.636150_at	0.176906	5.282244e-01	7.712844e-01
Hs.631812_at	0.176906	5.282244e-01	7.712844e-01
Hs.631710_at	-0.176906	5.282244e-01	7.712844e-01
Hs.446376_at	0.176906	5.282244e-01	7.712844e-01
Hs.494496_at	0.176906	5.282244e-01	7.712844e-01
Hs.649472_at	0.176906	5.282244e-01	7.712844e-01
Hs.611147+_at	0.176906	5.282244e-01	7.712844e-01
Hs.25845_at	0.176906	5.282244e-01	7.712844e-01
Hs.59872_at	-0.176906	5.282244e-01	7.712844e-01
Hs.258100_at	0.176906	5.282244e-01	7.712844e-01
Hs.646438_at	0.176906	5.282244e-01	7.712844e-01
Hs.333274_at	0.176906	5.282244e-01	7.712844e-01
Hs.336768_at	-0.176906	5.282244e-01	7.712844e-01
Hs.605035_at	-0.176906	5.282244e-01	7.712844e-01
Hs.605056_at	-0.176906	5.282244e-01	7.712844e-01
Hs.461285_at	0.176906	5.282244e-01	7.712844e-01
Hs.583870_at	0.176906	5.282244e-01	7.712844e-01
Hs.58423_at	0.176906	5.282244e-01	7.712844e-01
Hs.189105_at	-0.176906	5.282244e-01	7.712844e-01
Hs.126221_at	0.176906	5.282244e-01	7.712844e-01
Hs.373606_at	0.176906	5.282244e-01	7.712844e-01
Hs.449942_at	-0.176906	5.282244e-01	7.712844e-01
Hs.297389_at	0.176906	5.282244e-01	7.712844e-01
Hs.436439_at	0.176906	5.282244e-01	7.712844e-01
Hs.564188_at	0.176906	5.282244e-01	7.712844e-01
Hs.474781_at	-0.176906	5.282244e-01	7.712844e-01
Hs.567259_at	0.176906	5.282244e-01	7.712844e-01
Hs.588655_at	-0.176906	5.282244e-01	7.712844e-01
Hs.632738_at	-0.176906	5.282244e-01	7.712844e-01
Hs.23796_at	0.176906	5.282244e-01	7.712844e-01
Hs.534316_at	0.176906	5.282244e-01	7.712844e-01
Hs.567337_at	-0.176906	5.282244e-01	7.712844e-01
Hs.472852_at	-0.176906	5.282244e-01	7.712844e-01
Hs.510098_at	0.176906	5.282244e-01	7.712844e-01
Hs.42265_at	0.176906	5.282244e-01	7.712844e-01
Hs.156918_at	-0.176906	5.282244e-01	7.712844e-01
Hs.458096_at	-0.176906	5.282244e-01	7.712844e-01
Hs.119286_at	0.176906	5.282244e-01	7.712844e-01
Hs.182971_at	-0.176906	5.282244e-01	7.712844e-01
Hs.251680_at	0.176906	5.282244e-01	7.712844e-01
Hs.252451_at	0.176906	5.282244e-01	7.712844e-01
Hs.529592_at	0.176906	5.282244e-01	7.712844e-01
Hs.413099_at	-0.176906	5.282244e-01	7.712844e-01
Hs.200230_at	0.176906	5.282244e-01	7.712844e-01
Hs.437040_at	0.176906	5.282244e-01	7.712844e-01
Hs.591336_at	-0.176906	5.282244e-01	7.712844e-01
Hs.610256_at	0.176906	5.282244e-01	7.712844e-01
Hs.610277_at	-0.176906	5.282244e-01	7.712844e-01
Hs.597836_at	0.176906	5.282244e-01	7.712844e-01
Hs.75243_at	0.176906	5.282244e-01	7.712844e-01
Hs.7099_at	-0.176906	5.282244e-01	7.712844e-01
Hs.246413_at	-0.176906	5.282244e-01	7.712844e-01
Hs.605642_at	0.176906	5.282244e-01	7.712844e-01
Hs.516826_at	0.176906	5.282244e-01	7.712844e-01
Hs.529984_at	-0.176906	5.282244e-01	7.712844e-01
Hs.460317_at	-0.176906	5.282244e-01	7.712844e-01
Hs.604296_at	0.176906	5.282244e-01	7.712844e-01
Hs.356331_at	-0.176906	5.282244e-01	7.712844e-01
Hs.300863_at	0.176906	5.282244e-01	7.712844e-01
Hs.561089_at	0.176906	5.282244e-01	7.712844e-01
Hs.145573_at	-0.176906	5.282244e-01	7.712844e-01
Hs.591877_at	0.176906	5.282244e-01	7.712844e-01
Hs.504422_at	-0.176906	5.282244e-01	7.712844e-01
Hs.503704_at	0.176906	5.282244e-01	7.712844e-01
Hs.643878_at	0.176906	5.282244e-01	7.712844e-01
Hs.352211_at	-0.176906	5.282244e-01	7.712844e-01
Hs.128056_at	-0.176906	5.282244e-01	7.712844e-01
Hs.8008_at	-0.176906	5.282244e-01	7.712844e-01
Hs.53155_at	0.176906	5.282244e-01	7.712844e-01
Hs.12865_at	0.176906	5.282244e-01	7.712844e-01
Hs.598014_at	0.176906	5.282244e-01	7.712844e-01
Hs.120228_at	0.176906	5.282244e-01	7.712844e-01
Hs.6396_at	-0.176906	5.282244e-01	7.712844e-01
Hs.408739_at	0.176906	5.282244e-01	7.712844e-01
Hs.367639_at	-0.176906	5.282244e-01	7.712844e-01
Hs.48372_at	0.176906	5.282244e-01	7.712844e-01
Hs.541741+_at	0.176906	5.282244e-01	7.712844e-01
Hs.652227_at	-0.176906	5.282244e-01	7.712844e-01
Hs.435967_at	-0.176906	5.282244e-01	7.712844e-01
Hs.88025_at	0.176906	5.282244e-01	7.712844e-01
Hs.519880_at	0.176906	5.282244e-01	7.712844e-01
Hs.527656_at	0.176906	5.282244e-01	7.712844e-01
Hs.647741_at	-0.176906	5.282244e-01	7.712844e-01
Hs.440438_at	0.176906	5.282244e-01	7.712844e-01
Hs.626404_at	0.176906	5.282244e-01	7.712844e-01
Hs.146585_at	-0.176906	5.282244e-01	7.712844e-01
Hs.6449_at	-0.176906	5.282244e-01	7.712844e-01
Hs.541177_at	0.176906	5.282244e-01	7.712844e-01
Hs.75643_at	-0.176906	5.282244e-01	7.712844e-01
Hs.439112_at	0.176906	5.282244e-01	7.712844e-01
Hs.533139_at	0.176906	5.282244e-01	7.712844e-01
Hs.567571_at	-0.176906	5.282244e-01	7.712844e-01
Hs.458367_at	-0.176906	5.282244e-01	7.712844e-01
Hs.149774_at	0.176906	5.282244e-01	7.712844e-01
Hs.444690_at	0.176906	5.282244e-01	7.712844e-01
Hs.585480_at	0.176906	5.282244e-01	7.712844e-01
Hs.25067_at	-0.176906	5.282244e-01	7.712844e-01
Hs.250666_at	0.176906	5.282244e-01	7.712844e-01
Hs.569700_at	0.176906	5.282244e-01	7.712844e-01
Hs.163776_at	-0.176906	5.282244e-01	7.712844e-01
Hs.591465_at	0.176906	5.282244e-01	7.712844e-01
Hs.171980_at	-0.176906	5.282244e-01	7.712844e-01
Hs.344872-_at	0.176906	5.282244e-01	7.712844e-01
Hs.61435_at	0.176906	5.282244e-01	7.712844e-01
Hs.614081_at	0.176906	5.282244e-01	7.712844e-01
Hs.87384_at	0.176906	5.282244e-01	7.712844e-01
Hs.614086_at	-0.176906	5.282244e-01	7.712844e-01
Hs.307047_at	0.176906	5.282244e-01	7.712844e-01
Hs.55024_at	0.176906	5.282244e-01	7.712844e-01
Hs.494705_at	0.176906	5.282244e-01	7.712844e-01
Hs.596854_at	-0.176906	5.282244e-01	7.712844e-01
Hs.377416_at	0.176906	5.282244e-01	7.712844e-01
Hs.399958_at	0.176906	5.282244e-01	7.712844e-01
Hs.567717_at	0.176906	5.282244e-01	7.712844e-01
Hs.635593_at	0.176906	5.282244e-01	7.712844e-01
Hs.22287+_at	-0.176906	5.282244e-01	7.712844e-01
Hs.170819_at	0.176906	5.282244e-01	7.712844e-01
Hs.130413_at	-0.176906	5.282244e-01	7.712844e-01
Hs.109999_at	-0.176906	5.282244e-01	7.712844e-01
Hs.97174_at	0.176906	5.282244e-01	7.712844e-01
Hs.103665_at	-0.176906	5.282244e-01	7.712844e-01
Hs.524134_at	0.176906	5.282244e-01	7.712844e-01
Hs.524458_at	-0.176906	5.282244e-01	7.712844e-01
Hs.584905_at	-0.176906	5.282244e-01	7.712844e-01
Hs.631597_at	0.173295	5.368092e-01	7.764223e-01
Hs.617990_at	-0.173295	5.368092e-01	7.764223e-01
Hs.479223_at	-0.173295	5.368092e-01	7.764223e-01
Hs.503357_at	0.173295	5.368092e-01	7.764223e-01
Hs.503251_at	0.173295	5.368092e-01	7.764223e-01
Hs.523841_at	0.173295	5.368092e-01	7.764223e-01
Hs.198998_at	-0.173295	5.368092e-01	7.764223e-01
Hs.197680_at	-0.173295	5.368092e-01	7.764223e-01
Hs.477711_at	0.173295	5.368092e-01	7.764223e-01
Hs.26333_at	-0.173295	5.368092e-01	7.764223e-01
Hs.517338_at	0.173295	5.368092e-01	7.764223e-01
Hs.172884_at	0.173295	5.368092e-01	7.764223e-01
Hs.435063_at	0.173295	5.368092e-01	7.764223e-01
Hs.553493_at	-0.173295	5.368092e-01	7.764223e-01
Hs.489127_at	0.173295	5.368092e-01	7.764223e-01
Hs.490181_at	-0.173295	5.368092e-01	7.764223e-01
Hs.600952_at	0.173295	5.368092e-01	7.764223e-01
Hs.29802_at	-0.173295	5.368092e-01	7.764223e-01
Hs.643552_at	-0.173295	5.368092e-01	7.764223e-01
Hs.6790_at	-0.173295	5.368092e-01	7.764223e-01
Hs.503093_at	0.173295	5.368092e-01	7.764223e-01
Hs.351544_at	0.173295	5.368092e-01	7.764223e-01
Hs.562568_at	-0.173295	5.368092e-01	7.764223e-01
Hs.591890_at	0.173295	5.368092e-01	7.764223e-01
Hs.418198_at	0.173295	5.368092e-01	7.764223e-01
Hs.307023_at	0.173295	5.368092e-01	7.764223e-01
Hs.558618_at	-0.173295	5.368092e-01	7.764223e-01
Hs.61418_at	0.173295	5.368092e-01	7.764223e-01
Hs.419259_at	0.173295	5.368092e-01	7.764223e-01
Hs.507991_at	0.173295	5.368092e-01	7.764223e-01
Hs.149849_at	-0.173295	5.368092e-01	7.764223e-01
Hs.69319_at	0.173295	5.368092e-01	7.764223e-01
Hs.71023_at	0.173295	5.368092e-01	7.764223e-01
Hs.646050_at	0.173295	5.368092e-01	7.764223e-01
Hs.501793_at	0.173295	5.368092e-01	7.764223e-01
Hs.652278_at	-0.173295	5.368092e-01	7.764223e-01
Hs.13759_at	0.173295	5.368092e-01	7.764223e-01
Hs.615080_at	0.173295	5.368092e-01	7.764223e-01
Hs.533655_at	-0.173295	5.368092e-01	7.764223e-01
Hs.638966_at	0.173295	5.368092e-01	7.764223e-01
Hs.472491_at	0.173295	5.368092e-01	7.764223e-01
Hs.156169_at	-0.173295	5.368092e-01	7.764223e-01
Hs.572993_at	-0.173295	5.368092e-01	7.764223e-01
Hs.632707_at	-0.173295	5.368092e-01	7.764223e-01
Hs.463041_at	0.173295	5.368092e-01	7.764223e-01
Hs.239500_at	0.173295	5.368092e-01	7.764223e-01
Hs.24763_at	0.173295	5.368092e-01	7.764223e-01
Hs.461705_at	0.173295	5.368092e-01	7.764223e-01
Hs.632629_at	0.173295	5.368092e-01	7.764223e-01
Hs.241551_at	0.173295	5.368092e-01	7.764223e-01
Hs.371914_at	-0.173295	5.368092e-01	7.764223e-01
Hs.121676_at	-0.173295	5.368092e-01	7.764223e-01
Hs.1644_at	0.173295	5.368092e-01	7.764223e-01
Hs.178210_at	0.173295	5.368092e-01	7.764223e-01
Hs.647743_at	0.173295	5.368092e-01	7.764223e-01
Hs.591430_at	0.173295	5.368092e-01	7.764223e-01
Hs.516105_at	-0.173295	5.368092e-01	7.764223e-01
Hs.624601_at	-0.173295	5.368092e-01	7.764223e-01
Hs.586916_at	-0.173295	5.368092e-01	7.764223e-01
Hs.602162_at	-0.173295	5.368092e-01	7.764223e-01
Hs.21365_at	-0.173295	5.368092e-01	7.764223e-01
Hs.604820_at	0.173295	5.368092e-01	7.764223e-01
Hs.5920_at	0.173295	5.368092e-01	7.764223e-01
Hs.134406_at	0.173295	5.368092e-01	7.764223e-01
Hs.42771_at	0.173295	5.368092e-01	7.764223e-01
Hs.15591_at	-0.173295	5.368092e-01	7.764223e-01
Hs.420016_at	-0.173295	5.368092e-01	7.764223e-01
Hs.544636_at	-0.173295	5.368092e-01	7.764223e-01
Hs.75285_at	0.173295	5.368092e-01	7.764223e-01
Hs.589962_at	-0.173295	5.368092e-01	7.764223e-01
Hs.56782_at	0.173295	5.368092e-01	7.764223e-01
Hs.29055_at	0.173295	5.368092e-01	7.764223e-01
Hs.646774_at	0.173295	5.368092e-01	7.764223e-01
Hs.484423_at	0.173295	5.368092e-01	7.764223e-01
Hs.183953_at	0.173295	5.368092e-01	7.764223e-01
Hs.40758_at	0.173295	5.368092e-01	7.764223e-01
Hs.513195_at	-0.173295	5.368092e-01	7.764223e-01
Hs.75914_at	-0.173295	5.368092e-01	7.764223e-01
Hs.532815_at	0.173295	5.368092e-01	7.764223e-01
Hs.76272_at	-0.173295	5.368092e-01	7.764223e-01
Hs.210469_at	0.173295	5.368092e-01	7.764223e-01
Hs.466729_at	0.173295	5.368092e-01	7.764223e-01
Hs.440848_at	0.173295	5.368092e-01	7.764223e-01
Hs.466840_at	0.173295	5.368092e-01	7.764223e-01
Hs.614065_at	0.173295	5.368092e-01	7.764223e-01
Hs.308074_at	-0.173295	5.368092e-01	7.764223e-01
Hs.157791_at	0.173295	5.368092e-01	7.764223e-01
Hs.608695_at	-0.173295	5.368092e-01	7.764223e-01
Hs.485081_at	-0.173295	5.368092e-01	7.764223e-01
Hs.485628_at	-0.173295	5.368092e-01	7.764223e-01
Hs.284307+_at	0.173295	5.368092e-01	7.764223e-01
Hs.127279_at	-0.173295	5.368092e-01	7.764223e-01
Hs.464416_at	0.173295	5.368092e-01	7.764223e-01
Hs.593858_at	0.173295	5.368092e-01	7.764223e-01
Hs.431460_at	-0.173295	5.368092e-01	7.764223e-01
Hs.590894_at	-0.173295	5.368092e-01	7.764223e-01
Hs.637693_at	-0.173295	5.368092e-01	7.764223e-01
Hs.272295_at	0.173295	5.368092e-01	7.764223e-01
Hs.11729_at	-0.173295	5.368092e-01	7.764223e-01
Hs.1166_at	0.173295	5.368092e-01	7.764223e-01
Hs.631814_at	-0.173295	5.368092e-01	7.764223e-01
Hs.518526_at	-0.173295	5.368092e-01	7.764223e-01
Hs.518635_at	0.173295	5.368092e-01	7.764223e-01
Hs.119316_at	-0.173295	5.368092e-01	7.764223e-01
Hs.518989_at	0.173295	5.368092e-01	7.764223e-01
Hs.552786_at	0.173295	5.368092e-01	7.764223e-01
Hs.9333_at	0.173295	5.368092e-01	7.764223e-01
Hs.525527_at	-0.173295	5.368092e-01	7.764223e-01
Hs.584956_at	-0.173295	5.368092e-01	7.764223e-01
Hs.11110_at	0.173295	5.368092e-01	7.764223e-01
Hs.100878_at	-0.173295	5.368092e-01	7.764223e-01
Hs.168762_at	-0.173295	5.368092e-01	7.764223e-01
Hs.490684_at	0.173295	5.368092e-01	7.764223e-01
Hs.434102_at	-0.173295	5.368092e-01	7.764223e-01
Hs.584863_at	0.173295	5.368092e-01	7.764223e-01
Hs.631546_at	-0.173295	5.368092e-01	7.764223e-01
Hs.378808_at	-0.173295	5.368092e-01	7.764223e-01
Hs.111577_at	-0.173295	5.368092e-01	7.764223e-01
Hs.595743_at	-0.173295	5.368092e-01	7.764223e-01
Hs.522590_at	-0.173295	5.368092e-01	7.764223e-01
Hs.495134_at	0.173295	5.368092e-01	7.764223e-01
Hs.433291_at	-0.173295	5.368092e-01	7.764223e-01
Hs.327631_at	0.173295	5.368092e-01	7.764223e-01
Hs.326_at	-0.173295	5.368092e-01	7.764223e-01
Hs.524078_at	-0.173295	5.368092e-01	7.764223e-01
Hs.517670_at	-0.173295	5.368092e-01	7.764223e-01
Hs.594004_at	-0.173295	5.368092e-01	7.764223e-01
Hs.371021_at	0.173295	5.368092e-01	7.764223e-01
Hs.652401_at	-0.173295	5.368092e-01	7.764223e-01
Hs.594481_at	0.173295	5.368092e-01	7.764223e-01
Hs.446925_at	0.173295	5.368092e-01	7.764223e-01
Hs.1992_at	-0.169685	5.454551e-01	7.817749e-01
Hs.436181_at	0.169685	5.454551e-01	7.817749e-01
Hs.617673_at	-0.169685	5.454551e-01	7.817749e-01
Hs.652408_at	-0.169685	5.454551e-01	7.817749e-01
Hs.445932_at	0.169685	5.454551e-01	7.817749e-01
Hs.645238_at	0.169685	5.454551e-01	7.817749e-01
Hs.522817_at	-0.169685	5.454551e-01	7.817749e-01
Hs.388188_at	0.169685	5.454551e-01	7.817749e-01
Hs.106432_at	0.169685	5.454551e-01	7.817749e-01
Hs.105779_at	0.169685	5.454551e-01	7.817749e-01
Hs.98303_at	0.169685	5.454551e-01	7.817749e-01
Hs.479602_at	0.169685	5.454551e-01	7.817749e-01
Hs.270364_at	0.169685	5.454551e-01	7.817749e-01
Hs.631566_at	0.169685	5.454551e-01	7.817749e-01
Hs.595574_at	0.169685	5.454551e-01	7.817749e-01
Hs.101248_at	0.169685	5.454551e-01	7.817749e-01
Hs.382202_at	0.169685	5.454551e-01	7.817749e-01
Hs.317403_at	-0.169685	5.454551e-01	7.817749e-01
Hs.169047_at	0.169685	5.454551e-01	7.817749e-01
Hs.434044_at	-0.169685	5.454551e-01	7.817749e-01
Hs.322852_at	0.169685	5.454551e-01	7.817749e-01
Hs.165465_at	-0.169685	5.454551e-01	7.817749e-01
Hs.263832_at	0.169685	5.454551e-01	7.817749e-01
Hs.37616_at	-0.169685	5.454551e-01	7.817749e-01
Hs.44720_at	-0.169685	5.454551e-01	7.817749e-01
Hs.447531_at	0.169685	5.454551e-01	7.817749e-01
Hs.171130_at	0.169685	5.454551e-01	7.817749e-01
Hs.274124_at	0.169685	5.454551e-01	7.817749e-01
Hs.628908_at	0.169685	5.454551e-01	7.817749e-01
Hs.594530_at	0.169685	5.454551e-01	7.817749e-01
Hs.46453_at	0.169685	5.454551e-01	7.817749e-01
Hs.464585_at	-0.169685	5.454551e-01	7.817749e-01
Hs.32950_at	0.169685	5.454551e-01	7.817749e-01
Hs.647092_at	0.169685	5.454551e-01	7.817749e-01
Hs.183861_at	0.169685	5.454551e-01	7.817749e-01
Hs.591353_at	-0.169685	5.454551e-01	7.817749e-01
Hs.555974_at	-0.169685	5.454551e-01	7.817749e-01
Hs.499941_at	-0.169685	5.454551e-01	7.817749e-01
Hs.532279_at	0.169685	5.454551e-01	7.817749e-01
Hs.369592_at	-0.169685	5.454551e-01	7.817749e-01
Hs.569733_at	-0.169685	5.454551e-01	7.817749e-01
Hs.431668_at	-0.169685	5.454551e-01	7.817749e-01
Hs.430657_at	0.169685	5.454551e-01	7.817749e-01
Hs.22653_at	-0.169685	5.454551e-01	7.817749e-01
Hs.22654_at	-0.169685	5.454551e-01	7.817749e-01
Hs.634522_at	-0.169685	5.454551e-01	7.817749e-01
Hs.468274_at	0.169685	5.454551e-01	7.817749e-01
Hs.437195_at	-0.169685	5.454551e-01	7.817749e-01
Hs.556077_at	0.169685	5.454551e-01	7.817749e-01
Hs.183617_at	0.169685	5.454551e-01	7.817749e-01
Hs.333791_at	0.169685	5.454551e-01	7.817749e-01
Hs.5683_at	-0.169685	5.454551e-01	7.817749e-01
Hs.568108_at	-0.169685	5.454551e-01	7.817749e-01
Hs.158173_at	0.169685	5.454551e-01	7.817749e-01
Hs.290873_at	-0.169685	5.454551e-01	7.817749e-01
Hs.469331_at	-0.169685	5.454551e-01	7.817749e-01
Hs.512661_at	0.169685	5.454551e-01	7.817749e-01
Hs.248138_at	0.169685	5.454551e-01	7.817749e-01
Hs.632287_at	-0.169685	5.454551e-01	7.817749e-01
Hs.632267_at	0.169685	5.454551e-01	7.817749e-01
Hs.514682_at	-0.169685	5.454551e-01	7.817749e-01
Hs.16291_at	-0.169685	5.454551e-01	7.817749e-01
Hs.161008_at	-0.169685	5.454551e-01	7.817749e-01
Hs.400696_at	0.169685	5.454551e-01	7.817749e-01
Hs.59368_at	-0.169685	5.454551e-01	7.817749e-01
Hs.81328_at	-0.169685	5.454551e-01	7.817749e-01
Hs.85258_at	-0.169685	5.454551e-01	7.817749e-01
Hs.237392_at	0.169685	5.454551e-01	7.817749e-01
Hs.571037_at	-0.169685	5.454551e-01	7.817749e-01
Hs.125213_at	-0.169685	5.454551e-01	7.817749e-01
Hs.372208_at	0.169685	5.454551e-01	7.817749e-01
Hs.592271_at	-0.169685	5.454551e-01	7.817749e-01
Hs.213389_at	0.169685	5.454551e-01	7.817749e-01
Hs.211973_at	0.169685	5.454551e-01	7.817749e-01
Hs.145717_at	-0.169685	5.454551e-01	7.817749e-01
Hs.534680_at	0.169685	5.454551e-01	7.817749e-01
Hs.151787_at	-0.169685	5.454551e-01	7.817749e-01
Hs.151444_at	-0.169685	5.454551e-01	7.817749e-01
Hs.61635_at	0.169685	5.454551e-01	7.817749e-01
Hs.480975-_at	0.169685	5.454551e-01	7.817749e-01
Hs.646001_at	-0.169685	5.454551e-01	7.817749e-01
Hs.512235_at	-0.169685	5.454551e-01	7.817749e-01
Hs.153248_at	0.169685	5.454551e-01	7.817749e-01
Hs.592009_at	-0.169685	5.454551e-01	7.817749e-01
Hs.7124_at	0.169685	5.454551e-01	7.817749e-01
Hs.71377_at	-0.169685	5.454551e-01	7.817749e-01
Hs.591756_at	-0.169685	5.454551e-01	7.817749e-01
Hs.153961_at	0.169685	5.454551e-01	7.817749e-01
Hs.591014_at	-0.169685	5.454551e-01	7.817749e-01
Hs.591005_at	-0.169685	5.454551e-01	7.817749e-01
Hs.135554_at	0.169685	5.454551e-01	7.817749e-01
Hs.136893_at	0.169685	5.454551e-01	7.817749e-01
Hs.641865_at	0.169685	5.454551e-01	7.817749e-01
Hs.203420_at	0.169685	5.454551e-01	7.817749e-01
Hs.604740_at	0.169685	5.454551e-01	7.817749e-01
Hs.412597_at	-0.169685	5.454551e-01	7.817749e-01
Hs.652306_at	-0.169685	5.454551e-01	7.817749e-01
Hs.109059_at	-0.169685	5.454551e-01	7.817749e-01
Hs.585011_at	-0.169685	5.454551e-01	7.817749e-01
Hs.302772_at	-0.169685	5.454551e-01	7.817749e-01
Hs.3459_at	-0.169685	5.454551e-01	7.817749e-01
Hs.354493_at	-0.169685	5.454551e-01	7.817749e-01
Hs.605082_at	0.169685	5.454551e-01	7.817749e-01
Hs.413416_at	0.169685	5.454551e-01	7.817749e-01
Hs.56279_at	-0.169685	5.454551e-01	7.817749e-01
Hs.591101_at	0.169685	5.454551e-01	7.817749e-01
Hs.652293_at	-0.169685	5.454551e-01	7.817749e-01
Hs.620031_at	0.169685	5.454551e-01	7.817749e-01
Hs.1472_at	0.169685	5.454551e-01	7.817749e-01
Hs.507025_at	-0.169685	5.454551e-01	7.817749e-01
Hs.528902_at	-0.169685	5.454551e-01	7.817749e-01
Hs.517820_at	0.169685	5.454551e-01	7.817749e-01
Hs.528050_at	-0.169685	5.454551e-01	7.817749e-01
Hs.517981_at	0.169685	5.454551e-01	7.817749e-01
Hs.88523_at	-0.169685	5.454551e-01	7.817749e-01
Hs.626095_at	0.169685	5.454551e-01	7.817749e-01
Hs.495080_at	-0.169685	5.454551e-01	7.817749e-01
Hs.487498_at	0.169685	5.454551e-01	7.817749e-01
Hs.648106_at	0.169685	5.454551e-01	7.817749e-01
Hs.528651_at	0.169685	5.454551e-01	7.817749e-01
Hs.630618_at	0.169685	5.454551e-01	7.817749e-01
Hs.121554_at	-0.169685	5.454551e-01	7.817749e-01
Hs.122417_at	-0.169685	5.454551e-01	7.817749e-01
Hs.459088_at	0.169685	5.454551e-01	7.817749e-01
Hs.122959_at	0.169685	5.454551e-01	7.817749e-01
Hs.88012_at	-0.169685	5.454551e-01	7.817749e-01
Hs.613610_at	0.169685	5.454551e-01	7.817749e-01
Hs.2624_at	0.166075	5.541612e-01	7.868941e-01
Hs.631592_at	0.166075	5.541612e-01	7.868941e-01
Hs.268939_at	0.166075	5.541612e-01	7.868941e-01
Hs.522506_at	0.166075	5.541612e-01	7.868941e-01
Hs.388297_at	-0.166075	5.541612e-01	7.868941e-01
Hs.596458_at	-0.166075	5.541612e-01	7.868941e-01
Hs.522640_at	0.166075	5.541612e-01	7.868941e-01
Hs.523221_at	0.166075	5.541612e-01	7.868941e-01
Hs.98381_at	0.166075	5.541612e-01	7.868941e-01
Hs.596014_at	-0.166075	5.541612e-01	7.868941e-01
Hs.553279_at	0.166075	5.541612e-01	7.868941e-01
Hs.318547_at	0.166075	5.541612e-01	7.868941e-01
Hs.98751_at	0.166075	5.541612e-01	7.868941e-01
Hs.445570_at	0.166075	5.541612e-01	7.868941e-01
Hs.27160_at	0.166075	5.541612e-01	7.868941e-01
Hs.113882_at	0.166075	5.541612e-01	7.868941e-01
Hs.462946_at	-0.166075	5.541612e-01	7.868941e-01
Hs.78466_at	-0.166075	5.541612e-01	7.868941e-01
Hs.593418_at	0.166075	5.541612e-01	7.868941e-01
Hs.532277_at	-0.166075	5.541612e-01	7.868941e-01
Hs.499725_at	-0.166075	5.541612e-01	7.868941e-01
Hs.335788_at	0.166075	5.541612e-01	7.868941e-01
Hs.435369_at	-0.166075	5.541612e-01	7.868941e-01
Hs.185597_at	0.166075	5.541612e-01	7.868941e-01
Hs.464422_at	-0.166075	5.541612e-01	7.868941e-01
Hs.234642_at	-0.166075	5.541612e-01	7.868941e-01
Hs.46700_at	0.166075	5.541612e-01	7.868941e-01
Hs.407159_at	0.166075	5.541612e-01	7.868941e-01
Hs.466831_at	-0.166075	5.541612e-01	7.868941e-01
Hs.621964_at	-0.166075	5.541612e-01	7.868941e-01
Hs.406709_at	0.166075	5.541612e-01	7.868941e-01
Hs.602857_at	0.166075	5.541612e-01	7.868941e-01
Hs.368355_at	0.166075	5.541612e-01	7.868941e-01
Hs.128580_at	0.166075	5.541612e-01	7.868941e-01
Hs.569138_at	0.166075	5.541612e-01	7.868941e-01
Hs.36973_at	0.166075	5.541612e-01	7.868941e-01
Hs.405958_at	0.166075	5.541612e-01	7.868941e-01
Hs.593542_at	0.166075	5.541612e-01	7.868941e-01
Hs.458283_at	-0.166075	5.541612e-01	7.868941e-01
Hs.518492_at	0.166075	5.541612e-01	7.868941e-01
Hs.401835_at	-0.166075	5.541612e-01	7.868941e-01
Hs.119878_at	-0.166075	5.541612e-01	7.868941e-01
Hs.518767_at	-0.166075	5.541612e-01	7.868941e-01
Hs.417004_at	0.166075	5.541612e-01	7.868941e-01
Hs.619609_at	0.166075	5.541612e-01	7.868941e-01
Hs.591949_at	0.166075	5.541612e-01	7.868941e-01
Hs.591952_at	-0.166075	5.541612e-01	7.868941e-01
Hs.436401_at	0.166075	5.541612e-01	7.868941e-01
Hs.593669_at	-0.166075	5.541612e-01	7.868941e-01
Hs.599825_at	0.166075	5.541612e-01	7.868941e-01
Hs.598953_at	-0.166075	5.541612e-01	7.868941e-01
Hs.443967_at	-0.166075	5.541612e-01	7.868941e-01
Hs.632406_at	0.166075	5.541612e-01	7.868941e-01
Hs.586161_at	0.166075	5.541612e-01	7.868941e-01
Hs.592567_at	-0.166075	5.541612e-01	7.868941e-01
Hs.220864_at	0.166075	5.541612e-01	7.868941e-01
Hs.635231_at	0.166075	5.541612e-01	7.868941e-01
Hs.533898_at	0.166075	5.541612e-01	7.868941e-01
Hs.533282_at	-0.166075	5.541612e-01	7.868941e-01
Hs.636295_at	0.166075	5.541612e-01	7.868941e-01
Hs.636299_at	-0.166075	5.541612e-01	7.868941e-01
Hs.469134_at	-0.166075	5.541612e-01	7.868941e-01
Hs.567844_at	0.166075	5.541612e-01	7.868941e-01
Hs.334347_at	0.166075	5.541612e-01	7.868941e-01
Hs.621294_at	0.166075	5.541612e-01	7.868941e-01
Hs.632722_at	0.166075	5.541612e-01	7.868941e-01
Hs.567493_at	0.166075	5.541612e-01	7.868941e-01
Hs.371585_at	0.166075	5.541612e-01	7.868941e-01
Hs.161000_at	0.166075	5.541612e-01	7.868941e-01
Hs.178144_at	-0.166075	5.541612e-01	7.868941e-01
Hs.647370_at	-0.166075	5.541612e-01	7.868941e-01
Hs.175220_at	-0.166075	5.541612e-01	7.868941e-01
Hs.163629_at	0.166075	5.541612e-01	7.868941e-01
Hs.164060_at	0.166075	5.541612e-01	7.868941e-01
Hs.211589_at	0.166075	5.541612e-01	7.868941e-01
Hs.211594_at	-0.166075	5.541612e-01	7.868941e-01
Hs.529495_at	-0.166075	5.541612e-01	7.868941e-01
Hs.122077_at	0.166075	5.541612e-01	7.868941e-01
Hs.490347_at	0.166075	5.541612e-01	7.868941e-01
Hs.553520_at	0.166075	5.541612e-01	7.868941e-01
Hs.613484_at	0.166075	5.541612e-01	7.868941e-01
Hs.495056_at	-0.166075	5.541612e-01	7.868941e-01
Hs.614510_at	-0.166075	5.541612e-01	7.868941e-01
Hs.347408_at	-0.166075	5.541612e-01	7.868941e-01
Hs.55879_at	-0.166075	5.541612e-01	7.868941e-01
Hs.417795_at	-0.166075	5.541612e-01	7.868941e-01
Hs.191850_at	0.166075	5.541612e-01	7.868941e-01
Hs.479867_at	0.166075	5.541612e-01	7.868941e-01
Hs.124384_at	-0.166075	5.541612e-01	7.868941e-01
Hs.516090_at	0.166075	5.541612e-01	7.868941e-01
Hs.8769_at	0.166075	5.541612e-01	7.868941e-01
Hs.375039_at	0.166075	5.541612e-01	7.868941e-01
Hs.473218_at	0.166075	5.541612e-01	7.868941e-01
Hs.412304_at	-0.166075	5.541612e-01	7.868941e-01
Hs.138207_at	0.166075	5.541612e-01	7.868941e-01
Hs.152385_at	-0.166075	5.541612e-01	7.868941e-01
Hs.591203_at	0.166075	5.541612e-01	7.868941e-01
Hs.652114_at	-0.166075	5.541612e-01	7.868941e-01
Hs.591691_at	0.166075	5.541612e-01	7.868941e-01
Hs.422375_at	-0.166075	5.541612e-01	7.868941e-01
Hs.43812_at	0.166075	5.541612e-01	7.868941e-01
Hs.507243_at	-0.166075	5.541612e-01	7.868941e-01
Hs.135642_at	0.166075	5.541612e-01	7.868941e-01
Hs.134795_at	-0.166075	5.541612e-01	7.868941e-01
Hs.134816_at	0.166075	5.541612e-01	7.868941e-01
Hs.620389_at	-0.166075	5.541612e-01	7.868941e-01
Hs.620508_at	0.166075	5.541612e-01	7.868941e-01
Hs.460978_at	-0.166075	5.541612e-01	7.868941e-01
Hs.577987_at	0.166075	5.541612e-01	7.868941e-01
Hs.577426_at	-0.166075	5.541612e-01	7.868941e-01
Hs.9914_at	0.166075	5.541612e-01	7.868941e-01
Hs.382696_at	0.166075	5.541612e-01	7.868941e-01
Hs.524530_at	0.166075	5.541612e-01	7.868941e-01
Hs.194783_at	0.166075	5.541612e-01	7.868941e-01
Hs.618023_at	0.166075	5.541612e-01	7.868941e-01
Hs.148907_at	-0.166075	5.541612e-01	7.868941e-01
Hs.652365_at	-0.166075	5.541612e-01	7.868941e-01
Hs.502872_at	0.166075	5.541612e-01	7.868941e-01
Hs.147836_at	-0.166075	5.541612e-01	7.868941e-01
Hs.617536_at	0.166075	5.541612e-01	7.868941e-01
Hs.202238_at	-0.166075	5.541612e-01	7.868941e-01
Hs.476453_at	-0.166075	5.541612e-01	7.868941e-01
Hs.643452_at	0.166075	5.541612e-01	7.868941e-01
Hs.146040_at	0.166075	5.541612e-01	7.868941e-01
Hs.89890_at	0.166075	5.541612e-01	7.868941e-01
Hs.585040_at	0.166075	5.541612e-01	7.868941e-01
Hs.283963_at	0.166075	5.541612e-01	7.868941e-01
Hs.514746_at	-0.166075	5.541612e-01	7.868941e-01
Hs.648767_at	0.166075	5.541612e-01	7.868941e-01
Hs.551967_at	0.166075	5.541612e-01	7.868941e-01
Hs.111099_at	-0.166075	5.541612e-01	7.868941e-01
Hs.91381_at	0.162464	5.629266e-01	7.915589e-01
Hs.90790_at	-0.162464	5.629266e-01	7.915589e-01
Hs.520046_at	0.162464	5.629266e-01	7.915589e-01
Hs.320892_at	0.162464	5.629266e-01	7.915589e-01
Hs.606160_at	0.162464	5.629266e-01	7.915589e-01
Hs.605502_at	0.162464	5.629266e-01	7.915589e-01
Hs.376933_at	0.162464	5.629266e-01	7.915589e-01
Hs.520898_at	0.162464	5.629266e-01	7.915589e-01
Hs.270753_at	0.162464	5.629266e-01	7.915589e-01
Hs.490715_at	0.162464	5.629266e-01	7.915589e-01
Hs.649101_at	0.162464	5.629266e-01	7.915589e-01
Hs.522507_at	0.162464	5.629266e-01	7.915589e-01
Hs.551230_at	-0.162464	5.629266e-01	7.915589e-01
Hs.551550_at	-0.162464	5.629266e-01	7.915589e-01
Hs.169743_at	0.162464	5.629266e-01	7.915589e-01
Hs.594945_at	0.162464	5.629266e-01	7.915589e-01
Hs.207731_at	0.162464	5.629266e-01	7.915589e-01
Hs.411501_at	0.162464	5.629266e-01	7.915589e-01
Hs.60473_at	-0.162464	5.629266e-01	7.915589e-01
Hs.191215_at	0.162464	5.629266e-01	7.915589e-01
Hs.638864_at	0.162464	5.629266e-01	7.915589e-01
Hs.531713_at	-0.162464	5.629266e-01	7.915589e-01
Hs.531619_at	0.162464	5.629266e-01	7.915589e-01
Hs.602364_at	-0.162464	5.629266e-01	7.915589e-01
Hs.79033_at	-0.162464	5.629266e-01	7.915589e-01
Hs.570355_at	-0.162464	5.629266e-01	7.915589e-01
Hs.569417_at	0.162464	5.629266e-01	7.915589e-01
Hs.622122_at	0.162464	5.629266e-01	7.915589e-01
Hs.591549_at	0.162464	5.629266e-01	7.915589e-01
Hs.127100_at	0.162464	5.629266e-01	7.915589e-01
Hs.403436_at	-0.162464	5.629266e-01	7.915589e-01
Hs.546430_at	0.162464	5.629266e-01	7.915589e-01
Hs.335061_at	-0.162464	5.629266e-01	7.915589e-01
Hs.310640_at	-0.162464	5.629266e-01	7.915589e-01
Hs.600625_at	-0.162464	5.629266e-01	7.915589e-01
Hs.283844_at	0.162464	5.629266e-01	7.915589e-01
Hs.594138_at	-0.162464	5.629266e-01	7.915589e-01
Hs.204044_at	0.162464	5.629266e-01	7.915589e-01
Hs.562802_at	-0.162464	5.629266e-01	7.915589e-01
Hs.352614_at	-0.162464	5.629266e-01	7.915589e-01
Hs.352364_at	-0.162464	5.629266e-01	7.915589e-01
Hs.145150_at	-0.162464	5.629266e-01	7.915589e-01
Hs.144734_at	-0.162464	5.629266e-01	7.915589e-01
Hs.29679_at	0.162464	5.629266e-01	7.915589e-01
Hs.591083_at	0.162464	5.629266e-01	7.915589e-01
Hs.351133_at	-0.162464	5.629266e-01	7.915589e-01
Hs.527524_at	-0.162464	5.629266e-01	7.915589e-01
Hs.631865_at	-0.162464	5.629266e-01	7.915589e-01
Hs.375623_at	0.162464	5.629266e-01	7.915589e-01
Hs.528334_at	0.162464	5.629266e-01	7.915589e-01
Hs.464157_at	0.162464	5.629266e-01	7.915589e-01
Hs.464210_at	0.162464	5.629266e-01	7.915589e-01
Hs.515111_at	0.162464	5.629266e-01	7.915589e-01
Hs.482173_at	0.162464	5.629266e-01	7.915589e-01
Hs.374973_at	0.162464	5.629266e-01	7.915589e-01
Hs.8786_at	-0.162464	5.629266e-01	7.915589e-01
Hs.594658_at	0.162464	5.629266e-01	7.915589e-01
Hs.576171_at	0.162464	5.629266e-01	7.915589e-01
Hs.124366_at	-0.162464	5.629266e-01	7.915589e-01
Hs.516316_at	0.162464	5.629266e-01	7.915589e-01
Hs.348390_at	-0.162464	5.629266e-01	7.915589e-01
Hs.191734_at	-0.162464	5.629266e-01	7.915589e-01
Hs.591454_at	0.162464	5.629266e-01	7.915589e-01
Hs.252549_at	-0.162464	5.629266e-01	7.915589e-01
Hs.625723_at	0.162464	5.629266e-01	7.915589e-01
Hs.143261_at	-0.162464	5.629266e-01	7.915589e-01
Hs.652381_at	0.162464	5.629266e-01	7.915589e-01
Hs.493518_at	-0.162464	5.629266e-01	7.915589e-01
Hs.277035_at	0.162464	5.629266e-01	7.915589e-01
Hs.42806_at	0.162464	5.629266e-01	7.915589e-01
Hs.155729_at	-0.162464	5.629266e-01	7.915589e-01
Hs.591610_at	-0.162464	5.629266e-01	7.915589e-01
Hs.292088_at	-0.162464	5.629266e-01	7.915589e-01
Hs.73982_at	0.162464	5.629266e-01	7.915589e-01
Hs.356870_at	-0.162464	5.629266e-01	7.915589e-01
Hs.468140_at	-0.162464	5.629266e-01	7.915589e-01
Hs.7644_at	0.162464	5.629266e-01	7.915589e-01
Hs.220594_at	-0.162464	5.629266e-01	7.915589e-01
Hs.78016_at	0.162464	5.629266e-01	7.915589e-01
Hs.635766_at	0.162464	5.629266e-01	7.915589e-01
Hs.632480_at	-0.162464	5.629266e-01	7.915589e-01
Hs.444657_at	-0.162464	5.629266e-01	7.915589e-01
Hs.585653_at	-0.162464	5.629266e-01	7.915589e-01
Hs.632219_at	0.162464	5.629266e-01	7.915589e-01
Hs.12420_at	0.162464	5.629266e-01	7.915589e-01
Hs.471156_at	-0.162464	5.629266e-01	7.915589e-01
Hs.486246_at	0.162464	5.629266e-01	7.915589e-01
Hs.435755_at	0.162464	5.629266e-01	7.915589e-01
Hs.591490_at	0.162464	5.629266e-01	7.915589e-01
Hs.591463_at	0.162464	5.629266e-01	7.915589e-01
Hs.164144_at	0.162464	5.629266e-01	7.915589e-01
Hs.651205_at	-0.162464	5.629266e-01	7.915589e-01
Hs.647573_at	0.162464	5.629266e-01	7.915589e-01
Hs.471917_at	0.162464	5.629266e-01	7.915589e-01
Hs.374253_at	-0.162464	5.629266e-01	7.915589e-01
Hs.334626_at	-0.162464	5.629266e-01	7.915589e-01
Hs.485060_at	-0.162464	5.629266e-01	7.915589e-01
Hs.462230_at	-0.162464	5.629266e-01	7.915589e-01
Hs.632729_at	-0.162464	5.629266e-01	7.915589e-01
Hs.7471_at	-0.162464	5.629266e-01	7.915589e-01
Hs.104119_at	0.162464	5.629266e-01	7.915589e-01
Hs.323489_at	0.162464	5.629266e-01	7.915589e-01
Hs.98008_at	0.162464	5.629266e-01	7.915589e-01
Hs.388565_at	0.162464	5.629266e-01	7.915589e-01
Hs.268530_at	-0.162464	5.629266e-01	7.915589e-01
Hs.595451_at	0.162464	5.629266e-01	7.915589e-01
Hs.270084_at	-0.162464	5.629266e-01	7.915589e-01
Hs.446079_at	0.162464	5.629266e-01	7.915589e-01
Hs.445893_at	0.162464	5.629266e-01	7.915589e-01
Hs.390823_at	0.162464	5.629266e-01	7.915589e-01
Hs.519168_at	-0.162464	5.629266e-01	7.915589e-01
Hs.27018_at	-0.162464	5.629266e-01	7.915589e-01
Hs.597170_at	-0.162464	5.629266e-01	7.915589e-01
Hs.560765_at	0.162464	5.629266e-01	7.915589e-01
Hs.30011_at	0.162464	5.629266e-01	7.915589e-01
Hs.193613_at	-0.162464	5.629266e-01	7.915589e-01
Hs.196952_at	0.162464	5.629266e-01	7.915589e-01
Hs.617921_at	0.162464	5.629266e-01	7.915589e-01
Hs.283764_at	0.162464	5.629266e-01	7.915589e-01
Hs.128814_at	0.162464	5.629266e-01	7.915589e-01
Hs.643352_at	-0.162464	5.629266e-01	7.915589e-01
Hs.144348_at	-0.162464	5.629266e-01	7.915589e-01
Hs.625007_at	0.162464	5.629266e-01	7.915589e-01
Hs.253994_at	0.162464	5.629266e-01	7.915589e-01
Hs.503850_at	0.162464	5.629266e-01	7.915589e-01
Hs.201897_at	-0.162464	5.629266e-01	7.915589e-01
Hs.201623_at	-0.162464	5.629266e-01	7.915589e-01
Hs.115366_at	0.162464	5.629266e-01	7.915589e-01
Hs.559317_at	0.162464	5.629266e-01	7.915589e-01
Hs.460693_at	-0.162464	5.629266e-01	7.915589e-01
Hs.248136_at	0.162464	5.629266e-01	7.915589e-01
Hs.567419_at	0.162464	5.629266e-01	7.915589e-01
Hs.590921_at	-0.162464	5.629266e-01	7.915589e-01
Hs.411391-_at	0.162464	5.629266e-01	7.915589e-01
Hs.542791+_at	0.162464	5.629266e-01	7.915589e-01
Hs.542791-_at	-0.162464	5.629266e-01	7.915589e-01
Hs.434375_at	-0.162464	5.629266e-01	7.915589e-01
Hs.99528_at	-0.162464	5.629266e-01	7.915589e-01
Hs.524216_at	0.162464	5.629266e-01	7.915589e-01
Hs.584927_at	0.158854	5.717503e-01	7.968782e-01
Hs.445857_at	0.158854	5.717503e-01	7.968782e-01
Hs.114191_at	0.158854	5.717503e-01	7.968782e-01
Hs.522555_at	0.158854	5.717503e-01	7.968782e-01
Hs.652444_at	-0.158854	5.717503e-01	7.968782e-01
Hs.200016_at	0.158854	5.717503e-01	7.968782e-01
Hs.113222_at	0.158854	5.717503e-01	7.968782e-01
Hs.514474_at	0.158854	5.717503e-01	7.968782e-01
Hs.514819_at	-0.158854	5.717503e-01	7.968782e-01
Hs.515344_at	-0.158854	5.717503e-01	7.968782e-01
Hs.144696_at	0.158854	5.717503e-01	7.968782e-01
Hs.591868_at	-0.158854	5.717503e-01	7.968782e-01
Hs.652411_at	0.158854	5.717503e-01	7.968782e-01
Hs.298885_at	-0.158854	5.717503e-01	7.968782e-01
Hs.4779_at	0.158854	5.717503e-01	7.968782e-01
Hs.90443_at	-0.158854	5.717503e-01	7.968782e-01
Hs.584947_at	0.158854	5.717503e-01	7.968782e-01
Hs.195464_at	0.158854	5.717503e-01	7.968782e-01
Hs.59666_at	0.158854	5.717503e-01	7.968782e-01
Hs.446017_at	-0.158854	5.717503e-01	7.968782e-01
Hs.105636_at	0.158854	5.717503e-01	7.968782e-01
Hs.385528_at	-0.158854	5.717503e-01	7.968782e-01
Hs.523230_at	0.158854	5.717503e-01	7.968782e-01
Hs.321689_at	0.158854	5.717503e-01	7.968782e-01
Hs.387405_at	0.158854	5.717503e-01	7.968782e-01
Hs.557609_at	-0.158854	5.717503e-01	7.968782e-01
Hs.621226_at	0.158854	5.717503e-01	7.968782e-01
Hs.651148_at	-0.158854	5.717503e-01	7.968782e-01
Hs.496545_at	0.158854	5.717503e-01	7.968782e-01
Hs.472027_at	-0.158854	5.717503e-01	7.968782e-01
Hs.64004_at	-0.158854	5.717503e-01	7.968782e-01
Hs.603632_at	0.158854	5.717503e-01	7.968782e-01
Hs.511915_at	-0.158854	5.717503e-01	7.968782e-01
Hs.435570_at	-0.158854	5.717503e-01	7.968782e-01
Hs.162458_at	0.158854	5.717503e-01	7.968782e-01
Hs.123074_at	0.158854	5.717503e-01	7.968782e-01
Hs.516808_at	-0.158854	5.717503e-01	7.968782e-01
Hs.133916_at	0.158854	5.717503e-01	7.968782e-01
Hs.129794_at	0.158854	5.717503e-01	7.968782e-01
Hs.221597_at	0.158854	5.717503e-01	7.968782e-01
Hs.24557_at	0.158854	5.717503e-01	7.968782e-01
Hs.632465_at	0.158854	5.717503e-01	7.968782e-01
Hs.632570_at	0.158854	5.717503e-01	7.968782e-01
Hs.468239_at	-0.158854	5.717503e-01	7.968782e-01
Hs.22399_at	0.158854	5.717503e-01	7.968782e-01
Hs.634999_at	0.158854	5.717503e-01	7.968782e-01
Hs.515388_at	0.158854	5.717503e-01	7.968782e-01
Hs.599575_at	0.158854	5.717503e-01	7.968782e-01
Hs.438993_at	-0.158854	5.717503e-01	7.968782e-01
Hs.60351_at	0.158854	5.717503e-01	7.968782e-01
Hs.75066_at	-0.158854	5.717503e-01	7.968782e-01
Hs.75149_at	0.158854	5.717503e-01	7.968782e-01
Hs.132225_at	-0.158854	5.717503e-01	7.968782e-01
Hs.591777_at	0.158854	5.717503e-01	7.968782e-01
Hs.156967_at	0.158854	5.717503e-01	7.968782e-01
Hs.484678_at	0.158854	5.717503e-01	7.968782e-01
Hs.468908_at	0.158854	5.717503e-01	7.968782e-01
Hs.512908_at	-0.158854	5.717503e-01	7.968782e-01
Hs.648273_at	0.158854	5.717503e-01	7.968782e-01
Hs.17200_at	-0.158854	5.717503e-01	7.968782e-01
Hs.173280_at	0.158854	5.717503e-01	7.968782e-01
Hs.6483_at	-0.158854	5.717503e-01	7.968782e-01
Hs.204559_at	0.158854	5.717503e-01	7.968782e-01
Hs.143436_at	0.158854	5.717503e-01	7.968782e-01
Hs.302669_at	0.158854	5.717503e-01	7.968782e-01
Hs.517559_at	-0.158854	5.717503e-01	7.968782e-01
Hs.83753_at	0.158854	5.717503e-01	7.968782e-01
Hs.645276_at	0.158854	5.717503e-01	7.968782e-01
Hs.411865_at	0.158854	5.717503e-01	7.968782e-01
Hs.188661_at	-0.158854	5.717503e-01	7.968782e-01
Hs.558440_at	0.158854	5.717503e-01	7.968782e-01
Hs.375179_at	0.158854	5.717503e-01	7.968782e-01
Hs.458313_at	-0.158854	5.717503e-01	7.968782e-01
Hs.250581_at	0.158854	5.717503e-01	7.968782e-01
Hs.298023_at	0.158854	5.717503e-01	7.968782e-01
Hs.528491_at	0.158854	5.717503e-01	7.968782e-01
Hs.450092_at	0.158854	5.717503e-01	7.968782e-01
Hs.594545_at	0.158854	5.717503e-01	7.968782e-01
Hs.527973_at	0.158854	5.717503e-01	7.968782e-01
Hs.44780_at	-0.158854	5.717503e-01	7.968782e-01
Hs.630632_at	0.158854	5.717503e-01	7.968782e-01
Hs.562633_at	0.158854	5.717503e-01	7.968782e-01
Hs.506902_at	0.158854	5.717503e-01	7.968782e-01
Hs.632426_at	0.158854	5.717503e-01	7.968782e-01
Hs.530970_at	-0.158854	5.717503e-01	7.968782e-01
Hs.632554_at	-0.158854	5.717503e-01	7.968782e-01
Hs.371902_at	-0.158854	5.717503e-01	7.968782e-01
Hs.530538_at	-0.158854	5.717503e-01	7.968782e-01
Hs.24030_at	-0.158854	5.717503e-01	7.968782e-01
Hs.435309_at	0.158854	5.717503e-01	7.968782e-01
Hs.404220_at	-0.158854	5.717503e-01	7.968782e-01
Hs.129003_at	-0.158854	5.717503e-01	7.968782e-01
Hs.532489_at	0.158854	5.717503e-01	7.968782e-01
Hs.432424_at	-0.158854	5.717503e-01	7.968782e-01
Hs.23349_at	0.158854	5.717503e-01	7.968782e-01
Hs.16004_at	-0.158854	5.717503e-01	7.968782e-01
Hs.569575_at	0.158854	5.717503e-01	7.968782e-01
Hs.407154_at	0.158854	5.717503e-01	7.968782e-01
Hs.622480_at	-0.158854	5.717503e-01	7.968782e-01
Hs.621728_at	-0.158854	5.717503e-01	7.968782e-01
Hs.513509_at	0.158854	5.717503e-01	7.968782e-01
Hs.407101_at	0.158854	5.717503e-01	7.968782e-01
Hs.6347_at	0.158854	5.717503e-01	7.968782e-01
Hs.467236_at	0.158854	5.717503e-01	7.968782e-01
Hs.514554_at	-0.158854	5.717503e-01	7.968782e-01
Hs.634767_at	-0.158854	5.717503e-01	7.968782e-01
Hs.604673_at	0.158854	5.717503e-01	7.968782e-01
Hs.481371_at	0.158854	5.717503e-01	7.968782e-01
Hs.482372_at	0.158854	5.717503e-01	7.968782e-01
Hs.473087_at	0.158854	5.717503e-01	7.968782e-01
Hs.355264_at	-0.158854	5.717503e-01	7.968782e-01
Hs.6906_at	-0.158854	5.717503e-01	7.968782e-01
Hs.480085_at	-0.158854	5.717503e-01	7.968782e-01
Hs.501853_at	-0.158854	5.717503e-01	7.968782e-01
Hs.123450_at	0.158854	5.717503e-01	7.968782e-01
Hs.438064_at	-0.158854	5.717503e-01	7.968782e-01
Hs.294088_at	-0.158854	5.717503e-01	7.968782e-01
Hs.64173_at	0.158854	5.717503e-01	7.968782e-01
Hs.564874_at	0.158854	5.717503e-01	7.968782e-01
Hs.270_at	-0.158854	5.717503e-01	7.968782e-01
Hs.389649_at	-0.158854	5.717503e-01	7.968782e-01
Hs.136535_at	0.158854	5.717503e-01	7.968782e-01
Hs.624616_at	-0.158854	5.717503e-01	7.968782e-01
Hs.524488_at	-0.158854	5.717503e-01	7.968782e-01
Hs.611359_at	0.158854	5.717503e-01	7.968782e-01
Hs.383921_at	-0.158854	5.717503e-01	7.968782e-01
Hs.648505+_at	0.158854	5.717503e-01	7.968782e-01
Hs.515412_at	0.155244	5.806312e-01	8.011913e-01
Hs.404175_at	-0.155244	5.806312e-01	8.011913e-01
Hs.283868_at	-0.155244	5.806312e-01	8.011913e-01
Hs.310637_at	-0.155244	5.806312e-01	8.011913e-01
Hs.593304_at	0.155244	5.806312e-01	8.011913e-01
Hs.370781_at	-0.155244	5.806312e-01	8.011913e-01
Hs.632711_at	0.155244	5.806312e-01	8.011913e-01
Hs.285782_at	-0.155244	5.806312e-01	8.011913e-01
Hs.594935_at	-0.155244	5.806312e-01	8.011913e-01
Hs.463652_at	-0.155244	5.806312e-01	8.011913e-01
Hs.158301_at	0.155244	5.806312e-01	8.011913e-01
Hs.381256_at	0.155244	5.806312e-01	8.011913e-01
Hs.584988_at	-0.155244	5.806312e-01	8.011913e-01
Hs.106137_at	0.155244	5.806312e-01	8.011913e-01
Hs.631504_at	-0.155244	5.806312e-01	8.011913e-01
Hs.269027_at	0.155244	5.806312e-01	8.011913e-01
Hs.594790-_at	-0.155244	5.806312e-01	8.011913e-01
Hs.99430_at	0.155244	5.806312e-01	8.011913e-01
Hs.99431_at	0.155244	5.806312e-01	8.011913e-01
Hs.99443_at	0.155244	5.806312e-01	8.011913e-01
Hs.477315_at	-0.155244	5.806312e-01	8.011913e-01
Hs.146520_at	-0.155244	5.806312e-01	8.011913e-01
Hs.535734_at	0.155244	5.806312e-01	8.011913e-01
Hs.89679_at	0.155244	5.806312e-01	8.011913e-01
Hs.445272_at	-0.155244	5.806312e-01	8.011913e-01
Hs.619260_at	-0.155244	5.806312e-01	8.011913e-01
Hs.437008_at	0.155244	5.806312e-01	8.011913e-01
Hs.116250_at	-0.155244	5.806312e-01	8.011913e-01
Hs.631898_at	-0.155244	5.806312e-01	8.011913e-01
Hs.631971_at	-0.155244	5.806312e-01	8.011913e-01
Hs.90073_at	-0.155244	5.806312e-01	8.011913e-01
Hs.475945_at	0.155244	5.806312e-01	8.011913e-01
Hs.50727_at	0.155244	5.806312e-01	8.011913e-01
Hs.606411_at	0.155244	5.806312e-01	8.011913e-01
Hs.606200_at	-0.155244	5.806312e-01	8.011913e-01
Hs.652658_at	0.155244	5.806312e-01	8.011913e-01
Hs.630446_at	0.155244	5.806312e-01	8.011913e-01
Hs.647035_at	0.155244	5.806312e-01	8.011913e-01
Hs.189184_at	0.155244	5.806312e-01	8.011913e-01
Hs.600547_at	0.155244	5.806312e-01	8.011913e-01
Hs.600376-_at	0.155244	5.806312e-01	8.011913e-01
Hs.241407_at	0.155244	5.806312e-01	8.011913e-01
Hs.82201_at	0.155244	5.806312e-01	8.011913e-01
Hs.248056_at	0.155244	5.806312e-01	8.011913e-01
Hs.443874_at	-0.155244	5.806312e-01	8.011913e-01
Hs.466875_at	0.155244	5.806312e-01	8.011913e-01
Hs.75864_at	0.155244	5.806312e-01	8.011913e-01
Hs.130692_at	-0.155244	5.806312e-01	8.011913e-01
Hs.466945_at	0.155244	5.806312e-01	8.011913e-01
Hs.434715_at	0.155244	5.806312e-01	8.011913e-01
Hs.458310_at	-0.155244	5.806312e-01	8.011913e-01
Hs.413901_at	-0.155244	5.806312e-01	8.011913e-01
Hs.143660_at	-0.155244	5.806312e-01	8.011913e-01
Hs.474991_at	0.155244	5.806312e-01	8.011913e-01
Hs.3210_at	0.155244	5.806312e-01	8.011913e-01
Hs.554016_at	0.155244	5.806312e-01	8.011913e-01
Hs.433728_at	0.155244	5.806312e-01	8.011913e-01
Hs.613380_at	0.155244	5.806312e-01	8.011913e-01
Hs.529303_at	-0.155244	5.806312e-01	8.011913e-01
Hs.57988_at	0.155244	5.806312e-01	8.011913e-01
Hs.147054_at	0.155244	5.806312e-01	8.011913e-01
Hs.645374_at	0.155244	5.806312e-01	8.011913e-01
Hs.649837_at	-0.155244	5.806312e-01	8.011913e-01
Hs.252180_at	0.155244	5.806312e-01	8.011913e-01
Hs.14248_at	-0.155244	5.806312e-01	8.011913e-01
Hs.559929_at	0.155244	5.806312e-01	8.011913e-01
Hs.652297_at	-0.155244	5.806312e-01	8.011913e-01
Hs.348500_at	-0.155244	5.806312e-01	8.011913e-01
Hs.192371_at	-0.155244	5.806312e-01	8.011913e-01
Hs.547458_at	0.155244	5.806312e-01	8.011913e-01
Hs.512610_at	0.155244	5.806312e-01	8.011913e-01
Hs.154001_at	0.155244	5.806312e-01	8.011913e-01
Hs.652230_at	0.155244	5.806312e-01	8.011913e-01
Hs.638417_at	0.155244	5.806312e-01	8.011913e-01
Hs.512592_at	-0.155244	5.806312e-01	8.011913e-01
Hs.549783_at	-0.155244	5.806312e-01	8.011913e-01
Hs.214043_at	-0.155244	5.806312e-01	8.011913e-01
Hs.132194_at	-0.155244	5.806312e-01	8.011913e-01
Hs.533339_at	-0.155244	5.806312e-01	8.011913e-01
Hs.357242_at	0.155244	5.806312e-01	8.011913e-01
Hs.591619_at	-0.155244	5.806312e-01	8.011913e-01
Hs.133257_at	-0.155244	5.806312e-01	8.011913e-01
Hs.409412_at	-0.155244	5.806312e-01	8.011913e-01
Hs.75117_at	-0.155244	5.806312e-01	8.011913e-01
Hs.513058_at	-0.155244	5.806312e-01	8.011913e-01
Hs.21590_at	0.155244	5.806312e-01	8.011913e-01
Hs.508829_at	-0.155244	5.806312e-01	8.011913e-01
Hs.507681_at	0.155244	5.806312e-01	8.011913e-01
Hs.474667_at	0.155244	5.806312e-01	8.011913e-01
Hs.208343_at	0.155244	5.806312e-01	8.011913e-01
Hs.567311_at	0.155244	5.806312e-01	8.011913e-01
Hs.473192_at	0.155244	5.806312e-01	8.011913e-01
Hs.365689_at	0.155244	5.806312e-01	8.011913e-01
Hs.364260_at	-0.155244	5.806312e-01	8.011913e-01
Hs.444414_at	0.155244	5.806312e-01	8.011913e-01
Hs.399810_at	-0.155244	5.806312e-01	8.011913e-01
Hs.576497_at	0.155244	5.806312e-01	8.011913e-01
Hs.443029_at	0.155244	5.806312e-01	8.011913e-01
Hs.304362_at	-0.155244	5.806312e-01	8.011913e-01
Hs.423935_at	0.155244	5.806312e-01	8.011913e-01
Hs.150087_at	-0.155244	5.806312e-01	8.011913e-01
Hs.1376_at	0.155244	5.806312e-01	8.011913e-01
Hs.458426_at	0.155244	5.806312e-01	8.011913e-01
Hs.274150_at	0.155244	5.806312e-01	8.011913e-01
Hs.617934_at	-0.155244	5.806312e-01	8.011913e-01
Hs.479693_at	0.155244	5.806312e-01	8.011913e-01
Hs.145925_at	-0.155244	5.806312e-01	8.011913e-01
Hs.298863_at	0.155244	5.806312e-01	8.011913e-01
Hs.301921_at	-0.155244	5.806312e-01	8.011913e-01
Hs.61684_at	0.155244	5.806312e-01	8.011913e-01
Hs.299878_at	0.155244	5.806312e-01	8.011913e-01
Hs.41690_at	0.155244	5.806312e-01	8.011913e-01
Hs.148809_at	0.155244	5.806312e-01	8.011913e-01
Hs.148685_at	0.155244	5.806312e-01	8.011913e-01
Hs.147674_at	-0.155244	5.806312e-01	8.011913e-01
Hs.11392_at	0.155244	5.806312e-01	8.011913e-01
Hs.525634_at	-0.155244	5.806312e-01	8.011913e-01
Hs.525704_at	-0.155244	5.806312e-01	8.011913e-01
Hs.92556_at	0.155244	5.806312e-01	8.011913e-01
Hs.597142_at	-0.155244	5.806312e-01	8.011913e-01
Hs.380089_at	0.155244	5.806312e-01	8.011913e-01
Hs.199743_at	0.155244	5.806312e-01	8.011913e-01
Hs.198416_at	0.155244	5.806312e-01	8.011913e-01
Hs.478368_at	0.155244	5.806312e-01	8.011913e-01
Hs.605565_at	-0.155244	5.806312e-01	8.011913e-01
Hs.520070_at	-0.155244	5.806312e-01	8.011913e-01
Hs.808_at	-0.155244	5.806312e-01	8.011913e-01
Hs.622604_at	0.155244	5.806312e-01	8.011913e-01
Hs.288467_at	0.155244	5.806312e-01	8.011913e-01
Hs.368243_at	0.155244	5.806312e-01	8.011913e-01
Hs.407636_at	0.155244	5.806312e-01	8.011913e-01
Hs.28792_at	0.155244	5.806312e-01	8.011913e-01
Hs.532150_at	0.155244	5.806312e-01	8.011913e-01
Hs.129706_at	0.155244	5.806312e-01	8.011913e-01
Hs.601771_at	0.155244	5.806312e-01	8.011913e-01
Hs.78769_at	0.155244	5.806312e-01	8.011913e-01
Hs.99491_at	0.155244	5.806312e-01	8.011913e-01
Hs.55148_at	0.155244	5.806312e-01	8.011913e-01
Hs.649550_at	-0.155244	5.806312e-01	8.011913e-01
Hs.17255_at	-0.155244	5.806312e-01	8.011913e-01
Hs.494178_at	0.155244	5.806312e-01	8.011913e-01
Hs.171455_at	0.155244	5.806312e-01	8.011913e-01
Hs.524817_at	-0.155244	5.806312e-01	8.011913e-01
Hs.98475_at	0.155244	5.806312e-01	8.011913e-01
Hs.193043_at	0.155244	5.806312e-01	8.011913e-01
Hs.513983_at	0.151633	5.895685e-01	8.070889e-01
Hs.587979_at	0.151633	5.895685e-01	8.070889e-01
Hs.623895_at	0.151633	5.895685e-01	8.070889e-01
Hs.515094_at	0.151633	5.895685e-01	8.070889e-01
Hs.441681_at	0.151633	5.895685e-01	8.070889e-01
Hs.515427_at	0.151633	5.895685e-01	8.070889e-01
Hs.624165_at	0.151633	5.895685e-01	8.070889e-01
Hs.632901_at	0.151633	5.895685e-01	8.070889e-01
Hs.632807_at	0.151633	5.895685e-01	8.070889e-01
Hs.128836_at	0.151633	5.895685e-01	8.070889e-01
Hs.368642_at	0.151633	5.895685e-01	8.070889e-01
Hs.405880_at	-0.151633	5.895685e-01	8.070889e-01
Hs.592781_at	-0.151633	5.895685e-01	8.070889e-01
Hs.514980_at	0.151633	5.895685e-01	8.070889e-01
Hs.643608_at	0.151633	5.895685e-01	8.070889e-01
Hs.117266_at	-0.151633	5.895685e-01	8.070889e-01
Hs.631672_at	-0.151633	5.895685e-01	8.070889e-01
Hs.199695_at	-0.151633	5.895685e-01	8.070889e-01
Hs.55235_at	-0.151633	5.895685e-01	8.070889e-01
Hs.101840_at	-0.151633	5.895685e-01	8.070889e-01
Hs.478673_at	0.151633	5.895685e-01	8.070889e-01
Hs.597366_at	0.151633	5.895685e-01	8.070889e-01
Hs.262480_at	-0.151633	5.895685e-01	8.070889e-01
Hs.34114_at	0.151633	5.895685e-01	8.070889e-01
Hs.608562_at	0.151633	5.895685e-01	8.070889e-01
Hs.480603_at	-0.151633	5.895685e-01	8.070889e-01
Hs.516505_at	0.151633	5.895685e-01	8.070889e-01
Hs.598508_at	-0.151633	5.895685e-01	8.070889e-01
Hs.12409_at	-0.151633	5.895685e-01	8.070889e-01
Hs.121540_at	0.151633	5.895685e-01	8.070889e-01
Hs.136102_at	0.151633	5.895685e-01	8.070889e-01
Hs.72925_at	0.151633	5.895685e-01	8.070889e-01
Hs.473554_at	-0.151633	5.895685e-01	8.070889e-01
Hs.1420_at	0.151633	5.895685e-01	8.070889e-01
Hs.508835_at	0.151633	5.895685e-01	8.070889e-01
Hs.474206_at	-0.151633	5.895685e-01	8.070889e-01
Hs.123423_at	-0.151633	5.895685e-01	8.070889e-01
Hs.213307_at	0.151633	5.895685e-01	8.070889e-01
Hs.411138_at	0.151633	5.895685e-01	8.070889e-01
Hs.363138_at	0.151633	5.895685e-01	8.070889e-01
Hs.359393_at	-0.151633	5.895685e-01	8.070889e-01
Hs.470412_at	-0.151633	5.895685e-01	8.070889e-01
Hs.469520_at	0.151633	5.895685e-01	8.070889e-01
Hs.609652_at	-0.151633	5.895685e-01	8.070889e-01
Hs.134473_at	0.151633	5.895685e-01	8.070889e-01
Hs.163424_at	0.151633	5.895685e-01	8.070889e-01
Hs.517066_at	-0.151633	5.895685e-01	8.070889e-01
Hs.486507_at	-0.151633	5.895685e-01	8.070889e-01
Hs.33104_at	0.151633	5.895685e-01	8.070889e-01
Hs.497600_at	0.151633	5.895685e-01	8.070889e-01
Hs.497148_at	-0.151633	5.895685e-01	8.070889e-01
Hs.162200_at	-0.151633	5.895685e-01	8.070889e-01
Hs.356061_at	0.151633	5.895685e-01	8.070889e-01
Hs.474596_at	0.151633	5.895685e-01	8.070889e-01
Hs.64125_at	0.151633	5.895685e-01	8.070889e-01
Hs.506985_at	-0.151633	5.895685e-01	8.070889e-01
Hs.534527_at	-0.151633	5.895685e-01	8.070889e-01
Hs.494897_at	0.151633	5.895685e-01	8.070889e-01
Hs.433629_at	-0.151633	5.895685e-01	8.070889e-01
Hs.122523_at	-0.151633	5.895685e-01	8.070889e-01
Hs.8619_at	-0.151633	5.895685e-01	8.070889e-01
Hs.534649_at	-0.151633	5.895685e-01	8.070889e-01
Hs.591922_at	-0.151633	5.895685e-01	8.070889e-01
Hs.67201_at	-0.151633	5.895685e-01	8.070889e-01
Hs.143604_at	-0.151633	5.895685e-01	8.070889e-01
Hs.634263+_at	0.151633	5.895685e-01	8.070889e-01
Hs.75668_at	0.151633	5.895685e-01	8.070889e-01
Hs.533122_at	0.151633	5.895685e-01	8.070889e-01
Hs.5327_at	-0.151633	5.895685e-01	8.070889e-01
Hs.221127_at	-0.151633	5.895685e-01	8.070889e-01
Hs.46850_at	-0.151633	5.895685e-01	8.070889e-01
Hs.82327_at	-0.151633	5.895685e-01	8.070889e-01
Hs.5719_at	-0.151633	5.895685e-01	8.070889e-01
Hs.81221_at	-0.151633	5.895685e-01	8.070889e-01
Hs.601165_at	-0.151633	5.895685e-01	8.070889e-01
Hs.646433_at	0.151633	5.895685e-01	8.070889e-01
Hs.185675_at	-0.151633	5.895685e-01	8.070889e-01
Hs.29189_at	0.151633	5.895685e-01	8.070889e-01
Hs.513147_at	-0.151633	5.895685e-01	8.070889e-01
Hs.42957_at	-0.151633	5.895685e-01	8.070889e-01
Hs.647036_at	0.151633	5.895685e-01	8.070889e-01
Hs.427284_at	-0.151633	5.895685e-01	8.070889e-01
Hs.189585_at	0.151633	5.895685e-01	8.070889e-01
Hs.15738_at	-0.151633	5.895685e-01	8.070889e-01
Hs.350683_at	0.151633	5.895685e-01	8.070889e-01
Hs.144912_at	0.151633	5.895685e-01	8.070889e-01
Hs.233240_at	-0.151633	5.895685e-01	8.070889e-01
Hs.375804_at	0.151633	5.895685e-01	8.070889e-01
Hs.593979_at	0.151633	5.895685e-01	8.070889e-01
Hs.528574_at	-0.151633	5.895685e-01	8.070889e-01
Hs.585204_at	0.151633	5.895685e-01	8.070889e-01
Hs.250822_at	-0.151633	5.895685e-01	8.070889e-01
Hs.476930_at	0.151633	5.895685e-01	8.070889e-01
Hs.562195_at	0.151633	5.895685e-01	8.070889e-01
Hs.519058_at	0.151633	5.895685e-01	8.070889e-01
Hs.297343_at	0.151633	5.895685e-01	8.070889e-01
Hs.47712_at	0.151633	5.895685e-01	8.070889e-01
Hs.652501_at	-0.151633	5.895685e-01	8.070889e-01
Hs.504534_at	-0.151633	5.895685e-01	8.070889e-01
Hs.103137_at	0.151633	5.895685e-01	8.070889e-01
Hs.97872_at	0.151633	5.895685e-01	8.070889e-01
Hs.612664_at	0.151633	5.895685e-01	8.070889e-01
Hs.490991_at	-0.151633	5.895685e-01	8.070889e-01
Hs.292026_at	0.151633	5.895685e-01	8.070889e-01
Hs.97849_at	0.151633	5.895685e-01	8.070889e-01
Hs.523852_at	-0.151633	5.895685e-01	8.070889e-01
Hs.269128_at	0.151633	5.895685e-01	8.070889e-01
Hs.463642_at	0.151633	5.895685e-01	8.070889e-01
Hs.159309_at	0.151633	5.895685e-01	8.070889e-01
Hs.591343_at	0.151633	5.895685e-01	8.070889e-01
Hs.310399_at	0.151633	5.895685e-01	8.070889e-01
Hs.181368_at	0.151633	5.895685e-01	8.070889e-01
Hs.110853_at	-0.151633	5.895685e-01	8.070889e-01
Hs.384581_at	0.151633	5.895685e-01	8.070889e-01
Hs.99691_at	-0.151633	5.895685e-01	8.070889e-01
Hs.644595_at	-0.151633	5.895685e-01	8.070889e-01
Hs.558396_at	0.148023	5.985609e-01	8.130790e-01
Hs.646386_at	0.148023	5.985609e-01	8.130790e-01
Hs.188757_at	0.148023	5.985609e-01	8.130790e-01
Hs.485810_at	0.148023	5.985609e-01	8.130790e-01
Hs.106876_at	0.148023	5.985609e-01	8.130790e-01
Hs.98510_at	-0.148023	5.985609e-01	8.130790e-01
Hs.446083_at	-0.148023	5.985609e-01	8.130790e-01
Hs.445899_at	-0.148023	5.985609e-01	8.130790e-01
Hs.445245_at	-0.148023	5.985609e-01	8.130790e-01
Hs.524009_at	-0.148023	5.985609e-01	8.130790e-01
Hs.385774_at	0.148023	5.985609e-01	8.130790e-01
Hs.382075_at	0.148023	5.985609e-01	8.130790e-01
Hs.99480_at	0.148023	5.985609e-01	8.130790e-01
Hs.376206_at	0.148023	5.985609e-01	8.130790e-01
Hs.517307_at	-0.148023	5.985609e-01	8.130790e-01
Hs.122115_at	-0.148023	5.985609e-01	8.130790e-01
Hs.37196_at	0.148023	5.985609e-01	8.130790e-01
Hs.514806_at	-0.148023	5.985609e-01	8.130790e-01
Hs.195685_at	-0.148023	5.985609e-01	8.130790e-01
Hs.644966_at	-0.148023	5.985609e-01	8.130790e-01
Hs.478746_at	-0.148023	5.985609e-01	8.130790e-01
Hs.194294_at	0.148023	5.985609e-01	8.130790e-01
Hs.648296_at	-0.148023	5.985609e-01	8.130790e-01
Hs.170776_at	0.148023	5.985609e-01	8.130790e-01
Hs.486520_at	-0.148023	5.985609e-01	8.130790e-01
Hs.311100_at	-0.148023	5.985609e-01	8.130790e-01
Hs.434947_at	0.148023	5.985609e-01	8.130790e-01
Hs.61329_at	-0.148023	5.985609e-01	8.130790e-01
Hs.435039_at	0.148023	5.985609e-01	8.130790e-01
Hs.54941_at	0.148023	5.985609e-01	8.130790e-01
Hs.497816_at	-0.148023	5.985609e-01	8.130790e-01
Hs.643512_at	-0.148023	5.985609e-01	8.130790e-01
Hs.302408_at	0.148023	5.985609e-01	8.130790e-01
Hs.298345_at	0.148023	5.985609e-01	8.130790e-01
Hs.553088_at	-0.148023	5.985609e-01	8.130790e-01
Hs.495035_at	0.148023	5.985609e-01	8.130790e-01
Hs.422990_at	-0.148023	5.985609e-01	8.130790e-01
Hs.546222+_at	-0.148023	5.985609e-01	8.130790e-01
Hs.590974_at	0.148023	5.985609e-01	8.130790e-01
Hs.473721_at	0.148023	5.985609e-01	8.130790e-01
Hs.618965_at	0.148023	5.985609e-01	8.130790e-01
Hs.437111_at	0.148023	5.985609e-01	8.130790e-01
Hs.437126_at	0.148023	5.985609e-01	8.130790e-01
Hs.159234_at	0.148023	5.985609e-01	8.130790e-01
Hs.158427_at	0.148023	5.985609e-01	8.130790e-01
Hs.159650_at	-0.148023	5.985609e-01	8.130790e-01
Hs.433901_at	0.148023	5.985609e-01	8.130790e-01
Hs.128548_at	0.148023	5.985609e-01	8.130790e-01
Hs.126857+_at	0.148023	5.985609e-01	8.130790e-01
Hs.442337_at	0.148023	5.985609e-01	8.130790e-01
Hs.624481_at	0.148023	5.985609e-01	8.130790e-01
Hs.280741_at	-0.148023	5.985609e-01	8.130790e-01
Hs.279912_at	-0.148023	5.985609e-01	8.130790e-01
Hs.603115_at	-0.148023	5.985609e-01	8.130790e-01
Hs.513811_at	-0.148023	5.985609e-01	8.130790e-01
Hs.532326_at	-0.148023	5.985609e-01	8.130790e-01
Hs.531962_at	-0.148023	5.985609e-01	8.130790e-01
Hs.504820_at	0.148023	5.985609e-01	8.130790e-01
Hs.351856_at	0.148023	5.985609e-01	8.130790e-01
Hs.416994_at	-0.148023	5.985609e-01	8.130790e-01
Hs.652716_at	0.148023	5.985609e-01	8.130790e-01
Hs.2133_at	0.148023	5.985609e-01	8.130790e-01
Hs.470117_at	0.148023	5.985609e-01	8.130790e-01
Hs.208206_at	0.148023	5.985609e-01	8.130790e-01
Hs.151134_at	0.148023	5.985609e-01	8.130790e-01
Hs.545529_at	0.148023	5.985609e-01	8.130790e-01
Hs.652309_at	0.148023	5.985609e-01	8.130790e-01
Hs.348395_at	0.148023	5.985609e-01	8.130790e-01
Hs.500066_at	0.148023	5.985609e-01	8.130790e-01
Hs.411641_at	0.148023	5.985609e-01	8.130790e-01
Hs.508958_at	0.148023	5.985609e-01	8.130790e-01
Hs.7055_at	0.148023	5.985609e-01	8.130790e-01
Hs.221899-_at	-0.148023	5.985609e-01	8.130790e-01
Hs.567854_at	0.148023	5.985609e-01	8.130790e-01
Hs.6551_at	0.148023	5.985609e-01	8.130790e-01
Hs.652980_at	0.148023	5.985609e-01	8.130790e-01
Hs.534699_at	0.148023	5.985609e-01	8.130790e-01
Hs.589009+_at	0.148023	5.985609e-01	8.130790e-01
Hs.285724_at	0.148023	5.985609e-01	8.130790e-01
Hs.512914_at	-0.148023	5.985609e-01	8.130790e-01
Hs.76364_at	-0.148023	5.985609e-01	8.130790e-01
Hs.406510_at	0.148023	5.985609e-01	8.130790e-01
Hs.406096_at	-0.148023	5.985609e-01	8.130790e-01
Hs.511757_at	0.148023	5.985609e-01	8.130790e-01
Hs.133527_at	-0.148023	5.985609e-01	8.130790e-01
Hs.46452_at	0.148023	5.985609e-01	8.130790e-01
Hs.287749_at	0.148023	5.985609e-01	8.130790e-01
Hs.135673_at	-0.148023	5.985609e-01	8.130790e-01
Hs.136241_at	-0.148023	5.985609e-01	8.130790e-01
Hs.409834_at	-0.148023	5.985609e-01	8.130790e-01
Hs.13999_at	-0.148023	5.985609e-01	8.130790e-01
Hs.508848_at	0.148023	5.985609e-01	8.130790e-01
Hs.508878_at	-0.148023	5.985609e-01	8.130790e-01
Hs.631629_at	0.148023	5.985609e-01	8.130790e-01
Hs.631172_at	-0.148023	5.985609e-01	8.130790e-01
Hs.520205_at	-0.148023	5.985609e-01	8.130790e-01
Hs.388226_at	-0.148023	5.985609e-01	8.130790e-01
Hs.596916_at	-0.148023	5.985609e-01	8.130790e-01
Hs.518562_at	0.148023	5.985609e-01	8.130790e-01
Hs.527748_at	0.148023	5.985609e-01	8.130790e-01
Hs.516079_at	-0.148023	5.985609e-01	8.130790e-01
Hs.123106_at	-0.148023	5.985609e-01	8.130790e-01
Hs.516989_at	0.148023	5.985609e-01	8.130790e-01
Hs.645844_at	-0.148023	5.985609e-01	8.130790e-01
Hs.121484_at	0.148023	5.985609e-01	8.130790e-01
Hs.2551_at	-0.148023	5.985609e-01	8.130790e-01
Hs.252707_at	0.148023	5.985609e-01	8.130790e-01
Hs.279877_at	-0.148023	5.985609e-01	8.130790e-01
Hs.278815_at	0.148023	5.985609e-01	8.130790e-01
Hs.585591_at	-0.148023	5.985609e-01	8.130790e-01
Hs.250236_at	0.148023	5.985609e-01	8.130790e-01
Hs.124942_at	0.148023	5.985609e-01	8.130790e-01
Hs.445884_at	0.148023	5.985609e-01	8.130790e-01
Hs.107410_at	0.148023	5.985609e-01	8.130790e-01
Hs.652294_at	-0.144413	6.076076e-01	8.186108e-01
Hs.470882_at	0.144413	6.076076e-01	8.186108e-01
Hs.212051_at	0.144413	6.076076e-01	8.186108e-01
Hs.52931_at	0.144413	6.076076e-01	8.186108e-01
Hs.111256_at	-0.144413	6.076076e-01	8.186108e-01
Hs.380710_at	0.144413	6.076076e-01	8.186108e-01
Hs.595957_at	-0.144413	6.076076e-01	8.186108e-01
Hs.270074_at	0.144413	6.076076e-01	8.186108e-01
Hs.647084_at	0.144413	6.076076e-01	8.186108e-01
Hs.584954_at	0.144413	6.076076e-01	8.186108e-01
Hs.523004_at	0.144413	6.076076e-01	8.186108e-01
Hs.104636_at	0.144413	6.076076e-01	8.186108e-01
Hs.9857_at	0.144413	6.076076e-01	8.186108e-01
Hs.454720_at	0.144413	6.076076e-01	8.186108e-01
Hs.627611_at	-0.144413	6.076076e-01	8.186108e-01
Hs.58586_at	0.144413	6.076076e-01	8.186108e-01
Hs.397465_at	-0.144413	6.076076e-01	8.186108e-01
Hs.840_at	-0.144413	6.076076e-01	8.186108e-01
Hs.528299_at	0.144413	6.076076e-01	8.186108e-01
Hs.597723_at	-0.144413	6.076076e-01	8.186108e-01
Hs.91662_at	-0.144413	6.076076e-01	8.186108e-01
Hs.307999_at	0.144413	6.076076e-01	8.186108e-01
Hs.171695_at	-0.144413	6.076076e-01	8.186108e-01
Hs.171929_at	-0.144413	6.076076e-01	8.186108e-01
Hs.194695_at	-0.144413	6.076076e-01	8.186108e-01
Hs.82919_at	-0.144413	6.076076e-01	8.186108e-01
Hs.116424_at	0.144413	6.076076e-01	8.186108e-01
Hs.631845_at	0.144413	6.076076e-01	8.186108e-01
Hs.25555_at	0.144413	6.076076e-01	8.186108e-01
Hs.258357_at	-0.144413	6.076076e-01	8.186108e-01
Hs.591360_at	-0.144413	6.076076e-01	8.186108e-01
Hs.613864_at	0.144413	6.076076e-01	8.186108e-01
Hs.487046_at	0.144413	6.076076e-01	8.186108e-01
Hs.559280_at	0.144413	6.076076e-01	8.186108e-01
Hs.559412_at	0.144413	6.076076e-01	8.186108e-01
Hs.191841_at	-0.144413	6.076076e-01	8.186108e-01
Hs.630239_at	0.144413	6.076076e-01	8.186108e-01
Hs.414418_at	-0.144413	6.076076e-01	8.186108e-01
Hs.142245_at	-0.144413	6.076076e-01	8.186108e-01
Hs.695_at	-0.144413	6.076076e-01	8.186108e-01
Hs.509165_at	0.144413	6.076076e-01	8.186108e-01
Hs.134565_at	0.144413	6.076076e-01	8.186108e-01
Hs.235368_at	0.144413	6.076076e-01	8.186108e-01
Hs.633819_at	0.144413	6.076076e-01	8.186108e-01
Hs.486589_at	-0.144413	6.076076e-01	8.186108e-01
Hs.314225_at	-0.144413	6.076076e-01	8.186108e-01
Hs.477892_at	0.144413	6.076076e-01	8.186108e-01
Hs.160900_at	-0.144413	6.076076e-01	8.186108e-01
Hs.616500_at	0.144413	6.076076e-01	8.186108e-01
Hs.298813_at	0.144413	6.076076e-01	8.186108e-01
Hs.649111_at	-0.144413	6.076076e-01	8.186108e-01
Hs.20158_at	-0.144413	6.076076e-01	8.186108e-01
Hs.287717_at	0.144413	6.076076e-01	8.186108e-01
Hs.603160_at	0.144413	6.076076e-01	8.186108e-01
Hs.603214_at	-0.144413	6.076076e-01	8.186108e-01
Hs.40808_at	0.144413	6.076076e-01	8.186108e-01
Hs.408909_at	-0.144413	6.076076e-01	8.186108e-01
Hs.130036_at	0.144413	6.076076e-01	8.186108e-01
Hs.410596_at	-0.144413	6.076076e-01	8.186108e-01
Hs.410026_at	-0.144413	6.076076e-01	8.186108e-01
Hs.534052_at	0.144413	6.076076e-01	8.186108e-01
Hs.73839_at	-0.144413	6.076076e-01	8.186108e-01
Hs.532793_at	-0.144413	6.076076e-01	8.186108e-01
Hs.131555_at	-0.144413	6.076076e-01	8.186108e-01
Hs.590972_at	-0.144413	6.076076e-01	8.186108e-01
Hs.494557_at	-0.144413	6.076076e-01	8.186108e-01
Hs.432760_at	0.144413	6.076076e-01	8.186108e-01
Hs.432901_at	0.144413	6.076076e-01	8.186108e-01
Hs.591589_at	0.144413	6.076076e-01	8.186108e-01
Hs.130195_at	-0.144413	6.076076e-01	8.186108e-01
Hs.74466_at	0.144413	6.076076e-01	8.186108e-01
Hs.474980_at	-0.144413	6.076076e-01	8.186108e-01
Hs.420229_at	-0.144413	6.076076e-01	8.186108e-01
Hs.153714_at	0.144413	6.076076e-01	8.186108e-01
Hs.132087_at	0.144413	6.076076e-01	8.186108e-01
Hs.131452_at	0.144413	6.076076e-01	8.186108e-01
Hs.533287_at	-0.144413	6.076076e-01	8.186108e-01
Hs.132310_at	-0.144413	6.076076e-01	8.186108e-01
Hs.601694_at	-0.144413	6.076076e-01	8.186108e-01
Hs.463035_at	0.144413	6.076076e-01	8.186108e-01
Hs.462833_at	-0.144413	6.076076e-01	8.186108e-01
Hs.441122_at	0.144413	6.076076e-01	8.186108e-01
Hs.7444_at	0.144413	6.076076e-01	8.186108e-01
Hs.143600_at	0.144413	6.076076e-01	8.186108e-01
Hs.437060_at	-0.144413	6.076076e-01	8.186108e-01
Hs.546467_at	-0.144413	6.076076e-01	8.186108e-01
Hs.126905_at	-0.144413	6.076076e-01	8.186108e-01
Hs.127261_at	-0.144413	6.076076e-01	8.186108e-01
Hs.459149_at	-0.144413	6.076076e-01	8.186108e-01
Hs.608900_at	-0.144413	6.076076e-01	8.186108e-01
Hs.429879_at	-0.144413	6.076076e-01	8.186108e-01
Hs.157102_at	0.144413	6.076076e-01	8.186108e-01
Hs.50382_at	-0.144413	6.076076e-01	8.186108e-01
Hs.69855_at	-0.144413	6.076076e-01	8.186108e-01
Hs.465885_at	0.144413	6.076076e-01	8.186108e-01
Hs.578546_at	0.144413	6.076076e-01	8.186108e-01
Hs.24889_at	0.144413	6.076076e-01	8.186108e-01
Hs.248746_at	-0.144413	6.076076e-01	8.186108e-01
Hs.461030_at	0.144413	6.076076e-01	8.186108e-01
Hs.127657_at	0.144413	6.076076e-01	8.186108e-01
Hs.569494_at	-0.144413	6.076076e-01	8.186108e-01
Hs.569538_at	0.144413	6.076076e-01	8.186108e-01
Hs.355141_at	0.144413	6.076076e-01	8.186108e-01
Hs.281564_at	0.144413	6.076076e-01	8.186108e-01
Hs.459642_at	0.144413	6.076076e-01	8.186108e-01
Hs.604431_at	0.144413	6.076076e-01	8.186108e-01
Hs.501928_at	0.144413	6.076076e-01	8.186108e-01
Hs.209128_at	-0.144413	6.076076e-01	8.186108e-01
Hs.350895_at	-0.144413	6.076076e-01	8.186108e-01
Hs.513660_at	-0.144413	6.076076e-01	8.186108e-01
Hs.129564_at	0.144413	6.076076e-01	8.186108e-01
Hs.540789_at	0.144413	6.076076e-01	8.186108e-01
Hs.126550_at	-0.144413	6.076076e-01	8.186108e-01
Hs.602510_at	0.144413	6.076076e-01	8.186108e-01
Hs.585557_at	0.144413	6.076076e-01	8.186108e-01
Hs.585468_at	-0.144413	6.076076e-01	8.186108e-01
Hs.483635_at	0.144413	6.076076e-01	8.186108e-01
Hs.482660_at	-0.144413	6.076076e-01	8.186108e-01
Hs.482625_at	0.144413	6.076076e-01	8.186108e-01
Hs.395482_at	-0.144413	6.076076e-01	8.186108e-01
Hs.434973_at	0.144413	6.076076e-01	8.186108e-01
Hs.446251_at	-0.144413	6.076076e-01	8.186108e-01
Hs.523744_at	-0.140802	6.167075e-01	8.237948e-01
Hs.556296_at	-0.140802	6.167075e-01	8.237948e-01
Hs.184085_at	0.140802	6.167075e-01	8.237948e-01
Hs.485278_at	0.140802	6.167075e-01	8.237948e-01
Hs.524116_at	0.140802	6.167075e-01	8.237948e-01
Hs.86937_at	0.140802	6.167075e-01	8.237948e-01
Hs.272375_at	0.140802	6.167075e-01	8.237948e-01
Hs.522789_at	0.140802	6.167075e-01	8.237948e-01
Hs.380906_at	0.140802	6.167075e-01	8.237948e-01
Hs.209786_at	0.140802	6.167075e-01	8.237948e-01
Hs.620386_at	-0.140802	6.167075e-01	8.237948e-01
Hs.150718_at	0.140802	6.167075e-01	8.237948e-01
Hs.469723_at	-0.140802	6.167075e-01	8.237948e-01
Hs.638483_at	0.140802	6.167075e-01	8.237948e-01
Hs.210870_at	-0.140802	6.167075e-01	8.237948e-01
Hs.652580_at	0.140802	6.167075e-01	8.237948e-01
Hs.35125_at	0.140802	6.167075e-01	8.237948e-01
Hs.416922_at	0.140802	6.167075e-01	8.237948e-01
Hs.137573_at	0.140802	6.167075e-01	8.237948e-01
Hs.348264_at	-0.140802	6.167075e-01	8.237948e-01
Hs.343828_at	0.140802	6.167075e-01	8.237948e-01
Hs.347187_at	0.140802	6.167075e-01	8.237948e-01
Hs.652113_at	-0.140802	6.167075e-01	8.237948e-01
Hs.78919_at	-0.140802	6.167075e-01	8.237948e-01
Hs.532031_at	-0.140802	6.167075e-01	8.237948e-01
Hs.369777_at	0.140802	6.167075e-01	8.237948e-01
Hs.27996_at	-0.140802	6.167075e-01	8.237948e-01
Hs.280658_at	0.140802	6.167075e-01	8.237948e-01
Hs.444099_at	0.140802	6.167075e-01	8.237948e-01
Hs.634354_at	0.140802	6.167075e-01	8.237948e-01
Hs.224008_at	0.140802	6.167075e-01	8.237948e-01
Hs.636063_at	-0.140802	6.167075e-01	8.237948e-01
Hs.508690_at	-0.140802	6.167075e-01	8.237948e-01
Hs.411848_at	-0.140802	6.167075e-01	8.237948e-01
Hs.248267_at	-0.140802	6.167075e-01	8.237948e-01
Hs.575631_at	-0.140802	6.167075e-01	8.237948e-01
Hs.81073_at	0.140802	6.167075e-01	8.237948e-01
Hs.468226_at	-0.140802	6.167075e-01	8.237948e-01
Hs.438454_at	-0.140802	6.167075e-01	8.237948e-01
Hs.439524_at	-0.140802	6.167075e-01	8.237948e-01
Hs.43938_at	0.140802	6.167075e-01	8.237948e-01
Hs.145442_at	0.140802	6.167075e-01	8.237948e-01
Hs.403917_at	0.140802	6.167075e-01	8.237948e-01
Hs.33719_at	-0.140802	6.167075e-01	8.237948e-01
Hs.164384_at	-0.140802	6.167075e-01	8.237948e-01
Hs.163990_at	-0.140802	6.167075e-01	8.237948e-01
Hs.650468+_at	-0.140802	6.167075e-01	8.237948e-01
Hs.331478_at	-0.140802	6.167075e-01	8.237948e-01
Hs.158195_at	-0.140802	6.167075e-01	8.237948e-01
Hs.651244_at	-0.140802	6.167075e-01	8.237948e-01
Hs.133062_at	-0.140802	6.167075e-01	8.237948e-01
Hs.506603_at	0.140802	6.167075e-01	8.237948e-01
Hs.505806_at	-0.140802	6.167075e-01	8.237948e-01
Hs.506655_at	-0.140802	6.167075e-01	8.237948e-01
Hs.149103_at	0.140802	6.167075e-01	8.237948e-01
Hs.146196_at	0.140802	6.167075e-01	8.237948e-01
Hs.4747_at	-0.140802	6.167075e-01	8.237948e-01
Hs.295563_at	-0.140802	6.167075e-01	8.237948e-01
Hs.607960_at	0.140802	6.167075e-01	8.237948e-01
Hs.334848_at	-0.140802	6.167075e-01	8.237948e-01
Hs.545789_at	-0.140802	6.167075e-01	8.237948e-01
Hs.76781_at	-0.140802	6.167075e-01	8.237948e-01
Hs.129758_at	0.140802	6.167075e-01	8.237948e-01
Hs.130535_at	0.140802	6.167075e-01	8.237948e-01
Hs.13024_at	0.140802	6.167075e-01	8.237948e-01
Hs.132584_at	-0.140802	6.167075e-01	8.237948e-01
Hs.533293_at	-0.140802	6.167075e-01	8.237948e-01
Hs.649963_at	-0.140802	6.167075e-01	8.237948e-01
Hs.167451_at	0.140802	6.167075e-01	8.237948e-01
Hs.433702_at	-0.140802	6.167075e-01	8.237948e-01
Hs.356742_at	0.140802	6.167075e-01	8.237948e-01
Hs.13885_at	0.140802	6.167075e-01	8.237948e-01
Hs.603653_at	0.140802	6.167075e-01	8.237948e-01
Hs.592224_at	-0.140802	6.167075e-01	8.237948e-01
Hs.617603_at	-0.140802	6.167075e-01	8.237948e-01
Hs.298312_at	-0.140802	6.167075e-01	8.237948e-01
Hs.493919_at	-0.140802	6.167075e-01	8.237948e-01
Hs.200668_at	0.140802	6.167075e-01	8.237948e-01
Hs.476284_at	-0.140802	6.167075e-01	8.237948e-01
Hs.197029_at	0.140802	6.167075e-01	8.237948e-01
Hs.477162_at	-0.140802	6.167075e-01	8.237948e-01
Hs.495834_at	0.140802	6.167075e-01	8.237948e-01
Hs.496279_at	-0.140802	6.167075e-01	8.237948e-01
Hs.161181_at	-0.140802	6.167075e-01	8.237948e-01
Hs.591645_at	0.140802	6.167075e-01	8.237948e-01
Hs.643070+_at	-0.140802	6.167075e-01	8.237948e-01
Hs.591395_at	-0.140802	6.167075e-01	8.237948e-01
Hs.613041_at	0.140802	6.167075e-01	8.237948e-01
Hs.552567_at	-0.140802	6.167075e-01	8.237948e-01
Hs.31652_at	-0.140802	6.167075e-01	8.237948e-01
Hs.73680_at	0.140802	6.167075e-01	8.237948e-01
Hs.135587_at	-0.140802	6.167075e-01	8.237948e-01
Hs.409911_at	0.140802	6.167075e-01	8.237948e-01
Hs.232721_at	0.140802	6.167075e-01	8.237948e-01
Hs.633514_at	0.140802	6.167075e-01	8.237948e-01
Hs.256667_at	0.140802	6.167075e-01	8.237948e-01
Hs.416108_at	0.140802	6.167075e-01	8.237948e-01
Hs.534591_at	0.140802	6.167075e-01	8.237948e-01
Hs.647419_at	0.140802	6.167075e-01	8.237948e-01
Hs.647707_at	-0.140802	6.167075e-01	8.237948e-01
Hs.116237_at	-0.140802	6.167075e-01	8.237948e-01
Hs.520042_at	0.140802	6.167075e-01	8.237948e-01
Hs.260750_at	0.140802	6.167075e-01	8.237948e-01
Hs.25738_at	-0.140802	6.167075e-01	8.237948e-01
Hs.644677_at	0.140802	6.167075e-01	8.237948e-01
Hs.479439_at	0.140802	6.167075e-01	8.237948e-01
Hs.19400_at	0.140802	6.167075e-01	8.237948e-01
Hs.120391_at	0.140802	6.167075e-01	8.237948e-01
Hs.518525_at	0.140802	6.167075e-01	8.237948e-01
Hs.90303_at	0.140802	6.167075e-01	8.237948e-01
Hs.92033_at	0.140802	6.167075e-01	8.237948e-01
Hs.483564_at	0.140802	6.167075e-01	8.237948e-01
Hs.124922_at	-0.140802	6.167075e-01	8.237948e-01
Hs.12440_at	0.140802	6.167075e-01	8.237948e-01
Hs.372541_at	0.140802	6.167075e-01	8.237948e-01
Hs.373560_at	0.140802	6.167075e-01	8.237948e-01
Hs.514564_at	-0.140802	6.167075e-01	8.237948e-01
Hs.600747_at	0.140802	6.167075e-01	8.237948e-01
Hs.370854_at	0.140802	6.167075e-01	8.237948e-01
Hs.82963_at	0.140802	6.167075e-01	8.237948e-01
Hs.632002_at	0.140802	6.167075e-01	8.237948e-01
Hs.253193_at	-0.140802	6.167075e-01	8.237948e-01
Hs.523732_at	0.140802	6.167075e-01	8.237948e-01
Hs.584996_at	0.140802	6.167075e-01	8.237948e-01
Hs.26403_at	-0.140802	6.167075e-01	8.237948e-01
Hs.596293_at	0.140802	6.167075e-01	8.237948e-01
Hs.645488_at	0.140802	6.167075e-01	8.237948e-01
Hs.84_at	-0.140802	6.167075e-01	8.237948e-01
Hs.598106_at	0.137192	6.258594e-01	8.287415e-01
Hs.143736_at	-0.137192	6.258594e-01	8.287415e-01
Hs.381099_at	-0.137192	6.258594e-01	8.287415e-01
Hs.631534_at	0.137192	6.258594e-01	8.287415e-01
Hs.631634_at	0.137192	6.258594e-01	8.287415e-01
Hs.449637_at	-0.137192	6.258594e-01	8.287415e-01
Hs.58373_at	-0.137192	6.258594e-01	8.287415e-01
Hs.58471_at	0.137192	6.258594e-01	8.287415e-01
Hs.264482_at	-0.137192	6.258594e-01	8.287415e-01
Hs.124696_at	-0.137192	6.258594e-01	8.287415e-01
Hs.375881_at	0.137192	6.258594e-01	8.287415e-01
Hs.118769_at	0.137192	6.258594e-01	8.287415e-01
Hs.598638_at	-0.137192	6.258594e-01	8.287415e-01
Hs.173946_at	0.137192	6.258594e-01	8.287415e-01
Hs.591352_at	0.137192	6.258594e-01	8.287415e-01
Hs.31053_at	-0.137192	6.258594e-01	8.287415e-01
Hs.531111_at	0.137192	6.258594e-01	8.287415e-01
Hs.279640_at	-0.137192	6.258594e-01	8.287415e-01
Hs.504895_at	0.137192	6.258594e-01	8.287415e-01
Hs.145710_at	0.137192	6.258594e-01	8.287415e-01
Hs.621208_at	0.137192	6.258594e-01	8.287415e-01
Hs.501622_at	0.137192	6.258594e-01	8.287415e-01
Hs.54277_at	0.137192	6.258594e-01	8.287415e-01
Hs.208673_at	0.137192	6.258594e-01	8.287415e-01
Hs.211929_at	-0.137192	6.258594e-01	8.287415e-01
Hs.638453_at	0.137192	6.258594e-01	8.287415e-01
Hs.471104_at	0.137192	6.258594e-01	8.287415e-01
Hs.149095_at	-0.137192	6.258594e-01	8.287415e-01
Hs.652389_at	-0.137192	6.258594e-01	8.287415e-01
Hs.66915_at	-0.137192	6.258594e-01	8.287415e-01
Hs.143818_at	-0.137192	6.258594e-01	8.287415e-01
Hs.591975_at	0.137192	6.258594e-01	8.287415e-01
Hs.452864_at	-0.137192	6.258594e-01	8.287415e-01
Hs.272208_at	0.137192	6.258594e-01	8.287415e-01
Hs.192784_at	-0.137192	6.258594e-01	8.287415e-01
Hs.559181_at	0.137192	6.258594e-01	8.287415e-01
Hs.325960_at	-0.137192	6.258594e-01	8.287415e-01
Hs.600450_at	0.137192	6.258594e-01	8.287415e-01
Hs.371282_at	0.137192	6.258594e-01	8.287415e-01
Hs.127310_at	-0.137192	6.258594e-01	8.287415e-01
Hs.515162_at	0.137192	6.258594e-01	8.287415e-01
Hs.12827_at	0.137192	6.258594e-01	8.287415e-01
Hs.515011_at	-0.137192	6.258594e-01	8.287415e-01
Hs.128199_at	-0.137192	6.258594e-01	8.287415e-01
Hs.515662_at	0.137192	6.258594e-01	8.287415e-01
Hs.372633_at	0.137192	6.258594e-01	8.287415e-01
Hs.604759_at	0.137192	6.258594e-01	8.287415e-01
Hs.509163_at	0.137192	6.258594e-01	8.287415e-01
Hs.68257_at	0.137192	6.258594e-01	8.287415e-01
Hs.351113_at	0.137192	6.258594e-01	8.287415e-01
Hs.356624_at	0.137192	6.258594e-01	8.287415e-01
Hs.604114_at	-0.137192	6.258594e-01	8.287415e-01
Hs.73021_at	0.137192	6.258594e-01	8.287415e-01
Hs.72901_at	-0.137192	6.258594e-01	8.287415e-01
Hs.534255_at	-0.137192	6.258594e-01	8.287415e-01
Hs.72026_at	0.137192	6.258594e-01	8.287415e-01
Hs.546005_at	-0.137192	6.258594e-01	8.287415e-01
Hs.420263_at	0.137192	6.258594e-01	8.287415e-01
Hs.500557_at	0.137192	6.258594e-01	8.287415e-01
Hs.500333_at	-0.137192	6.258594e-01	8.287415e-01
Hs.652123_at	-0.137192	6.258594e-01	8.287415e-01
Hs.343664_at	-0.137192	6.258594e-01	8.287415e-01
Hs.348792_at	0.137192	6.258594e-01	8.287415e-01
Hs.543647_at	0.137192	6.258594e-01	8.287415e-01
Hs.505545_at	-0.137192	6.258594e-01	8.287415e-01
Hs.506062_at	0.137192	6.258594e-01	8.287415e-01
Hs.593199_at	0.137192	6.258594e-01	8.287415e-01
Hs.405348_at	0.137192	6.258594e-01	8.287415e-01
Hs.282326_at	0.137192	6.258594e-01	8.287415e-01
Hs.57679_at	-0.137192	6.258594e-01	8.287415e-01
Hs.248785_at	0.137192	6.258594e-01	8.287415e-01
Hs.81964_at	0.137192	6.258594e-01	8.287415e-01
Hs.169797_at	0.137192	6.258594e-01	8.287415e-01
Hs.298351_at	0.137192	6.258594e-01	8.287415e-01
Hs.560741_at	0.137192	6.258594e-01	8.287415e-01
Hs.43619_at	0.137192	6.258594e-01	8.287415e-01
Hs.199814_at	0.137192	6.258594e-01	8.287415e-01
Hs.643509_at	0.137192	6.258594e-01	8.287415e-01
Hs.287379_at	-0.137192	6.258594e-01	8.287415e-01
Hs.246112_at	0.137192	6.258594e-01	8.287415e-01
Hs.632592_at	-0.137192	6.258594e-01	8.287415e-01
Hs.241597_at	0.137192	6.258594e-01	8.287415e-01
Hs.75238_at	0.137192	6.258594e-01	8.287415e-01
Hs.134665_at	0.137192	6.258594e-01	8.287415e-01
Hs.533953_at	0.137192	6.258594e-01	8.287415e-01
Hs.131361_at	0.137192	6.258594e-01	8.287415e-01
Hs.651402_at	-0.137192	6.258594e-01	8.287415e-01
Hs.432397_at	-0.137192	6.258594e-01	8.287415e-01
Hs.475902_at	-0.137192	6.258594e-01	8.287415e-01
Hs.619443_at	0.137192	6.258594e-01	8.287415e-01
Hs.474213_at	-0.137192	6.258594e-01	8.287415e-01
Hs.135646_at	0.137192	6.258594e-01	8.287415e-01
Hs.289007_at	-0.137192	6.258594e-01	8.287415e-01
Hs.621440_at	-0.137192	6.258594e-01	8.287415e-01
Hs.462971_at	0.137192	6.258594e-01	8.287415e-01
Hs.632364_at	0.137192	6.258594e-01	8.287415e-01
Hs.24236_at	0.137192	6.258594e-01	8.287415e-01
Hs.404321_at	0.137192	6.258594e-01	8.287415e-01
Hs.431099_at	0.137192	6.258594e-01	8.287415e-01
Hs.651144_at	0.137192	6.258594e-01	8.287415e-01
Hs.156898_at	0.137192	6.258594e-01	8.287415e-01
Hs.335049_at	-0.137192	6.258594e-01	8.287415e-01
Hs.367245_at	-0.137192	6.258594e-01	8.287415e-01
Hs.603499_at	-0.137192	6.258594e-01	8.287415e-01
Hs.382776_at	-0.137192	6.258594e-01	8.287415e-01
Hs.182625_at	0.137192	6.258594e-01	8.287415e-01
Hs.482087_at	-0.137192	6.258594e-01	8.287415e-01
Hs.645989_at	0.137192	6.258594e-01	8.287415e-01
Hs.558428_at	0.137192	6.258594e-01	8.287415e-01
Hs.172684_at	-0.137192	6.258594e-01	8.287415e-01
Hs.591384_at	0.137192	6.258594e-01	8.287415e-01
Hs.598507_at	0.137192	6.258594e-01	8.287415e-01
Hs.518346_at	-0.137192	6.258594e-01	8.287415e-01
Hs.526902_at	0.137192	6.258594e-01	8.287415e-01
Hs.112930_at	0.137192	6.258594e-01	8.287415e-01
Hs.396740_at	-0.137192	6.258594e-01	8.287415e-01
Hs.527954_at	-0.137192	6.258594e-01	8.287415e-01
Hs.91531_at	0.137192	6.258594e-01	8.287415e-01
Hs.117797_at	-0.137192	6.258594e-01	8.287415e-01
Hs.59804_at	-0.137192	6.258594e-01	8.287415e-01
Hs.3232_at	0.137192	6.258594e-01	8.287415e-01
Hs.61232_at	0.137192	6.258594e-01	8.287415e-01
Hs.648655_at	0.137192	6.258594e-01	8.287415e-01
Hs.552608_at	0.137192	6.258594e-01	8.287415e-01
Hs.488173_at	0.137192	6.258594e-01	8.287415e-01
Hs.648088_at	-0.137192	6.258594e-01	8.287415e-01
Hs.515860_at	-0.137192	6.258594e-01	8.287415e-01
Hs.370605_at	0.137192	6.258594e-01	8.287415e-01
Hs.26312_at	0.137192	6.258594e-01	8.287415e-01
Hs.446522_at	-0.137192	6.258594e-01	8.287415e-01
Hs.524484_at	0.137192	6.258594e-01	8.287415e-01
Hs.8395_at	0.137192	6.258594e-01	8.287415e-01
Hs.266873_at	0.133582	6.350622e-01	8.323635e-01
Hs.259831_at	0.133582	6.350622e-01	8.323635e-01
Hs.97763_at	0.133582	6.350622e-01	8.323635e-01
Hs.106296_at	0.133582	6.350622e-01	8.323635e-01
Hs.105685_at	0.133582	6.350622e-01	8.323635e-01
Hs.449575-_at	0.133582	6.350622e-01	8.323635e-01
Hs.631827_at	0.133582	6.350622e-01	8.323635e-01
Hs.25601_at	0.133582	6.350622e-01	8.323635e-01
Hs.264208_at	-0.133582	6.350622e-01	8.323635e-01
Hs.38516_at	-0.133582	6.350622e-01	8.323635e-01
Hs.521953_at	-0.133582	6.350622e-01	8.323635e-01
Hs.631573_at	-0.133582	6.350622e-01	8.323635e-01
Hs.275398_at	0.133582	6.350622e-01	8.323635e-01
Hs.629768_at	0.133582	6.350622e-01	8.323635e-01
Hs.629466_at	-0.133582	6.350622e-01	8.323635e-01
Hs.143587_at	0.133582	6.350622e-01	8.323635e-01
Hs.101745_at	0.133582	6.350622e-01	8.323635e-01
Hs.596391_at	-0.133582	6.350622e-01	8.323635e-01
Hs.381225_at	0.133582	6.350622e-01	8.323635e-01
Hs.525163_at	-0.133582	6.350622e-01	8.323635e-01
Hs.522449_at	0.133582	6.350622e-01	8.323635e-01
Hs.529353_at	-0.133582	6.350622e-01	8.323635e-01
Hs.401537_at	0.133582	6.350622e-01	8.323635e-01
Hs.518267_at	-0.133582	6.350622e-01	8.323635e-01
Hs.378893_at	-0.133582	6.350622e-01	8.323635e-01
Hs.59509_at	-0.133582	6.350622e-01	8.323635e-01
Hs.521973_at	0.133582	6.350622e-01	8.323635e-01
Hs.519804_at	-0.133582	6.350622e-01	8.323635e-01
Hs.482233_at	0.133582	6.350622e-01	8.323635e-01
Hs.399758_at	-0.133582	6.350622e-01	8.323635e-01
Hs.99476_at	0.133582	6.350622e-01	8.323635e-01
Hs.596606_at	-0.133582	6.350622e-01	8.323635e-01
Hs.2681_at	0.133582	6.350622e-01	8.323635e-01
Hs.523012_at	0.133582	6.350622e-01	8.323635e-01
Hs.103755_at	0.133582	6.350622e-01	8.323635e-01
Hs.646508_at	0.133582	6.350622e-01	8.323635e-01
Hs.499758_at	0.133582	6.350622e-01	8.323635e-01
Hs.499620_at	0.133582	6.350622e-01	8.323635e-01
Hs.333175_at	0.133582	6.350622e-01	8.323635e-01
Hs.133299_at	0.133582	6.350622e-01	8.323635e-01
Hs.603510_at	-0.133582	6.350622e-01	8.323635e-01
Hs.433839_at	0.133582	6.350622e-01	8.323635e-01
Hs.164073_at	-0.133582	6.350622e-01	8.323635e-01
Hs.164225_at	0.133582	6.350622e-01	8.323635e-01
Hs.650173_at	0.133582	6.350622e-01	8.323635e-01
Hs.336868_at	-0.133582	6.350622e-01	8.323635e-01
Hs.609552_at	0.133582	6.350622e-01	8.323635e-01
Hs.430425_at	0.133582	6.350622e-01	8.323635e-01
Hs.531807_at	-0.133582	6.350622e-01	8.323635e-01
Hs.591654_at	-0.133582	6.350622e-01	8.323635e-01
Hs.331141_at	0.133582	6.350622e-01	8.323635e-01
Hs.160556_at	0.133582	6.350622e-01	8.323635e-01
Hs.650046_at	0.133582	6.350622e-01	8.323635e-01
Hs.650565_at	-0.133582	6.350622e-01	8.323635e-01
Hs.573270_at	0.133582	6.350622e-01	8.323635e-01
Hs.247816_at	-0.133582	6.350622e-01	8.323635e-01
Hs.369453_at	-0.133582	6.350622e-01	8.323635e-01
Hs.36992_at	0.133582	6.350622e-01	8.323635e-01
Hs.288193_at	-0.133582	6.350622e-01	8.323635e-01
Hs.22587_at	-0.133582	6.350622e-01	8.323635e-01
Hs.621494_at	0.133582	6.350622e-01	8.323635e-01
Hs.231616_at	-0.133582	6.350622e-01	8.323635e-01
Hs.570630_at	0.133582	6.350622e-01	8.323635e-01
Hs.464336_at	0.133582	6.350622e-01	8.323635e-01
Hs.603618_at	0.133582	6.350622e-01	8.323635e-01
Hs.641481_at	-0.133582	6.350622e-01	8.323635e-01
Hs.474005_at	0.133582	6.350622e-01	8.323635e-01
Hs.203559_at	-0.133582	6.350622e-01	8.323635e-01
Hs.424788_at	-0.133582	6.350622e-01	8.323635e-01
Hs.13852_at	0.133582	6.350622e-01	8.323635e-01
Hs.75799_at	0.133582	6.350622e-01	8.323635e-01
Hs.132563_at	-0.133582	6.350622e-01	8.323635e-01
Hs.159437_at	0.133582	6.350622e-01	8.323635e-01
Hs.204238_at	0.133582	6.350622e-01	8.323635e-01
Hs.533756_at	-0.133582	6.350622e-01	8.323635e-01
Hs.512180_at	0.133582	6.350622e-01	8.323635e-01
Hs.357128_at	0.133582	6.350622e-01	8.323635e-01
Hs.410477_at	0.133582	6.350622e-01	8.323635e-01
Hs.623923-_at	-0.133582	6.350622e-01	8.323635e-01
Hs.283014_at	0.133582	6.350622e-01	8.323635e-01
Hs.287523_at	0.133582	6.350622e-01	8.323635e-01
Hs.560502_at	-0.133582	6.350622e-01	8.323635e-01
Hs.560144_at	0.133582	6.350622e-01	8.323635e-01
Hs.643896_at	-0.133582	6.350622e-01	8.323635e-01
Hs.201340_at	-0.133582	6.350622e-01	8.323635e-01
Hs.632209_at	-0.133582	6.350622e-01	8.323635e-01
Hs.128204_at	0.133582	6.350622e-01	8.323635e-01
Hs.433062_at	0.133582	6.350622e-01	8.323635e-01
Hs.169943_at	-0.133582	6.350622e-01	8.323635e-01
Hs.493202_at	0.133582	6.350622e-01	8.323635e-01
Hs.372129_at	-0.133582	6.350622e-01	8.323635e-01
Hs.514216_at	0.133582	6.350622e-01	8.323635e-01
Hs.78948_at	-0.133582	6.350622e-01	8.323635e-01
Hs.368598_at	-0.133582	6.350622e-01	8.323635e-01
Hs.348266_at	0.133582	6.350622e-01	8.323635e-01
Hs.348921_at	0.133582	6.350622e-01	8.323635e-01
Hs.143949_at	0.133582	6.350622e-01	8.323635e-01
Hs.54517_at	0.133582	6.350622e-01	8.323635e-01
Hs.34024_at	-0.133582	6.350622e-01	8.323635e-01
Hs.499984_at	-0.133582	6.350622e-01	8.323635e-01
Hs.356869_at	0.133582	6.350622e-01	8.323635e-01
Hs.135705_at	0.133582	6.350622e-01	8.323635e-01
Hs.135283_at	0.133582	6.350622e-01	8.323635e-01
Hs.413111_at	0.133582	6.350622e-01	8.323635e-01
Hs.137415_at	0.133582	6.350622e-01	8.323635e-01
Hs.142877_at	0.133582	6.350622e-01	8.323635e-01
Hs.514681_at	-0.133582	6.350622e-01	8.323635e-01
Hs.371746_at	0.133582	6.350622e-01	8.323635e-01
Hs.371889_at	0.133582	6.350622e-01	8.323635e-01
Hs.515714_at	0.133582	6.350622e-01	8.323635e-01
Hs.591453_at	-0.133582	6.350622e-01	8.323635e-01
Hs.8015_at	0.133582	6.350622e-01	8.323635e-01
Hs.303116_at	-0.133582	6.350622e-01	8.323635e-01
Hs.435759_at	0.133582	6.350622e-01	8.323635e-01
Hs.559920_at	0.133582	6.350622e-01	8.323635e-01
Hs.196484_at	0.133582	6.350622e-01	8.323635e-01
Hs.193583_at	0.133582	6.350622e-01	8.323635e-01
Hs.32763_at	0.133582	6.350622e-01	8.323635e-01
Hs.631923_at	0.133582	6.350622e-01	8.323635e-01
Hs.253211_at	0.133582	6.350622e-01	8.323635e-01
Hs.455888_at	0.133582	6.350622e-01	8.323635e-01
Hs.253767_at	0.133582	6.350622e-01	8.323635e-01
Hs.647822_at	-0.133582	6.350622e-01	8.323635e-01
Hs.61508_at	-0.133582	6.350622e-01	8.323635e-01
Hs.147276_at	-0.133582	6.350622e-01	8.323635e-01
Hs.413123_at	-0.133582	6.350622e-01	8.323635e-01
Hs.506115_at	0.133582	6.350622e-01	8.323635e-01
Hs.213534_at	-0.133582	6.350622e-01	8.323635e-01
Hs.637117_at	0.133582	6.350622e-01	8.323635e-01
Hs.637041_at	0.133582	6.350622e-01	8.323635e-01
Hs.350668_at	0.133582	6.350622e-01	8.323635e-01
Hs.5353_at	-0.133582	6.350622e-01	8.323635e-01
Hs.503709_at	-0.133582	6.350622e-01	8.323635e-01
Hs.209151_at	-0.133582	6.350622e-01	8.323635e-01
Hs.638115_at	-0.133582	6.350622e-01	8.323635e-01
Hs.210283_at	-0.133582	6.350622e-01	8.323635e-01
Hs.212360_at	0.133582	6.350622e-01	8.323635e-01
Hs.211914_at	0.133582	6.350622e-01	8.323635e-01
Hs.652633_at	-0.133582	6.350622e-01	8.323635e-01
Hs.468840_at	-0.133582	6.350622e-01	8.323635e-01
Hs.466891_at	-0.133582	6.350622e-01	8.323635e-01
Hs.152978_at	-0.133582	6.350622e-01	8.323635e-01
Hs.82906_at	-0.133582	6.350622e-01	8.323635e-01
Hs.371107_at	-0.133582	6.350622e-01	8.323635e-01
Hs.370392_at	0.133582	6.350622e-01	8.323635e-01
Hs.626213_at	0.133582	6.350622e-01	8.323635e-01
Hs.173705_at	-0.133582	6.350622e-01	8.323635e-01
Hs.553686_at	0.133582	6.350622e-01	8.323635e-01
Hs.126575_at	0.133582	6.350622e-01	8.323635e-01
Hs.125742_at	0.133582	6.350622e-01	8.323635e-01
Hs.89497_at	-0.133582	6.350622e-01	8.323635e-01
Hs.317190_at	-0.133582	6.350622e-01	8.323635e-01
Hs.491734_at	0.133582	6.350622e-01	8.323635e-01
Hs.121192_at	-0.133582	6.350622e-01	8.323635e-01
Hs.1211_at	-0.133582	6.350622e-01	8.323635e-01
Hs.519230_at	-0.133582	6.350622e-01	8.323635e-01
Hs.213642_at	0.129972	6.443149e-01	8.370049e-01
Hs.352672_at	-0.129972	6.443149e-01	8.370049e-01
Hs.503222_at	-0.129972	6.443149e-01	8.370049e-01
Hs.503113_at	0.129972	6.443149e-01	8.370049e-01
Hs.504301_at	0.129972	6.443149e-01	8.370049e-01
Hs.381312_at	0.129972	6.443149e-01	8.370049e-01
Hs.413902_at	0.129972	6.443149e-01	8.370049e-01
Hs.652351_at	-0.129972	6.443149e-01	8.370049e-01
Hs.647094_at	-0.129972	6.443149e-01	8.370049e-01
Hs.556025_at	-0.129972	6.443149e-01	8.370049e-01
Hs.181301_at	-0.129972	6.443149e-01	8.370049e-01
Hs.97794_at	0.129972	6.443149e-01	8.370049e-01
Hs.97540_at	0.129972	6.443149e-01	8.370049e-01
Hs.27092_at	0.129972	6.443149e-01	8.370049e-01
Hs.96_at	-0.129972	6.443149e-01	8.370049e-01
Hs.112341_at	0.129972	6.443149e-01	8.370049e-01
Hs.594338_at	0.129972	6.443149e-01	8.370049e-01
Hs.85658_at	-0.129972	6.443149e-01	8.370049e-01
Hs.391781_at	0.129972	6.443149e-01	8.370049e-01
Hs.32148_at	-0.129972	6.443149e-01	8.370049e-01
Hs.315177_at	-0.129972	6.443149e-01	8.370049e-01
Hs.486542_at	-0.129972	6.443149e-01	8.370049e-01
Hs.435557_at	0.129972	6.443149e-01	8.370049e-01
Hs.648953_at	-0.129972	6.443149e-01	8.370049e-01
Hs.611680_at	0.129972	6.443149e-01	8.370049e-01
Hs.489615_at	0.129972	6.443149e-01	8.370049e-01
Hs.12106_at	-0.129972	6.443149e-01	8.370049e-01
Hs.121084_at	-0.129972	6.443149e-01	8.370049e-01
Hs.121489_at	0.129972	6.443149e-01	8.370049e-01
Hs.480454_at	0.129972	6.443149e-01	8.370049e-01
Hs.648066_at	0.129972	6.443149e-01	8.370049e-01
Hs.302963_at	0.129972	6.443149e-01	8.370049e-01
Hs.432862_at	0.129972	6.443149e-01	8.370049e-01
Hs.192215_at	0.129972	6.443149e-01	8.370049e-01
Hs.128069_at	-0.129972	6.443149e-01	8.370049e-01
Hs.611013_at	0.129972	6.443149e-01	8.370049e-01
Hs.166244_at	-0.129972	6.443149e-01	8.370049e-01
Hs.602360_at	0.129972	6.443149e-01	8.370049e-01
Hs.370927_at	0.129972	6.443149e-01	8.370049e-01
Hs.514063_at	0.129972	6.443149e-01	8.370049e-01
Hs.372000_at	-0.129972	6.443149e-01	8.370049e-01
Hs.374421_at	-0.129972	6.443149e-01	8.370049e-01
Hs.648932_at	0.129972	6.443149e-01	8.370049e-01
Hs.607056_at	0.129972	6.443149e-01	8.370049e-01
Hs.292154_at	0.129972	6.443149e-01	8.370049e-01
Hs.144130_at	0.129972	6.443149e-01	8.370049e-01
Hs.292156_at	0.129972	6.443149e-01	8.370049e-01
Hs.621200_at	0.129972	6.443149e-01	8.370049e-01
Hs.465838_at	-0.129972	6.443149e-01	8.370049e-01
Hs.634389_at	-0.129972	6.443149e-01	8.370049e-01
Hs.567816_at	0.129972	6.443149e-01	8.370049e-01
Hs.1545_at	-0.129972	6.443149e-01	8.370049e-01
Hs.282325_at	-0.129972	6.443149e-01	8.370049e-01
Hs.78781_at	-0.129972	6.443149e-01	8.370049e-01
Hs.513779_at	-0.129972	6.443149e-01	8.370049e-01
Hs.459174_at	-0.129972	6.443149e-01	8.370049e-01
Hs.282594_at	0.129972	6.443149e-01	8.370049e-01
Hs.459795_at	0.129972	6.443149e-01	8.370049e-01
Hs.624316_at	0.129972	6.443149e-01	8.370049e-01
Hs.574860_at	-0.129972	6.443149e-01	8.370049e-01
Hs.493037_at	0.129972	6.443149e-01	8.370049e-01
Hs.250616_at	-0.129972	6.443149e-01	8.370049e-01
Hs.644192_at	-0.129972	6.443149e-01	8.370049e-01
Hs.551506_at	0.129972	6.443149e-01	8.370049e-01
Hs.494146_at	0.129972	6.443149e-01	8.370049e-01
Hs.649871+_at	0.129972	6.443149e-01	8.370049e-01
Hs.201058_at	0.129972	6.443149e-01	8.370049e-01
Hs.162143_at	0.129972	6.443149e-01	8.370049e-01
Hs.632731_at	0.129972	6.443149e-01	8.370049e-01
Hs.546573+_at	0.129972	6.443149e-01	8.370049e-01
Hs.369520_at	-0.129972	6.443149e-01	8.370049e-01
Hs.443752_at	-0.129972	6.443149e-01	8.370049e-01
Hs.547831_at	-0.129972	6.443149e-01	8.370049e-01
Hs.368402_at	-0.129972	6.443149e-01	8.370049e-01
Hs.513804_at	0.129972	6.443149e-01	8.370049e-01
Hs.604481_at	-0.129972	6.443149e-01	8.370049e-01
Hs.136912_at	0.129972	6.443149e-01	8.370049e-01
Hs.365207_at	0.129972	6.443149e-01	8.370049e-01
Hs.510402_at	-0.129972	6.443149e-01	8.370049e-01
Hs.153752_at	0.129972	6.443149e-01	8.370049e-01
Hs.591692_at	0.129972	6.443149e-01	8.370049e-01
Hs.42215_at	-0.129972	6.443149e-01	8.370049e-01
Hs.156398_at	0.129972	6.443149e-01	8.370049e-01
Hs.156445_at	-0.129972	6.443149e-01	8.370049e-01
Hs.501200_at	-0.129972	6.443149e-01	8.370049e-01
Hs.348419_at	0.129972	6.443149e-01	8.370049e-01
Hs.333181_at	0.129972	6.443149e-01	8.370049e-01
Hs.498187_at	-0.129972	6.443149e-01	8.370049e-01
Hs.498252_at	0.129972	6.443149e-01	8.370049e-01
Hs.410316_at	0.129972	6.443149e-01	8.370049e-01
Hs.532870_at	0.129972	6.443149e-01	8.370049e-01
Hs.533853_at	-0.129972	6.443149e-01	8.370049e-01
Hs.498892_at	-0.129972	6.443149e-01	8.370049e-01
Hs.131956_at	-0.129972	6.443149e-01	8.370049e-01
Hs.133135_at	-0.129972	6.443149e-01	8.370049e-01
Hs.441275_at	0.129972	6.443149e-01	8.370049e-01
Hs.623586_at	-0.129972	6.443149e-01	8.370049e-01
Hs.437075_at	-0.129972	6.443149e-01	8.370049e-01
Hs.436980_at	0.129972	6.443149e-01	8.370049e-01
Hs.158688_at	-0.129972	6.443149e-01	8.370049e-01
Hs.43233_at	0.129972	6.443149e-01	8.370049e-01
Hs.201378_at	-0.129972	6.443149e-01	8.370049e-01
Hs.298469_at	0.129972	6.443149e-01	8.370049e-01
Hs.292451_at	0.129972	6.443149e-01	8.370049e-01
Hs.473847_at	-0.129972	6.443149e-01	8.370049e-01
Hs.289795_at	-0.129972	6.443149e-01	8.370049e-01
Hs.135108_at	0.129972	6.443149e-01	8.370049e-01
Hs.287386_at	0.129972	6.443149e-01	8.370049e-01
Hs.233568_at	0.129972	6.443149e-01	8.370049e-01
Hs.463985_at	0.129972	6.443149e-01	8.370049e-01
Hs.23491_at	-0.129972	6.443149e-01	8.370049e-01
Hs.592209_at	-0.129972	6.443149e-01	8.370049e-01
Hs.407771_at	0.129972	6.443149e-01	8.370049e-01
Hs.603447_at	-0.129972	6.443149e-01	8.370049e-01
Hs.524280_at	-0.129972	6.443149e-01	8.370049e-01
Hs.183176_at	-0.129972	6.443149e-01	8.370049e-01
Hs.190413_at	-0.129972	6.443149e-01	8.370049e-01
Hs.645516_at	-0.129972	6.443149e-01	8.370049e-01
Hs.597262+_at	0.129972	6.443149e-01	8.370049e-01
Hs.528131_at	-0.129972	6.443149e-01	8.370049e-01
Hs.435044_at	0.129972	6.443149e-01	8.370049e-01
Hs.113157_at	-0.129972	6.443149e-01	8.370049e-01
Hs.377972_at	0.129972	6.443149e-01	8.370049e-01
Hs.595051_at	0.129972	6.443149e-01	8.370049e-01
Hs.522472_at	0.129972	6.443149e-01	8.370049e-01
Hs.20930_at	-0.129972	6.443149e-01	8.370049e-01
Hs.638043_at	0.129972	6.443149e-01	8.370049e-01
Hs.535891_at	0.129972	6.443149e-01	8.370049e-01
Hs.110488_at	0.129972	6.443149e-01	8.370049e-01
Hs.445480-_at	-0.129972	6.443149e-01	8.370049e-01
Hs.584822_at	-0.129972	6.443149e-01	8.370049e-01
Hs.522988_at	-0.129972	6.443149e-01	8.370049e-01
Hs.382683_at	0.129972	6.443149e-01	8.370049e-01
Hs.629545_at	-0.129972	6.443149e-01	8.370049e-01
Hs.505059_at	-0.129972	6.443149e-01	8.370049e-01
Hs.597888_at	0.129972	6.443149e-01	8.370049e-01
Hs.106688_at	-0.129972	6.443149e-01	8.370049e-01
Hs.195155_at	-0.126361	6.536163e-01	8.423838e-01
Hs.195642_at	-0.126361	6.536163e-01	8.423838e-01
Hs.195667_at	-0.126361	6.536163e-01	8.423838e-01
Hs.652488_at	-0.126361	6.536163e-01	8.423838e-01
Hs.148178_at	0.126361	6.536163e-01	8.423838e-01
Hs.591848_at	0.126361	6.536163e-01	8.423838e-01
Hs.352213_at	0.126361	6.536163e-01	8.423838e-01
Hs.147381_at	-0.126361	6.536163e-01	8.423838e-01
Hs.107382_at	0.126361	6.536163e-01	8.423838e-01
Hs.17949_at	-0.126361	6.536163e-01	8.423838e-01
Hs.534499_at	0.126361	6.536163e-01	8.423838e-01
Hs.97933_at	0.126361	6.536163e-01	8.423838e-01
Hs.99962_at	-0.126361	6.536163e-01	8.423838e-01
Hs.350958_at	-0.126361	6.536163e-01	8.423838e-01
Hs.209527_at	-0.126361	6.536163e-01	8.423838e-01
Hs.25669_at	0.126361	6.536163e-01	8.423838e-01
Hs.314359_at	-0.126361	6.536163e-01	8.423838e-01
Hs.516846_at	0.126361	6.536163e-01	8.423838e-01
Hs.517293_at	0.126361	6.536163e-01	8.423838e-01
Hs.211475_at	0.126361	6.536163e-01	8.423838e-01
Hs.89499_at	0.126361	6.536163e-01	8.423838e-01
Hs.518464_at	0.126361	6.536163e-01	8.423838e-01
Hs.520525_at	0.126361	6.536163e-01	8.423838e-01
Hs.483454_at	-0.126361	6.536163e-01	8.423838e-01
Hs.114286_at	0.126361	6.536163e-01	8.423838e-01
Hs.113916_at	0.126361	6.536163e-01	8.423838e-01
Hs.522578_at	-0.126361	6.536163e-01	8.423838e-01
Hs.646490_at	-0.126361	6.536163e-01	8.423838e-01
Hs.172749_at	-0.126361	6.536163e-01	8.423838e-01
Hs.253726_at	-0.126361	6.536163e-01	8.423838e-01
Hs.173679_at	-0.126361	6.536163e-01	8.423838e-01
Hs.444348_at	-0.126361	6.536163e-01	8.423838e-01
Hs.596164_at	-0.126361	6.536163e-01	8.423838e-01
Hs.591440_at	0.126361	6.536163e-01	8.423838e-01
Hs.622761_at	-0.126361	6.536163e-01	8.423838e-01
Hs.375120_at	0.126361	6.536163e-01	8.423838e-01
Hs.515515_at	-0.126361	6.536163e-01	8.423838e-01
Hs.277517_at	0.126361	6.536163e-01	8.423838e-01
Hs.82887_at	-0.126361	6.536163e-01	8.423838e-01
Hs.371350_at	0.126361	6.536163e-01	8.423838e-01
Hs.465808_at	0.126361	6.536163e-01	8.423838e-01
Hs.286221_at	0.126361	6.536163e-01	8.423838e-01
Hs.624135_at	-0.126361	6.536163e-01	8.423838e-01
Hs.287691_at	0.126361	6.536163e-01	8.423838e-01
Hs.620489_at	0.126361	6.536163e-01	8.423838e-01
Hs.633163_at	0.126361	6.536163e-01	8.423838e-01
Hs.232270_at	0.126361	6.536163e-01	8.423838e-01
Hs.293928_at	0.126361	6.536163e-01	8.423838e-01
Hs.13854_at	-0.126361	6.536163e-01	8.423838e-01
Hs.509664_at	-0.126361	6.536163e-01	8.423838e-01
Hs.8036_at	0.126361	6.536163e-01	8.423838e-01
Hs.25425_at	0.126361	6.536163e-01	8.423838e-01
Hs.495276_at	0.126361	6.536163e-01	8.423838e-01
Hs.326217_at	0.126361	6.536163e-01	8.423838e-01
Hs.480356_at	-0.126361	6.536163e-01	8.423838e-01
Hs.514820_at	0.126361	6.536163e-01	8.423838e-01
Hs.128738_at	0.126361	6.536163e-01	8.423838e-01
Hs.192090_at	0.126361	6.536163e-01	8.423838e-01
Hs.201379_at	-0.126361	6.536163e-01	8.423838e-01
Hs.610118_at	0.126361	6.536163e-01	8.423838e-01
Hs.588873_at	0.126361	6.536163e-01	8.423838e-01
Hs.202419_at	-0.126361	6.536163e-01	8.423838e-01
Hs.7486_at	-0.126361	6.536163e-01	8.423838e-01
Hs.602654_at	0.126361	6.536163e-01	8.423838e-01
Hs.533644_at	-0.126361	6.536163e-01	8.423838e-01
Hs.407995_at	-0.126361	6.536163e-01	8.423838e-01
Hs.622982_at	-0.126361	6.536163e-01	8.423838e-01
Hs.129970_at	0.126361	6.536163e-01	8.423838e-01
Hs.554101_at	-0.126361	6.536163e-01	8.423838e-01
Hs.128753_at	0.126361	6.536163e-01	8.423838e-01
Hs.531550_at	-0.126361	6.536163e-01	8.423838e-01
Hs.599800_at	0.126361	6.536163e-01	8.423838e-01
Hs.168162_at	0.126361	6.536163e-01	8.423838e-01
Hs.421724_at	-0.126361	6.536163e-01	8.423838e-01
Hs.418062_at	-0.126361	6.536163e-01	8.423838e-01
Hs.418167_at	0.126361	6.536163e-01	8.423838e-01
Hs.346950_at	0.126361	6.536163e-01	8.423838e-01
Hs.634550_at	0.126361	6.536163e-01	8.423838e-01
Hs.372193_at	-0.126361	6.536163e-01	8.423838e-01
Hs.514489_at	0.126361	6.536163e-01	8.423838e-01
Hs.128668_at	0.126361	6.536163e-01	8.423838e-01
Hs.651657_at	-0.126361	6.536163e-01	8.423838e-01
Hs.604039_at	0.126361	6.536163e-01	8.423838e-01
Hs.140720_at	-0.126361	6.536163e-01	8.423838e-01
Hs.6891_at	0.126361	6.536163e-01	8.423838e-01
Hs.592130_at	0.126361	6.536163e-01	8.423838e-01
Hs.604437_at	0.126361	6.536163e-01	8.423838e-01
Hs.49688_at	0.126361	6.536163e-01	8.423838e-01
Hs.591491_at	-0.126361	6.536163e-01	8.423838e-01
Hs.330386_at	0.126361	6.536163e-01	8.423838e-01
Hs.502461_at	0.126361	6.536163e-01	8.423838e-01
Hs.143374_at	0.126361	6.536163e-01	8.423838e-01
Hs.223296_at	-0.126361	6.536163e-01	8.423838e-01
Hs.416769_at	0.126361	6.536163e-01	8.423838e-01
Hs.415842_at	-0.126361	6.536163e-01	8.423838e-01
Hs.226117_at	0.126361	6.536163e-01	8.423838e-01
Hs.40735_at	-0.126361	6.536163e-01	8.423838e-01
Hs.247280_at	0.126361	6.536163e-01	8.423838e-01
Hs.632466_at	0.126361	6.536163e-01	8.423838e-01
Hs.157002_at	0.126361	6.536163e-01	8.423838e-01
Hs.16230_at	0.126361	6.536163e-01	8.423838e-01
Hs.2389_at	0.126361	6.536163e-01	8.423838e-01
Hs.571297_at	0.126361	6.536163e-01	8.423838e-01
Hs.576114_at	0.126361	6.536163e-01	8.423838e-01
Hs.12956_at	0.126361	6.536163e-01	8.423838e-01
Hs.550187_at	-0.126361	6.536163e-01	8.423838e-01
Hs.494556_at	-0.126361	6.536163e-01	8.423838e-01
Hs.593122_at	-0.126361	6.536163e-01	8.423838e-01
Hs.154210_at	0.126361	6.536163e-01	8.423838e-01
Hs.243467_at	0.126361	6.536163e-01	8.423838e-01
Hs.299002_at	-0.126361	6.536163e-01	8.423838e-01
Hs.618469_at	0.126361	6.536163e-01	8.423838e-01
Hs.101791_at	0.126361	6.536163e-01	8.423838e-01
Hs.273621_at	0.126361	6.536163e-01	8.423838e-01
Hs.446678_at	0.126361	6.536163e-01	8.423838e-01
Hs.4865_at	0.126361	6.536163e-01	8.423838e-01
Hs.375707_at	-0.126361	6.536163e-01	8.423838e-01
Hs.400802_at	-0.126361	6.536163e-01	8.423838e-01
Hs.519403_at	0.126361	6.536163e-01	8.423838e-01
Hs.401954_at	-0.126361	6.536163e-01	8.423838e-01
Hs.270845_at	0.126361	6.536163e-01	8.423838e-01
Hs.18861_at	-0.126361	6.536163e-01	8.423838e-01
Hs.143268_at	-0.126361	6.536163e-01	8.423838e-01
Hs.385749_at	-0.122751	6.629653e-01	8.472536e-01
Hs.38621_at	0.122751	6.629653e-01	8.472536e-01
Hs.98328_at	-0.122751	6.629653e-01	8.472536e-01
Hs.100043_at	0.122751	6.629653e-01	8.472536e-01
Hs.387300_at	0.122751	6.629653e-01	8.472536e-01
Hs.538726+_at	0.122751	6.629653e-01	8.472536e-01
Hs.381306_at	0.122751	6.629653e-01	8.472536e-01
Hs.352276_at	0.122751	6.629653e-01	8.472536e-01
Hs.492612_at	-0.122751	6.629653e-01	8.472536e-01
Hs.577097_at	0.122751	6.629653e-01	8.472536e-01
Hs.577281_at	0.122751	6.629653e-01	8.472536e-01
Hs.459265_at	-0.122751	6.629653e-01	8.472536e-01
Hs.197354_at	-0.122751	6.629653e-01	8.472536e-01
Hs.459049_at	-0.122751	6.629653e-01	8.472536e-01
Hs.436066_at	0.122751	6.629653e-01	8.472536e-01
Hs.632401_at	-0.122751	6.629653e-01	8.472536e-01
Hs.632402_at	0.122751	6.629653e-01	8.472536e-01
Hs.551213_at	-0.122751	6.629653e-01	8.472536e-01
Hs.514116_at	0.122751	6.629653e-01	8.472536e-01
Hs.154510_at	-0.122751	6.629653e-01	8.472536e-01
Hs.462281_at	-0.122751	6.629653e-01	8.472536e-01
Hs.463375_at	0.122751	6.629653e-01	8.472536e-01
Hs.369614_at	-0.122751	6.629653e-01	8.472536e-01
Hs.593446_at	0.122751	6.629653e-01	8.472536e-01
Hs.497353_at	0.122751	6.629653e-01	8.472536e-01
Hs.560050_at	-0.122751	6.629653e-01	8.472536e-01
Hs.162035_at	-0.122751	6.629653e-01	8.472536e-01
Hs.531856_at	0.122751	6.629653e-01	8.472536e-01
Hs.160363_at	0.122751	6.629653e-01	8.472536e-01
Hs.634894_at	-0.122751	6.629653e-01	8.472536e-01
Hs.507910_at	0.122751	6.629653e-01	8.472536e-01
Hs.466929_at	-0.122751	6.629653e-01	8.472536e-01
Hs.468091_at	-0.122751	6.629653e-01	8.472536e-01
Hs.501857_at	-0.122751	6.629653e-01	8.472536e-01
Hs.153458_at	0.122751	6.629653e-01	8.472536e-01
Hs.568834_at	-0.122751	6.629653e-01	8.472536e-01
Hs.653011_at	0.122751	6.629653e-01	8.472536e-01
Hs.222510_at	0.122751	6.629653e-01	8.472536e-01
Hs.21945_at	0.122751	6.629653e-01	8.472536e-01
Hs.36587_at	-0.122751	6.629653e-01	8.472536e-01
Hs.135507_at	-0.122751	6.629653e-01	8.472536e-01
Hs.728_at	-0.122751	6.629653e-01	8.472536e-01
Hs.135259_at	0.122751	6.629653e-01	8.472536e-01
Hs.500526_at	-0.122751	6.629653e-01	8.472536e-01
Hs.591797_at	0.122751	6.629653e-01	8.472536e-01
Hs.608560_at	-0.122751	6.629653e-01	8.472536e-01
Hs.506076_at	0.122751	6.629653e-01	8.472536e-01
Hs.607781_at	-0.122751	6.629653e-01	8.472536e-01
Hs.46835_at	-0.122751	6.629653e-01	8.472536e-01
Hs.500750_at	-0.122751	6.629653e-01	8.472536e-01
Hs.473420_at	0.122751	6.629653e-01	8.472536e-01
Hs.208388_at	-0.122751	6.629653e-01	8.472536e-01
Hs.207603_at	-0.122751	6.629653e-01	8.472536e-01
Hs.34012_at	-0.122751	6.629653e-01	8.472536e-01
Hs.647988_at	-0.122751	6.629653e-01	8.472536e-01
Hs.128770_at	0.122751	6.629653e-01	8.472536e-01
Hs.598860_at	0.122751	6.629653e-01	8.472536e-01
Hs.132340_at	0.122751	6.629653e-01	8.472536e-01
Hs.431926_at	0.122751	6.629653e-01	8.472536e-01
Hs.609055_at	0.122751	6.629653e-01	8.472536e-01
Hs.563332_at	0.122751	6.629653e-01	8.472536e-01
Hs.74870_at	-0.122751	6.629653e-01	8.472536e-01
Hs.643279_at	-0.122751	6.629653e-01	8.472536e-01
Hs.372938_at	0.122751	6.629653e-01	8.472536e-01
Hs.435761_at	0.122751	6.629653e-01	8.472536e-01
Hs.645281_at	0.122751	6.629653e-01	8.472536e-01
Hs.61438_at	-0.122751	6.629653e-01	8.472536e-01
Hs.435981_at	-0.122751	6.629653e-01	8.472536e-01
Hs.444933_at	0.122751	6.629653e-01	8.472536e-01
Hs.371720_at	-0.122751	6.629653e-01	8.472536e-01
Hs.530359_at	0.122751	6.629653e-01	8.472536e-01
Hs.334629_at	0.122751	6.629653e-01	8.472536e-01
Hs.565319_at	-0.122751	6.629653e-01	8.472536e-01
Hs.474978_at	0.122751	6.629653e-01	8.472536e-01
Hs.534302_at	0.122751	6.629653e-01	8.472536e-01
Hs.634008_at	0.122751	6.629653e-01	8.472536e-01
Hs.287555_at	-0.122751	6.629653e-01	8.472536e-01
Hs.626239_at	0.122751	6.629653e-01	8.472536e-01
Hs.585029_at	0.122751	6.629653e-01	8.472536e-01
Hs.553551_at	-0.122751	6.629653e-01	8.472536e-01
Hs.176503_at	-0.122751	6.629653e-01	8.472536e-01
Hs.591426_at	-0.122751	6.629653e-01	8.472536e-01
Hs.234572_at	0.122751	6.629653e-01	8.472536e-01
Hs.62192_at	0.122751	6.629653e-01	8.472536e-01
Hs.22867_at	-0.122751	6.629653e-01	8.472536e-01
Hs.648299_at	0.122751	6.629653e-01	8.472536e-01
Hs.45002_at	0.122751	6.629653e-01	8.472536e-01
Hs.171142_at	-0.122751	6.629653e-01	8.472536e-01
Hs.458414_at	0.122751	6.629653e-01	8.472536e-01
Hs.591400_at	0.122751	6.629653e-01	8.472536e-01
Hs.646545_at	0.122751	6.629653e-01	8.472536e-01
Hs.586715+_at	-0.122751	6.629653e-01	8.472536e-01
Hs.178589_at	0.122751	6.629653e-01	8.472536e-01
Hs.435710_at	0.122751	6.629653e-01	8.472536e-01
Hs.637858_at	0.122751	6.629653e-01	8.472536e-01
Hs.212885_at	-0.122751	6.629653e-01	8.472536e-01
Hs.89643_at	0.122751	6.629653e-01	8.472536e-01
Hs.8379_at	0.122751	6.629653e-01	8.472536e-01
Hs.485938_at	-0.122751	6.629653e-01	8.472536e-01
Hs.611178_at	0.122751	6.629653e-01	8.472536e-01
Hs.11923_at	-0.122751	6.629653e-01	8.472536e-01
Hs.516952_at	0.122751	6.629653e-01	8.472536e-01
Hs.115830_at	0.122751	6.629653e-01	8.472536e-01
Hs.388245_at	-0.122751	6.629653e-01	8.472536e-01
Hs.388170_at	0.122751	6.629653e-01	8.472536e-01
Hs.522172_at	0.122751	6.629653e-01	8.472536e-01
Hs.118738_at	0.122751	6.629653e-01	8.472536e-01
Hs.520740_at	-0.122751	6.629653e-01	8.472536e-01
Hs.390738_at	0.122751	6.629653e-01	8.472536e-01
Hs.517419_at	-0.122751	6.629653e-01	8.472536e-01
Hs.116622_at	-0.122751	6.629653e-01	8.472536e-01
Hs.91085_at	-0.122751	6.629653e-01	8.472536e-01
Hs.594536_at	-0.122751	6.629653e-01	8.472536e-01
Hs.524518_at	0.122751	6.629653e-01	8.472536e-01
Hs.106576_at	0.122751	6.629653e-01	8.472536e-01
Hs.438872_at	0.122751	6.629653e-01	8.472536e-01
Hs.65366_at	0.122751	6.629653e-01	8.472536e-01
Hs.630600_at	0.122751	6.629653e-01	8.472536e-01
Hs.265018_at	0.122751	6.629653e-01	8.472536e-01
Hs.377090_at	0.122751	6.629653e-01	8.472536e-01
Hs.522085_at	-0.122751	6.629653e-01	8.472536e-01
Hs.446484_at	0.122751	6.629653e-01	8.472536e-01
Hs.629544_at	0.122751	6.629653e-01	8.472536e-01
Hs.631222_at	-0.122751	6.629653e-01	8.472536e-01
Hs.471067_at	0.122751	6.629653e-01	8.472536e-01
Hs.567328_at	-0.122751	6.629653e-01	8.472536e-01
Hs.149769_at	-0.122751	6.629653e-01	8.472536e-01
Hs.351306_at	0.122751	6.629653e-01	8.472536e-01
Hs.349204_at	-0.122751	6.629653e-01	8.472536e-01
Hs.521487_at	-0.122751	6.629653e-01	8.472536e-01
Hs.647098_at	0.122751	6.629653e-01	8.472536e-01
Hs.148565_at	0.122751	6.629653e-01	8.472536e-01
Hs.196575_at	0.119141	6.723607e-01	8.521548e-01
Hs.590937_at	-0.119141	6.723607e-01	8.521548e-01
Hs.561722_at	0.119141	6.723607e-01	8.521548e-01
Hs.580945_at	0.119141	6.723607e-01	8.521548e-01
Hs.459106_at	-0.119141	6.723607e-01	8.521548e-01
Hs.25318_at	-0.119141	6.723607e-01	8.521548e-01
Hs.259666_at	0.119141	6.723607e-01	8.521548e-01
Hs.631726_at	0.119141	6.723607e-01	8.521548e-01
Hs.458390_at	0.119141	6.723607e-01	8.521548e-01
Hs.103110_at	-0.119141	6.723607e-01	8.521548e-01
Hs.525324_at	-0.119141	6.723607e-01	8.521548e-01
Hs.104925_at	0.119141	6.723607e-01	8.521548e-01
Hs.547580_at	0.119141	6.723607e-01	8.521548e-01
Hs.159028_at	0.119141	6.723607e-01	8.521548e-01
Hs.591633_at	0.119141	6.723607e-01	8.521548e-01
Hs.380372_at	0.119141	6.723607e-01	8.521548e-01
Hs.248049_at	0.119141	6.723607e-01	8.521548e-01
Hs.339735_at	-0.119141	6.723607e-01	8.521548e-01
Hs.190783_at	-0.119141	6.723607e-01	8.521548e-01
Hs.1973_at	0.119141	6.723607e-01	8.521548e-01
Hs.362733_at	0.119141	6.723607e-01	8.521548e-01
Hs.364941_at	0.119141	6.723607e-01	8.521548e-01
Hs.560003_at	0.119141	6.723607e-01	8.521548e-01
Hs.196578_at	-0.119141	6.723607e-01	8.521548e-01
Hs.645210_at	0.119141	6.723607e-01	8.521548e-01
Hs.56663_at	-0.119141	6.723607e-01	8.521548e-01
Hs.483239_at	0.119141	6.723607e-01	8.521548e-01
Hs.35354_at	-0.119141	6.723607e-01	8.521548e-01
Hs.47209_at	-0.119141	6.723607e-01	8.521548e-01
Hs.369440_at	0.119141	6.723607e-01	8.521548e-01
Hs.592880_at	-0.119141	6.723607e-01	8.521548e-01
Hs.129780_at	0.119141	6.723607e-01	8.521548e-01
Hs.288229_at	0.119141	6.723607e-01	8.521548e-01
Hs.28780_at	-0.119141	6.723607e-01	8.521548e-01
Hs.511138_at	-0.119141	6.723607e-01	8.521548e-01
Hs.591087_at	-0.119141	6.723607e-01	8.521548e-01
Hs.295626_at	-0.119141	6.723607e-01	8.521548e-01
Hs.532144_at	0.119141	6.723607e-01	8.521548e-01
Hs.369519_at	-0.119141	6.723607e-01	8.521548e-01
Hs.209989_at	-0.119141	6.723607e-01	8.521548e-01
Hs.283374_at	-0.119141	6.723607e-01	8.521548e-01
Hs.567457_at	0.119141	6.723607e-01	8.521548e-01
Hs.471779_at	0.119141	6.723607e-01	8.521548e-01
Hs.203594_at	-0.119141	6.723607e-01	8.521548e-01
Hs.567412_at	-0.119141	6.723607e-01	8.521548e-01
Hs.13640_at	-0.119141	6.723607e-01	8.521548e-01
Hs.7247_at	0.119141	6.723607e-01	8.521548e-01
Hs.604779_at	0.119141	6.723607e-01	8.521548e-01
Hs.43627_at	-0.119141	6.723607e-01	8.521548e-01
Hs.164705_at	0.119141	6.723607e-01	8.521548e-01
Hs.155097_at	-0.119141	6.723607e-01	8.521548e-01
Hs.389945_at	-0.119141	6.723607e-01	8.521548e-01
Hs.9003_at	0.119141	6.723607e-01	8.521548e-01
Hs.271580_at	0.119141	6.723607e-01	8.521548e-01
Hs.572495_at	0.119141	6.723607e-01	8.521548e-01
Hs.2375_at	-0.119141	6.723607e-01	8.521548e-01
Hs.23751_at	0.119141	6.723607e-01	8.521548e-01
Hs.239459_at	0.119141	6.723607e-01	8.521548e-01
Hs.607604_at	0.119141	6.723607e-01	8.521548e-01
Hs.302442_at	0.119141	6.723607e-01	8.521548e-01
Hs.555961_at	0.119141	6.723607e-01	8.521548e-01
Hs.647233_at	0.119141	6.723607e-01	8.521548e-01
Hs.303454_at	0.119141	6.723607e-01	8.521548e-01
Hs.601269_at	-0.119141	6.723607e-01	8.521548e-01
Hs.127116_at	0.119141	6.723607e-01	8.521548e-01
Hs.567547_at	-0.119141	6.723607e-01	8.521548e-01
Hs.282244_at	0.119141	6.723607e-01	8.521548e-01
Hs.471452_at	0.119141	6.723607e-01	8.521548e-01
Hs.21187_at	-0.119141	6.723607e-01	8.521548e-01
Hs.435757_at	-0.119141	6.723607e-01	8.521548e-01
Hs.173288_at	-0.119141	6.723607e-01	8.521548e-01
Hs.530904_at	0.119141	6.723607e-01	8.521548e-01
Hs.125133_at	0.119141	6.723607e-01	8.521548e-01
Hs.126932_at	-0.119141	6.723607e-01	8.521548e-01
Hs.224079_at	0.119141	6.723607e-01	8.521548e-01
Hs.635570_at	0.119141	6.723607e-01	8.521548e-01
Hs.127013_at	-0.119141	6.723607e-01	8.521548e-01
Hs.8118_at	-0.119141	6.723607e-01	8.521548e-01
Hs.530988_at	-0.119141	6.723607e-01	8.521548e-01
Hs.144407_at	-0.119141	6.723607e-01	8.521548e-01
Hs.181855_at	0.119141	6.723607e-01	8.521548e-01
Hs.181326_at	-0.119141	6.723607e-01	8.521548e-01
Hs.153058_at	0.119141	6.723607e-01	8.521548e-01
Hs.541294_at	-0.119141	6.723607e-01	8.521548e-01
Hs.317713_at	0.119141	6.723607e-01	8.521548e-01
Hs.612774_at	0.119141	6.723607e-01	8.521548e-01
Hs.553160_at	0.119141	6.723607e-01	8.521548e-01
Hs.169998_at	-0.119141	6.723607e-01	8.521548e-01
Hs.501023_at	0.119141	6.723607e-01	8.521548e-01
Hs.652181_at	0.119141	6.723607e-01	8.521548e-01
Hs.398989_at	0.119141	6.723607e-01	8.521548e-01
Hs.27267_at	0.119141	6.723607e-01	8.521548e-01
Hs.463303_at	0.119141	6.723607e-01	8.521548e-01
Hs.489033_at	-0.119141	6.723607e-01	8.521548e-01
Hs.555199_at	-0.119141	6.723607e-01	8.521548e-01
Hs.123232_at	-0.119141	6.723607e-01	8.521548e-01
Hs.22270_at	0.119141	6.723607e-01	8.521548e-01
Hs.593580_at	-0.119141	6.723607e-01	8.521548e-01
Hs.538093_at	-0.119141	6.723607e-01	8.521548e-01
Hs.148256_at	0.119141	6.723607e-01	8.521548e-01
Hs.149195_at	0.119141	6.723607e-01	8.521548e-01
Hs.591439_at	0.119141	6.723607e-01	8.521548e-01
Hs.613102_at	0.119141	6.723607e-01	8.521548e-01
Hs.598884_at	-0.119141	6.723607e-01	8.521548e-01
Hs.516819_at	0.119141	6.723607e-01	8.521548e-01
Hs.2259_at	-0.119141	6.723607e-01	8.521548e-01
Hs.444677_at	0.119141	6.723607e-01	8.521548e-01
Hs.352134_at	0.119141	6.723607e-01	8.521548e-01
Hs.97461_at	0.119141	6.723607e-01	8.521548e-01
Hs.57690_at	0.119141	6.723607e-01	8.521548e-01
Hs.264_at	-0.119141	6.723607e-01	8.521548e-01
Hs.631661_at	0.119141	6.723607e-01	8.521548e-01
Hs.495755_at	-0.119141	6.723607e-01	8.521548e-01
Hs.591661_at	0.119141	6.723607e-01	8.521548e-01
Hs.642965-_at	0.119141	6.723607e-01	8.521548e-01
Hs.642748_at	-0.119141	6.723607e-01	8.521548e-01
Hs.75498_at	0.119141	6.723607e-01	8.521548e-01
Hs.367727_at	0.119141	6.723607e-01	8.521548e-01
Hs.36794_at	-0.119141	6.723607e-01	8.521548e-01
Hs.196102_at	0.119141	6.723607e-01	8.521548e-01
Hs.335754_at	-0.119141	6.723607e-01	8.521548e-01
Hs.547058_at	0.119141	6.723607e-01	8.521548e-01
Hs.32966_at	0.119141	6.723607e-01	8.521548e-01
Hs.497183_at	-0.119141	6.723607e-01	8.521548e-01
Hs.597144_at	-0.119141	6.723607e-01	8.521548e-01
Hs.525933_at	0.119141	6.723607e-01	8.521548e-01
Hs.445775_at	-0.119141	6.723607e-01	8.521548e-01
Hs.445711_at	-0.119141	6.723607e-01	8.521548e-01
Hs.525445_at	-0.119141	6.723607e-01	8.521548e-01
Hs.525752_at	0.119141	6.723607e-01	8.521548e-01
Hs.103183_at	-0.119141	6.723607e-01	8.521548e-01
Hs.647746_at	0.115530	6.818012e-01	8.566034e-01
Hs.561954_at	0.115530	6.818012e-01	8.566034e-01
Hs.318775_at	0.115530	6.818012e-01	8.566034e-01
Hs.181781_at	0.115530	6.818012e-01	8.566034e-01
Hs.636701_at	0.115530	6.818012e-01	8.566034e-01
Hs.21435_at	-0.115530	6.818012e-01	8.566034e-01
Hs.22047_at	0.115530	6.818012e-01	8.566034e-01
Hs.591249_at	-0.115530	6.818012e-01	8.566034e-01
Hs.643514_at	0.115530	6.818012e-01	8.566034e-01
Hs.200629_at	0.115530	6.818012e-01	8.566034e-01
Hs.318526_at	-0.115530	6.818012e-01	8.566034e-01
Hs.145932_at	0.115530	6.818012e-01	8.566034e-01
Hs.436037_at	0.115530	6.818012e-01	8.566034e-01
Hs.144744_at	-0.115530	6.818012e-01	8.566034e-01
Hs.416024_at	-0.115530	6.818012e-01	8.566034e-01
Hs.504212_at	0.115530	6.818012e-01	8.566034e-01
Hs.144710_at	-0.115530	6.818012e-01	8.566034e-01
Hs.643970_at	-0.115530	6.818012e-01	8.566034e-01
Hs.753_at	-0.115530	6.818012e-01	8.566034e-01
Hs.567524_at	0.115530	6.818012e-01	8.566034e-01
Hs.378901_at	0.115530	6.818012e-01	8.566034e-01
Hs.350364_at	0.115530	6.818012e-01	8.566034e-01
Hs.22907_at	-0.115530	6.818012e-01	8.566034e-01
Hs.606481_at	-0.115530	6.818012e-01	8.566034e-01
Hs.634224_at	-0.115530	6.818012e-01	8.566034e-01
Hs.416925_at	0.115530	6.818012e-01	8.566034e-01
Hs.503597_at	-0.115530	6.818012e-01	8.566034e-01
Hs.146438_at	0.115530	6.818012e-01	8.566034e-01
Hs.121478_at	0.115530	6.818012e-01	8.566034e-01
Hs.272280_at	0.115530	6.818012e-01	8.566034e-01
Hs.534770_at	-0.115530	6.818012e-01	8.566034e-01
Hs.571600_at	-0.115530	6.818012e-01	8.566034e-01
Hs.374216_at	0.115530	6.818012e-01	8.566034e-01
Hs.120377_at	-0.115530	6.818012e-01	8.566034e-01
Hs.55279_at	-0.115530	6.818012e-01	8.566034e-01
Hs.524947_at	-0.115530	6.818012e-01	8.566034e-01
Hs.493062_at	0.115530	6.818012e-01	8.566034e-01
Hs.440890_at	-0.115530	6.818012e-01	8.566034e-01
Hs.545311_at	-0.115530	6.818012e-01	8.566034e-01
Hs.4944_at	0.115530	6.818012e-01	8.566034e-01
Hs.139907_at	-0.115530	6.818012e-01	8.566034e-01
Hs.238432_at	-0.115530	6.818012e-01	8.566034e-01
Hs.391860_at	0.115530	6.818012e-01	8.566034e-01
Hs.396189_at	0.115530	6.818012e-01	8.566034e-01
Hs.528007_at	-0.115530	6.818012e-01	8.566034e-01
Hs.611466_at	-0.115530	6.818012e-01	8.566034e-01
Hs.164708_at	-0.115530	6.818012e-01	8.566034e-01
Hs.155995_at	-0.115530	6.818012e-01	8.566034e-01
Hs.422662_at	-0.115530	6.818012e-01	8.566034e-01
Hs.591997_at	0.115530	6.818012e-01	8.566034e-01
Hs.201083_at	-0.115530	6.818012e-01	8.566034e-01
Hs.618726_at	-0.115530	6.818012e-01	8.566034e-01
Hs.646680_at	0.115530	6.818012e-01	8.566034e-01
Hs.211474_at	0.115530	6.818012e-01	8.566034e-01
Hs.369924_at	-0.115530	6.818012e-01	8.566034e-01
Hs.623856_at	-0.115530	6.818012e-01	8.566034e-01
Hs.593207_at	0.115530	6.818012e-01	8.566034e-01
Hs.12851_at	0.115530	6.818012e-01	8.566034e-01
Hs.44277_at	-0.115530	6.818012e-01	8.566034e-01
Hs.128574_at	0.115530	6.818012e-01	8.566034e-01
Hs.532786_at	-0.115530	6.818012e-01	8.566034e-01
Hs.370834_at	-0.115530	6.818012e-01	8.566034e-01
Hs.40510_at	-0.115530	6.818012e-01	8.566034e-01
Hs.404137_at	0.115530	6.818012e-01	8.566034e-01
Hs.515016_at	-0.115530	6.818012e-01	8.566034e-01
Hs.382097_at	-0.115530	6.818012e-01	8.566034e-01
Hs.647257_at	0.115530	6.818012e-01	8.566034e-01
Hs.615050_at	0.115530	6.818012e-01	8.566034e-01
Hs.302754_at	0.115530	6.818012e-01	8.566034e-01
Hs.306769_at	0.115530	6.818012e-01	8.566034e-01
Hs.95424_at	-0.115530	6.818012e-01	8.566034e-01
Hs.647068_at	-0.115530	6.818012e-01	8.566034e-01
Hs.472227_at	0.115530	6.818012e-01	8.566034e-01
Hs.510833_at	0.115530	6.818012e-01	8.566034e-01
Hs.238756_at	0.115530	6.818012e-01	8.566034e-01
Hs.90436_at	-0.115530	6.818012e-01	8.566034e-01
Hs.518921_at	0.115530	6.818012e-01	8.566034e-01
Hs.288274_at	-0.115530	6.818012e-01	8.566034e-01
Hs.445149_at	0.115530	6.818012e-01	8.566034e-01
Hs.462598_at	0.115530	6.818012e-01	8.566034e-01
Hs.453951_at	-0.115530	6.818012e-01	8.566034e-01
Hs.94234_at	-0.115530	6.818012e-01	8.566034e-01
Hs.266782_at	-0.115530	6.818012e-01	8.566034e-01
Hs.148680_at	0.115530	6.818012e-01	8.566034e-01
Hs.148767_at	0.115530	6.818012e-01	8.566034e-01
Hs.162369_at	0.115530	6.818012e-01	8.566034e-01
Hs.134057_at	-0.115530	6.818012e-01	8.566034e-01
Hs.546419_at	-0.115530	6.818012e-01	8.566034e-01
Hs.499682_at	0.115530	6.818012e-01	8.566034e-01
Hs.592285_at	-0.115530	6.818012e-01	8.566034e-01
Hs.99414_at	0.115530	6.818012e-01	8.566034e-01
Hs.581541_at	-0.115530	6.818012e-01	8.566034e-01
Hs.100299_at	-0.115530	6.818012e-01	8.566034e-01
Hs.511775_at	0.115530	6.818012e-01	8.566034e-01
Hs.652098_at	0.115530	6.818012e-01	8.566034e-01
Hs.584867_at	-0.115530	6.818012e-01	8.566034e-01
Hs.446292+_at	-0.115530	6.818012e-01	8.566034e-01
Hs.101307_at	-0.115530	6.818012e-01	8.566034e-01
Hs.94672_at	-0.115530	6.818012e-01	8.566034e-01
Hs.565094_at	-0.115530	6.818012e-01	8.566034e-01
Hs.258575_at	0.115530	6.818012e-01	8.566034e-01
Hs.525529_at	-0.115530	6.818012e-01	8.566034e-01
Hs.651183_at	0.115530	6.818012e-01	8.566034e-01
Hs.385720_at	0.115530	6.818012e-01	8.566034e-01
Hs.518773_at	0.115530	6.818012e-01	8.566034e-01
Hs.526500_at	0.115530	6.818012e-01	8.566034e-01
Hs.651164_at	0.115530	6.818012e-01	8.566034e-01
Hs.496811_at	-0.115530	6.818012e-01	8.566034e-01
Hs.98173_at	-0.115530	6.818012e-01	8.566034e-01
Hs.632436_at	-0.115530	6.818012e-01	8.566034e-01
Hs.377484_at	-0.115530	6.818012e-01	8.566034e-01
Hs.496843_at	0.115530	6.818012e-01	8.566034e-01
Hs.158357_at	-0.115530	6.818012e-01	8.566034e-01
Hs.361463_at	0.115530	6.818012e-01	8.566034e-01
Hs.191599_at	0.115530	6.818012e-01	8.566034e-01
Hs.530712_at	0.115530	6.818012e-01	8.566034e-01
Hs.99949_at	0.115530	6.818012e-01	8.566034e-01
Hs.467097_at	0.115530	6.818012e-01	8.566034e-01
Hs.599489-_at	-0.115530	6.818012e-01	8.566034e-01
Hs.306327_at	-0.115530	6.818012e-01	8.566034e-01
Hs.437388_at	0.115530	6.818012e-01	8.566034e-01
Hs.645579_at	0.115530	6.818012e-01	8.566034e-01
Hs.467807_at	-0.115530	6.818012e-01	8.566034e-01
Hs.221899+_at	0.115530	6.818012e-01	8.566034e-01
Hs.191179_at	0.115530	6.818012e-01	8.566034e-01
Hs.83347_at	-0.115530	6.818012e-01	8.566034e-01
Hs.595983_at	-0.115530	6.818012e-01	8.566034e-01
Hs.632786_at	0.115530	6.818012e-01	8.566034e-01
Hs.539007-_at	0.115530	6.818012e-01	8.566034e-01
Hs.75189_at	0.115530	6.818012e-01	8.566034e-01
Hs.368808_at	-0.115530	6.818012e-01	8.566034e-01
Hs.513013_at	-0.115530	6.818012e-01	8.566034e-01
Hs.519930_at	-0.115530	6.818012e-01	8.566034e-01
Hs.112970_at	-0.115530	6.818012e-01	8.566034e-01
Hs.648554_at	0.115530	6.818012e-01	8.566034e-01
Hs.612877_at	-0.115530	6.818012e-01	8.566034e-01
Hs.497575_at	-0.115530	6.818012e-01	8.566034e-01
Hs.171397_at	-0.115530	6.818012e-01	8.566034e-01
Hs.278434_at	0.115530	6.818012e-01	8.566034e-01
Hs.497741_at	-0.111920	6.912858e-01	8.609233e-01
Hs.289019_at	0.111920	6.912858e-01	8.609233e-01
Hs.601836_at	0.111920	6.912858e-01	8.609233e-01
Hs.606356_at	0.111920	6.912858e-01	8.609233e-01
Hs.78524_at	-0.111920	6.912858e-01	8.609233e-01
Hs.497034_at	-0.111920	6.912858e-01	8.609233e-01
Hs.645489_at	0.111920	6.912858e-01	8.609233e-01
Hs.189782_at	0.111920	6.912858e-01	8.609233e-01
Hs.410977_at	-0.111920	6.912858e-01	8.609233e-01
Hs.481865_at	-0.111920	6.912858e-01	8.609233e-01
Hs.381309_at	-0.111920	6.912858e-01	8.609233e-01
Hs.436922_at	-0.111920	6.912858e-01	8.609233e-01
Hs.524630_at	-0.111920	6.912858e-01	8.609233e-01
Hs.534196_at	0.111920	6.912858e-01	8.609233e-01
Hs.226755_at	-0.111920	6.912858e-01	8.609233e-01
Hs.476033_at	-0.111920	6.912858e-01	8.609233e-01
Hs.540696_at	0.111920	6.912858e-01	8.609233e-01
Hs.170479_at	0.111920	6.912858e-01	8.609233e-01
Hs.446270_at	0.111920	6.912858e-01	8.609233e-01
Hs.162121_at	0.111920	6.912858e-01	8.609233e-01
Hs.631951_at	0.111920	6.912858e-01	8.609233e-01
Hs.582050_at	-0.111920	6.912858e-01	8.609233e-01
Hs.514065_at	-0.111920	6.912858e-01	8.609233e-01
Hs.502836_at	0.111920	6.912858e-01	8.609233e-01
Hs.380271_at	-0.111920	6.912858e-01	8.609233e-01
Hs.122752_at	-0.111920	6.912858e-01	8.609233e-01
Hs.520073_at	-0.111920	6.912858e-01	8.609233e-01
Hs.121593_at	0.111920	6.912858e-01	8.609233e-01
Hs.593927_at	-0.111920	6.912858e-01	8.609233e-01
Hs.274184_at	0.111920	6.912858e-01	8.609233e-01
Hs.2353_at	0.111920	6.912858e-01	8.609233e-01
Hs.352212_at	0.111920	6.912858e-01	8.609233e-01
Hs.14317_at	-0.111920	6.912858e-01	8.609233e-01
Hs.32942_at	0.111920	6.912858e-01	8.609233e-01
Hs.592575_at	0.111920	6.912858e-01	8.609233e-01
Hs.406234_at	-0.111920	6.912858e-01	8.609233e-01
Hs.242458_at	-0.111920	6.912858e-01	8.609233e-01
Hs.131226_at	-0.111920	6.912858e-01	8.609233e-01
Hs.310958_at	0.111920	6.912858e-01	8.609233e-01
Hs.187338_at	0.111920	6.912858e-01	8.609233e-01
Hs.422688_at	-0.111920	6.912858e-01	8.609233e-01
Hs.533779_at	0.111920	6.912858e-01	8.609233e-01
Hs.26837_at	-0.111920	6.912858e-01	8.609233e-01
Hs.473296_at	0.111920	6.912858e-01	8.609233e-01
Hs.471851_at	0.111920	6.912858e-01	8.609233e-01
Hs.259432_at	0.111920	6.912858e-01	8.609233e-01
Hs.27688_at	-0.111920	6.912858e-01	8.609233e-01
Hs.590784_at	0.111920	6.912858e-01	8.609233e-01
Hs.201978_at	-0.111920	6.912858e-01	8.609233e-01
Hs.466165_at	0.111920	6.912858e-01	8.609233e-01
Hs.133009_at	0.111920	6.912858e-01	8.609233e-01
Hs.512934_at	-0.111920	6.912858e-01	8.609233e-01
Hs.432699_at	-0.111920	6.912858e-01	8.609233e-01
Hs.432984_at	-0.111920	6.912858e-01	8.609233e-01
Hs.610989_at	0.111920	6.912858e-01	8.609233e-01
Hs.9999_at	0.111920	6.912858e-01	8.609233e-01
Hs.42419_at	0.111920	6.912858e-01	8.609233e-01
Hs.334713_at	-0.111920	6.912858e-01	8.609233e-01
Hs.460468_at	0.111920	6.912858e-01	8.609233e-01
Hs.461113_at	0.111920	6.912858e-01	8.609233e-01
Hs.24684_at	-0.111920	6.912858e-01	8.609233e-01
Hs.196981_at	-0.111920	6.912858e-01	8.609233e-01
Hs.593837_at	0.111920	6.912858e-01	8.609233e-01
Hs.600101_at	0.111920	6.912858e-01	8.609233e-01
Hs.516111_at	0.111920	6.912858e-01	8.609233e-01
Hs.467192_at	-0.111920	6.912858e-01	8.609233e-01
Hs.489646_at	0.111920	6.912858e-01	8.609233e-01
Hs.488181_at	0.111920	6.912858e-01	8.609233e-01
Hs.503284_at	0.111920	6.912858e-01	8.609233e-01
Hs.599708_at	0.111920	6.912858e-01	8.609233e-01
Hs.599723_at	0.111920	6.912858e-01	8.609233e-01
Hs.599728_at	-0.111920	6.912858e-01	8.609233e-01
Hs.461787_at	0.111920	6.912858e-01	8.609233e-01
Hs.76716_at	0.111920	6.912858e-01	8.609233e-01
Hs.132227_at	0.111920	6.912858e-01	8.609233e-01
Hs.132441_at	-0.111920	6.912858e-01	8.609233e-01
Hs.645355_at	-0.111920	6.912858e-01	8.609233e-01
Hs.476432_at	-0.111920	6.912858e-01	8.609233e-01
Hs.151287_at	0.111920	6.912858e-01	8.609233e-01
Hs.339024_at	0.111920	6.912858e-01	8.609233e-01
Hs.549789_at	0.111920	6.912858e-01	8.609233e-01
Hs.550811_at	0.111920	6.912858e-01	8.609233e-01
Hs.650204_at	-0.111920	6.912858e-01	8.609233e-01
Hs.326586_at	-0.111920	6.912858e-01	8.609233e-01
Hs.606359_at	0.111920	6.912858e-01	8.609233e-01
Hs.268774_at	0.111920	6.912858e-01	8.609233e-01
Hs.154073_at	-0.111920	6.912858e-01	8.609233e-01
Hs.389037_at	0.111920	6.912858e-01	8.609233e-01
Hs.91566_at	0.111920	6.912858e-01	8.609233e-01
Hs.584775_at	-0.111920	6.912858e-01	8.609233e-01
Hs.252967_at	0.111920	6.912858e-01	8.609233e-01
Hs.456507_at	-0.111920	6.912858e-01	8.609233e-01
Hs.603184_at	0.111920	6.912858e-01	8.609233e-01
Hs.408312_at	-0.111920	6.912858e-01	8.609233e-01
Hs.644611_at	-0.111920	6.912858e-01	8.609233e-01
Hs.390736_at	-0.111920	6.912858e-01	8.609233e-01
Hs.405028_at	0.111920	6.912858e-01	8.609233e-01
Hs.601077+_at	-0.111920	6.912858e-01	8.609233e-01
Hs.601206_at	-0.111920	6.912858e-01	8.609233e-01
Hs.647049_at	-0.111920	6.912858e-01	8.609233e-01
Hs.647026_at	0.111920	6.912858e-01	8.609233e-01
Hs.647072_at	-0.111920	6.912858e-01	8.609233e-01
Hs.485784_at	-0.111920	6.912858e-01	8.609233e-01
Hs.463045_at	-0.111920	6.912858e-01	8.609233e-01
Hs.347524_at	-0.111920	6.912858e-01	8.609233e-01
Hs.271742_at	0.111920	6.912858e-01	8.609233e-01
Hs.462323_at	-0.111920	6.912858e-01	8.609233e-01
Hs.404263_at	-0.111920	6.912858e-01	8.609233e-01
Hs.390443_at	-0.111920	6.912858e-01	8.609233e-01
Hs.518198_at	-0.111920	6.912858e-01	8.609233e-01
Hs.164797_at	0.111920	6.912858e-01	8.609233e-01
Hs.166313_at	0.111920	6.912858e-01	8.609233e-01
Hs.534648_at	-0.111920	6.912858e-01	8.609233e-01
Hs.638917_at	0.111920	6.912858e-01	8.609233e-01
Hs.623961_at	-0.111920	6.912858e-01	8.609233e-01
Hs.78880_at	-0.111920	6.912858e-01	8.609233e-01
Hs.623858_at	-0.111920	6.912858e-01	8.609233e-01
Hs.283734_at	-0.111920	6.912858e-01	8.609233e-01
Hs.31845_at	0.111920	6.912858e-01	8.609233e-01
Hs.606482_at	0.111920	6.912858e-01	8.609233e-01
Hs.652406_at	0.111920	6.912858e-01	8.609233e-01
Hs.232165_at	0.111920	6.912858e-01	8.609233e-01
Hs.63085_at	-0.111920	6.912858e-01	8.609233e-01
Hs.272789_at	0.111920	6.912858e-01	8.609233e-01
Hs.374221_at	0.111920	6.912858e-01	8.609233e-01
Hs.400659_at	-0.111920	6.912858e-01	8.609233e-01
Hs.528996_at	-0.111920	6.912858e-01	8.609233e-01
Hs.529019_at	-0.111920	6.912858e-01	8.609233e-01
Hs.492653_at	-0.111920	6.912858e-01	8.609233e-01
Hs.492490_at	0.111920	6.912858e-01	8.609233e-01
Hs.442657_at	-0.111920	6.912858e-01	8.609233e-01
Hs.279522_at	0.111920	6.912858e-01	8.609233e-01
Hs.306834_at	0.111920	6.912858e-01	8.609233e-01
Hs.614167_at	0.111920	6.912858e-01	8.609233e-01
Hs.403828_at	0.111920	6.912858e-01	8.609233e-01
Hs.371218_at	-0.111920	6.912858e-01	8.609233e-01
Hs.145500_at	-0.111920	6.912858e-01	8.609233e-01
Hs.173162_at	0.111920	6.912858e-01	8.609233e-01
Hs.624301_at	0.111920	6.912858e-01	8.609233e-01
Hs.470646_at	-0.111920	6.912858e-01	8.609233e-01
Hs.567583_at	-0.111920	6.912858e-01	8.609233e-01
Hs.200333_at	0.108310	7.008131e-01	8.652743e-01
Hs.197071_at	-0.108310	7.008131e-01	8.652743e-01
Hs.195292_at	-0.108310	7.008131e-01	8.652743e-01
Hs.644563_at	-0.108310	7.008131e-01	8.652743e-01
Hs.368078_at	-0.108310	7.008131e-01	8.652743e-01
Hs.512607_at	0.108310	7.008131e-01	8.652743e-01
Hs.512580_at	0.108310	7.008131e-01	8.652743e-01
Hs.622514_at	0.108310	7.008131e-01	8.652743e-01
Hs.199777_at	-0.108310	7.008131e-01	8.652743e-01
Hs.522287_at	-0.108310	7.008131e-01	8.652743e-01
Hs.250015_at	0.108310	7.008131e-01	8.652743e-01
Hs.521181_at	0.108310	7.008131e-01	8.652743e-01
Hs.651632_at	-0.108310	7.008131e-01	8.652743e-01
Hs.609438_at	0.108310	7.008131e-01	8.652743e-01
Hs.522484_at	-0.108310	7.008131e-01	8.652743e-01
Hs.106861_at	0.108310	7.008131e-01	8.652743e-01
Hs.54780_at	0.108310	7.008131e-01	8.652743e-01
Hs.32603_at	-0.108310	7.008131e-01	8.652743e-01
Hs.632450_at	0.108310	7.008131e-01	8.652743e-01
Hs.24583_at	-0.108310	7.008131e-01	8.652743e-01
Hs.117869_at	-0.108310	7.008131e-01	8.652743e-01
Hs.44532_at	-0.108310	7.008131e-01	8.652743e-01
Hs.269560_at	0.108310	7.008131e-01	8.652743e-01
Hs.116147_at	0.108310	7.008131e-01	8.652743e-01
Hs.65029_at	-0.108310	7.008131e-01	8.652743e-01
Hs.154986_at	-0.108310	7.008131e-01	8.652743e-01
Hs.632428_at	-0.108310	7.008131e-01	8.652743e-01
Hs.632486_at	0.108310	7.008131e-01	8.652743e-01
Hs.533295_at	0.108310	7.008131e-01	8.652743e-01
Hs.492618_at	-0.108310	7.008131e-01	8.652743e-01
Hs.493164_at	0.108310	7.008131e-01	8.652743e-01
Hs.389733_at	-0.108310	7.008131e-01	8.652743e-01
Hs.597794_at	0.108310	7.008131e-01	8.652743e-01
Hs.502328_at	0.108310	7.008131e-01	8.652743e-01
Hs.344090_at	0.108310	7.008131e-01	8.652743e-01
Hs.420257_at	0.108310	7.008131e-01	8.652743e-01
Hs.652265_at	-0.108310	7.008131e-01	8.652743e-01
Hs.491861_at	0.108310	7.008131e-01	8.652743e-01
Hs.501561_at	-0.108310	7.008131e-01	8.652743e-01
Hs.167535_at	0.108310	7.008131e-01	8.652743e-01
Hs.502378_at	0.108310	7.008131e-01	8.652743e-01
Hs.592110_at	0.108310	7.008131e-01	8.652743e-01
Hs.534341_at	0.108310	7.008131e-01	8.652743e-01
Hs.559406_at	0.108310	7.008131e-01	8.652743e-01
Hs.18946_at	-0.108310	7.008131e-01	8.652743e-01
Hs.191510_at	-0.108310	7.008131e-01	8.652743e-01
Hs.7158_at	0.108310	7.008131e-01	8.652743e-01
Hs.437145_at	0.108310	7.008131e-01	8.652743e-01
Hs.591054_at	0.108310	7.008131e-01	8.652743e-01
Hs.510334_at	0.108310	7.008131e-01	8.652743e-01
Hs.559459_at	-0.108310	7.008131e-01	8.652743e-01
Hs.480116_at	-0.108310	7.008131e-01	8.652743e-01
Hs.505941_at	-0.108310	7.008131e-01	8.652743e-01
Hs.463483_at	-0.108310	7.008131e-01	8.652743e-01
Hs.632772_at	-0.108310	7.008131e-01	8.652743e-01
Hs.633359_at	-0.108310	7.008131e-01	8.652743e-01
Hs.233325_at	-0.108310	7.008131e-01	8.652743e-01
Hs.170563_at	0.108310	7.008131e-01	8.652743e-01
Hs.607854_at	-0.108310	7.008131e-01	8.652743e-01
Hs.652347_at	0.108310	7.008131e-01	8.652743e-01
Hs.314261_at	0.108310	7.008131e-01	8.652743e-01
Hs.5443_at	0.108310	7.008131e-01	8.652743e-01
Hs.490394_at	0.108310	7.008131e-01	8.652743e-01
Hs.649689+_at	0.108310	7.008131e-01	8.652743e-01
Hs.1219_at	0.108310	7.008131e-01	8.652743e-01
Hs.401013_at	-0.108310	7.008131e-01	8.652743e-01
Hs.529862_at	-0.108310	7.008131e-01	8.652743e-01
Hs.530096_at	-0.108310	7.008131e-01	8.652743e-01
Hs.517148_at	-0.108310	7.008131e-01	8.652743e-01
Hs.146679_at	-0.108310	7.008131e-01	8.652743e-01
Hs.23033_at	-0.108310	7.008131e-01	8.652743e-01
Hs.18616_at	-0.108310	7.008131e-01	8.652743e-01
Hs.508887_at	0.108310	7.008131e-01	8.652743e-01
Hs.514284_at	0.108310	7.008131e-01	8.652743e-01
Hs.508234_at	0.108310	7.008131e-01	8.652743e-01
Hs.592045_at	0.108310	7.008131e-01	8.652743e-01
Hs.604957_at	0.108310	7.008131e-01	8.652743e-01
Hs.7768_at	0.108310	7.008131e-01	8.652743e-01
Hs.564117_at	-0.108310	7.008131e-01	8.652743e-01
Hs.602283_at	0.108310	7.008131e-01	8.652743e-01
Hs.602128_at	-0.108310	7.008131e-01	8.652743e-01
Hs.406277_at	-0.108310	7.008131e-01	8.652743e-01
Hs.201854_at	0.108310	7.008131e-01	8.652743e-01
Hs.288304_at	-0.108310	7.008131e-01	8.652743e-01
Hs.443861_at	-0.108310	7.008131e-01	8.652743e-01
Hs.502914_at	0.108310	7.008131e-01	8.652743e-01
Hs.591867_at	0.108310	7.008131e-01	8.652743e-01
Hs.466289_at	0.108310	7.008131e-01	8.652743e-01
Hs.83731_at	-0.108310	7.008131e-01	8.652743e-01
Hs.568831_at	0.108310	7.008131e-01	8.652743e-01
Hs.504613_at	0.108310	7.008131e-01	8.652743e-01
Hs.180402_at	-0.108310	7.008131e-01	8.652743e-01
Hs.466120_at	0.108310	7.008131e-01	8.652743e-01
Hs.413931_at	0.108310	7.008131e-01	8.652743e-01
Hs.413460_at	0.108310	7.008131e-01	8.652743e-01
Hs.516034_at	0.108310	7.008131e-01	8.652743e-01
Hs.506558_at	-0.108310	7.008131e-01	8.652743e-01
Hs.144197_at	0.108310	7.008131e-01	8.652743e-01
Hs.567714_at	-0.108310	7.008131e-01	8.652743e-01
Hs.37023_at	0.108310	7.008131e-01	8.652743e-01
Hs.469561_at	0.108310	7.008131e-01	8.652743e-01
Hs.556063_at	0.108310	7.008131e-01	8.652743e-01
Hs.506759_at	0.108310	7.008131e-01	8.652743e-01
Hs.624413_at	0.108310	7.008131e-01	8.652743e-01
Hs.647227_at	0.108310	7.008131e-01	8.652743e-01
Hs.183656_at	-0.108310	7.008131e-01	8.652743e-01
Hs.369613_at	0.108310	7.008131e-01	8.652743e-01
Hs.36927_at	0.108310	7.008131e-01	8.652743e-01
Hs.129244_at	0.108310	7.008131e-01	8.652743e-01
Hs.623708_at	-0.108310	7.008131e-01	8.652743e-01
Hs.623111_at	0.108310	7.008131e-01	8.652743e-01
Hs.287537_at	-0.108310	7.008131e-01	8.652743e-01
Hs.471492_at	-0.108310	7.008131e-01	8.652743e-01
Hs.591069_at	-0.108310	7.008131e-01	8.652743e-01
Hs.509264_at	0.108310	7.008131e-01	8.652743e-01
Hs.381998_at	0.108310	7.008131e-01	8.652743e-01
Hs.99785_at	-0.108310	7.008131e-01	8.652743e-01
Hs.103502_at	-0.108310	7.008131e-01	8.652743e-01
Hs.9850_at	0.108310	7.008131e-01	8.652743e-01
Hs.379636_at	-0.108310	7.008131e-01	8.652743e-01
Hs.9688_at	-0.108310	7.008131e-01	8.652743e-01
Hs.631954_at	0.108310	7.008131e-01	8.652743e-01
Hs.460078_at	-0.108310	7.008131e-01	8.652743e-01
Hs.521915_at	-0.108310	7.008131e-01	8.652743e-01
Hs.608669_at	-0.108310	7.008131e-01	8.652743e-01
Hs.584842_at	-0.108310	7.008131e-01	8.652743e-01
Hs.460777_at	0.108310	7.008131e-01	8.652743e-01
Hs.567265_at	0.108310	7.008131e-01	8.652743e-01
Hs.499094_at	0.108310	7.008131e-01	8.652743e-01
Hs.595992_at	0.108310	7.008131e-01	8.652743e-01
Hs.651258_at	-0.108310	7.008131e-01	8.652743e-01
Hs.158029_at	0.108310	7.008131e-01	8.652743e-01
Hs.162585_at	0.108310	7.008131e-01	8.652743e-01
Hs.632607_at	0.108310	7.008131e-01	8.652743e-01
Hs.632616_at	-0.108310	7.008131e-01	8.652743e-01
Hs.376218_at	0.108310	7.008131e-01	8.652743e-01
Hs.19673_at	0.108310	7.008131e-01	8.652743e-01
Hs.590985_at	-0.108310	7.008131e-01	8.652743e-01
Hs.13351_at	0.108310	7.008131e-01	8.652743e-01
Hs.595670_at	-0.108310	7.008131e-01	8.652743e-01
Hs.289065_at	-0.104699	7.103820e-01	8.698670e-01
Hs.91586_at	0.104699	7.103820e-01	8.698670e-01
Hs.85890_at	0.104699	7.103820e-01	8.698670e-01
Hs.46446_at	0.104699	7.103820e-01	8.698670e-01
Hs.487412_at	-0.104699	7.103820e-01	8.698670e-01
Hs.555244_at	-0.104699	7.103820e-01	8.698670e-01
Hs.604334_at	0.104699	7.103820e-01	8.698670e-01
Hs.604239_at	-0.104699	7.103820e-01	8.698670e-01
Hs.360174_at	0.104699	7.103820e-01	8.698670e-01
Hs.289271_at	0.104699	7.103820e-01	8.698670e-01
Hs.516087_at	-0.104699	7.103820e-01	8.698670e-01
Hs.130443_at	0.104699	7.103820e-01	8.698670e-01
Hs.642874_at	0.104699	7.103820e-01	8.698670e-01
Hs.472330_at	0.104699	7.103820e-01	8.698670e-01
Hs.399823_at	0.104699	7.103820e-01	8.698670e-01
Hs.187284_at	0.104699	7.103820e-01	8.698670e-01
Hs.483924_at	0.104699	7.103820e-01	8.698670e-01
Hs.482301_at	-0.104699	7.103820e-01	8.698670e-01
Hs.483419_at	0.104699	7.103820e-01	8.698670e-01
Hs.347535_at	0.104699	7.103820e-01	8.698670e-01
Hs.517553_at	0.104699	7.103820e-01	8.698670e-01
Hs.126035_at	-0.104699	7.103820e-01	8.698670e-01
Hs.34180_at	-0.104699	7.103820e-01	8.698670e-01
Hs.173939_at	-0.104699	7.103820e-01	8.698670e-01
Hs.34341_at	-0.104699	7.103820e-01	8.698670e-01
Hs.586715-_at	0.104699	7.103820e-01	8.698670e-01
Hs.652876+_at	0.104699	7.103820e-01	8.698670e-01
Hs.322901_at	-0.104699	7.103820e-01	8.698670e-01
Hs.652108_at	0.104699	7.103820e-01	8.698670e-01
Hs.414809_at	0.104699	7.103820e-01	8.698670e-01
Hs.109_at	0.104699	7.103820e-01	8.698670e-01
Hs.144502_at	0.104699	7.103820e-01	8.698670e-01
Hs.66049_at	-0.104699	7.103820e-01	8.698670e-01
Hs.534931_at	0.104699	7.103820e-01	8.698670e-01
Hs.569497_at	0.104699	7.103820e-01	8.698670e-01
Hs.647726_at	-0.104699	7.103820e-01	8.698670e-01
Hs.634897_at	0.104699	7.103820e-01	8.698670e-01
Hs.649656_at	-0.104699	7.103820e-01	8.698670e-01
Hs.276905_at	0.104699	7.103820e-01	8.698670e-01
Hs.134434_at	0.104699	7.103820e-01	8.698670e-01
Hs.314413_at	0.104699	7.103820e-01	8.698670e-01
Hs.652310_at	-0.104699	7.103820e-01	8.698670e-01
Hs.490795_at	-0.104699	7.103820e-01	8.698670e-01
Hs.648268_at	-0.104699	7.103820e-01	8.698670e-01
Hs.170999_at	-0.104699	7.103820e-01	8.698670e-01
Hs.619984_at	-0.104699	7.103820e-01	8.698670e-01
Hs.502772_at	-0.104699	7.103820e-01	8.698670e-01
Hs.73800_at	0.104699	7.103820e-01	8.698670e-01
Hs.571177_at	-0.104699	7.103820e-01	8.698670e-01
Hs.613388_at	0.104699	7.103820e-01	8.698670e-01
Hs.120094_at	0.104699	7.103820e-01	8.698670e-01
Hs.73454_at	0.104699	7.103820e-01	8.698670e-01
Hs.633301_at	0.104699	7.103820e-01	8.698670e-01
Hs.401388_at	0.104699	7.103820e-01	8.698670e-01
Hs.272401_at	0.104699	7.103820e-01	8.698670e-01
Hs.293274_at	-0.104699	7.103820e-01	8.698670e-01
Hs.592168_at	0.104699	7.103820e-01	8.698670e-01
Hs.560019_at	-0.104699	7.103820e-01	8.698670e-01
Hs.465102_at	0.104699	7.103820e-01	8.698670e-01
Hs.501203_at	0.104699	7.103820e-01	8.698670e-01
Hs.416707_at	0.104699	7.103820e-01	8.698670e-01
Hs.536958_at	0.104699	7.103820e-01	8.698670e-01
Hs.652585_at	-0.104699	7.103820e-01	8.698670e-01
Hs.54473_at	0.104699	7.103820e-01	8.698670e-01
Hs.606337_at	0.104699	7.103820e-01	8.698670e-01
Hs.274256_at	-0.104699	7.103820e-01	8.698670e-01
Hs.534313_at	0.104699	7.103820e-01	8.698670e-01
Hs.23111_at	-0.104699	7.103820e-01	8.698670e-01
Hs.415209_at	0.104699	7.103820e-01	8.698670e-01
Hs.147375_at	-0.104699	7.103820e-01	8.698670e-01
Hs.516998_at	0.104699	7.103820e-01	8.698670e-01
Hs.509513_at	0.104699	7.103820e-01	8.698670e-01
Hs.529322_at	0.104699	7.103820e-01	8.698670e-01
Hs.559000+_at	0.104699	7.103820e-01	8.698670e-01
Hs.235095_at	0.104699	7.103820e-01	8.698670e-01
Hs.593928_at	-0.104699	7.103820e-01	8.698670e-01
Hs.598904_at	0.104699	7.103820e-01	8.698670e-01
Hs.24979_at	-0.104699	7.103820e-01	8.698670e-01
Hs.640026-_at	-0.104699	7.103820e-01	8.698670e-01
Hs.106124_at	0.104699	7.103820e-01	8.698670e-01
Hs.584801_at	-0.104699	7.103820e-01	8.698670e-01
Hs.636439_at	0.104699	7.103820e-01	8.698670e-01
Hs.609761_at	0.104699	7.103820e-01	8.698670e-01
Hs.202672_at	-0.104699	7.103820e-01	8.698670e-01
Hs.427927_at	0.104699	7.103820e-01	8.698670e-01
Hs.355952_at	0.104699	7.103820e-01	8.698670e-01
Hs.7195_at	0.104699	7.103820e-01	8.698670e-01
Hs.29764_at	0.104699	7.103820e-01	8.698670e-01
Hs.439645_at	-0.104699	7.103820e-01	8.698670e-01
Hs.406708_at	0.104699	7.103820e-01	8.698670e-01
Hs.332422_at	-0.104699	7.103820e-01	8.698670e-01
Hs.387255_at	-0.104699	7.103820e-01	8.698670e-01
Hs.621831_at	-0.104699	7.103820e-01	8.698670e-01
Hs.587103_at	0.104699	7.103820e-01	8.698670e-01
Hs.446445_at	0.104699	7.103820e-01	8.698670e-01
Hs.255809_at	-0.104699	7.103820e-01	8.698670e-01
Hs.388255_at	0.104699	7.103820e-01	8.698670e-01
Hs.379613_at	-0.104699	7.103820e-01	8.698670e-01
Hs.532968_at	-0.104699	7.103820e-01	8.698670e-01
Hs.458596_at	0.104699	7.103820e-01	8.698670e-01
Hs.111732_at	0.104699	7.103820e-01	8.698670e-01
Hs.112981_at	-0.104699	7.103820e-01	8.698670e-01
Hs.130849_at	0.104699	7.103820e-01	8.698670e-01
Hs.259619_at	0.104699	7.103820e-01	8.698670e-01
Hs.645360_at	-0.104699	7.103820e-01	8.698670e-01
Hs.24719_at	0.104699	7.103820e-01	8.698670e-01
Hs.425123_at	-0.104699	7.103820e-01	8.698670e-01
Hs.631715_at	0.104699	7.103820e-01	8.698670e-01
Hs.546239_at	-0.104699	7.103820e-01	8.698670e-01
Hs.279714_at	0.104699	7.103820e-01	8.698670e-01
Hs.485104_at	-0.104699	7.103820e-01	8.698670e-01
Hs.469694_at	0.104699	7.103820e-01	8.698670e-01
Hs.221497_at	-0.104699	7.103820e-01	8.698670e-01
Hs.621254+_at	-0.104699	7.103820e-01	8.698670e-01
Hs.99348_at	0.104699	7.103820e-01	8.698670e-01
Hs.550061_at	-0.104699	7.103820e-01	8.698670e-01
Hs.631906_at	-0.104699	7.103820e-01	8.698670e-01
Hs.484782_at	-0.104699	7.103820e-01	8.698670e-01
Hs.651137_at	0.104699	7.103820e-01	8.698670e-01
Hs.302019_at	0.104699	7.103820e-01	8.698670e-01
Hs.279652_at	0.104699	7.103820e-01	8.698670e-01
Hs.436306_at	-0.104699	7.103820e-01	8.698670e-01
Hs.388927_at	0.104699	7.103820e-01	8.698670e-01
Hs.279746_at	-0.104699	7.103820e-01	8.698670e-01
Hs.80132_at	0.104699	7.103820e-01	8.698670e-01
Hs.515872_at	-0.104699	7.103820e-01	8.698670e-01
Hs.632528_at	0.104699	7.103820e-01	8.698670e-01
Hs.588289_at	-0.104699	7.103820e-01	8.698670e-01
Hs.126825_at	-0.104699	7.103820e-01	8.698670e-01
Hs.4997_at	-0.104699	7.103820e-01	8.698670e-01
Hs.593557_at	0.104699	7.103820e-01	8.698670e-01
Hs.420796_at	0.104699	7.103820e-01	8.698670e-01
Hs.600384_at	0.104699	7.103820e-01	8.698670e-01
Hs.643605_at	-0.104699	7.103820e-01	8.698670e-01
Hs.89714_at	-0.104699	7.103820e-01	8.698670e-01
Hs.137282_at	0.101089	7.199912e-01	8.757051e-01
Hs.297967_at	0.101089	7.199912e-01	8.757051e-01
Hs.250083_at	0.101089	7.199912e-01	8.757051e-01
Hs.25674_at	0.101089	7.199912e-01	8.757051e-01
Hs.436725_at	0.101089	7.199912e-01	8.757051e-01
Hs.160411_at	0.101089	7.199912e-01	8.757051e-01
Hs.447659_at	-0.101089	7.199912e-01	8.757051e-01
Hs.136778_at	-0.101089	7.199912e-01	8.757051e-01
Hs.455955_at	0.101089	7.199912e-01	8.757051e-01
Hs.561245_at	0.101089	7.199912e-01	8.757051e-01
Hs.75275_at	-0.101089	7.199912e-01	8.757051e-01
Hs.73527_at	0.101089	7.199912e-01	8.757051e-01
Hs.241529_at	0.101089	7.199912e-01	8.757051e-01
Hs.591845_at	0.101089	7.199912e-01	8.757051e-01
Hs.435022_at	-0.101089	7.199912e-01	8.757051e-01
Hs.339290_at	0.101089	7.199912e-01	8.757051e-01
Hs.118474_at	-0.101089	7.199912e-01	8.757051e-01
Hs.461647_at	0.101089	7.199912e-01	8.757051e-01
Hs.649881_at	0.101089	7.199912e-01	8.757051e-01
Hs.114172_at	0.101089	7.199912e-01	8.757051e-01
Hs.631539_at	-0.101089	7.199912e-01	8.757051e-01
Hs.157688_at	0.101089	7.199912e-01	8.757051e-01
Hs.650645_at	0.101089	7.199912e-01	8.757051e-01
Hs.90250_at	0.101089	7.199912e-01	8.757051e-01
Hs.23616_at	-0.101089	7.199912e-01	8.757051e-01
Hs.19192_at	-0.101089	7.199912e-01	8.757051e-01
Hs.325081_at	-0.101089	7.199912e-01	8.757051e-01
Hs.158665_at	0.101089	7.199912e-01	8.757051e-01
Hs.162032_at	-0.101089	7.199912e-01	8.757051e-01
Hs.491856_at	0.101089	7.199912e-01	8.757051e-01
Hs.552580_at	0.101089	7.199912e-01	8.757051e-01
Hs.609336_at	-0.101089	7.199912e-01	8.757051e-01
Hs.134289_at	-0.101089	7.199912e-01	8.757051e-01
Hs.104672_at	-0.101089	7.199912e-01	8.757051e-01
Hs.632228_at	0.101089	7.199912e-01	8.757051e-01
Hs.592081_at	0.101089	7.199912e-01	8.757051e-01
Hs.25934_at	0.101089	7.199912e-01	8.757051e-01
Hs.282998_at	0.101089	7.199912e-01	8.757051e-01
Hs.105606_at	-0.101089	7.199912e-01	8.757051e-01
Hs.9661_at	0.101089	7.199912e-01	8.757051e-01
Hs.646803_at	0.101089	7.199912e-01	8.757051e-01
Hs.604606_at	-0.101089	7.199912e-01	8.757051e-01
Hs.642697_at	0.101089	7.199912e-01	8.757051e-01
Hs.210343_at	0.101089	7.199912e-01	8.757051e-01
Hs.567888_at	0.101089	7.199912e-01	8.757051e-01
Hs.128279_at	0.101089	7.199912e-01	8.757051e-01
Hs.405925_at	-0.101089	7.199912e-01	8.757051e-01
Hs.382004_at	-0.101089	7.199912e-01	8.757051e-01
Hs.213088_at	0.101089	7.199912e-01	8.757051e-01
Hs.647389_at	0.101089	7.199912e-01	8.757051e-01
Hs.18192_at	0.101089	7.199912e-01	8.757051e-01
Hs.557541_at	-0.101089	7.199912e-01	8.757051e-01
Hs.505824_at	-0.101089	7.199912e-01	8.757051e-01
Hs.568369_at	0.101089	7.199912e-01	8.757051e-01
Hs.67846_at	0.101089	7.199912e-01	8.757051e-01
Hs.21374_at	-0.101089	7.199912e-01	8.757051e-01
Hs.131489_at	0.101089	7.199912e-01	8.757051e-01
Hs.512597_at	0.101089	7.199912e-01	8.757051e-01
Hs.133851_at	0.101089	7.199912e-01	8.757051e-01
Hs.75056_at	-0.101089	7.199912e-01	8.757051e-01
Hs.477887_at	0.101089	7.199912e-01	8.757051e-01
Hs.101937_at	0.101089	7.199912e-01	8.757051e-01
Hs.367992_at	-0.101089	7.199912e-01	8.757051e-01
Hs.590868_at	-0.101089	7.199912e-01	8.757051e-01
Hs.77135_at	-0.101089	7.199912e-01	8.757051e-01
Hs.593734_at	0.101089	7.199912e-01	8.757051e-01
Hs.567255_at	-0.101089	7.199912e-01	8.757051e-01
Hs.25292_at	0.101089	7.199912e-01	8.757051e-01
Hs.526933_at	0.101089	7.199912e-01	8.757051e-01
Hs.520149_at	0.101089	7.199912e-01	8.757051e-01
Hs.111286_at	-0.101089	7.199912e-01	8.757051e-01
Hs.422967_at	-0.101089	7.199912e-01	8.757051e-01
Hs.98947_at	0.101089	7.199912e-01	8.757051e-01
Hs.584852_at	0.101089	7.199912e-01	8.757051e-01
Hs.417029_at	-0.101089	7.199912e-01	8.757051e-01
Hs.488591_at	-0.101089	7.199912e-01	8.757051e-01
Hs.631276_at	0.101089	7.199912e-01	8.757051e-01
Hs.349758_at	0.101089	7.199912e-01	8.757051e-01
Hs.628892_at	0.101089	7.199912e-01	8.757051e-01
Hs.634586_at	0.101089	7.199912e-01	8.757051e-01
Hs.599259_at	0.101089	7.199912e-01	8.757051e-01
Hs.529369_at	-0.101089	7.199912e-01	8.757051e-01
Hs.400613_at	0.101089	7.199912e-01	8.757051e-01
Hs.648893_at	0.101089	7.199912e-01	8.757051e-01
Hs.489309_at	0.101089	7.199912e-01	8.757051e-01
Hs.313905_at	-0.101089	7.199912e-01	8.757051e-01
Hs.444947_at	0.101089	7.199912e-01	8.757051e-01
Hs.272225_at	0.101089	7.199912e-01	8.757051e-01
Hs.612866_at	-0.101089	7.199912e-01	8.757051e-01
Hs.1227_at	0.101089	7.199912e-01	8.757051e-01
Hs.570065_at	0.101089	7.199912e-01	8.757051e-01
Hs.23172_at	0.101089	7.199912e-01	8.757051e-01
Hs.598463_at	-0.101089	7.199912e-01	8.757051e-01
Hs.37204_at	-0.101089	7.199912e-01	8.757051e-01
Hs.404102_at	0.101089	7.199912e-01	8.757051e-01
Hs.435610_at	-0.101089	7.199912e-01	8.757051e-01
Hs.647718_at	0.101089	7.199912e-01	8.757051e-01
Hs.591261_at	-0.101089	7.199912e-01	8.757051e-01
Hs.413678_at	-0.101089	7.199912e-01	8.757051e-01
Hs.626115_at	-0.101089	7.199912e-01	8.757051e-01
Hs.276878_at	-0.101089	7.199912e-01	8.757051e-01
Hs.535639_at	0.101089	7.199912e-01	8.757051e-01
Hs.193370_at	0.101089	7.199912e-01	8.757051e-01
Hs.553684_at	0.101089	7.199912e-01	8.757051e-01
Hs.513635_at	0.101089	7.199912e-01	8.757051e-01
Hs.604069_at	0.101089	7.199912e-01	8.757051e-01
Hs.208597_at	0.101089	7.199912e-01	8.757051e-01
Hs.508545_at	-0.101089	7.199912e-01	8.757051e-01
Hs.646282_at	-0.101089	7.199912e-01	8.757051e-01
Hs.406293_at	-0.101089	7.199912e-01	8.757051e-01
Hs.310333_at	0.101089	7.199912e-01	8.757051e-01
Hs.597516_at	0.097479	7.296395e-01	8.803998e-01
Hs.479656_at	0.097479	7.296395e-01	8.803998e-01
Hs.192854_at	0.097479	7.296395e-01	8.803998e-01
Hs.135458_at	-0.097479	7.296395e-01	8.803998e-01
Hs.631925_at	0.097479	7.296395e-01	8.803998e-01
Hs.525202_at	-0.097479	7.296395e-01	8.803998e-01
Hs.105103_at	0.097479	7.296395e-01	8.803998e-01
Hs.522701_at	-0.097479	7.296395e-01	8.803998e-01
Hs.382062_at	-0.097479	7.296395e-01	8.803998e-01
Hs.266728_at	-0.097479	7.296395e-01	8.803998e-01
Hs.596528_at	-0.097479	7.296395e-01	8.803998e-01
Hs.510324_at	-0.097479	7.296395e-01	8.803998e-01
Hs.136247_at	-0.097479	7.296395e-01	8.803998e-01
Hs.193133_at	-0.097479	7.296395e-01	8.803998e-01
Hs.461420_at	-0.097479	7.296395e-01	8.803998e-01
Hs.527653_at	-0.097479	7.296395e-01	8.803998e-01
Hs.27184_at	0.097479	7.296395e-01	8.803998e-01
Hs.365142_at	0.097479	7.296395e-01	8.803998e-01
Hs.134470_at	0.097479	7.296395e-01	8.803998e-01
Hs.592338_at	0.097479	7.296395e-01	8.803998e-01
Hs.514222_at	-0.097479	7.296395e-01	8.803998e-01
Hs.472564_at	-0.097479	7.296395e-01	8.803998e-01
Hs.606124_at	0.097479	7.296395e-01	8.803998e-01
Hs.304604_at	0.097479	7.296395e-01	8.803998e-01
Hs.306691_at	0.097479	7.296395e-01	8.803998e-01
Hs.303055_at	-0.097479	7.296395e-01	8.803998e-01
Hs.131654_at	0.097479	7.296395e-01	8.803998e-01
Hs.130612_at	0.097479	7.296395e-01	8.803998e-01
Hs.441488_at	0.097479	7.296395e-01	8.803998e-01
Hs.289052_at	0.097479	7.296395e-01	8.803998e-01
Hs.523375_at	0.097479	7.296395e-01	8.803998e-01
Hs.104624_at	-0.097479	7.296395e-01	8.803998e-01
Hs.104806_at	0.097479	7.296395e-01	8.803998e-01
Hs.591607_at	0.097479	7.296395e-01	8.803998e-01
Hs.609878_at	0.097479	7.296395e-01	8.803998e-01
Hs.609917_at	-0.097479	7.296395e-01	8.803998e-01
Hs.591667_at	-0.097479	7.296395e-01	8.803998e-01
Hs.431417_at	0.097479	7.296395e-01	8.803998e-01
Hs.483944_at	-0.097479	7.296395e-01	8.803998e-01
Hs.231367_at	-0.097479	7.296395e-01	8.803998e-01
Hs.232543_at	0.097479	7.296395e-01	8.803998e-01
Hs.120963_at	0.097479	7.296395e-01	8.803998e-01
Hs.123583_at	-0.097479	7.296395e-01	8.803998e-01
Hs.12381_at	0.097479	7.296395e-01	8.803998e-01
Hs.570079_at	0.097479	7.296395e-01	8.803998e-01
Hs.444751_at	-0.097479	7.296395e-01	8.803998e-01
Hs.274470_at	0.097479	7.296395e-01	8.803998e-01
Hs.226499_at	0.097479	7.296395e-01	8.803998e-01
Hs.12229_at	0.097479	7.296395e-01	8.803998e-01
Hs.153934_at	-0.097479	7.296395e-01	8.803998e-01
Hs.144468_at	0.097479	7.296395e-01	8.803998e-01
Hs.506215_at	-0.097479	7.296395e-01	8.803998e-01
Hs.412939_at	0.097479	7.296395e-01	8.803998e-01
Hs.80658_at	-0.097479	7.296395e-01	8.803998e-01
Hs.586943_at	-0.097479	7.296395e-01	8.803998e-01
Hs.443379_at	0.097479	7.296395e-01	8.803998e-01
Hs.208229_at	0.097479	7.296395e-01	8.803998e-01
Hs.639427+_at	0.097479	7.296395e-01	8.803998e-01
Hs.129268_at	-0.097479	7.296395e-01	8.803998e-01
Hs.37014_at	0.097479	7.296395e-01	8.803998e-01
Hs.147826_at	0.097479	7.296395e-01	8.803998e-01
Hs.55410_at	-0.097479	7.296395e-01	8.803998e-01
Hs.174508_at	0.097479	7.296395e-01	8.803998e-01
Hs.306973_at	0.097479	7.296395e-01	8.803998e-01
Hs.173202_at	0.097479	7.296395e-01	8.803998e-01
Hs.532803_at	0.097479	7.296395e-01	8.803998e-01
Hs.279529_at	0.097479	7.296395e-01	8.803998e-01
Hs.279709_at	-0.097479	7.296395e-01	8.803998e-01
Hs.444059_at	0.097479	7.296395e-01	8.803998e-01
Hs.444208_at	-0.097479	7.296395e-01	8.803998e-01
Hs.126869_at	-0.097479	7.296395e-01	8.803998e-01
Hs.125829_at	-0.097479	7.296395e-01	8.803998e-01
Hs.147643_at	0.097479	7.296395e-01	8.803998e-01
Hs.553298_at	0.097479	7.296395e-01	8.803998e-01
Hs.490224_at	-0.097479	7.296395e-01	8.803998e-01
Hs.435302_at	0.097479	7.296395e-01	8.803998e-01
Hs.652400_at	0.097479	7.296395e-01	8.803998e-01
Hs.643184_at	-0.097479	7.296395e-01	8.803998e-01
Hs.533712_at	0.097479	7.296395e-01	8.803998e-01
Hs.13285_at	0.097479	7.296395e-01	8.803998e-01
Hs.132696+_at	0.097479	7.296395e-01	8.803998e-01
Hs.643560_at	0.097479	7.296395e-01	8.803998e-01
Hs.643599_at	0.097479	7.296395e-01	8.803998e-01
Hs.622520_at	-0.097479	7.296395e-01	8.803998e-01
Hs.643961_at	-0.097479	7.296395e-01	8.803998e-01
Hs.649207_at	-0.097479	7.296395e-01	8.803998e-01
Hs.591382_at	-0.097479	7.296395e-01	8.803998e-01
Hs.315369_at	0.097479	7.296395e-01	8.803998e-01
Hs.501794_at	0.097479	7.296395e-01	8.803998e-01
Hs.501833_at	0.097479	7.296395e-01	8.803998e-01
Hs.126057_at	0.097479	7.296395e-01	8.803998e-01
Hs.371380_at	0.097479	7.296395e-01	8.803998e-01
Hs.277533_at	-0.097479	7.296395e-01	8.803998e-01
Hs.374180_at	0.097479	7.296395e-01	8.803998e-01
Hs.34526_at	0.097479	7.296395e-01	8.803998e-01
Hs.612942_at	0.097479	7.296395e-01	8.803998e-01
Hs.591415_at	0.097479	7.296395e-01	8.803998e-01
Hs.170378_at	0.097479	7.296395e-01	8.803998e-01
Hs.348262_at	-0.097479	7.296395e-01	8.803998e-01
Hs.632324_at	0.097479	7.296395e-01	8.803998e-01
Hs.610653_at	0.097479	7.296395e-01	8.803998e-01
Hs.591579_at	0.097479	7.296395e-01	8.803998e-01
Hs.433300_at	0.097479	7.296395e-01	8.803998e-01
Hs.651022_at	-0.097479	7.296395e-01	8.803998e-01
Hs.4253_at	0.097479	7.296395e-01	8.803998e-01
Hs.269722_at	0.097479	7.296395e-01	8.803998e-01
Hs.69049_at	0.097479	7.296395e-01	8.803998e-01
Hs.509017_at	0.097479	7.296395e-01	8.803998e-01
Hs.71040_at	-0.097479	7.296395e-01	8.803998e-01
Hs.508623_at	0.097479	7.296395e-01	8.803998e-01
Hs.411695_at	-0.097479	7.296395e-01	8.803998e-01
Hs.481526_at	-0.097479	7.296395e-01	8.803998e-01
Hs.620001_at	-0.097479	7.296395e-01	8.803998e-01
Hs.591121_at	-0.097479	7.296395e-01	8.803998e-01
Hs.525796_at	-0.097479	7.296395e-01	8.803998e-01
Hs.522109_at	0.097479	7.296395e-01	8.803998e-01
Hs.249828_at	0.097479	7.296395e-01	8.803998e-01
Hs.26226_at	0.097479	7.296395e-01	8.803998e-01
Hs.459162_at	0.097479	7.296395e-01	8.803998e-01
Hs.597310_at	-0.097479	7.296395e-01	8.803998e-01
Hs.11590_at	-0.097479	7.296395e-01	8.803998e-01
Hs.652144_at	0.097479	7.296395e-01	8.803998e-01
Hs.649789_at	-0.097479	7.296395e-01	8.803998e-01
Hs.493739_at	-0.097479	7.296395e-01	8.803998e-01
Hs.155586_at	0.097479	7.296395e-01	8.803998e-01
Hs.594436_at	-0.097479	7.296395e-01	8.803998e-01
Hs.593942_at	0.097479	7.296395e-01	8.803998e-01
Hs.372331_at	0.097479	7.296395e-01	8.803998e-01
Hs.4993_at	-0.097479	7.296395e-01	8.803998e-01
Hs.255932_at	-0.097479	7.296395e-01	8.803998e-01
Hs.631914_at	0.097479	7.296395e-01	8.803998e-01
Hs.387856_at	-0.097479	7.296395e-01	8.803998e-01
Hs.449207_at	-0.093868	7.393255e-01	8.851186e-01
Hs.631907_at	0.093868	7.393255e-01	8.851186e-01
Hs.458747_at	-0.093868	7.393255e-01	8.851186e-01
Hs.520339_at	0.093868	7.393255e-01	8.851186e-01
Hs.525485_at	0.093868	7.393255e-01	8.851186e-01
Hs.98945_at	-0.093868	7.393255e-01	8.851186e-01
Hs.581035_at	-0.093868	7.393255e-01	8.851186e-01
Hs.525006_at	-0.093868	7.393255e-01	8.851186e-01
Hs.258855_at	-0.093868	7.393255e-01	8.851186e-01
Hs.389277_at	0.093868	7.393255e-01	8.851186e-01
Hs.620532_at	0.093868	7.393255e-01	8.851186e-01
Hs.446350_at	0.093868	7.393255e-01	8.851186e-01
Hs.458358_at	0.093868	7.393255e-01	8.851186e-01
Hs.632161_at	-0.093868	7.393255e-01	8.851186e-01
Hs.592095_at	0.093868	7.393255e-01	8.851186e-01
Hs.645517_at	0.093868	7.393255e-01	8.851186e-01
Hs.295449_at	-0.093868	7.393255e-01	8.851186e-01
Hs.18889_at	-0.093868	7.393255e-01	8.851186e-01
Hs.534539_at	0.093868	7.393255e-01	8.851186e-01
Hs.141125_at	0.093868	7.393255e-01	8.851186e-01
Hs.137154_at	0.093868	7.393255e-01	8.851186e-01
Hs.5476_at	0.093868	7.393255e-01	8.851186e-01
Hs.591518_at	-0.093868	7.393255e-01	8.851186e-01
Hs.91546_at	0.093868	7.393255e-01	8.851186e-01
Hs.594828_at	0.093868	7.393255e-01	8.851186e-01
Hs.117339_at	0.093868	7.393255e-01	8.851186e-01
Hs.245477_at	0.093868	7.393255e-01	8.851186e-01
Hs.109437_at	0.093868	7.393255e-01	8.851186e-01
Hs.632314_at	-0.093868	7.393255e-01	8.851186e-01
Hs.379414_at	-0.093868	7.393255e-01	8.851186e-01
Hs.494419_at	0.093868	7.393255e-01	8.851186e-01
Hs.543332_at	-0.093868	7.393255e-01	8.851186e-01
Hs.37026_at	0.093868	7.393255e-01	8.851186e-01
Hs.626676_at	-0.093868	7.393255e-01	8.851186e-01
Hs.278436_at	-0.093868	7.393255e-01	8.851186e-01
Hs.277704_at	0.093868	7.393255e-01	8.851186e-01
Hs.467701_at	0.093868	7.393255e-01	8.851186e-01
Hs.46730_at	0.093868	7.393255e-01	8.851186e-01
Hs.567973_at	0.093868	7.393255e-01	8.851186e-01
Hs.467338_at	-0.093868	7.393255e-01	8.851186e-01
Hs.591803_at	0.093868	7.393255e-01	8.851186e-01
Hs.151413_at	0.093868	7.393255e-01	8.851186e-01
Hs.652226_at	-0.093868	7.393255e-01	8.851186e-01
Hs.371045_at	0.093868	7.393255e-01	8.851186e-01
Hs.403937_at	-0.093868	7.393255e-01	8.851186e-01
Hs.500874_at	-0.093868	7.393255e-01	8.851186e-01
Hs.649528_at	-0.093868	7.393255e-01	8.851186e-01
Hs.324104_at	0.093868	7.393255e-01	8.851186e-01
Hs.50130_at	-0.093868	7.393255e-01	8.851186e-01
Hs.603945_at	0.093868	7.393255e-01	8.851186e-01
Hs.643702_at	0.093868	7.393255e-01	8.851186e-01
Hs.532044_at	0.093868	7.393255e-01	8.851186e-01
Hs.282975_at	0.093868	7.393255e-01	8.851186e-01
Hs.476179_at	-0.093868	7.393255e-01	8.851186e-01
Hs.643267_at	0.093868	7.393255e-01	8.851186e-01
Hs.511816_at	-0.093868	7.393255e-01	8.851186e-01
Hs.487564_at	0.093868	7.393255e-01	8.851186e-01
Hs.648257_at	0.093868	7.393255e-01	8.851186e-01
Hs.146978_at	0.093868	7.393255e-01	8.851186e-01
Hs.515215_at	0.093868	7.393255e-01	8.851186e-01
Hs.530823_at	-0.093868	7.393255e-01	8.851186e-01
Hs.127011_at	0.093868	7.393255e-01	8.851186e-01
Hs.647500_at	0.093868	7.393255e-01	8.851186e-01
Hs.591291_at	-0.093868	7.393255e-01	8.851186e-01
Hs.591255_at	-0.093868	7.393255e-01	8.851186e-01
Hs.12_at	-0.093868	7.393255e-01	8.851186e-01
Hs.129193_at	0.093868	7.393255e-01	8.851186e-01
Hs.128757_at	0.093868	7.393255e-01	8.851186e-01
Hs.593413_at	-0.093868	7.393255e-01	8.851186e-01
Hs.211520_at	-0.093868	7.393255e-01	8.851186e-01
Hs.211602_at	-0.093868	7.393255e-01	8.851186e-01
Hs.587123_at	0.093868	7.393255e-01	8.851186e-01
Hs.638895_at	0.093868	7.393255e-01	8.851186e-01
Hs.302435_at	-0.093868	7.393255e-01	8.851186e-01
Hs.484703_at	0.093868	7.393255e-01	8.851186e-01
Hs.436298_at	-0.093868	7.393255e-01	8.851186e-01
Hs.555966_at	0.093868	7.393255e-01	8.851186e-01
Hs.143939_at	0.093868	7.393255e-01	8.851186e-01
Hs.444520_at	0.093868	7.393255e-01	8.851186e-01
Hs.37288_at	0.093868	7.393255e-01	8.851186e-01
Hs.1547_at	-0.093868	7.393255e-01	8.851186e-01
Hs.373959_at	0.093868	7.393255e-01	8.851186e-01
Hs.373498_at	0.093868	7.393255e-01	8.851186e-01
Hs.634756_at	0.093868	7.393255e-01	8.851186e-01
Hs.231029_at	0.093868	7.393255e-01	8.851186e-01
Hs.142908_at	0.093868	7.393255e-01	8.851186e-01
Hs.412102_at	-0.093868	7.393255e-01	8.851186e-01
Hs.646079_at	-0.093868	7.393255e-01	8.851186e-01
Hs.187861_at	-0.093868	7.393255e-01	8.851186e-01
Hs.299256_at	0.093868	7.393255e-01	8.851186e-01
Hs.561909_at	0.093868	7.393255e-01	8.851186e-01
Hs.438709_at	0.093868	7.393255e-01	8.851186e-01
Hs.291587_at	0.093868	7.393255e-01	8.851186e-01
Hs.621236_at	0.093868	7.393255e-01	8.851186e-01
Hs.291487_at	0.093868	7.393255e-01	8.851186e-01
Hs.621399_at	0.093868	7.393255e-01	8.851186e-01
Hs.196384_at	-0.093868	7.393255e-01	8.851186e-01
Hs.477866_at	0.093868	7.393255e-01	8.851186e-01
Hs.333958_at	0.093868	7.393255e-01	8.851186e-01
Hs.651220_at	0.093868	7.393255e-01	8.851186e-01
Hs.59506_at	0.093868	7.393255e-01	8.851186e-01
Hs.523687_at	0.093868	7.393255e-01	8.851186e-01
Hs.605380_at	0.093868	7.393255e-01	8.851186e-01
Hs.591950_at	0.093868	7.393255e-01	8.851186e-01
Hs.181156_at	-0.093868	7.393255e-01	8.851186e-01
Hs.75514_at	-0.093868	7.393255e-01	8.851186e-01
Hs.131773_at	0.093868	7.393255e-01	8.851186e-01
Hs.406460_at	-0.093868	7.393255e-01	8.851186e-01
Hs.567385_at	0.093868	7.393255e-01	8.851186e-01
Hs.414480_at	-0.093868	7.393255e-01	8.851186e-01
Hs.503831_at	-0.093868	7.393255e-01	8.851186e-01
Hs.235167_at	-0.093868	7.393255e-01	8.851186e-01
Hs.630717_at	-0.093868	7.393255e-01	8.851186e-01
Hs.571246_at	0.093868	7.393255e-01	8.851186e-01
Hs.510213_at	0.093868	7.393255e-01	8.851186e-01
Hs.366053_at	0.093868	7.393255e-01	8.851186e-01
Hs.390567_at	-0.093868	7.393255e-01	8.851186e-01
Hs.529420_at	-0.093868	7.393255e-01	8.851186e-01
Hs.598944_at	0.093868	7.393255e-01	8.851186e-01
Hs.400688_at	-0.093868	7.393255e-01	8.851186e-01
Hs.572535_at	-0.093868	7.393255e-01	8.851186e-01
Hs.165724_at	0.093868	7.393255e-01	8.851186e-01
Hs.55185_at	-0.093868	7.393255e-01	8.851186e-01
Hs.409794_at	0.093868	7.393255e-01	8.851186e-01
Hs.509622_at	0.093868	7.393255e-01	8.851186e-01
Hs.356377_at	0.093868	7.393255e-01	8.851186e-01
Hs.445498_at	-0.093868	7.393255e-01	8.851186e-01
Hs.26608_at	0.093868	7.393255e-01	8.851186e-01
Hs.458973_at	0.093868	7.393255e-01	8.851186e-01
Hs.105575_at	-0.093868	7.393255e-01	8.851186e-01
Hs.114246_at	0.093868	7.393255e-01	8.851186e-01
Hs.112087_at	0.090258	7.490481e-01	8.903344e-01
Hs.109087_at	0.090258	7.490481e-01	8.903344e-01
Hs.596479_at	-0.090258	7.490481e-01	8.903344e-01
Hs.252739_at	0.090258	7.490481e-01	8.903344e-01
Hs.10784_at	-0.090258	7.490481e-01	8.903344e-01
Hs.522087_at	0.090258	7.490481e-01	8.903344e-01
Hs.292949_at	0.090258	7.490481e-01	8.903344e-01
Hs.579230_at	-0.090258	7.490481e-01	8.903344e-01
Hs.577421_at	0.090258	7.490481e-01	8.903344e-01
Hs.376681_at	0.090258	7.490481e-01	8.903344e-01
Hs.595118_at	0.090258	7.490481e-01	8.903344e-01
Hs.446474_at	0.090258	7.490481e-01	8.903344e-01
Hs.651174_at	0.090258	7.490481e-01	8.903344e-01
Hs.609806_at	0.090258	7.490481e-01	8.903344e-01
Hs.386225_at	-0.090258	7.490481e-01	8.903344e-01
Hs.386470_at	0.090258	7.490481e-01	8.903344e-01
Hs.485915_at	0.090258	7.490481e-01	8.903344e-01
Hs.406890_at	-0.090258	7.490481e-01	8.903344e-01
Hs.647220_at	0.090258	7.490481e-01	8.903344e-01
Hs.485557_at	-0.090258	7.490481e-01	8.903344e-01
Hs.474479_at	0.090258	7.490481e-01	8.903344e-01
Hs.652595_at	0.090258	7.490481e-01	8.903344e-01
Hs.504609_at	0.090258	7.490481e-01	8.903344e-01
Hs.513145_at	0.090258	7.490481e-01	8.903344e-01
Hs.513305_at	0.090258	7.490481e-01	8.903344e-01
Hs.642060_at	-0.090258	7.490481e-01	8.903344e-01
Hs.532692_at	-0.090258	7.490481e-01	8.903344e-01
Hs.601810_at	0.090258	7.490481e-01	8.903344e-01
Hs.652480_at	-0.090258	7.490481e-01	8.903344e-01
Hs.352155_at	-0.090258	7.490481e-01	8.903344e-01
Hs.487062_at	0.090258	7.490481e-01	8.903344e-01
Hs.638931_at	0.090258	7.490481e-01	8.903344e-01
Hs.283022_at	0.090258	7.490481e-01	8.903344e-01
Hs.78354_at	-0.090258	7.490481e-01	8.903344e-01
Hs.443687_at	-0.090258	7.490481e-01	8.903344e-01
Hs.12764_at	0.090258	7.490481e-01	8.903344e-01
Hs.485205_at	0.090258	7.490481e-01	8.903344e-01
Hs.145519_at	-0.090258	7.490481e-01	8.903344e-01
Hs.652930_at	0.090258	7.490481e-01	8.903344e-01
Hs.590903_at	0.090258	7.490481e-01	8.903344e-01
Hs.436187_at	0.090258	7.490481e-01	8.903344e-01
Hs.436040_at	-0.090258	7.490481e-01	8.903344e-01
Hs.476291_at	0.090258	7.490481e-01	8.903344e-01
Hs.476164_at	0.090258	7.490481e-01	8.903344e-01
Hs.643590_at	0.090258	7.490481e-01	8.903344e-01
Hs.288974_at	0.090258	7.490481e-01	8.903344e-01
Hs.287694_at	0.090258	7.490481e-01	8.903344e-01
Hs.591338_at	0.090258	7.490481e-01	8.903344e-01
Hs.514495_at	-0.090258	7.490481e-01	8.903344e-01
Hs.567760_at	0.090258	7.490481e-01	8.903344e-01
Hs.470417_at	0.090258	7.490481e-01	8.903344e-01
Hs.172445_at	-0.090258	7.490481e-01	8.903344e-01
Hs.490203_at	0.090258	7.490481e-01	8.903344e-01
Hs.171501_at	0.090258	7.490481e-01	8.903344e-01
Hs.213690_at	-0.090258	7.490481e-01	8.903344e-01
Hs.2164_at	-0.090258	7.490481e-01	8.903344e-01
Hs.125180_at	-0.090258	7.490481e-01	8.903344e-01
Hs.147695_at	0.090258	7.490481e-01	8.903344e-01
Hs.27935_at	0.090258	7.490481e-01	8.903344e-01
Hs.490817_at	0.090258	7.490481e-01	8.903344e-01
Hs.348292_at	-0.090258	7.490481e-01	8.903344e-01
Hs.539002-_at	-0.090258	7.490481e-01	8.903344e-01
Hs.591846_at	0.090258	7.490481e-01	8.903344e-01
Hs.607898_at	-0.090258	7.490481e-01	8.903344e-01
Hs.839_at	0.090258	7.490481e-01	8.903344e-01
Hs.490981_at	0.090258	7.490481e-01	8.903344e-01
Hs.569212_at	0.090258	7.490481e-01	8.903344e-01
Hs.593876_at	0.090258	7.490481e-01	8.903344e-01
Hs.434154_at	0.090258	7.490481e-01	8.903344e-01
Hs.225661_at	-0.090258	7.490481e-01	8.903344e-01
Hs.465645_at	-0.090258	7.490481e-01	8.903344e-01
Hs.274876_at	0.090258	7.490481e-01	8.903344e-01
Hs.444304_at	0.090258	7.490481e-01	8.903344e-01
Hs.517249_at	-0.090258	7.490481e-01	8.903344e-01
Hs.188553_at	-0.090258	7.490481e-01	8.903344e-01
Hs.646122_at	0.090258	7.490481e-01	8.903344e-01
Hs.483993_at	0.090258	7.490481e-01	8.903344e-01
Hs.484738_at	0.090258	7.490481e-01	8.903344e-01
Hs.436500_at	-0.090258	7.490481e-01	8.903344e-01
Hs.590956_at	-0.090258	7.490481e-01	8.903344e-01
Hs.477481_at	-0.090258	7.490481e-01	8.903344e-01
Hs.133421_at	0.090258	7.490481e-01	8.903344e-01
Hs.142912_at	-0.090258	7.490481e-01	8.903344e-01
Hs.438723_at	-0.090258	7.490481e-01	8.903344e-01
Hs.354906_at	-0.090258	7.490481e-01	8.903344e-01
Hs.506190_at	-0.090258	7.490481e-01	8.903344e-01
Hs.142076_at	0.090258	7.490481e-01	8.903344e-01
Hs.561542_at	0.090258	7.490481e-01	8.903344e-01
Hs.271977_at	-0.090258	7.490481e-01	8.903344e-01
Hs.652165_at	-0.090258	7.490481e-01	8.903344e-01
Hs.585161_at	0.090258	7.490481e-01	8.903344e-01
Hs.517155_at	0.090258	7.490481e-01	8.903344e-01
Hs.426359_at	-0.090258	7.490481e-01	8.903344e-01
Hs.434108_at	0.090258	7.490481e-01	8.903344e-01
Hs.649985_at	0.090258	7.490481e-01	8.903344e-01
Hs.445817_at	-0.090258	7.490481e-01	8.903344e-01
Hs.584913_at	-0.090258	7.490481e-01	8.903344e-01
Hs.114777_at	0.090258	7.490481e-01	8.903344e-01
Hs.534318_at	0.090258	7.490481e-01	8.903344e-01
Hs.356604_at	-0.090258	7.490481e-01	8.903344e-01
Hs.436705_at	0.090258	7.490481e-01	8.903344e-01
Hs.646232_at	-0.090258	7.490481e-01	8.903344e-01
Hs.509523_at	-0.090258	7.490481e-01	8.903344e-01
Hs.509545_at	0.090258	7.490481e-01	8.903344e-01
Hs.50861_at	-0.090258	7.490481e-01	8.903344e-01
Hs.507916_at	0.090258	7.490481e-01	8.903344e-01
Hs.507452_at	0.090258	7.490481e-01	8.903344e-01
Hs.140944_at	-0.090258	7.490481e-01	8.903344e-01
Hs.137516_at	-0.090258	7.490481e-01	8.903344e-01
Hs.421649_at	0.090258	7.490481e-01	8.903344e-01
Hs.117694_at	-0.090258	7.490481e-01	8.903344e-01
Hs.632414_at	0.090258	7.490481e-01	8.903344e-01
Hs.433068_at	-0.090258	7.490481e-01	8.903344e-01
Hs.163070_at	-0.090258	7.490481e-01	8.903344e-01
Hs.499674_at	0.090258	7.490481e-01	8.903344e-01
Hs.500015_at	0.090258	7.490481e-01	8.903344e-01
Hs.494538_at	0.090258	7.490481e-01	8.903344e-01
Hs.631692_at	0.090258	7.490481e-01	8.903344e-01
Hs.26612_at	0.090258	7.490481e-01	8.903344e-01
Hs.584807_at	-0.090258	7.490481e-01	8.903344e-01
Hs.446240_at	0.090258	7.490481e-01	8.903344e-01
Hs.254464_at	0.086648	7.588058e-01	8.954649e-01
Hs.632237_at	-0.086648	7.588058e-01	8.954649e-01
Hs.595072_at	-0.086648	7.588058e-01	8.954649e-01
Hs.458365_at	0.086648	7.588058e-01	8.954649e-01
Hs.546636_at	-0.086648	7.588058e-01	8.954649e-01
Hs.496666_at	-0.086648	7.588058e-01	8.954649e-01
Hs.161256_at	0.086648	7.588058e-01	8.954649e-01
Hs.331210_at	-0.086648	7.588058e-01	8.954649e-01
Hs.159408_at	-0.086648	7.588058e-01	8.954649e-01
Hs.523847_at	-0.086648	7.588058e-01	8.954649e-01
Hs.523835_at	0.086648	7.588058e-01	8.954649e-01
Hs.386975_at	-0.086648	7.588058e-01	8.954649e-01
Hs.609802_at	-0.086648	7.588058e-01	8.954649e-01
Hs.480073_at	0.086648	7.588058e-01	8.954649e-01
Hs.603767-_at	0.086648	7.588058e-01	8.954649e-01
Hs.510281_at	-0.086648	7.588058e-01	8.954649e-01
Hs.390428_at	-0.086648	7.588058e-01	8.954649e-01
Hs.11713_at	0.086648	7.588058e-01	8.954649e-01
Hs.424183_at	0.086648	7.588058e-01	8.954649e-01
Hs.433159_at	-0.086648	7.588058e-01	8.954649e-01
Hs.632766_at	0.086648	7.588058e-01	8.954649e-01
Hs.631528_at	-0.086648	7.588058e-01	8.954649e-01
Hs.271771_at	-0.086648	7.588058e-01	8.954649e-01
Hs.598314_at	-0.086648	7.588058e-01	8.954649e-01
Hs.15580_at	-0.086648	7.588058e-01	8.954649e-01
Hs.494622_at	-0.086648	7.588058e-01	8.954649e-01
Hs.495021_at	0.086648	7.588058e-01	8.954649e-01
Hs.649997_at	-0.086648	7.588058e-01	8.954649e-01
Hs.551077_at	-0.086648	7.588058e-01	8.954649e-01
Hs.165195_at	0.086648	7.588058e-01	8.954649e-01
Hs.155975_at	-0.086648	7.588058e-01	8.954649e-01
Hs.121495_at	0.086648	7.588058e-01	8.954649e-01
Hs.120938_at	0.086648	7.588058e-01	8.954649e-01
Hs.274873_at	-0.086648	7.588058e-01	8.954649e-01
Hs.528703_at	-0.086648	7.588058e-01	8.954649e-01
Hs.517582_at	-0.086648	7.588058e-01	8.954649e-01
Hs.594056_at	0.086648	7.588058e-01	8.954649e-01
Hs.518505_at	0.086648	7.588058e-01	8.954649e-01
Hs.396644_at	-0.086648	7.588058e-01	8.954649e-01
Hs.585357_at	0.086648	7.588058e-01	8.954649e-01
Hs.270851_at	0.086648	7.588058e-01	8.954649e-01
Hs.436899_at	-0.086648	7.588058e-01	8.954649e-01
Hs.604551_at	-0.086648	7.588058e-01	8.954649e-01
Hs.184720_at	-0.086648	7.588058e-01	8.954649e-01
Hs.30026_at	0.086648	7.588058e-01	8.954649e-01
Hs.481980_at	-0.086648	7.588058e-01	8.954649e-01
Hs.64691_at	-0.086648	7.588058e-01	8.954649e-01
Hs.477789_at	0.086648	7.588058e-01	8.954649e-01
Hs.408960_at	0.086648	7.588058e-01	8.954649e-01
Hs.409582_at	-0.086648	7.588058e-01	8.954649e-01
Hs.60371_at	0.086648	7.588058e-01	8.954649e-01
Hs.412433_at	-0.086648	7.588058e-01	8.954649e-01
Hs.167046_at	0.086648	7.588058e-01	8.954649e-01
Hs.501140_at	-0.086648	7.588058e-01	8.954649e-01
Hs.16920_at	0.086648	7.588058e-01	8.954649e-01
Hs.371723_at	-0.086648	7.588058e-01	8.954649e-01
Hs.517216_at	-0.086648	7.588058e-01	8.954649e-01
Hs.87385_at	-0.086648	7.588058e-01	8.954649e-01
Hs.613488_at	-0.086648	7.588058e-01	8.954649e-01
Hs.648830_at	-0.086648	7.588058e-01	8.954649e-01
Hs.649092_at	0.086648	7.588058e-01	8.954649e-01
Hs.543850_at	-0.086648	7.588058e-01	8.954649e-01
Hs.626078_at	0.086648	7.588058e-01	8.954649e-01
Hs.568878_at	0.086648	7.588058e-01	8.954649e-01
Hs.124502_at	-0.086648	7.588058e-01	8.954649e-01
Hs.627467_at	-0.086648	7.588058e-01	8.954649e-01
Hs.465985_at	-0.086648	7.588058e-01	8.954649e-01
Hs.84244_at	-0.086648	7.588058e-01	8.954649e-01
Hs.607210_at	0.086648	7.588058e-01	8.954649e-01
Hs.82793_at	-0.086648	7.588058e-01	8.954649e-01
Hs.567751_at	-0.086648	7.588058e-01	8.954649e-01
Hs.586428_at	0.086648	7.588058e-01	8.954649e-01
Hs.648462_at	-0.086648	7.588058e-01	8.954649e-01
Hs.555989_at	0.086648	7.588058e-01	8.954649e-01
Hs.143728_at	0.086648	7.588058e-01	8.954649e-01
Hs.485195_at	-0.086648	7.588058e-01	8.954649e-01
Hs.133020_at	0.086648	7.588058e-01	8.954649e-01
Hs.592315_at	0.086648	7.588058e-01	8.954649e-01
Hs.370247_at	0.086648	7.588058e-01	8.954649e-01
Hs.567596_at	-0.086648	7.588058e-01	8.954649e-01
Hs.471461_at	0.086648	7.588058e-01	8.954649e-01
Hs.21239_at	-0.086648	7.588058e-01	8.954649e-01
Hs.468490_at	-0.086648	7.588058e-01	8.954649e-01
Hs.567803_at	0.086648	7.588058e-01	8.954649e-01
Hs.435136_at	-0.086648	7.588058e-01	8.954649e-01
Hs.614045+_at	0.086648	7.588058e-01	8.954649e-01
Hs.352180_at	0.086648	7.588058e-01	8.954649e-01
Hs.17661_at	0.086648	7.588058e-01	8.954649e-01
Hs.652390_at	0.086648	7.588058e-01	8.954649e-01
Hs.350265_at	0.086648	7.588058e-01	8.954649e-01
Hs.350600_at	0.086648	7.588058e-01	8.954649e-01
Hs.602127_at	0.086648	7.588058e-01	8.954649e-01
Hs.210377_at	0.086648	7.588058e-01	8.954649e-01
Hs.283091_at	0.086648	7.588058e-01	8.954649e-01
Hs.80296_at	-0.086648	7.588058e-01	8.954649e-01
Hs.606078_at	-0.086648	7.588058e-01	8.954649e-01
Hs.589648_at	0.086648	7.588058e-01	8.954649e-01
Hs.472838_at	-0.086648	7.588058e-01	8.954649e-01
Hs.473179_at	0.086648	7.588058e-01	8.954649e-01
Hs.435730_at	-0.086648	7.588058e-01	8.954649e-01
Hs.203952_at	-0.086648	7.588058e-01	8.954649e-01
Hs.592510_at	-0.086648	7.588058e-01	8.954649e-01
Hs.407002_at	-0.086648	7.588058e-01	8.954649e-01
Hs.513039_at	0.086648	7.588058e-01	8.954649e-01
Hs.1314_at	0.086648	7.588058e-01	8.954649e-01
Hs.435767_at	-0.086648	7.588058e-01	8.954649e-01
Hs.258551_at	0.086648	7.588058e-01	8.954649e-01
Hs.105268_at	0.086648	7.588058e-01	8.954649e-01
Hs.102267_at	0.086648	7.588058e-01	8.954649e-01
Hs.106234_at	0.086648	7.588058e-01	8.954649e-01
Hs.595873_at	-0.086648	7.588058e-01	8.954649e-01
Hs.522675_at	0.086648	7.588058e-01	8.954649e-01
Hs.35758_at	0.086648	7.588058e-01	8.954649e-01
Hs.646410_at	-0.086648	7.588058e-01	8.954649e-01
Hs.189587_at	0.086648	7.588058e-01	8.954649e-01
Hs.430742_at	-0.086648	7.588058e-01	8.954649e-01
Hs.576875_at	0.086648	7.588058e-01	8.954649e-01
Hs.584846_at	-0.086648	7.588058e-01	8.954649e-01
Hs.25829_at	0.086648	7.588058e-01	8.954649e-01
Hs.388827_at	-0.086648	7.588058e-01	8.954649e-01
Hs.15961_at	-0.086648	7.588058e-01	8.954649e-01
Hs.524523_at	0.086648	7.588058e-01	8.954649e-01
Hs.646465_at	-0.083037	7.685975e-01	8.989358e-01
Hs.479658_at	0.083037	7.685975e-01	8.989358e-01
Hs.356399_at	-0.083037	7.685975e-01	8.989358e-01
Hs.356690_at	-0.083037	7.685975e-01	8.989358e-01
Hs.193163_at	-0.083037	7.685975e-01	8.989358e-01
Hs.645306_at	0.083037	7.685975e-01	8.989358e-01
Hs.603767+_at	0.083037	7.685975e-01	8.989358e-01
Hs.591019_at	-0.083037	7.685975e-01	8.989358e-01
Hs.134726_at	-0.083037	7.685975e-01	8.989358e-01
Hs.99195_at	-0.083037	7.685975e-01	8.989358e-01
Hs.109590_at	-0.083037	7.685975e-01	8.989358e-01
Hs.158320_at	-0.083037	7.685975e-01	8.989358e-01
Hs.158560_at	-0.083037	7.685975e-01	8.989358e-01
Hs.292882_at	0.083037	7.685975e-01	8.989358e-01
Hs.496572_at	0.083037	7.685975e-01	8.989358e-01
Hs.331148_at	0.083037	7.685975e-01	8.989358e-01
Hs.144513_at	-0.083037	7.685975e-01	8.989358e-01
Hs.50550_at	0.083037	7.685975e-01	8.989358e-01
Hs.533192_at	-0.083037	7.685975e-01	8.989358e-01
Hs.533355_at	-0.083037	7.685975e-01	8.989358e-01
Hs.440553_at	0.083037	7.685975e-01	8.989358e-01
Hs.75969_at	-0.083037	7.685975e-01	8.989358e-01
Hs.368353_at	-0.083037	7.685975e-01	8.989358e-01
Hs.532833_at	0.083037	7.685975e-01	8.989358e-01
Hs.75535_at	0.083037	7.685975e-01	8.989358e-01
Hs.201441_at	0.083037	7.685975e-01	8.989358e-01
Hs.565777_at	-0.083037	7.685975e-01	8.989358e-01
Hs.244651_at	-0.083037	7.685975e-01	8.989358e-01
Hs.156352_at	-0.083037	7.685975e-01	8.989358e-01
Hs.649734+_at	0.083037	7.685975e-01	8.989358e-01
Hs.116092_at	0.083037	7.685975e-01	8.989358e-01
Hs.248179_at	0.083037	7.685975e-01	8.989358e-01
Hs.26663_at	-0.083037	7.685975e-01	8.989358e-01
Hs.632160_at	-0.083037	7.685975e-01	8.989358e-01
Hs.455109_at	-0.083037	7.685975e-01	8.989358e-01
Hs.458922_at	-0.083037	7.685975e-01	8.989358e-01
Hs.597198_at	-0.083037	7.685975e-01	8.989358e-01
Hs.94695_at	-0.083037	7.685975e-01	8.989358e-01
Hs.95008_at	0.083037	7.685975e-01	8.989358e-01
Hs.632262_at	-0.083037	7.685975e-01	8.989358e-01
Hs.513266_at	-0.083037	7.685975e-01	8.989358e-01
Hs.77060_at	-0.083037	7.685975e-01	8.989358e-01
Hs.173092_at	-0.083037	7.685975e-01	8.989358e-01
Hs.308045_at	0.083037	7.685975e-01	8.989358e-01
Hs.567414_at	-0.083037	7.685975e-01	8.989358e-01
Hs.406557_at	-0.083037	7.685975e-01	8.989358e-01
Hs.514276_at	-0.083037	7.685975e-01	8.989358e-01
Hs.513672_at	0.083037	7.685975e-01	8.989358e-01
Hs.623675_at	-0.083037	7.685975e-01	8.989358e-01
Hs.623955_at	0.083037	7.685975e-01	8.989358e-01
Hs.202526_at	0.083037	7.685975e-01	8.989358e-01
Hs.642736_at	-0.083037	7.685975e-01	8.989358e-01
Hs.591758_at	0.083037	7.685975e-01	8.989358e-01
Hs.339831_at	0.083037	7.685975e-01	8.989358e-01
Hs.339577_at	-0.083037	7.685975e-01	8.989358e-01
Hs.323858_at	0.083037	7.685975e-01	8.989358e-01
Hs.598462_at	0.083037	7.685975e-01	8.989358e-01
Hs.598182_at	-0.083037	7.685975e-01	8.989358e-01
Hs.594351_at	-0.083037	7.685975e-01	8.989358e-01
Hs.397918_at	-0.083037	7.685975e-01	8.989358e-01
Hs.608486_at	0.083037	7.685975e-01	8.989358e-01
Hs.591794_at	-0.083037	7.685975e-01	8.989358e-01
Hs.162246_at	0.083037	7.685975e-01	8.989358e-01
Hs.519602_at	0.083037	7.685975e-01	8.989358e-01
Hs.632608_at	-0.083037	7.685975e-01	8.989358e-01
Hs.436518_at	0.083037	7.685975e-01	8.989358e-01
Hs.591095_at	-0.083037	7.685975e-01	8.989358e-01
Hs.445168_at	0.083037	7.685975e-01	8.989358e-01
Hs.445236_at	0.083037	7.685975e-01	8.989358e-01
Hs.89648_at	0.083037	7.685975e-01	8.989358e-01
Hs.597933_at	0.083037	7.685975e-01	8.989358e-01
Hs.517729_at	-0.083037	7.685975e-01	8.989358e-01
Hs.594079_at	-0.083037	7.685975e-01	8.989358e-01
Hs.121389_at	0.083037	7.685975e-01	8.989358e-01
Hs.120998_at	-0.083037	7.685975e-01	8.989358e-01
Hs.608230_at	0.083037	7.685975e-01	8.989358e-01
Hs.166120_at	0.083037	7.685975e-01	8.989358e-01
Hs.642660_at	0.083037	7.685975e-01	8.989358e-01
Hs.532492_at	0.083037	7.685975e-01	8.989358e-01
Hs.129581_at	-0.083037	7.685975e-01	8.989358e-01
Hs.352228_at	0.083037	7.685975e-01	8.989358e-01
Hs.591305_at	0.083037	7.685975e-01	8.989358e-01
Hs.176626_at	0.083037	7.685975e-01	8.989358e-01
Hs.489608_at	-0.083037	7.685975e-01	8.989358e-01
Hs.434864_at	0.083037	7.685975e-01	8.989358e-01
Hs.514220_at	-0.083037	7.685975e-01	8.989358e-01
Hs.79402_at	-0.083037	7.685975e-01	8.989358e-01
Hs.213264_at	-0.083037	7.685975e-01	8.989358e-01
Hs.444316_at	0.083037	7.685975e-01	8.989358e-01
Hs.491941_at	0.083037	7.685975e-01	8.989358e-01
Hs.612544_at	0.083037	7.685975e-01	8.989358e-01
Hs.545395+_at	-0.083037	7.685975e-01	8.989358e-01
Hs.591833_at	0.083037	7.685975e-01	8.989358e-01
Hs.434152_at	-0.083037	7.685975e-01	8.989358e-01
Hs.322452_at	-0.083037	7.685975e-01	8.989358e-01
Hs.501280_at	-0.083037	7.685975e-01	8.989358e-01
Hs.75227_at	-0.083037	7.685975e-01	8.989358e-01
Hs.478158_at	0.083037	7.685975e-01	8.989358e-01
Hs.408676_at	0.083037	7.685975e-01	8.989358e-01
Hs.483873_at	-0.083037	7.685975e-01	8.989358e-01
Hs.502876_at	-0.083037	7.685975e-01	8.989358e-01
Hs.627125_at	0.083037	7.685975e-01	8.989358e-01
Hs.501578_at	0.083037	7.685975e-01	8.989358e-01
Hs.652305_at	0.083037	7.685975e-01	8.989358e-01
Hs.170719_at	0.083037	7.685975e-01	8.989358e-01
Hs.490512_at	0.083037	7.685975e-01	8.989358e-01
Hs.569375_at	0.083037	7.685975e-01	8.989358e-01
Hs.634602_at	-0.083037	7.685975e-01	8.989358e-01
Hs.634546_at	0.083037	7.685975e-01	8.989358e-01
Hs.624591_at	0.083037	7.685975e-01	8.989358e-01
Hs.370555_at	-0.083037	7.685975e-01	8.989358e-01
Hs.515064_at	0.083037	7.685975e-01	8.989358e-01
Hs.443936_at	0.083037	7.685975e-01	8.989358e-01
Hs.647077_at	-0.083037	7.685975e-01	8.989358e-01
Hs.647046_at	-0.083037	7.685975e-01	8.989358e-01
Hs.197644_at	0.083037	7.685975e-01	8.989358e-01
Hs.301243_at	0.083037	7.685975e-01	8.989358e-01
Hs.301898_at	-0.083037	7.685975e-01	8.989358e-01
Hs.617529_at	-0.083037	7.685975e-01	8.989358e-01
Hs.81469_at	0.083037	7.685975e-01	8.989358e-01
Hs.591850_at	-0.083037	7.685975e-01	8.989358e-01
Hs.637056_at	-0.083037	7.685975e-01	8.989358e-01
Hs.530597_at	-0.083037	7.685975e-01	8.989358e-01
Hs.444046_at	-0.083037	7.685975e-01	8.989358e-01
Hs.370636_at	0.083037	7.685975e-01	8.989358e-01
Hs.125867_at	-0.083037	7.685975e-01	8.989358e-01
Hs.555016_at	0.083037	7.685975e-01	8.989358e-01
Hs.147585_at	-0.083037	7.685975e-01	8.989358e-01
Hs.158174_at	-0.083037	7.685975e-01	8.989358e-01
Hs.525922_at	0.083037	7.685975e-01	8.989358e-01
Hs.591555_at	-0.083037	7.685975e-01	8.989358e-01
Hs.496969_at	-0.083037	7.685975e-01	8.989358e-01
Hs.446459_at	-0.083037	7.685975e-01	8.989358e-01
Hs.447011_at	0.083037	7.685975e-01	8.989358e-01
Hs.583022_at	-0.083037	7.685975e-01	8.989358e-01
Hs.384586_at	-0.083037	7.685975e-01	8.989358e-01
Hs.251391_at	0.083037	7.685975e-01	8.989358e-01
Hs.247940_at	0.083037	7.685975e-01	8.989358e-01
Hs.495674_at	0.083037	7.685975e-01	8.989358e-01
Hs.330073_at	0.083037	7.685975e-01	8.989358e-01
Hs.610781_at	-0.083037	7.685975e-01	8.989358e-01
Hs.610931-_at	-0.083037	7.685975e-01	8.989358e-01
Hs.519972_at	-0.083037	7.685975e-01	8.989358e-01
Hs.646171_at	-0.083037	7.685975e-01	8.989358e-01
Hs.388613_at	-0.083037	7.685975e-01	8.989358e-01
Hs.631878_at	0.083037	7.685975e-01	8.989358e-01
Hs.447840_at	0.083037	7.685975e-01	8.989358e-01
Hs.110489_at	0.083037	7.685975e-01	8.989358e-01
Hs.110571_at	-0.083037	7.685975e-01	8.989358e-01
Hs.485489_at	-0.083037	7.685975e-01	8.989358e-01
Hs.647176_at	-0.083037	7.685975e-01	8.989358e-01
Hs.647086_at	0.083037	7.685975e-01	8.989358e-01
Hs.333297_at	0.083037	7.685975e-01	8.989358e-01
Hs.471675_at	0.079427	7.784217e-01	9.040535e-01
Hs.465511_at	-0.079427	7.784217e-01	9.040535e-01
Hs.489603_at	0.079427	7.784217e-01	9.040535e-01
Hs.591346_at	0.079427	7.784217e-01	9.040535e-01
Hs.309231_at	-0.079427	7.784217e-01	9.040535e-01
Hs.171995_at	0.079427	7.784217e-01	9.040535e-01
Hs.555936_at	-0.079427	7.784217e-01	9.040535e-01
Hs.652505_at	-0.079427	7.784217e-01	9.040535e-01
Hs.606333_at	0.079427	7.784217e-01	9.040535e-01
Hs.17441_at	0.079427	7.784217e-01	9.040535e-01
Hs.634042_at	0.079427	7.784217e-01	9.040535e-01
Hs.593067_at	-0.079427	7.784217e-01	9.040535e-01
Hs.121283_at	0.079427	7.784217e-01	9.040535e-01
Hs.89570_at	0.079427	7.784217e-01	9.040535e-01
Hs.517581_at	-0.079427	7.784217e-01	9.040535e-01
Hs.400533_at	0.079427	7.784217e-01	9.040535e-01
Hs.632778_at	0.079427	7.784217e-01	9.040535e-01
Hs.234681_at	0.079427	7.784217e-01	9.040535e-01
Hs.5710_at	0.079427	7.784217e-01	9.040535e-01
Hs.118620_at	0.079427	7.784217e-01	9.040535e-01
Hs.515840_at	-0.079427	7.784217e-01	9.040535e-01
Hs.470544_at	-0.079427	7.784217e-01	9.040535e-01
Hs.471508_at	-0.079427	7.784217e-01	9.040535e-01
Hs.212395_at	0.079427	7.784217e-01	9.040535e-01
Hs.83916_at	0.079427	7.784217e-01	9.040535e-01
Hs.149252_at	0.079427	7.784217e-01	9.040535e-01
Hs.530687_at	-0.079427	7.784217e-01	9.040535e-01
Hs.344400_at	-0.079427	7.784217e-01	9.040535e-01
Hs.347270_at	-0.079427	7.784217e-01	9.040535e-01
Hs.276457_at	0.079427	7.784217e-01	9.040535e-01
Hs.118400_at	0.079427	7.784217e-01	9.040535e-01
Hs.8372_at	-0.079427	7.784217e-01	9.040535e-01
Hs.477273_at	0.079427	7.784217e-01	9.040535e-01
Hs.533934_at	0.079427	7.784217e-01	9.040535e-01
Hs.59106_at	0.079427	7.784217e-01	9.040535e-01
Hs.482390_at	-0.079427	7.784217e-01	9.040535e-01
Hs.592171_at	-0.079427	7.784217e-01	9.040535e-01
Hs.66708_at	0.079427	7.784217e-01	9.040535e-01
Hs.633594_at	0.079427	7.784217e-01	9.040535e-01
Hs.444407_at	0.079427	7.784217e-01	9.040535e-01
Hs.75372_at	-0.079427	7.784217e-01	9.040535e-01
Hs.263209_at	0.079427	7.784217e-01	9.040535e-01
Hs.446429_at	0.079427	7.784217e-01	9.040535e-01
Hs.26516_at	0.079427	7.784217e-01	9.040535e-01
Hs.526879_at	0.079427	7.784217e-01	9.040535e-01
Hs.518827_at	-0.079427	7.784217e-01	9.040535e-01
Hs.116128_at	0.079427	7.784217e-01	9.040535e-01
Hs.632515_at	0.079427	7.784217e-01	9.040535e-01
Hs.594717_at	-0.079427	7.784217e-01	9.040535e-01
Hs.156178_at	-0.079427	7.784217e-01	9.040535e-01
Hs.24640_at	-0.079427	7.784217e-01	9.040535e-01
Hs.647432_at	0.079427	7.784217e-01	9.040535e-01
Hs.181391_at	0.079427	7.784217e-01	9.040535e-01
Hs.591920_at	-0.079427	7.784217e-01	9.040535e-01
Hs.429843_at	-0.079427	7.784217e-01	9.040535e-01
Hs.1012_at	0.079427	7.784217e-01	9.040535e-01
Hs.98643_at	0.079427	7.784217e-01	9.040535e-01
Hs.523329_at	-0.079427	7.784217e-01	9.040535e-01
Hs.596630_at	0.079427	7.784217e-01	9.040535e-01
Hs.333427_at	-0.079427	7.784217e-01	9.040535e-01
Hs.462379_at	-0.079427	7.784217e-01	9.040535e-01
Hs.483423_at	-0.079427	7.784217e-01	9.040535e-01
Hs.137400_at	-0.079427	7.784217e-01	9.040535e-01
Hs.550544_at	0.079427	7.784217e-01	9.040535e-01
Hs.117210_at	0.079427	7.784217e-01	9.040535e-01
Hs.546434_at	-0.079427	7.784217e-01	9.040535e-01
Hs.546261_at	0.079427	7.784217e-01	9.040535e-01
Hs.375029_at	0.079427	7.784217e-01	9.040535e-01
Hs.651138_at	0.079427	7.784217e-01	9.040535e-01
Hs.632594_at	0.079427	7.784217e-01	9.040535e-01
Hs.356502_at	-0.079427	7.784217e-01	9.040535e-01
Hs.320368_at	-0.079427	7.784217e-01	9.040535e-01
Hs.588387_at	-0.079427	7.784217e-01	9.040535e-01
Hs.353894_at	-0.079427	7.784217e-01	9.040535e-01
Hs.513633_at	0.079427	7.784217e-01	9.040535e-01
Hs.474737_at	-0.079427	7.784217e-01	9.040535e-01
Hs.440829_at	-0.079427	7.784217e-01	9.040535e-01
Hs.504815_at	0.079427	7.784217e-01	9.040535e-01
Hs.388668_at	0.079427	7.784217e-01	9.040535e-01
Hs.38032_at	-0.079427	7.784217e-01	9.040535e-01
Hs.182505_at	-0.079427	7.784217e-01	9.040535e-01
Hs.636858_at	-0.079427	7.784217e-01	9.040535e-01
Hs.592143_at	-0.079427	7.784217e-01	9.040535e-01
Hs.487933_at	-0.079427	7.784217e-01	9.040535e-01
Hs.201600_at	-0.079427	7.784217e-01	9.040535e-01
Hs.57769_at	0.079427	7.784217e-01	9.040535e-01
Hs.193566_at	0.079427	7.784217e-01	9.040535e-01
Hs.636203_at	-0.079427	7.784217e-01	9.040535e-01
Hs.380081_at	0.079427	7.784217e-01	9.040535e-01
Hs.610726_at	0.079427	7.784217e-01	9.040535e-01
Hs.385613_at	-0.079427	7.784217e-01	9.040535e-01
Hs.105791_at	-0.079427	7.784217e-01	9.040535e-01
Hs.60386_at	0.079427	7.784217e-01	9.040535e-01
Hs.126516_at	0.079427	7.784217e-01	9.040535e-01
Hs.255277_at	0.079427	7.784217e-01	9.040535e-01
Hs.1051_at	-0.079427	7.784217e-01	9.040535e-01
Hs.255093_at	0.079427	7.784217e-01	9.040535e-01
Hs.144496_at	-0.079427	7.784217e-01	9.040535e-01
Hs.596282_at	0.079427	7.784217e-01	9.040535e-01
Hs.98170_at	-0.079427	7.784217e-01	9.040535e-01
Hs.99745_at	-0.079427	7.784217e-01	9.040535e-01
Hs.142736_at	-0.079427	7.784217e-01	9.040535e-01
Hs.348920_at	0.079427	7.784217e-01	9.040535e-01
Hs.501735_at	0.079427	7.784217e-01	9.040535e-01
Hs.44424_at	0.079427	7.784217e-01	9.040535e-01
Hs.367959_at	-0.079427	7.784217e-01	9.040535e-01
Hs.72964_at	-0.079427	7.784217e-01	9.040535e-01
Hs.534312_at	-0.079427	7.784217e-01	9.040535e-01
Hs.533903_at	-0.079427	7.784217e-01	9.040535e-01
Hs.521092_at	-0.079427	7.784217e-01	9.040535e-01
Hs.609016_at	0.079427	7.784217e-01	9.040535e-01
Hs.534169_at	-0.079427	7.784217e-01	9.040535e-01
Hs.510327_at	0.079427	7.784217e-01	9.040535e-01
Hs.651225_at	-0.079427	7.784217e-01	9.040535e-01
Hs.632188_at	0.079427	7.784217e-01	9.040535e-01
Hs.469033_at	0.079427	7.784217e-01	9.040535e-01
Hs.651208_at	0.079427	7.784217e-01	9.040535e-01
Hs.132371_at	0.079427	7.784217e-01	9.040535e-01
Hs.248101_at	0.079427	7.784217e-01	9.040535e-01
Hs.193170_at	0.079427	7.784217e-01	9.040535e-01
Hs.586174_at	-0.079427	7.784217e-01	9.040535e-01
Hs.205816_at	0.075817	7.882771e-01	9.086141e-01
Hs.13014_at	0.075817	7.882771e-01	9.086141e-01
Hs.591686_at	-0.075817	7.882771e-01	9.086141e-01
Hs.174273_at	-0.075817	7.882771e-01	9.086141e-01
Hs.646840_at	-0.075817	7.882771e-01	9.086141e-01
Hs.495918_at	-0.075817	7.882771e-01	9.086141e-01
Hs.162411_at	0.075817	7.882771e-01	9.086141e-01
Hs.652117_at	0.075817	7.882771e-01	9.086141e-01
Hs.162125_at	0.075817	7.882771e-01	9.086141e-01
Hs.505159_at	0.075817	7.882771e-01	9.086141e-01
Hs.567319_at	0.075817	7.882771e-01	9.086141e-01
Hs.606198_at	0.075817	7.882771e-01	9.086141e-01
Hs.607986_at	-0.075817	7.882771e-01	9.086141e-01
Hs.602459_at	0.075817	7.882771e-01	9.086141e-01
Hs.570833_at	-0.075817	7.882771e-01	9.086141e-01
Hs.28391_at	0.075817	7.882771e-01	9.086141e-01
Hs.624073_at	-0.075817	7.882771e-01	9.086141e-01
Hs.179838_at	0.075817	7.882771e-01	9.086141e-01
Hs.205403_at	-0.075817	7.882771e-01	9.086141e-01
Hs.145049_at	0.075817	7.882771e-01	9.086141e-01
Hs.447504_at	0.075817	7.882771e-01	9.086141e-01
Hs.567282_at	0.075817	7.882771e-01	9.086141e-01
Hs.183983_at	0.075817	7.882771e-01	9.086141e-01
Hs.436873_at	0.075817	7.882771e-01	9.086141e-01
Hs.178748_at	-0.075817	7.882771e-01	9.086141e-01
Hs.180711_at	-0.075817	7.882771e-01	9.086141e-01
Hs.293593_at	0.075817	7.882771e-01	9.086141e-01
Hs.112408_at	0.075817	7.882771e-01	9.086141e-01
Hs.446907_at	-0.075817	7.882771e-01	9.086141e-01
Hs.564937_at	-0.075817	7.882771e-01	9.086141e-01
Hs.479226_at	0.075817	7.882771e-01	9.086141e-01
Hs.596366_at	0.075817	7.882771e-01	9.086141e-01
Hs.651560_at	0.075817	7.882771e-01	9.086141e-01
Hs.97876_at	-0.075817	7.882771e-01	9.086141e-01
Hs.498021_at	-0.075817	7.882771e-01	9.086141e-01
Hs.192619_at	0.075817	7.882771e-01	9.086141e-01
Hs.99819_at	0.075817	7.882771e-01	9.086141e-01
Hs.596349_at	0.075817	7.882771e-01	9.086141e-01
Hs.376338_at	0.075817	7.882771e-01	9.086141e-01
Hs.98791_at	0.075817	7.882771e-01	9.086141e-01
Hs.435413_at	-0.075817	7.882771e-01	9.086141e-01
Hs.520192_at	0.075817	7.882771e-01	9.086141e-01
Hs.93574_at	0.075817	7.882771e-01	9.086141e-01
Hs.596030_at	0.075817	7.882771e-01	9.086141e-01
Hs.631910_at	-0.075817	7.882771e-01	9.086141e-01
Hs.385760_at	0.075817	7.882771e-01	9.086141e-01
Hs.459153_at	0.075817	7.882771e-01	9.086141e-01
Hs.40582_at	-0.075817	7.882771e-01	9.086141e-01
Hs.385648_at	0.075817	7.882771e-01	9.086141e-01
Hs.527199_at	-0.075817	7.882771e-01	9.086141e-01
Hs.632394_at	-0.075817	7.882771e-01	9.086141e-01
Hs.269654_at	0.075817	7.882771e-01	9.086141e-01
Hs.271264_at	-0.075817	7.882771e-01	9.086141e-01
Hs.189690_at	-0.075817	7.882771e-01	9.086141e-01
Hs.368451_at	-0.075817	7.882771e-01	9.086141e-01
Hs.169333_at	-0.075817	7.882771e-01	9.086141e-01
Hs.503047_at	-0.075817	7.882771e-01	9.086141e-01
Hs.200266_at	-0.075817	7.882771e-01	9.086141e-01
Hs.531106_at	-0.075817	7.882771e-01	9.086141e-01
Hs.132370_at	0.075817	7.882771e-01	9.086141e-01
Hs.439040_at	0.075817	7.882771e-01	9.086141e-01
Hs.621286_at	-0.075817	7.882771e-01	9.086141e-01
Hs.592324_at	0.075817	7.882771e-01	9.086141e-01
Hs.592286_at	-0.075817	7.882771e-01	9.086141e-01
Hs.649289_at	0.075817	7.882771e-01	9.086141e-01
Hs.652299_at	-0.075817	7.882771e-01	9.086141e-01
Hs.362806_at	-0.075817	7.882771e-01	9.086141e-01
Hs.134296_at	0.075817	7.882771e-01	9.086141e-01
Hs.7395_at	-0.075817	7.882771e-01	9.086141e-01
Hs.592270_at	-0.075817	7.882771e-01	9.086141e-01
Hs.201712_at	-0.075817	7.882771e-01	9.086141e-01
Hs.500897_at	-0.075817	7.882771e-01	9.086141e-01
Hs.500822_at	0.075817	7.882771e-01	9.086141e-01
Hs.317627_at	-0.075817	7.882771e-01	9.086141e-01
Hs.74471_at	-0.075817	7.882771e-01	9.086141e-01
Hs.515070_at	-0.075817	7.882771e-01	9.086141e-01
Hs.128105_at	-0.075817	7.882771e-01	9.086141e-01
Hs.464622_at	0.075817	7.882771e-01	9.086141e-01
Hs.373741_at	0.075817	7.882771e-01	9.086141e-01
Hs.600668_at	-0.075817	7.882771e-01	9.086141e-01
Hs.87236_at	0.075817	7.882771e-01	9.086141e-01
Hs.86674_at	0.075817	7.882771e-01	9.086141e-01
Hs.170667_at	0.075817	7.882771e-01	9.086141e-01
Hs.14780_at	0.075817	7.882771e-01	9.086141e-01
Hs.183671_at	0.075817	7.882771e-01	9.086141e-01
Hs.434736_at	0.075817	7.882771e-01	9.086141e-01
Hs.600087_at	-0.075817	7.882771e-01	9.086141e-01
Hs.599650_at	0.075817	7.882771e-01	9.086141e-01
Hs.372082_at	-0.075817	7.882771e-01	9.086141e-01
Hs.47629_at	-0.075817	7.882771e-01	9.086141e-01
Hs.152536_at	-0.075817	7.882771e-01	9.086141e-01
Hs.2820_at	0.075817	7.882771e-01	9.086141e-01
Hs.28070_at	-0.075817	7.882771e-01	9.086141e-01
Hs.462663_at	-0.075817	7.882771e-01	9.086141e-01
Hs.639957_at	-0.075817	7.882771e-01	9.086141e-01
Hs.271896_at	0.075817	7.882771e-01	9.086141e-01
Hs.591880_at	0.075817	7.882771e-01	9.086141e-01
Hs.608199_at	-0.075817	7.882771e-01	9.086141e-01
Hs.375957_at	-0.075817	7.882771e-01	9.086141e-01
Hs.271044_at	0.075817	7.882771e-01	9.086141e-01
Hs.370422_at	0.075817	7.882771e-01	9.086141e-01
Hs.607910_at	0.075817	7.882771e-01	9.086141e-01
Hs.489786_at	0.075817	7.882771e-01	9.086141e-01
Hs.639374_at	0.075817	7.882771e-01	9.086141e-01
Hs.437_at	-0.075817	7.882771e-01	9.086141e-01
Hs.136309_at	0.075817	7.882771e-01	9.086141e-01
Hs.462550_at	0.075817	7.882771e-01	9.086141e-01
Hs.591609_at	0.075817	7.882771e-01	9.086141e-01
Hs.608660_at	-0.075817	7.882771e-01	9.086141e-01
Hs.511067_at	0.075817	7.882771e-01	9.086141e-01
Hs.584908_at	-0.075817	7.882771e-01	9.086141e-01
Hs.253495_at	0.075817	7.882771e-01	9.086141e-01
Hs.143929_at	-0.075817	7.882771e-01	9.086141e-01
Hs.647381_at	-0.075817	7.882771e-01	9.086141e-01
Hs.132760_at	0.075817	7.882771e-01	9.086141e-01
Hs.434207_at	-0.075817	7.882771e-01	9.086141e-01
Hs.621403_at	0.075817	7.882771e-01	9.086141e-01
Hs.567754_at	0.075817	7.882771e-01	9.086141e-01
Hs.82116_at	-0.075817	7.882771e-01	9.086141e-01
Hs.5912_at	0.075817	7.882771e-01	9.086141e-01
Hs.554075_at	0.075817	7.882771e-01	9.086141e-01
Hs.535660_at	-0.075817	7.882771e-01	9.086141e-01
Hs.375035_at	0.075817	7.882771e-01	9.086141e-01
Hs.435556_at	-0.075817	7.882771e-01	9.086141e-01
Hs.170622_at	0.075817	7.882771e-01	9.086141e-01
Hs.17572_at	0.075817	7.882771e-01	9.086141e-01
Hs.22065_at	0.075817	7.882771e-01	9.086141e-01
Hs.601545_at	0.075817	7.882771e-01	9.086141e-01
Hs.369785_at	-0.075817	7.882771e-01	9.086141e-01
Hs.127059_at	0.075817	7.882771e-01	9.086141e-01
Hs.369703_at	-0.075817	7.882771e-01	9.086141e-01
Hs.88630_at	0.072206	7.981624e-01	9.136093e-01
Hs.368171_at	0.072206	7.981624e-01	9.136093e-01
Hs.76686_at	-0.072206	7.981624e-01	9.136093e-01
Hs.98843_at	0.072206	7.981624e-01	9.136093e-01
Hs.104879_at	-0.072206	7.981624e-01	9.136093e-01
Hs.596519_at	0.072206	7.981624e-01	9.136093e-01
Hs.381050_at	0.072206	7.981624e-01	9.136093e-01
Hs.58324_at	-0.072206	7.981624e-01	9.136093e-01
Hs.525198_at	0.072206	7.981624e-01	9.136093e-01
Hs.416358_at	-0.072206	7.981624e-01	9.136093e-01
Hs.593375_at	0.072206	7.981624e-01	9.136093e-01
Hs.405061_at	-0.072206	7.981624e-01	9.136093e-01
Hs.543797_at	0.072206	7.981624e-01	9.136093e-01
Hs.643357_at	0.072206	7.981624e-01	9.136093e-01
Hs.81134_at	0.072206	7.981624e-01	9.136093e-01
Hs.607927_at	0.072206	7.981624e-01	9.136093e-01
Hs.448972_at	0.072206	7.981624e-01	9.136093e-01
Hs.256747_at	-0.072206	7.981624e-01	9.136093e-01
Hs.291993_at	-0.072206	7.981624e-01	9.136093e-01
Hs.287554_at	0.072206	7.981624e-01	9.136093e-01
Hs.287388_at	0.072206	7.981624e-01	9.136093e-01
Hs.28491_at	-0.072206	7.981624e-01	9.136093e-01
Hs.515536_at	-0.072206	7.981624e-01	9.136093e-01
Hs.329327_at	-0.072206	7.981624e-01	9.136093e-01
Hs.234027_at	0.072206	7.981624e-01	9.136093e-01
Hs.630424_at	0.072206	7.981624e-01	9.136093e-01
Hs.1288_at	-0.072206	7.981624e-01	9.136093e-01
Hs.15476_at	0.072206	7.981624e-01	9.136093e-01
Hs.534074_at	0.072206	7.981624e-01	9.136093e-01
Hs.604170_at	0.072206	7.981624e-01	9.136093e-01
Hs.35937_at	0.072206	7.981624e-01	9.136093e-01
Hs.357663_at	-0.072206	7.981624e-01	9.136093e-01
Hs.26023_at	-0.072206	7.981624e-01	9.136093e-01
Hs.26268_at	0.072206	7.981624e-01	9.136093e-01
Hs.633960_at	0.072206	7.981624e-01	9.136093e-01
Hs.363558_at	-0.072206	7.981624e-01	9.136093e-01
Hs.434219_at	0.072206	7.981624e-01	9.136093e-01
Hs.376241_at	0.072206	7.981624e-01	9.136093e-01
Hs.604479_at	0.072206	7.981624e-01	9.136093e-01
Hs.435013_at	0.072206	7.981624e-01	9.136093e-01
Hs.434875_at	0.072206	7.981624e-01	9.136093e-01
Hs.69330_at	-0.072206	7.981624e-01	9.136093e-01
Hs.507475_at	0.072206	7.981624e-01	9.136093e-01
Hs.507537_at	-0.072206	7.981624e-01	9.136093e-01
Hs.514470_at	0.072206	7.981624e-01	9.136093e-01
Hs.644967+_at	0.072206	7.981624e-01	9.136093e-01
Hs.437745_at	-0.072206	7.981624e-01	9.136093e-01
Hs.633573_at	0.072206	7.981624e-01	9.136093e-01
Hs.375820_at	0.072206	7.981624e-01	9.136093e-01
Hs.591373_at	-0.072206	7.981624e-01	9.136093e-01
Hs.437322_at	-0.072206	7.981624e-01	9.136093e-01
Hs.592561_at	0.072206	7.981624e-01	9.136093e-01
Hs.12316_at	0.072206	7.981624e-01	9.136093e-01
Hs.624171_at	-0.072206	7.981624e-01	9.136093e-01
Hs.624137+_at	0.072206	7.981624e-01	9.136093e-01
Hs.7482_at	0.072206	7.981624e-01	9.136093e-01
Hs.513225_at	0.072206	7.981624e-01	9.136093e-01
Hs.513260_at	-0.072206	7.981624e-01	9.136093e-01
Hs.75110_at	0.072206	7.981624e-01	9.136093e-01
Hs.591405_at	0.072206	7.981624e-01	9.136093e-01
Hs.593969_at	-0.072206	7.981624e-01	9.136093e-01
Hs.443935_at	0.072206	7.981624e-01	9.136093e-01
Hs.443551_at	-0.072206	7.981624e-01	9.136093e-01
Hs.33191_at	0.072206	7.981624e-01	9.136093e-01
Hs.431792_at	0.072206	7.981624e-01	9.136093e-01
Hs.651103_at	0.072206	7.981624e-01	9.136093e-01
Hs.627200_at	-0.072206	7.981624e-01	9.136093e-01
Hs.488171_at	0.072206	7.981624e-01	9.136093e-01
Hs.443723_at	0.072206	7.981624e-01	9.136093e-01
Hs.7854_at	-0.072206	7.981624e-01	9.136093e-01
Hs.188495_at	-0.072206	7.981624e-01	9.136093e-01
Hs.184877_at	0.072206	7.981624e-01	9.136093e-01
Hs.369761_at	0.072206	7.981624e-01	9.136093e-01
Hs.593356_at	-0.072206	7.981624e-01	9.136093e-01
Hs.584880_at	-0.072206	7.981624e-01	9.136093e-01
Hs.520145_at	-0.072206	7.981624e-01	9.136093e-01
Hs.595207_at	-0.072206	7.981624e-01	9.136093e-01
Hs.240395_at	0.072206	7.981624e-01	9.136093e-01
Hs.534660_at	0.072206	7.981624e-01	9.136093e-01
Hs.509067_at	-0.072206	7.981624e-01	9.136093e-01
Hs.330463_at	-0.072206	7.981624e-01	9.136093e-01
Hs.334_at	0.072206	7.981624e-01	9.136093e-01
Hs.505516_at	-0.072206	7.981624e-01	9.136093e-01
Hs.67726_at	0.072206	7.981624e-01	9.136093e-01
Hs.413074_at	0.072206	7.981624e-01	9.136093e-01
Hs.435758_at	0.072206	7.981624e-01	9.136093e-01
Hs.614902_at	0.072206	7.981624e-01	9.136093e-01
Hs.276429_at	0.072206	7.981624e-01	9.136093e-01
Hs.635171_at	0.072206	7.981624e-01	9.136093e-01
Hs.517666_at	0.072206	7.981624e-01	9.136093e-01
Hs.121341_at	0.072206	7.981624e-01	9.136093e-01
Hs.469002_at	-0.072206	7.981624e-01	9.136093e-01
Hs.471441_at	-0.072206	7.981624e-01	9.136093e-01
Hs.599195_at	-0.072206	7.981624e-01	9.136093e-01
Hs.591189_at	-0.072206	7.981624e-01	9.136093e-01
Hs.130793_at	0.072206	7.981624e-01	9.136093e-01
Hs.77961_at	0.072206	7.981624e-01	9.136093e-01
Hs.336224_at	-0.072206	7.981624e-01	9.136093e-01
Hs.632460_at	0.072206	7.981624e-01	9.136093e-01
Hs.573018_at	-0.072206	7.981624e-01	9.136093e-01
Hs.159483_at	0.072206	7.981624e-01	9.136093e-01
Hs.647113_at	0.072206	7.981624e-01	9.136093e-01
Hs.5333_at	0.072206	7.981624e-01	9.136093e-01
Hs.614515_at	0.072206	7.981624e-01	9.136093e-01
Hs.435630_at	-0.072206	7.981624e-01	9.136093e-01
Hs.37445_at	-0.072206	7.981624e-01	9.136093e-01
Hs.498569_at	-0.072206	7.981624e-01	9.136093e-01
Hs.497684_at	0.072206	7.981624e-01	9.136093e-01
Hs.651406_at	0.072206	7.981624e-01	9.136093e-01
Hs.505676_at	-0.072206	7.981624e-01	9.136093e-01
Hs.486228_at	-0.072206	7.981624e-01	9.136093e-01
Hs.12109_at	0.072206	7.981624e-01	9.136093e-01
Hs.607368_at	0.072206	7.981624e-01	9.136093e-01
Hs.536218_at	-0.072206	7.981624e-01	9.136093e-01
Hs.536579_at	0.072206	7.981624e-01	9.136093e-01
Hs.288522_at	0.072206	7.981624e-01	9.136093e-01
Hs.125825_at	0.072206	7.981624e-01	9.136093e-01
Hs.530902_at	-0.072206	7.981624e-01	9.136093e-01
Hs.439760_at	-0.072206	7.981624e-01	9.136093e-01
Hs.105818_at	-0.072206	7.981624e-01	9.136093e-01
Hs.522418_at	-0.072206	7.981624e-01	9.136093e-01
Hs.344151_at	0.072206	7.981624e-01	9.136093e-01
Hs.25441_at	-0.068596	8.080763e-01	9.183600e-01
Hs.449098_at	0.068596	8.080763e-01	9.183600e-01
Hs.632137_at	0.068596	8.080763e-01	9.183600e-01
Hs.632093_at	-0.068596	8.080763e-01	9.183600e-01
Hs.97726_at	0.068596	8.080763e-01	9.183600e-01
Hs.596165_at	0.068596	8.080763e-01	9.183600e-01
Hs.524390_at	-0.068596	8.080763e-01	9.183600e-01
Hs.523054_at	-0.068596	8.080763e-01	9.183600e-01
Hs.381371_at	0.068596	8.080763e-01	9.183600e-01
Hs.120319_at	0.068596	8.080763e-01	9.183600e-01
Hs.636243_at	0.068596	8.080763e-01	9.183600e-01
Hs.592262_at	-0.068596	8.080763e-01	9.183600e-01
Hs.180761_at	-0.068596	8.080763e-01	9.183600e-01
Hs.605305_at	0.068596	8.080763e-01	9.183600e-01
Hs.177959_at	-0.068596	8.080763e-01	9.183600e-01
Hs.176588_at	-0.068596	8.080763e-01	9.183600e-01
Hs.647644_at	-0.068596	8.080763e-01	9.183600e-01
Hs.614080_at	-0.068596	8.080763e-01	9.183600e-01
Hs.591263_at	0.068596	8.080763e-01	9.183600e-01
Hs.532824_at	0.068596	8.080763e-01	9.183600e-01
Hs.24286_at	0.068596	8.080763e-01	9.183600e-01
Hs.499000_at	-0.068596	8.080763e-01	9.183600e-01
Hs.183232_at	-0.068596	8.080763e-01	9.183600e-01
Hs.617631_at	0.068596	8.080763e-01	9.183600e-01
Hs.302352_at	0.068596	8.080763e-01	9.183600e-01
Hs.594569_at	-0.068596	8.080763e-01	9.183600e-01
Hs.223712_at	0.068596	8.080763e-01	9.183600e-01
Hs.121449_at	0.068596	8.080763e-01	9.183600e-01
Hs.647399_at	-0.068596	8.080763e-01	9.183600e-01
Hs.507074_at	-0.068596	8.080763e-01	9.183600e-01
Hs.303649_at	0.068596	8.080763e-01	9.183600e-01
Hs.632579_at	0.068596	8.080763e-01	9.183600e-01
Hs.591586_at	-0.068596	8.080763e-01	9.183600e-01
Hs.631655_at	0.068596	8.080763e-01	9.183600e-01
Hs.460807_at	-0.068596	8.080763e-01	9.183600e-01
Hs.241414_at	-0.068596	8.080763e-01	9.183600e-01
Hs.388162_at	0.068596	8.080763e-01	9.183600e-01
Hs.111164_at	0.068596	8.080763e-01	9.183600e-01
Hs.156506_at	-0.068596	8.080763e-01	9.183600e-01
Hs.546295_at	-0.068596	8.080763e-01	9.183600e-01
Hs.18676_at	0.068596	8.080763e-01	9.183600e-01
Hs.186579_at	0.068596	8.080763e-01	9.183600e-01
Hs.634619_at	-0.068596	8.080763e-01	9.183600e-01
Hs.598410+_at	0.068596	8.080763e-01	9.183600e-01
Hs.489287_at	0.068596	8.080763e-01	9.183600e-01
Hs.645604_at	0.068596	8.080763e-01	9.183600e-01
Hs.482103_at	0.068596	8.080763e-01	9.183600e-01
Hs.532635_at	-0.068596	8.080763e-01	9.183600e-01
Hs.594011_at	-0.068596	8.080763e-01	9.183600e-01
Hs.443831_at	0.068596	8.080763e-01	9.183600e-01
Hs.533736_at	-0.068596	8.080763e-01	9.183600e-01
Hs.74565_at	0.068596	8.080763e-01	9.183600e-01
Hs.649308_at	0.068596	8.080763e-01	9.183600e-01
Hs.602301_at	0.068596	8.080763e-01	9.183600e-01
Hs.121749_at	0.068596	8.080763e-01	9.183600e-01
Hs.192342_at	0.068596	8.080763e-01	9.183600e-01
Hs.22857_at	0.068596	8.080763e-01	9.183600e-01
Hs.528366_at	0.068596	8.080763e-01	9.183600e-01
Hs.528437_at	-0.068596	8.080763e-01	9.183600e-01
Hs.390667_at	-0.068596	8.080763e-01	9.183600e-01
Hs.592283_at	0.068596	8.080763e-01	9.183600e-01
Hs.473082_at	0.068596	8.080763e-01	9.183600e-01
Hs.473117_at	-0.068596	8.080763e-01	9.183600e-01
Hs.639427-_at	-0.068596	8.080763e-01	9.183600e-01
Hs.532082_at	-0.068596	8.080763e-01	9.183600e-01
Hs.12751_at	0.068596	8.080763e-01	9.183600e-01
Hs.31387_at	0.068596	8.080763e-01	9.183600e-01
Hs.651210_at	0.068596	8.080763e-01	9.183600e-01
Hs.140309_at	-0.068596	8.080763e-01	9.183600e-01
Hs.271341_at	-0.068596	8.080763e-01	9.183600e-01
Hs.611057_at	-0.068596	8.080763e-01	9.183600e-01
Hs.326528_at	0.068596	8.080763e-01	9.183600e-01
Hs.534209_at	-0.068596	8.080763e-01	9.183600e-01
Hs.23170_at	-0.068596	8.080763e-01	9.183600e-01
Hs.232054_at	-0.068596	8.080763e-01	9.183600e-01
Hs.22905_at	-0.068596	8.080763e-01	9.183600e-01
Hs.633903_at	-0.068596	8.080763e-01	9.183600e-01
Hs.22960_at	0.068596	8.080763e-01	9.183600e-01
Hs.365706_at	0.068596	8.080763e-01	9.183600e-01
Hs.591391_at	-0.068596	8.080763e-01	9.183600e-01
Hs.153444_at	-0.068596	8.080763e-01	9.183600e-01
Hs.259168_at	-0.068596	8.080763e-01	9.183600e-01
Hs.26530_at	-0.068596	8.080763e-01	9.183600e-01
Hs.506381_at	0.068596	8.080763e-01	9.183600e-01
Hs.143821_at	-0.068596	8.080763e-01	9.183600e-01
Hs.372003_at	0.068596	8.080763e-01	9.183600e-01
Hs.511432_at	0.068596	8.080763e-01	9.183600e-01
Hs.362324_at	0.068596	8.080763e-01	9.183600e-01
Hs.604223_at	0.068596	8.080763e-01	9.183600e-01
Hs.591464_at	-0.068596	8.080763e-01	9.183600e-01
Hs.195740_at	0.068596	8.080763e-01	9.183600e-01
Hs.560247_at	-0.068596	8.080763e-01	9.183600e-01
Hs.79322_at	0.068596	8.080763e-01	9.183600e-01
Hs.514745_at	-0.068596	8.080763e-01	9.183600e-01
Hs.505575_at	-0.068596	8.080763e-01	9.183600e-01
Hs.151274_at	-0.068596	8.080763e-01	9.183600e-01
Hs.463295_at	-0.068596	8.080763e-01	9.183600e-01
Hs.27475_at	-0.068596	8.080763e-01	9.183600e-01
Hs.271954_at	-0.068596	8.080763e-01	9.183600e-01
Hs.90691_at	-0.068596	8.080763e-01	9.183600e-01
Hs.116828_at	0.068596	8.080763e-01	9.183600e-01
Hs.44017_at	-0.068596	8.080763e-01	9.183600e-01
Hs.622890_at	-0.068596	8.080763e-01	9.183600e-01
Hs.642701_at	0.068596	8.080763e-01	9.183600e-01
Hs.98206_at	0.068596	8.080763e-01	9.183600e-01
Hs.97978_at	0.068596	8.080763e-01	9.183600e-01
Hs.632029_at	0.068596	8.080763e-01	9.183600e-01
Hs.632221_at	0.068596	8.080763e-01	9.183600e-01
Hs.502176_at	0.068596	8.080763e-01	9.183600e-01
Hs.203206_at	-0.068596	8.080763e-01	9.183600e-01
Hs.20716_at	-0.068596	8.080763e-01	9.183600e-01
Hs.440898_at	0.068596	8.080763e-01	9.183600e-01
Hs.125614_at	0.068596	8.080763e-01	9.183600e-01
Hs.503160_at	0.068596	8.080763e-01	9.183600e-01
Hs.502989_at	-0.068596	8.080763e-01	9.183600e-01
Hs.147041_at	-0.068596	8.080763e-01	9.183600e-01
Hs.350569_at	-0.068596	8.080763e-01	9.183600e-01
Hs.199731_at	0.068596	8.080763e-01	9.183600e-01
Hs.475963_at	0.068596	8.080763e-01	9.183600e-01
Hs.475018_at	0.068596	8.080763e-01	9.183600e-01
Hs.20021_at	0.068596	8.080763e-01	9.183600e-01
Hs.200100_at	-0.068596	8.080763e-01	9.183600e-01
Hs.108371_at	0.068596	8.080763e-01	9.183600e-01
Hs.591778_at	0.068596	8.080763e-01	9.183600e-01
Hs.415790_at	-0.068596	8.080763e-01	9.183600e-01
Hs.591913_at	0.068596	8.080763e-01	9.183600e-01
Hs.91283_at	-0.064986	8.180174e-01	9.226074e-01
Hs.117331_at	-0.064986	8.180174e-01	9.226074e-01
Hs.433573_at	0.064986	8.180174e-01	9.226074e-01
Hs.463702_at	-0.064986	8.180174e-01	9.226074e-01
Hs.516439_at	-0.064986	8.180174e-01	9.226074e-01
Hs.124611_at	-0.064986	8.180174e-01	9.226074e-01
Hs.567267_at	0.064986	8.180174e-01	9.226074e-01
Hs.405153_at	0.064986	8.180174e-01	9.226074e-01
Hs.593364_at	0.064986	8.180174e-01	9.226074e-01
Hs.99884_at	-0.064986	8.180174e-01	9.226074e-01
Hs.384644_at	0.064986	8.180174e-01	9.226074e-01
Hs.126706_at	-0.064986	8.180174e-01	9.226074e-01
Hs.595439_at	-0.064986	8.180174e-01	9.226074e-01
Hs.255874_at	0.064986	8.180174e-01	9.226074e-01
Hs.99855_at	-0.064986	8.180174e-01	9.226074e-01
Hs.98309_at	-0.064986	8.180174e-01	9.226074e-01
Hs.591383_at	0.064986	8.180174e-01	9.226074e-01
Hs.22930_at	-0.064986	8.180174e-01	9.226074e-01
Hs.63335_at	-0.064986	8.180174e-01	9.226074e-01
Hs.604407_at	0.064986	8.180174e-01	9.226074e-01
Hs.59093_at	0.064986	8.180174e-01	9.226074e-01
Hs.437437_at	0.064986	8.180174e-01	9.226074e-01
Hs.437444_at	-0.064986	8.180174e-01	9.226074e-01
Hs.515130_at	-0.064986	8.180174e-01	9.226074e-01
Hs.644599_at	-0.064986	8.180174e-01	9.226074e-01
Hs.479756_at	0.064986	8.180174e-01	9.226074e-01
Hs.515210_at	0.064986	8.180174e-01	9.226074e-01
Hs.202207_at	0.064986	8.180174e-01	9.226074e-01
Hs.440364_at	0.064986	8.180174e-01	9.226074e-01
Hs.515785_at	-0.064986	8.180174e-01	9.226074e-01
Hs.472667_at	-0.064986	8.180174e-01	9.226074e-01
Hs.209226_at	0.064986	8.180174e-01	9.226074e-01
Hs.472038_at	0.064986	8.180174e-01	9.226074e-01
Hs.594160_at	0.064986	8.180174e-01	9.226074e-01
Hs.337242_at	-0.064986	8.180174e-01	9.226074e-01
Hs.459379_at	0.064986	8.180174e-01	9.226074e-01
Hs.26670_at	0.064986	8.180174e-01	9.226074e-01
Hs.500635_at	0.064986	8.180174e-01	9.226074e-01
Hs.152477_at	0.064986	8.180174e-01	9.226074e-01
Hs.44640_at	0.064986	8.180174e-01	9.226074e-01
Hs.414880_at	0.064986	8.180174e-01	9.226074e-01
Hs.369755_at	-0.064986	8.180174e-01	9.226074e-01
Hs.124940_at	0.064986	8.180174e-01	9.226074e-01
Hs.124503_at	0.064986	8.180174e-01	9.226074e-01
Hs.480042_at	-0.064986	8.180174e-01	9.226074e-01
Hs.191213_at	0.064986	8.180174e-01	9.226074e-01
Hs.529618_at	0.064986	8.180174e-01	9.226074e-01
Hs.517353_at	0.064986	8.180174e-01	9.226074e-01
Hs.638933_at	0.064986	8.180174e-01	9.226074e-01
Hs.21107_at	-0.064986	8.180174e-01	9.226074e-01
Hs.624137-_at	0.064986	8.180174e-01	9.226074e-01
Hs.619420_at	0.064986	8.180174e-01	9.226074e-01
Hs.293685_at	0.064986	8.180174e-01	9.226074e-01
Hs.620591_at	-0.064986	8.180174e-01	9.226074e-01
Hs.29288_at	-0.064986	8.180174e-01	9.226074e-01
Hs.20529_at	0.064986	8.180174e-01	9.226074e-01
Hs.585396_at	-0.064986	8.180174e-01	9.226074e-01
Hs.650399_at	-0.064986	8.180174e-01	9.226074e-01
Hs.114761_at	-0.064986	8.180174e-01	9.226074e-01
Hs.631556_at	-0.064986	8.180174e-01	9.226074e-01
Hs.4973_at	0.064986	8.180174e-01	9.226074e-01
Hs.30875_at	0.064986	8.180174e-01	9.226074e-01
Hs.75231_at	-0.064986	8.180174e-01	9.226074e-01
Hs.553508_at	0.064986	8.180174e-01	9.226074e-01
Hs.393714_at	0.064986	8.180174e-01	9.226074e-01
Hs.375832_at	0.064986	8.180174e-01	9.226074e-01
Hs.422676_at	0.064986	8.180174e-01	9.226074e-01
Hs.144333_at	-0.064986	8.180174e-01	9.226074e-01
Hs.112160_at	-0.064986	8.180174e-01	9.226074e-01
Hs.632398_at	-0.064986	8.180174e-01	9.226074e-01
Hs.593538_at	-0.064986	8.180174e-01	9.226074e-01
Hs.481202_at	0.064986	8.180174e-01	9.226074e-01
Hs.187866_at	0.064986	8.180174e-01	9.226074e-01
Hs.602137_at	-0.064986	8.180174e-01	9.226074e-01
Hs.369385_at	-0.064986	8.180174e-01	9.226074e-01
Hs.618459_at	0.064986	8.180174e-01	9.226074e-01
Hs.302036_at	-0.064986	8.180174e-01	9.226074e-01
Hs.135098_at	0.064986	8.180174e-01	9.226074e-01
Hs.76090_at	0.064986	8.180174e-01	9.226074e-01
Hs.513244_at	0.064986	8.180174e-01	9.226074e-01
Hs.408530_at	-0.064986	8.180174e-01	9.226074e-01
Hs.375030_at	0.064986	8.180174e-01	9.226074e-01
Hs.173337_at	0.064986	8.180174e-01	9.226074e-01
Hs.173135_at	0.064986	8.180174e-01	9.226074e-01
Hs.466910_at	0.064986	8.180174e-01	9.226074e-01
Hs.466664_at	-0.064986	8.180174e-01	9.226074e-01
Hs.276287_at	-0.064986	8.180174e-01	9.226074e-01
Hs.71912_at	-0.064986	8.180174e-01	9.226074e-01
Hs.496383_at	-0.064986	8.180174e-01	9.226074e-01
Hs.609017-_at	0.064986	8.180174e-01	9.226074e-01
Hs.651752_at	0.064986	8.180174e-01	9.226074e-01
Hs.110839_at	0.064986	8.180174e-01	9.226074e-01
Hs.248018_at	-0.064986	8.180174e-01	9.226074e-01
Hs.301658_at	0.064986	8.180174e-01	9.226074e-01
Hs.556037_at	-0.064986	8.180174e-01	9.226074e-01
Hs.638262_at	-0.064986	8.180174e-01	9.226074e-01
Hs.591190_at	0.064986	8.180174e-01	9.226074e-01
Hs.616365_at	0.064986	8.180174e-01	9.226074e-01
Hs.586423_at	-0.064986	8.180174e-01	9.226074e-01
Hs.609401_at	0.064986	8.180174e-01	9.226074e-01
Hs.368928_at	0.064986	8.180174e-01	9.226074e-01
Hs.220977_at	-0.064986	8.180174e-01	9.226074e-01
Hs.120893_at	0.064986	8.180174e-01	9.226074e-01
Hs.1770_at	0.064986	8.180174e-01	9.226074e-01
Hs.651330_at	0.064986	8.180174e-01	9.226074e-01
Hs.584939_at	0.064986	8.180174e-01	9.226074e-01
Hs.241543_at	0.064986	8.180174e-01	9.226074e-01
Hs.1154_at	-0.064986	8.180174e-01	9.226074e-01
Hs.534456_at	-0.064986	8.180174e-01	9.226074e-01
Hs.379386_at	0.064986	8.180174e-01	9.226074e-01
Hs.626339_at	0.064986	8.180174e-01	9.226074e-01
Hs.533292_at	-0.064986	8.180174e-01	9.226074e-01
Hs.201446-_at	-0.064986	8.180174e-01	9.226074e-01
Hs.56281_at	-0.064986	8.180174e-01	9.226074e-01
Hs.652394_at	-0.064986	8.180174e-01	9.226074e-01
Hs.146559_at	0.064986	8.180174e-01	9.226074e-01
Hs.349705_at	0.064986	8.180174e-01	9.226074e-01
Hs.607338_at	0.064986	8.180174e-01	9.226074e-01
Hs.250758_at	-0.064986	8.180174e-01	9.226074e-01
Hs.98025_at	0.064986	8.180174e-01	9.226074e-01
Hs.14623_at	0.064986	8.180174e-01	9.226074e-01
Hs.204564_at	-0.064986	8.180174e-01	9.226074e-01
Hs.149032_at	-0.064986	8.180174e-01	9.226074e-01
Hs.433269_at	0.064986	8.180174e-01	9.226074e-01
Hs.433473_at	-0.064986	8.180174e-01	9.226074e-01
Hs.611951_at	-0.064986	8.180174e-01	9.226074e-01
Hs.136295_at	-0.064986	8.180174e-01	9.226074e-01
Hs.533878_at	-0.064986	8.180174e-01	9.226074e-01
Hs.632247_at	-0.064986	8.180174e-01	9.226074e-01
Hs.24950_at	-0.064986	8.180174e-01	9.226074e-01
Hs.9754_at	0.064986	8.180174e-01	9.226074e-01
Hs.149991_at	0.064986	8.180174e-01	9.226074e-01
Hs.652363_at	0.064986	8.180174e-01	9.226074e-01
Hs.149305_at	0.064986	8.180174e-01	9.226074e-01
Hs.632121_at	-0.064986	8.180174e-01	9.226074e-01
Hs.603732_at	-0.061375	8.279842e-01	9.266647e-01
Hs.570423_at	-0.061375	8.279842e-01	9.266647e-01
Hs.135904_at	0.061375	8.279842e-01	9.266647e-01
Hs.409226_at	-0.061375	8.279842e-01	9.266647e-01
Hs.434185_at	-0.061375	8.279842e-01	9.266647e-01
Hs.592114_at	-0.061375	8.279842e-01	9.266647e-01
Hs.7370_at	0.061375	8.279842e-01	9.266647e-01
Hs.148670_at	-0.061375	8.279842e-01	9.266647e-01
Hs.522933_at	-0.061375	8.279842e-01	9.266647e-01
Hs.523696_at	-0.061375	8.279842e-01	9.266647e-01
Hs.582788_at	-0.061375	8.279842e-01	9.266647e-01
Hs.100743_at	-0.061375	8.279842e-01	9.266647e-01
Hs.418497_at	-0.061375	8.279842e-01	9.266647e-01
Hs.523457_at	0.061375	8.279842e-01	9.266647e-01
Hs.524278_at	0.061375	8.279842e-01	9.266647e-01
Hs.513071_at	0.061375	8.279842e-01	9.266647e-01
Hs.610192_at	0.061375	8.279842e-01	9.266647e-01
Hs.432535_at	-0.061375	8.279842e-01	9.266647e-01
Hs.632604_at	-0.061375	8.279842e-01	9.266647e-01
Hs.49853_at	-0.061375	8.279842e-01	9.266647e-01
Hs.608198_at	-0.061375	8.279842e-01	9.266647e-01
Hs.652793_at	0.061375	8.279842e-01	9.266647e-01
Hs.57813_at	-0.061375	8.279842e-01	9.266647e-01
Hs.516159_at	0.061375	8.279842e-01	9.266647e-01
Hs.59363_at	-0.061375	8.279842e-01	9.266647e-01
Hs.639366_at	0.061375	8.279842e-01	9.266647e-01
Hs.652142_at	-0.061375	8.279842e-01	9.266647e-01
Hs.156124_at	0.061375	8.279842e-01	9.266647e-01
Hs.472101_at	0.061375	8.279842e-01	9.266647e-01
Hs.288954_at	-0.061375	8.279842e-01	9.266647e-01
Hs.622365_at	0.061375	8.279842e-01	9.266647e-01
Hs.83077_at	-0.061375	8.279842e-01	9.266647e-01
Hs.593706_at	0.061375	8.279842e-01	9.266647e-01
Hs.515164_at	-0.061375	8.279842e-01	9.266647e-01
Hs.473819_at	0.061375	8.279842e-01	9.266647e-01
Hs.473341_at	0.061375	8.279842e-01	9.266647e-01
Hs.567312_at	0.061375	8.279842e-01	9.266647e-01
Hs.531561_at	0.061375	8.279842e-01	9.266647e-01
Hs.514636_at	0.061375	8.279842e-01	9.266647e-01
Hs.621262_at	-0.061375	8.279842e-01	9.266647e-01
Hs.445999_at	-0.061375	8.279842e-01	9.266647e-01
Hs.268488_at	0.061375	8.279842e-01	9.266647e-01
Hs.487296_at	0.061375	8.279842e-01	9.266647e-01
Hs.177275_at	-0.061375	8.279842e-01	9.266647e-01
Hs.497893_at	0.061375	8.279842e-01	9.266647e-01
Hs.605018_at	0.061375	8.279842e-01	9.266647e-01
Hs.651228_at	0.061375	8.279842e-01	9.266647e-01
Hs.75438_at	0.061375	8.279842e-01	9.266647e-01
Hs.121017_at	-0.061375	8.279842e-01	9.266647e-01
Hs.12068_at	0.061375	8.279842e-01	9.266647e-01
Hs.177861_at	0.061375	8.279842e-01	9.266647e-01
Hs.635456_at	-0.061375	8.279842e-01	9.266647e-01
Hs.635114_at	0.061375	8.279842e-01	9.266647e-01
Hs.220649_at	0.061375	8.279842e-01	9.266647e-01
Hs.624_at	-0.061375	8.279842e-01	9.266647e-01
Hs.304578_at	-0.061375	8.279842e-01	9.266647e-01
Hs.506663_at	-0.061375	8.279842e-01	9.266647e-01
Hs.160418_at	0.061375	8.279842e-01	9.266647e-01
Hs.160063_at	-0.061375	8.279842e-01	9.266647e-01
Hs.586239_at	0.061375	8.279842e-01	9.266647e-01
Hs.213766_at	0.061375	8.279842e-01	9.266647e-01
Hs.631543_at	-0.061375	8.279842e-01	9.266647e-01
Hs.161276_at	-0.061375	8.279842e-01	9.266647e-01
Hs.632826_at	0.061375	8.279842e-01	9.266647e-01
Hs.650468-_at	0.061375	8.279842e-01	9.266647e-01
Hs.292843_at	-0.061375	8.279842e-01	9.266647e-01
Hs.437256_at	0.061375	8.279842e-01	9.266647e-01
Hs.296942_at	0.061375	8.279842e-01	9.266647e-01
Hs.369232_at	-0.061375	8.279842e-01	9.266647e-01
Hs.602349_at	-0.061375	8.279842e-01	9.266647e-01
Hs.190877_at	0.061375	8.279842e-01	9.266647e-01
Hs.210385_at	0.061375	8.279842e-01	9.266647e-01
Hs.645903_at	0.061375	8.279842e-01	9.266647e-01
Hs.5324_at	-0.061375	8.279842e-01	9.266647e-01
Hs.83734_at	0.061375	8.279842e-01	9.266647e-01
Hs.266826_at	0.061375	8.279842e-01	9.266647e-01
Hs.248217_at	0.061375	8.279842e-01	9.266647e-01
Hs.501114_at	0.061375	8.279842e-01	9.266647e-01
Hs.339646_at	0.061375	8.279842e-01	9.266647e-01
Hs.306764_at	-0.061375	8.279842e-01	9.266647e-01
Hs.436205_at	-0.061375	8.279842e-01	9.266647e-01
Hs.513726_at	-0.061375	8.279842e-01	9.266647e-01
Hs.298198_at	0.061375	8.279842e-01	9.266647e-01
Hs.484551_at	0.061375	8.279842e-01	9.266647e-01
Hs.520102_at	0.061375	8.279842e-01	9.266647e-01
Hs.520106_at	0.061375	8.279842e-01	9.266647e-01
Hs.159590_at	-0.061375	8.279842e-01	9.266647e-01
Hs.72307_at	0.061375	8.279842e-01	9.266647e-01
Hs.650821_at	-0.061375	8.279842e-01	9.266647e-01
Hs.173134_at	0.061375	8.279842e-01	9.266647e-01
Hs.278910_at	0.061375	8.279842e-01	9.266647e-01
Hs.489051_at	-0.061375	8.279842e-01	9.266647e-01
Hs.173311_at	-0.061375	8.279842e-01	9.266647e-01
Hs.132327_at	-0.061375	8.279842e-01	9.266647e-01
Hs.513126_at	-0.061375	8.279842e-01	9.266647e-01
Hs.487561_at	-0.061375	8.279842e-01	9.266647e-01
Hs.77719_at	-0.061375	8.279842e-01	9.266647e-01
Hs.436405_at	0.061375	8.279842e-01	9.266647e-01
Hs.484111_at	0.061375	8.279842e-01	9.266647e-01
Hs.188456_at	-0.061375	8.279842e-01	9.266647e-01
Hs.443789_at	-0.061375	8.279842e-01	9.266647e-01
Hs.443460_at	0.061375	8.279842e-01	9.266647e-01
Hs.535676_at	0.061375	8.279842e-01	9.266647e-01
Hs.446357_at	-0.061375	8.279842e-01	9.266647e-01
Hs.423968_at	0.061375	8.279842e-01	9.266647e-01
Hs.632476_at	0.061375	8.279842e-01	9.266647e-01
Hs.595279_at	0.061375	8.279842e-01	9.266647e-01
Hs.227011_at	-0.061375	8.279842e-01	9.266647e-01
Hs.444483_at	0.061375	8.279842e-01	9.266647e-01
Hs.591329_at	-0.061375	8.279842e-01	9.266647e-01
Hs.614045-_at	0.061375	8.279842e-01	9.266647e-01
Hs.113876_at	0.061375	8.279842e-01	9.266647e-01
Hs.386502_at	-0.061375	8.279842e-01	9.266647e-01
Hs.416862_at	-0.061375	8.279842e-01	9.266647e-01
Hs.606426_at	0.061375	8.279842e-01	9.266647e-01
Hs.606092_at	0.061375	8.279842e-01	9.266647e-01
Hs.567269_at	-0.061375	8.279842e-01	9.266647e-01
Hs.531563_at	0.061375	8.279842e-01	9.266647e-01
Hs.25277_at	0.061375	8.279842e-01	9.266647e-01
Hs.606896_at	0.061375	8.279842e-01	9.266647e-01
Hs.536535_at	0.061375	8.279842e-01	9.266647e-01
Hs.200022_at	-0.061375	8.279842e-01	9.266647e-01
Hs.37125_at	0.061375	8.279842e-01	9.266647e-01
Hs.544767_at	0.061375	8.279842e-01	9.266647e-01
Hs.514795_at	0.061375	8.279842e-01	9.266647e-01
Hs.465744_at	0.061375	8.279842e-01	9.266647e-01
Hs.604846_at	0.061375	8.279842e-01	9.266647e-01
Hs.31869_at	0.061375	8.279842e-01	9.266647e-01
Hs.368554_at	-0.061375	8.279842e-01	9.266647e-01
Hs.368920_at	-0.061375	8.279842e-01	9.266647e-01
Hs.63489_at	-0.061375	8.279842e-01	9.266647e-01
Hs.467174_at	-0.061375	8.279842e-01	9.266647e-01
Hs.467740_at	-0.061375	8.279842e-01	9.266647e-01
Hs.3745_at	0.061375	8.279842e-01	9.266647e-01
Hs.391464_at	0.061375	8.279842e-01	9.266647e-01
Hs.647394_at	0.061375	8.279842e-01	9.266647e-01
Hs.536663_at	0.061375	8.279842e-01	9.266647e-01
Hs.108112_at	0.061375	8.279842e-01	9.266647e-01
Hs.165559_at	-0.057765	8.379754e-01	9.307387e-01
Hs.61184_at	0.057765	8.379754e-01	9.307387e-01
Hs.633217_at	-0.057765	8.379754e-01	9.307387e-01
Hs.534307_at	-0.057765	8.379754e-01	9.307387e-01
Hs.409925_at	0.057765	8.379754e-01	9.307387e-01
Hs.492407_at	-0.057765	8.379754e-01	9.307387e-01
Hs.433791_at	-0.057765	8.379754e-01	9.307387e-01
Hs.534384_at	0.057765	8.379754e-01	9.307387e-01
Hs.355333_at	0.057765	8.379754e-01	9.307387e-01
Hs.354972_at	-0.057765	8.379754e-01	9.307387e-01
Hs.23118_at	-0.057765	8.379754e-01	9.307387e-01
Hs.370408_at	0.057765	8.379754e-01	9.307387e-01
Hs.540784_at	0.057765	8.379754e-01	9.307387e-01
Hs.514950_at	-0.057765	8.379754e-01	9.307387e-01
Hs.463785_at	0.057765	8.379754e-01	9.307387e-01
Hs.569831_at	0.057765	8.379754e-01	9.307387e-01
Hs.2719_at	0.057765	8.379754e-01	9.307387e-01
Hs.14770_at	-0.057765	8.379754e-01	9.307387e-01
Hs.25597_at	0.057765	8.379754e-01	9.307387e-01
Hs.289293_at	0.057765	8.379754e-01	9.307387e-01
Hs.288969_at	-0.057765	8.379754e-01	9.307387e-01
Hs.631245_at	0.057765	8.379754e-01	9.307387e-01
Hs.274579_at	0.057765	8.379754e-01	9.307387e-01
Hs.31931_at	0.057765	8.379754e-01	9.307387e-01
Hs.319438_at	0.057765	8.379754e-01	9.307387e-01
Hs.109051_at	0.057765	8.379754e-01	9.307387e-01
Hs.538103_at	-0.057765	8.379754e-01	9.307387e-01
Hs.522753_at	-0.057765	8.379754e-01	9.307387e-01
Hs.642965+_at	-0.057765	8.379754e-01	9.307387e-01
Hs.924_at	-0.057765	8.379754e-01	9.307387e-01
Hs.445000_at	0.057765	8.379754e-01	9.307387e-01
Hs.475055_at	-0.057765	8.379754e-01	9.307387e-01
Hs.596461_at	0.057765	8.379754e-01	9.307387e-01
Hs.601168-_at	0.057765	8.379754e-01	9.307387e-01
Hs.370858_at	0.057765	8.379754e-01	9.307387e-01
Hs.371016_at	-0.057765	8.379754e-01	9.307387e-01
Hs.343383_at	-0.057765	8.379754e-01	9.307387e-01
Hs.536154_at	0.057765	8.379754e-01	9.307387e-01
Hs.170557_at	0.057765	8.379754e-01	9.307387e-01
Hs.13526_at	0.057765	8.379754e-01	9.307387e-01
Hs.435001_at	-0.057765	8.379754e-01	9.307387e-01
Hs.511871_at	-0.057765	8.379754e-01	9.307387e-01
Hs.407510_at	-0.057765	8.379754e-01	9.307387e-01
Hs.1116_at	0.057765	8.379754e-01	9.307387e-01
Hs.9589_at	-0.057765	8.379754e-01	9.307387e-01
Hs.310545_at	0.057765	8.379754e-01	9.307387e-01
Hs.585579_at	-0.057765	8.379754e-01	9.307387e-01
Hs.50499_at	-0.057765	8.379754e-01	9.307387e-01
Hs.535711_at	0.057765	8.379754e-01	9.307387e-01
Hs.7678_at	-0.057765	8.379754e-01	9.307387e-01
Hs.593486_at	-0.057765	8.379754e-01	9.307387e-01
Hs.469840_at	0.057765	8.379754e-01	9.307387e-01
Hs.189825_at	-0.057765	8.379754e-01	9.307387e-01
Hs.484288_at	-0.057765	8.379754e-01	9.307387e-01
Hs.591242_at	0.057765	8.379754e-01	9.307387e-01
Hs.368131_at	-0.057765	8.379754e-01	9.307387e-01
Hs.173233_at	-0.057765	8.379754e-01	9.307387e-01
Hs.85937_at	0.057765	8.379754e-01	9.307387e-01
Hs.496240_at	0.057765	8.379754e-01	9.307387e-01
Hs.226000_at	0.057765	8.379754e-01	9.307387e-01
Hs.62771_at	0.057765	8.379754e-01	9.307387e-01
Hs.1722_at	0.057765	8.379754e-01	9.307387e-01
Hs.489190_at	-0.057765	8.379754e-01	9.307387e-01
Hs.24301_at	0.057765	8.379754e-01	9.307387e-01
Hs.650712_at	0.057765	8.379754e-01	9.307387e-01
Hs.534460_at	0.057765	8.379754e-01	9.307387e-01
Hs.529100_at	-0.057765	8.379754e-01	9.307387e-01
Hs.556090_at	0.057765	8.379754e-01	9.307387e-01
Hs.586196_at	0.057765	8.379754e-01	9.307387e-01
Hs.513984_at	0.057765	8.379754e-01	9.307387e-01
Hs.602110_at	0.057765	8.379754e-01	9.307387e-01
Hs.632268_at	0.057765	8.379754e-01	9.307387e-01
Hs.591088_at	-0.057765	8.379754e-01	9.307387e-01
Hs.325631_at	-0.057765	8.379754e-01	9.307387e-01
Hs.389374_at	-0.057765	8.379754e-01	9.307387e-01
Hs.127535_at	-0.057765	8.379754e-01	9.307387e-01
Hs.19414_at	-0.057765	8.379754e-01	9.307387e-01
Hs.193516_at	0.057765	8.379754e-01	9.307387e-01
Hs.645244_at	-0.057765	8.379754e-01	9.307387e-01
Hs.631533_at	0.057765	8.379754e-01	9.307387e-01
Hs.651163_at	0.057765	8.379754e-01	9.307387e-01
Hs.1424_at	0.057765	8.379754e-01	9.307387e-01
Hs.509780_at	0.057765	8.379754e-01	9.307387e-01
Hs.592060_at	-0.057765	8.379754e-01	9.307387e-01
Hs.159699_at	-0.057765	8.379754e-01	9.307387e-01
Hs.469369_at	0.057765	8.379754e-01	9.307387e-01
Hs.636545_at	0.057765	8.379754e-01	9.307387e-01
Hs.22111_at	0.057765	8.379754e-01	9.307387e-01
Hs.21929_at	-0.057765	8.379754e-01	9.307387e-01
Hs.159142_at	0.057765	8.379754e-01	9.307387e-01
Hs.528952_at	0.057765	8.379754e-01	9.307387e-01
Hs.55412_at	-0.057765	8.379754e-01	9.307387e-01
Hs.269782_at	-0.057765	8.379754e-01	9.307387e-01
Hs.158992_at	-0.057765	8.379754e-01	9.307387e-01
Hs.567352_at	0.057765	8.379754e-01	9.307387e-01
Hs.370423_at	-0.057765	8.379754e-01	9.307387e-01
Hs.200004_at	0.057765	8.379754e-01	9.307387e-01
Hs.12554_at	0.057765	8.379754e-01	9.307387e-01
Hs.437943_at	-0.057765	8.379754e-01	9.307387e-01
Hs.155017_at	-0.057765	8.379754e-01	9.307387e-01
Hs.607928_at	0.057765	8.379754e-01	9.307387e-01
Hs.472860_at	-0.057765	8.379754e-01	9.307387e-01
Hs.642655_at	-0.057765	8.379754e-01	9.307387e-01
Hs.641880_at	-0.057765	8.379754e-01	9.307387e-01
Hs.642055_at	0.057765	8.379754e-01	9.307387e-01
Hs.500598_at	-0.057765	8.379754e-01	9.307387e-01
Hs.461361_at	-0.057765	8.379754e-01	9.307387e-01
Hs.520207_at	0.057765	8.379754e-01	9.307387e-01
Hs.159201_at	0.057765	8.379754e-01	9.307387e-01
Hs.159223_at	0.057765	8.379754e-01	9.307387e-01
Hs.498727_at	-0.057765	8.379754e-01	9.307387e-01
Hs.380627_at	0.057765	8.379754e-01	9.307387e-01
Hs.380135_at	-0.057765	8.379754e-01	9.307387e-01
Hs.379848_at	0.057765	8.379754e-01	9.307387e-01
Hs.462086_at	0.057765	8.379754e-01	9.307387e-01
Hs.221660_at	0.057765	8.379754e-01	9.307387e-01
Hs.614448_at	-0.057765	8.379754e-01	9.307387e-01
Hs.647403_at	-0.057765	8.379754e-01	9.307387e-01
Hs.568044_at	0.057765	8.379754e-01	9.307387e-01
Hs.635690_at	-0.057765	8.379754e-01	9.307387e-01
Hs.475502_at	0.057765	8.379754e-01	9.307387e-01
Hs.652423_at	-0.057765	8.379754e-01	9.307387e-01
Hs.89655_at	0.057765	8.379754e-01	9.307387e-01
Hs.131683_at	-0.057765	8.379754e-01	9.307387e-01
Hs.614161_at	0.057765	8.379754e-01	9.307387e-01
Hs.607616_at	-0.057765	8.379754e-01	9.307387e-01
Hs.642842_at	-0.057765	8.379754e-01	9.307387e-01
Hs.607831_at	-0.057765	8.379754e-01	9.307387e-01
Hs.591836_at	0.057765	8.379754e-01	9.307387e-01
Hs.149566_at	-0.057765	8.379754e-01	9.307387e-01
Hs.54415_at	0.057765	8.379754e-01	9.307387e-01
Hs.2533_at	-0.057765	8.379754e-01	9.307387e-01
Hs.12707_at	-0.057765	8.379754e-01	9.307387e-01
Hs.524014_at	-0.057765	8.379754e-01	9.307387e-01
Hs.522520_at	-0.057765	8.379754e-01	9.307387e-01
Hs.97753_at	-0.057765	8.379754e-01	9.307387e-01
Hs.632200_at	-0.057765	8.379754e-01	9.307387e-01
Hs.25391_at	0.054155	8.479897e-01	9.338539e-01
Hs.253706_at	0.054155	8.479897e-01	9.338539e-01
Hs.81170_at	0.054155	8.479897e-01	9.338539e-01
Hs.643570_at	-0.054155	8.479897e-01	9.338539e-01
Hs.201034_at	-0.054155	8.479897e-01	9.338539e-01
Hs.652877_at	-0.054155	8.479897e-01	9.338539e-01
Hs.146629_at	0.054155	8.479897e-01	9.338539e-01
Hs.652412_at	-0.054155	8.479897e-01	9.338539e-01
Hs.147313_at	0.054155	8.479897e-01	9.338539e-01
Hs.384605_at	-0.054155	8.479897e-01	9.338539e-01
Hs.149443_at	0.054155	8.479897e-01	9.338539e-01
Hs.652281_at	-0.054155	8.479897e-01	9.338539e-01
Hs.541710_at	-0.054155	8.479897e-01	9.338539e-01
Hs.502004_at	0.054155	8.479897e-01	9.338539e-01
Hs.652311_at	0.054155	8.479897e-01	9.338539e-01
Hs.652315_at	0.054155	8.479897e-01	9.338539e-01
Hs.570311_at	0.054155	8.479897e-01	9.338539e-01
Hs.465812_at	0.054155	8.479897e-01	9.338539e-01
Hs.116240_at	0.054155	8.479897e-01	9.338539e-01
Hs.527412_at	0.054155	8.479897e-01	9.338539e-01
Hs.99841_at	-0.054155	8.479897e-01	9.338539e-01
Hs.523443_at	-0.054155	8.479897e-01	9.338539e-01
Hs.591489_at	-0.054155	8.479897e-01	9.338539e-01
Hs.597826_at	0.054155	8.479897e-01	9.338539e-01
Hs.633578_at	0.054155	8.479897e-01	9.338539e-01
Hs.444745_at	0.054155	8.479897e-01	9.338539e-01
Hs.133044_at	0.054155	8.479897e-01	9.338539e-01
Hs.648070_at	-0.054155	8.479897e-01	9.338539e-01
Hs.120759_at	-0.054155	8.479897e-01	9.338539e-01
Hs.444450_at	-0.054155	8.479897e-01	9.338539e-01
Hs.226268_at	0.054155	8.479897e-01	9.338539e-01
Hs.465720_at	0.054155	8.479897e-01	9.338539e-01
Hs.2242_at	-0.054155	8.479897e-01	9.338539e-01
Hs.3134_at	0.054155	8.479897e-01	9.338539e-01
Hs.31074_at	0.054155	8.479897e-01	9.338539e-01
Hs.407604_at	0.054155	8.479897e-01	9.338539e-01
Hs.375211_at	-0.054155	8.479897e-01	9.338539e-01
Hs.528634_at	-0.054155	8.479897e-01	9.338539e-01
Hs.526754_at	0.054155	8.479897e-01	9.338539e-01
Hs.128791_at	-0.054155	8.479897e-01	9.338539e-01
Hs.458417_at	0.054155	8.479897e-01	9.338539e-01
Hs.479670_at	0.054155	8.479897e-01	9.338539e-01
Hs.194709_at	-0.054155	8.479897e-01	9.338539e-01
Hs.129094_at	-0.054155	8.479897e-01	9.338539e-01
Hs.560372_at	-0.054155	8.479897e-01	9.338539e-01
Hs.560990_at	0.054155	8.479897e-01	9.338539e-01
Hs.371222_at	0.054155	8.479897e-01	9.338539e-01
Hs.2057_at	-0.054155	8.479897e-01	9.338539e-01
Hs.567416_at	0.054155	8.479897e-01	9.338539e-01
Hs.512937_at	0.054155	8.479897e-01	9.338539e-01
Hs.512217_at	0.054155	8.479897e-01	9.338539e-01
Hs.534293_at	-0.054155	8.479897e-01	9.338539e-01
Hs.410197_at	0.054155	8.479897e-01	9.338539e-01
Hs.329266_at	0.054155	8.479897e-01	9.338539e-01
Hs.163813_at	-0.054155	8.479897e-01	9.338539e-01
Hs.164578_at	-0.054155	8.479897e-01	9.338539e-01
Hs.585209_at	-0.054155	8.479897e-01	9.338539e-01
Hs.585095_at	0.054155	8.479897e-01	9.338539e-01
Hs.597495_at	-0.054155	8.479897e-01	9.338539e-01
Hs.651201_at	-0.054155	8.479897e-01	9.338539e-01
Hs.548284_at	-0.054155	8.479897e-01	9.338539e-01
Hs.32505_at	0.054155	8.479897e-01	9.338539e-01
Hs.223806_at	0.054155	8.479897e-01	9.338539e-01
Hs.647583_at	0.054155	8.479897e-01	9.338539e-01
Hs.173878_at	-0.054155	8.479897e-01	9.338539e-01
Hs.567792_at	-0.054155	8.479897e-01	9.338539e-01
Hs.21572_at	0.054155	8.479897e-01	9.338539e-01
Hs.18069_at	-0.054155	8.479897e-01	9.338539e-01
Hs.592502-_at	0.054155	8.479897e-01	9.338539e-01
Hs.7636_at	0.054155	8.479897e-01	9.338539e-01
Hs.368733_at	0.054155	8.479897e-01	9.338539e-01
Hs.120250_at	0.054155	8.479897e-01	9.338539e-01
Hs.175473_at	0.054155	8.479897e-01	9.338539e-01
Hs.512680_at	0.054155	8.479897e-01	9.338539e-01
Hs.501353_at	-0.054155	8.479897e-01	9.338539e-01
Hs.351816_at	0.054155	8.479897e-01	9.338539e-01
Hs.292580_at	0.054155	8.479897e-01	9.338539e-01
Hs.292549_at	0.054155	8.479897e-01	9.338539e-01
Hs.29403_at	-0.054155	8.479897e-01	9.338539e-01
Hs.437755_at	-0.054155	8.479897e-01	9.338539e-01
Hs.128280_at	-0.054155	8.479897e-01	9.338539e-01
Hs.472010_at	0.054155	8.479897e-01	9.338539e-01
Hs.599346_at	-0.054155	8.479897e-01	9.338539e-01
Hs.328865_at	0.054155	8.479897e-01	9.338539e-01
Hs.496400_at	-0.054155	8.479897e-01	9.338539e-01
Hs.13768_at	-0.054155	8.479897e-01	9.338539e-01
Hs.236030_at	0.054155	8.479897e-01	9.338539e-01
Hs.211933_at	-0.054155	8.479897e-01	9.338539e-01
Hs.618878_at	-0.054155	8.479897e-01	9.338539e-01
Hs.513522_at	-0.054155	8.479897e-01	9.338539e-01
Hs.513470_at	-0.054155	8.479897e-01	9.338539e-01
Hs.513484_at	0.054155	8.479897e-01	9.338539e-01
Hs.513711_at	0.054155	8.479897e-01	9.338539e-01
Hs.436123_at	-0.054155	8.479897e-01	9.338539e-01
Hs.298713_at	0.054155	8.479897e-01	9.338539e-01
Hs.124047_at	0.054155	8.479897e-01	9.338539e-01
Hs.624399_at	0.054155	8.479897e-01	9.338539e-01
Hs.499042_at	0.054155	8.479897e-01	9.338539e-01
Hs.499145_at	-0.054155	8.479897e-01	9.338539e-01
Hs.651233_at	-0.054155	8.479897e-01	9.338539e-01
Hs.159066_at	0.054155	8.479897e-01	9.338539e-01
Hs.93534_at	0.054155	8.479897e-01	9.338539e-01
Hs.113874_at	0.054155	8.479897e-01	9.338539e-01
Hs.584933_at	-0.054155	8.479897e-01	9.338539e-01
Hs.584966_at	0.054155	8.479897e-01	9.338539e-01
Hs.504966_at	0.054155	8.479897e-01	9.338539e-01
Hs.608497_at	-0.054155	8.479897e-01	9.338539e-01
Hs.3416_at	-0.054155	8.479897e-01	9.338539e-01
Hs.339846_at	0.054155	8.479897e-01	9.338539e-01
Hs.500375_at	0.054155	8.479897e-01	9.338539e-01
Hs.26410_at	-0.054155	8.479897e-01	9.338539e-01
Hs.264236_at	0.054155	8.479897e-01	9.338539e-01
Hs.594042_at	0.054155	8.479897e-01	9.338539e-01
Hs.559511_at	0.054155	8.479897e-01	9.338539e-01
Hs.55918_at	-0.054155	8.479897e-01	9.338539e-01
Hs.623987_at	-0.054155	8.479897e-01	9.338539e-01
Hs.558914_at	-0.054155	8.479897e-01	9.338539e-01
Hs.269577_at	-0.054155	8.479897e-01	9.338539e-01
Hs.11042_at	0.054155	8.479897e-01	9.338539e-01
Hs.609674_at	0.054155	8.479897e-01	9.338539e-01
Hs.332382_at	-0.054155	8.479897e-01	9.338539e-01
Hs.412019_at	0.054155	8.479897e-01	9.338539e-01
Hs.160373_at	-0.054155	8.479897e-01	9.338539e-01
Hs.592069_at	-0.054155	8.479897e-01	9.338539e-01
Hs.483036_at	0.054155	8.479897e-01	9.338539e-01
Hs.483793_at	-0.054155	8.479897e-01	9.338539e-01
Hs.144138_at	0.054155	8.479897e-01	9.338539e-01
Hs.145933_at	-0.054155	8.479897e-01	9.338539e-01
Hs.145726_at	0.054155	8.479897e-01	9.338539e-01
Hs.334688_at	0.054155	8.479897e-01	9.338539e-01
Hs.96513_at	-0.054155	8.479897e-01	9.338539e-01
Hs.247868_at	0.054155	8.479897e-01	9.338539e-01
Hs.86131_at	0.054155	8.479897e-01	9.338539e-01
Hs.122566_at	-0.054155	8.479897e-01	9.338539e-01
Hs.405994_at	0.054155	8.479897e-01	9.338539e-01
Hs.384594_at	-0.054155	8.479897e-01	9.338539e-01
Hs.524425_at	-0.054155	8.479897e-01	9.338539e-01
Hs.101774_at	0.054155	8.479897e-01	9.338539e-01
Hs.56247_at	0.054155	8.479897e-01	9.338539e-01
Hs.439440_at	-0.054155	8.479897e-01	9.338539e-01
Hs.8257_at	0.054155	8.479897e-01	9.338539e-01
Hs.588072_at	0.054155	8.479897e-01	9.338539e-01
Hs.381089_at	0.054155	8.479897e-01	9.338539e-01
Hs.596511_at	0.054155	8.479897e-01	9.338539e-01
Hs.404138_at	0.054155	8.479897e-01	9.338539e-01
Hs.370666_at	-0.054155	8.479897e-01	9.338539e-01
Hs.171314_at	-0.054155	8.479897e-01	9.338539e-01
Hs.133350_at	0.054155	8.479897e-01	9.338539e-01
Hs.166206_at	0.054155	8.479897e-01	9.338539e-01
Hs.612148_at	-0.054155	8.479897e-01	9.338539e-01
Hs.363137_at	-0.054155	8.479897e-01	9.338539e-01
Hs.465498_at	-0.054155	8.479897e-01	9.338539e-01
Hs.148272_at	-0.054155	8.479897e-01	9.338539e-01
Hs.347655_at	-0.054155	8.479897e-01	9.338539e-01
Hs.523753_at	0.054155	8.479897e-01	9.338539e-01
Hs.19904_at	0.050544	8.580256e-01	9.379604e-01
Hs.621432_at	-0.050544	8.580256e-01	9.379604e-01
Hs.408355_at	-0.050544	8.580256e-01	9.379604e-01
Hs.72885_at	-0.050544	8.580256e-01	9.379604e-01
Hs.591446_at	-0.050544	8.580256e-01	9.379604e-01
Hs.531610_at	-0.050544	8.580256e-01	9.379604e-01
Hs.621254-_at	-0.050544	8.580256e-01	9.379604e-01
Hs.292375_at	0.050544	8.580256e-01	9.379604e-01
Hs.514863_at	-0.050544	8.580256e-01	9.379604e-01
Hs.14846_at	0.050544	8.580256e-01	9.379604e-01
Hs.458917_at	0.050544	8.580256e-01	9.379604e-01
Hs.522771_at	0.050544	8.580256e-01	9.379604e-01
Hs.7744_at	0.050544	8.580256e-01	9.379604e-01
Hs.211282_at	0.050544	8.580256e-01	9.379604e-01
Hs.516301_at	0.050544	8.580256e-01	9.379604e-01
Hs.422181_at	0.050544	8.580256e-01	9.379604e-01
Hs.534309_at	0.050544	8.580256e-01	9.379604e-01
Hs.444776_at	-0.050544	8.580256e-01	9.379604e-01
Hs.272336_at	-0.050544	8.580256e-01	9.379604e-01
Hs.463426_at	0.050544	8.580256e-01	9.379604e-01
Hs.522666_at	0.050544	8.580256e-01	9.379604e-01
Hs.522969_at	-0.050544	8.580256e-01	9.379604e-01
Hs.92489_at	0.050544	8.580256e-01	9.379604e-01
Hs.9788_at	0.050544	8.580256e-01	9.379604e-01
Hs.7907_at	0.050544	8.580256e-01	9.379604e-01
Hs.7946_at	0.050544	8.580256e-01	9.379604e-01
Hs.351558_at	0.050544	8.580256e-01	9.379604e-01
Hs.606508_at	0.050544	8.580256e-01	9.379604e-01
Hs.345877_at	0.050544	8.580256e-01	9.379604e-01
Hs.146180_at	0.050544	8.580256e-01	9.379604e-01
Hs.536537_at	-0.050544	8.580256e-01	9.379604e-01
Hs.519680_at	-0.050544	8.580256e-01	9.379604e-01
Hs.519523_at	0.050544	8.580256e-01	9.379604e-01
Hs.73853_at	0.050544	8.580256e-01	9.379604e-01
Hs.2258_at	0.050544	8.580256e-01	9.379604e-01
Hs.594817_at	0.050544	8.580256e-01	9.379604e-01
Hs.389171_at	-0.050544	8.580256e-01	9.379604e-01
Hs.648033_at	0.050544	8.580256e-01	9.379604e-01
Hs.73037_at	-0.050544	8.580256e-01	9.379604e-01
Hs.72910_at	-0.050544	8.580256e-01	9.379604e-01
Hs.352412_at	-0.050544	8.580256e-01	9.379604e-01
Hs.592078_at	0.050544	8.580256e-01	9.379604e-01
Hs.767_at	0.050544	8.580256e-01	9.379604e-01
Hs.333540_at	-0.050544	8.580256e-01	9.379604e-01
Hs.443161_at	0.050544	8.580256e-01	9.379604e-01
Hs.530487_at	0.050544	8.580256e-01	9.379604e-01
Hs.648090_at	-0.050544	8.580256e-01	9.379604e-01
Hs.32433_at	-0.050544	8.580256e-01	9.379604e-01
Hs.650042_at	0.050544	8.580256e-01	9.379604e-01
Hs.410889_at	-0.050544	8.580256e-01	9.379604e-01
Hs.411125_at	-0.050544	8.580256e-01	9.379604e-01
Hs.534360_at	-0.050544	8.580256e-01	9.379604e-01
Hs.164226_at	0.050544	8.580256e-01	9.379604e-01
Hs.208081_at	-0.050544	8.580256e-01	9.379604e-01
Hs.632326_at	0.050544	8.580256e-01	9.379604e-01
Hs.560351_at	-0.050544	8.580256e-01	9.379604e-01
Hs.477370_at	0.050544	8.580256e-01	9.379604e-01
Hs.371210_at	0.050544	8.580256e-01	9.379604e-01
Hs.591809_at	0.050544	8.580256e-01	9.379604e-01
Hs.632220_at	-0.050544	8.580256e-01	9.379604e-01
Hs.22242_at	0.050544	8.580256e-01	9.379604e-01
Hs.131903_at	-0.050544	8.580256e-01	9.379604e-01
Hs.174768_at	-0.050544	8.580256e-01	9.379604e-01
Hs.162777_at	-0.050544	8.580256e-01	9.379604e-01
Hs.651122_at	-0.050544	8.580256e-01	9.379604e-01
Hs.115460_at	-0.050544	8.580256e-01	9.379604e-01
Hs.594846_at	0.050544	8.580256e-01	9.379604e-01
Hs.445241_at	-0.050544	8.580256e-01	9.379604e-01
Hs.445052_at	0.050544	8.580256e-01	9.379604e-01
Hs.234569_at	-0.050544	8.580256e-01	9.379604e-01
Hs.12907_at	0.050544	8.580256e-01	9.379604e-01
Hs.248133_at	0.050544	8.580256e-01	9.379604e-01
Hs.247460_at	-0.050544	8.580256e-01	9.379604e-01
Hs.504828_at	0.050544	8.580256e-01	9.379604e-01
Hs.339809_at	-0.050544	8.580256e-01	9.379604e-01
Hs.40098_at	-0.050544	8.580256e-01	9.379604e-01
Hs.445482_at	-0.050544	8.580256e-01	9.379604e-01
Hs.567482_at	0.050544	8.580256e-01	9.379604e-01
Hs.469944_at	-0.050544	8.580256e-01	9.379604e-01
Hs.642407_at	0.050544	8.580256e-01	9.379604e-01
Hs.632303_at	-0.050544	8.580256e-01	9.379604e-01
Hs.153768_at	0.050544	8.580256e-01	9.379604e-01
Hs.420559_at	0.050544	8.580256e-01	9.379604e-01
Hs.154104_at	-0.050544	8.580256e-01	9.379604e-01
Hs.486489_at	0.050544	8.580256e-01	9.379604e-01
Hs.279669_at	-0.050544	8.580256e-01	9.379604e-01
Hs.220844_at	0.050544	8.580256e-01	9.379604e-01
Hs.217484_at	-0.050544	8.580256e-01	9.379604e-01
Hs.602900_at	-0.050544	8.580256e-01	9.379604e-01
Hs.69747_at	0.050544	8.580256e-01	9.379604e-01
Hs.509909_at	-0.050544	8.580256e-01	9.379604e-01
Hs.497159_at	-0.050544	8.580256e-01	9.379604e-01
Hs.610244_at	-0.050544	8.580256e-01	9.379604e-01
Hs.1395_at	0.050544	8.580256e-01	9.379604e-01
Hs.610338_at	-0.050544	8.580256e-01	9.379604e-01
Hs.430299_at	0.050544	8.580256e-01	9.379604e-01
Hs.640375_at	0.050544	8.580256e-01	9.379604e-01
Hs.472409_at	0.050544	8.580256e-01	9.379604e-01
Hs.127864_at	-0.050544	8.580256e-01	9.379604e-01
Hs.301654_at	-0.050544	8.580256e-01	9.379604e-01
Hs.556600_at	-0.050544	8.580256e-01	9.379604e-01
Hs.647045_at	0.050544	8.580256e-01	9.379604e-01
Hs.436102_at	-0.050544	8.580256e-01	9.379604e-01
Hs.512690_at	0.050544	8.580256e-01	9.379604e-01
Hs.513626_at	0.050544	8.580256e-01	9.379604e-01
Hs.618343_at	0.050544	8.580256e-01	9.379604e-01
Hs.532682_at	0.050544	8.580256e-01	9.379604e-01
Hs.77367_at	-0.050544	8.580256e-01	9.379604e-01
Hs.461722_at	0.050544	8.580256e-01	9.379604e-01
Hs.241575_at	0.050544	8.580256e-01	9.379604e-01
Hs.637730_at	0.050544	8.580256e-01	9.379604e-01
Hs.44856_at	0.050544	8.580256e-01	9.379604e-01
Hs.105806_at	-0.050544	8.580256e-01	9.379604e-01
Hs.632077_at	0.050544	8.580256e-01	9.379604e-01
Hs.515271_at	-0.050544	8.580256e-01	9.379604e-01
Hs.146854_at	-0.050544	8.580256e-01	9.379604e-01
Hs.522616_at	0.050544	8.580256e-01	9.379604e-01
Hs.473918_at	0.050544	8.580256e-01	9.379604e-01
Hs.632249_at	0.050544	8.580256e-01	9.379604e-01
Hs.440049_at	-0.050544	8.580256e-01	9.379604e-01
Hs.157195_at	-0.050544	8.580256e-01	9.379604e-01
Hs.143792_at	-0.050544	8.580256e-01	9.379604e-01
Hs.534682_at	0.050544	8.580256e-01	9.379604e-01
Hs.90458_at	-0.050544	8.580256e-01	9.379604e-01
Hs.591492_at	0.050544	8.580256e-01	9.379604e-01
Hs.611288_at	0.050544	8.580256e-01	9.379604e-01
Hs.32309_at	-0.050544	8.580256e-01	9.379604e-01
Hs.35804_at	0.050544	8.580256e-01	9.379604e-01
Hs.473761_at	-0.050544	8.580256e-01	9.379604e-01
Hs.593566_at	0.050544	8.580256e-01	9.379604e-01
Hs.370699_at	-0.050544	8.580256e-01	9.379604e-01
Hs.543209_at	-0.050544	8.580256e-01	9.379604e-01
Hs.97386_at	0.050544	8.580256e-01	9.379604e-01
Hs.112740_at	-0.050544	8.580256e-01	9.379604e-01
Hs.446924_at	0.050544	8.580256e-01	9.379604e-01
Hs.524117_at	0.046934	8.680817e-01	9.421817e-01
Hs.641142_at	0.046934	8.680817e-01	9.421817e-01
Hs.446702_at	0.046934	8.680817e-01	9.421817e-01
Hs.631822_at	-0.046934	8.680817e-01	9.421817e-01
Hs.159525_at	0.046934	8.680817e-01	9.421817e-01
Hs.523309_at	-0.046934	8.680817e-01	9.421817e-01
Hs.514289_at	0.046934	8.680817e-01	9.421817e-01
Hs.3797_at	0.046934	8.680817e-01	9.421817e-01
Hs.517888_at	-0.046934	8.680817e-01	9.421817e-01
Hs.606170_at	0.046934	8.680817e-01	9.421817e-01
Hs.345849_at	-0.046934	8.680817e-01	9.421817e-01
Hs.498160_at	0.046934	8.680817e-01	9.421817e-01
Hs.527090_at	0.046934	8.680817e-01	9.421817e-01
Hs.443875_at	-0.046934	8.680817e-01	9.421817e-01
Hs.624271_at	-0.046934	8.680817e-01	9.421817e-01
Hs.372579_at	0.046934	8.680817e-01	9.421817e-01
Hs.155396_at	0.046934	8.680817e-01	9.421817e-01
Hs.267659_at	-0.046934	8.680817e-01	9.421817e-01
Hs.274430_at	-0.046934	8.680817e-01	9.421817e-01
Hs.534492_at	0.046934	8.680817e-01	9.421817e-01
Hs.170673_at	0.046934	8.680817e-01	9.421817e-01
Hs.212606_at	-0.046934	8.680817e-01	9.421817e-01
Hs.13776_at	-0.046934	8.680817e-01	9.421817e-01
Hs.632719_at	-0.046934	8.680817e-01	9.421817e-01
Hs.115838_at	-0.046934	8.680817e-01	9.421817e-01
Hs.603019_at	0.046934	8.680817e-01	9.421817e-01
Hs.51120_at	-0.046934	8.680817e-01	9.421817e-01
Hs.460002_at	0.046934	8.680817e-01	9.421817e-01
Hs.444236_at	0.046934	8.680817e-01	9.421817e-01
Hs.635316_at	0.046934	8.680817e-01	9.421817e-01
Hs.585062_at	-0.046934	8.680817e-01	9.421817e-01
Hs.154276_at	0.046934	8.680817e-01	9.421817e-01
Hs.12082_at	0.046934	8.680817e-01	9.421817e-01
Hs.132894_at	-0.046934	8.680817e-01	9.421817e-01
Hs.4866_at	-0.046934	8.680817e-01	9.421817e-01
Hs.421136_at	-0.046934	8.680817e-01	9.421817e-01
Hs.610446_at	0.046934	8.680817e-01	9.421817e-01
Hs.411881_at	-0.046934	8.680817e-01	9.421817e-01
Hs.567395_at	0.046934	8.680817e-01	9.421817e-01
Hs.207538_at	0.046934	8.680817e-01	9.421817e-01
Hs.411847_at	0.046934	8.680817e-01	9.421817e-01
Hs.326035_at	0.046934	8.680817e-01	9.421817e-01
Hs.609323_at	0.046934	8.680817e-01	9.421817e-01
Hs.75367_at	0.046934	8.680817e-01	9.421817e-01
Hs.494529_at	0.046934	8.680817e-01	9.421817e-01
Hs.18768_at	-0.046934	8.680817e-01	9.421817e-01
Hs.336588_at	-0.046934	8.680817e-01	9.421817e-01
Hs.586906_at	0.046934	8.680817e-01	9.421817e-01
Hs.645246_at	0.046934	8.680817e-01	9.421817e-01
Hs.369998_at	0.046934	8.680817e-01	9.421817e-01
Hs.186810_at	-0.046934	8.680817e-01	9.421817e-01
Hs.592032_at	0.046934	8.680817e-01	9.421817e-01
Hs.619640_at	-0.046934	8.680817e-01	9.421817e-01
Hs.296776_at	0.046934	8.680817e-01	9.421817e-01
Hs.508343_at	0.046934	8.680817e-01	9.421817e-01
Hs.510191_at	-0.046934	8.680817e-01	9.421817e-01
Hs.497391_at	0.046934	8.680817e-01	9.421817e-01
Hs.71941_at	0.046934	8.680817e-01	9.421817e-01
Hs.112925_at	0.046934	8.680817e-01	9.421817e-01
Hs.131851_at	0.046934	8.680817e-01	9.421817e-01
Hs.353001_at	-0.046934	8.680817e-01	9.421817e-01
Hs.121490_at	-0.046934	8.680817e-01	9.421817e-01
Hs.121028_at	-0.046934	8.680817e-01	9.421817e-01
Hs.487294_at	0.046934	8.680817e-01	9.421817e-01
Hs.597526_at	0.046934	8.680817e-01	9.421817e-01
Hs.586279_at	0.046934	8.680817e-01	9.421817e-01
Hs.469879_at	-0.046934	8.680817e-01	9.421817e-01
Hs.306339_at	0.046934	8.680817e-01	9.421817e-01
Hs.594671_at	-0.046934	8.680817e-01	9.421817e-01
Hs.518727_at	-0.046934	8.680817e-01	9.421817e-01
Hs.607521_at	-0.046934	8.680817e-01	9.421817e-01
Hs.646602_at	-0.046934	8.680817e-01	9.421817e-01
Hs.508937_at	0.046934	8.680817e-01	9.421817e-01
Hs.202_at	-0.046934	8.680817e-01	9.421817e-01
Hs.47367_at	0.046934	8.680817e-01	9.421817e-01
Hs.256034_at	0.046934	8.680817e-01	9.421817e-01
Hs.406678_at	0.046934	8.680817e-01	9.421817e-01
Hs.129_at	-0.046934	8.680817e-01	9.421817e-01
Hs.449630_at	0.046934	8.680817e-01	9.421817e-01
Hs.111227_at	0.046934	8.680817e-01	9.421817e-01
Hs.387471_at	0.046934	8.680817e-01	9.421817e-01
Hs.25527_at	-0.046934	8.680817e-01	9.421817e-01
Hs.5308_at	-0.046934	8.680817e-01	9.421817e-01
Hs.349077_at	0.046934	8.680817e-01	9.421817e-01
Hs.348411_at	0.046934	8.680817e-01	9.421817e-01
Hs.513578_at	-0.046934	8.680817e-01	9.421817e-01
Hs.242520_at	0.046934	8.680817e-01	9.421817e-01
Hs.86543_at	0.046934	8.680817e-01	9.421817e-01
Hs.513267_at	0.046934	8.680817e-01	9.421817e-01
Hs.533020_at	-0.046934	8.680817e-01	9.421817e-01
Hs.76452_at	-0.046934	8.680817e-01	9.421817e-01
Hs.168718_at	0.046934	8.680817e-01	9.421817e-01
Hs.534025_at	-0.046934	8.680817e-01	9.421817e-01
Hs.16695_at	0.046934	8.680817e-01	9.421817e-01
Hs.434388_at	0.046934	8.680817e-01	9.421817e-01
Hs.519246_at	-0.046934	8.680817e-01	9.421817e-01
Hs.652282_at	0.046934	8.680817e-01	9.421817e-01
Hs.102_at	0.046934	8.680817e-01	9.421817e-01
Hs.643437_at	-0.046934	8.680817e-01	9.421817e-01
Hs.632057_at	0.046934	8.680817e-01	9.421817e-01
Hs.9587_at	0.046934	8.680817e-01	9.421817e-01
Hs.475150_at	-0.046934	8.680817e-01	9.421817e-01
Hs.99886_at	0.046934	8.680817e-01	9.421817e-01
Hs.621422_at	-0.046934	8.680817e-01	9.421817e-01
Hs.517357_at	0.046934	8.680817e-01	9.421817e-01
Hs.440968_at	-0.046934	8.680817e-01	9.421817e-01
Hs.9825_at	0.046934	8.680817e-01	9.421817e-01
Hs.130213_at	-0.046934	8.680817e-01	9.421817e-01
Hs.254699_at	0.046934	8.680817e-01	9.421817e-01
Hs.652968_at	0.046934	8.680817e-01	9.421817e-01
Hs.644848_at	-0.046934	8.680817e-01	9.421817e-01
Hs.293818_at	-0.046934	8.680817e-01	9.421817e-01
Hs.473231_at	0.046934	8.680817e-01	9.421817e-01
Hs.118727_at	-0.046934	8.680817e-01	9.421817e-01
Hs.80409_at	0.046934	8.680817e-01	9.421817e-01
Hs.600733_at	0.046934	8.680817e-01	9.421817e-01
Hs.371899_at	-0.046934	8.680817e-01	9.421817e-01
Hs.213327_at	0.046934	8.680817e-01	9.421817e-01
Hs.521924_at	-0.046934	8.680817e-01	9.421817e-01
Hs.556986_at	-0.046934	8.680817e-01	9.421817e-01
Hs.21334_at	0.046934	8.680817e-01	9.421817e-01
Hs.556638_at	-0.046934	8.680817e-01	9.421817e-01
Hs.525459_at	-0.046934	8.680817e-01	9.421817e-01
Hs.632481_at	-0.046934	8.680817e-01	9.421817e-01
Hs.77578_at	0.046934	8.680817e-01	9.421817e-01
Hs.532795_at	-0.046934	8.680817e-01	9.421817e-01
Hs.591588_at	-0.046934	8.680817e-01	9.421817e-01
Hs.673_at	-0.046934	8.680817e-01	9.421817e-01
Hs.617340_at	-0.046934	8.680817e-01	9.421817e-01
Hs.512856_at	0.046934	8.680817e-01	9.421817e-01
Hs.44276_at	0.046934	8.680817e-01	9.421817e-01
Hs.532799_at	-0.046934	8.680817e-01	9.421817e-01
Hs.601174_at	0.043324	8.781567e-01	9.467700e-01
Hs.444517_at	-0.043324	8.781567e-01	9.467700e-01
Hs.137007_at	0.043324	8.781567e-01	9.467700e-01
Hs.99376_at	-0.043324	8.781567e-01	9.467700e-01
Hs.287692_at	-0.043324	8.781567e-01	9.467700e-01
Hs.647011_at	-0.043324	8.781567e-01	9.467700e-01
Hs.649054+_at	-0.043324	8.781567e-01	9.467700e-01
Hs.512587_at	-0.043324	8.781567e-01	9.467700e-01
Hs.129095_at	0.043324	8.781567e-01	9.467700e-01
Hs.110702_at	-0.043324	8.781567e-01	9.467700e-01
Hs.28914_at	-0.043324	8.781567e-01	9.467700e-01
Hs.651960_at	0.043324	8.781567e-01	9.467700e-01
Hs.515046_at	-0.043324	8.781567e-01	9.467700e-01
Hs.634343_at	-0.043324	8.781567e-01	9.467700e-01
Hs.350868_at	-0.043324	8.781567e-01	9.467700e-01
Hs.144309_at	0.043324	8.781567e-01	9.467700e-01
Hs.109620_at	-0.043324	8.781567e-01	9.467700e-01
Hs.480281_at	-0.043324	8.781567e-01	9.467700e-01
Hs.444431_at	-0.043324	8.781567e-01	9.467700e-01
Hs.272212_at	-0.043324	8.781567e-01	9.467700e-01
Hs.408567_at	-0.043324	8.781567e-01	9.467700e-01
Hs.90875_at	0.043324	8.781567e-01	9.467700e-01
Hs.118127_at	0.043324	8.781567e-01	9.467700e-01
Hs.516726_at	0.043324	8.781567e-01	9.467700e-01
Hs.465849_at	-0.043324	8.781567e-01	9.467700e-01
Hs.106650_at	-0.043324	8.781567e-01	9.467700e-01
Hs.276694_at	-0.043324	8.781567e-01	9.467700e-01
Hs.367725_at	0.043324	8.781567e-01	9.467700e-01
Hs.592298_at	-0.043324	8.781567e-01	9.467700e-01
Hs.613709_at	0.043324	8.781567e-01	9.467700e-01
Hs.117060_at	-0.043324	8.781567e-01	9.467700e-01
Hs.444370_at	-0.043324	8.781567e-01	9.467700e-01
Hs.368977_at	0.043324	8.781567e-01	9.467700e-01
Hs.6278_at	-0.043324	8.781567e-01	9.467700e-01
Hs.399891_at	0.043324	8.781567e-01	9.467700e-01
Hs.528836_at	-0.043324	8.781567e-01	9.467700e-01
Hs.602548_at	-0.043324	8.781567e-01	9.467700e-01
Hs.369424_at	-0.043324	8.781567e-01	9.467700e-01
Hs.234074_at	0.043324	8.781567e-01	9.467700e-01
Hs.463300_at	-0.043324	8.781567e-01	9.467700e-01
Hs.403934_at	-0.043324	8.781567e-01	9.467700e-01
Hs.95600_at	0.043324	8.781567e-01	9.467700e-01
Hs.272395_at	0.043324	8.781567e-01	9.467700e-01
Hs.602277_at	-0.043324	8.781567e-01	9.467700e-01
Hs.208550_at	0.043324	8.781567e-01	9.467700e-01
Hs.571748_at	0.043324	8.781567e-01	9.467700e-01
Hs.462257_at	-0.043324	8.781567e-01	9.467700e-01
Hs.618449_at	0.043324	8.781567e-01	9.467700e-01
Hs.301404_at	0.043324	8.781567e-01	9.467700e-01
Hs.533050_at	-0.043324	8.781567e-01	9.467700e-01
Hs.596767_at	0.043324	8.781567e-01	9.467700e-01
Hs.30174_at	-0.043324	8.781567e-01	9.467700e-01
Hs.182885_at	-0.043324	8.781567e-01	9.467700e-01
Hs.194148_at	0.043324	8.781567e-01	9.467700e-01
Hs.606664_at	-0.043324	8.781567e-01	9.467700e-01
Hs.372050_at	-0.043324	8.781567e-01	9.467700e-01
Hs.534465_at	-0.043324	8.781567e-01	9.467700e-01
Hs.212332_at	0.043324	8.781567e-01	9.467700e-01
Hs.567573_at	0.043324	8.781567e-01	9.467700e-01
Hs.237396_at	0.043324	8.781567e-01	9.467700e-01
Hs.602851_at	-0.043324	8.781567e-01	9.467700e-01
Hs.592639_at	0.043324	8.781567e-01	9.467700e-01
Hs.279836_at	0.043324	8.781567e-01	9.467700e-01
Hs.212172_at	-0.043324	8.781567e-01	9.467700e-01
Hs.250763_at	0.043324	8.781567e-01	9.467700e-01
Hs.166486_at	-0.043324	8.781567e-01	9.467700e-01
Hs.515154_at	0.043324	8.781567e-01	9.467700e-01
Hs.127274_at	0.043324	8.781567e-01	9.467700e-01
Hs.25544_at	-0.043324	8.781567e-01	9.467700e-01
Hs.523680_at	-0.043324	8.781567e-01	9.467700e-01
Hs.596039_at	-0.043324	8.781567e-01	9.467700e-01
Hs.102558_at	0.043324	8.781567e-01	9.467700e-01
Hs.388024_at	0.043324	8.781567e-01	9.467700e-01
Hs.596554_at	0.043324	8.781567e-01	9.467700e-01
Hs.279575_at	0.043324	8.781567e-01	9.467700e-01
Hs.592205_at	0.043324	8.781567e-01	9.467700e-01
Hs.22920_at	0.043324	8.781567e-01	9.467700e-01
Hs.530380_at	0.043324	8.781567e-01	9.467700e-01
Hs.595705_at	0.043324	8.781567e-01	9.467700e-01
Hs.524894_at	0.043324	8.781567e-01	9.467700e-01
Hs.97542_at	-0.043324	8.781567e-01	9.467700e-01
Hs.82128_at	-0.043324	8.781567e-01	9.467700e-01
Hs.450230_at	-0.043324	8.781567e-01	9.467700e-01
Hs.580035_at	0.043324	8.781567e-01	9.467700e-01
Hs.592112_at	-0.043324	8.781567e-01	9.467700e-01
Hs.177841_at	0.043324	8.781567e-01	9.467700e-01
Hs.631565_at	-0.043324	8.781567e-01	9.467700e-01
Hs.326303_at	0.043324	8.781567e-01	9.467700e-01
Hs.635622_at	0.043324	8.781567e-01	9.467700e-01
Hs.467146_at	-0.043324	8.781567e-01	9.467700e-01
Hs.466814_at	0.043324	8.781567e-01	9.467700e-01
Hs.591838_at	0.043324	8.781567e-01	9.467700e-01
Hs.458412_at	0.043324	8.781567e-01	9.467700e-01
Hs.512211_at	-0.043324	8.781567e-01	9.467700e-01
Hs.16247_at	-0.043324	8.781567e-01	9.467700e-01
Hs.632293_at	-0.043324	8.781567e-01	9.467700e-01
Hs.534467_at	-0.043324	8.781567e-01	9.467700e-01
Hs.489811_at	-0.043324	8.781567e-01	9.467700e-01
Hs.445350_at	0.043324	8.781567e-01	9.467700e-01
Hs.356198_at	-0.043324	8.781567e-01	9.467700e-01
Hs.283828_at	0.043324	8.781567e-01	9.467700e-01
Hs.83381_at	-0.043324	8.781567e-01	9.467700e-01
Hs.369675_at	0.043324	8.781567e-01	9.467700e-01
Hs.129280_at	-0.043324	8.781567e-01	9.467700e-01
Hs.631593_at	0.043324	8.781567e-01	9.467700e-01
Hs.278945_at	-0.043324	8.781567e-01	9.467700e-01
Hs.21861_at	0.043324	8.781567e-01	9.467700e-01
Hs.75528_at	-0.043324	8.781567e-01	9.467700e-01
Hs.605327_at	0.043324	8.781567e-01	9.467700e-01
Hs.651242_at	0.043324	8.781567e-01	9.467700e-01
Hs.498397_at	-0.043324	8.781567e-01	9.467700e-01
Hs.596992_at	-0.043324	8.781567e-01	9.467700e-01
Hs.528993_at	-0.043324	8.781567e-01	9.467700e-01
Hs.567567_at	0.043324	8.781567e-01	9.467700e-01
Hs.297413_at	-0.043324	8.781567e-01	9.467700e-01
Hs.445868_at	-0.043324	8.781567e-01	9.467700e-01
Hs.35490_at	0.043324	8.781567e-01	9.467700e-01
Hs.535746_at	-0.043324	8.781567e-01	9.467700e-01
Hs.112645_at	-0.043324	8.781567e-01	9.467700e-01
Hs.156231_at	0.043324	8.781567e-01	9.467700e-01
Hs.632347_at	-0.043324	8.781567e-01	9.467700e-01
Hs.271383_at	0.043324	8.781567e-01	9.467700e-01
Hs.553723_at	0.043324	8.781567e-01	9.467700e-01
Hs.533633_at	0.043324	8.781567e-01	9.467700e-01
Hs.491869_at	0.039714	8.882490e-01	9.507583e-01
Hs.491148_at	-0.039714	8.882490e-01	9.507583e-01
Hs.32234_at	-0.039714	8.882490e-01	9.507583e-01
Hs.170298_at	0.039714	8.882490e-01	9.507583e-01
Hs.127386_at	0.039714	8.882490e-01	9.507583e-01
Hs.125036_at	-0.039714	8.882490e-01	9.507583e-01
Hs.150406_at	-0.039714	8.882490e-01	9.507583e-01
Hs.350566_at	0.039714	8.882490e-01	9.507583e-01
Hs.652285_at	-0.039714	8.882490e-01	9.507583e-01
Hs.98723_at	-0.039714	8.882490e-01	9.507583e-01
Hs.253244_at	-0.039714	8.882490e-01	9.507583e-01
Hs.252714_at	0.039714	8.882490e-01	9.507583e-01
Hs.524719_at	0.039714	8.882490e-01	9.507583e-01
Hs.607375_at	-0.039714	8.882490e-01	9.507583e-01
Hs.591874_at	-0.039714	8.882490e-01	9.507583e-01
Hs.287720_at	-0.039714	8.882490e-01	9.507583e-01
Hs.592304_at	-0.039714	8.882490e-01	9.507583e-01
Hs.73799_at	-0.039714	8.882490e-01	9.507583e-01
Hs.133968_at	-0.039714	8.882490e-01	9.507583e-01
Hs.434927_at	0.039714	8.882490e-01	9.507583e-01
Hs.370414_at	0.039714	8.882490e-01	9.507583e-01
Hs.590980_at	-0.039714	8.882490e-01	9.507583e-01
Hs.55940_at	-0.039714	8.882490e-01	9.507583e-01
Hs.108408_at	-0.039714	8.882490e-01	9.507583e-01
Hs.652264_at	0.039714	8.882490e-01	9.507583e-01
Hs.419997_at	-0.039714	8.882490e-01	9.507583e-01
Hs.503598_at	-0.039714	8.882490e-01	9.507583e-01
Hs.416375_at	-0.039714	8.882490e-01	9.507583e-01
Hs.606235_at	-0.039714	8.882490e-01	9.507583e-01
Hs.290404_at	-0.039714	8.882490e-01	9.507583e-01
Hs.205572_at	0.039714	8.882490e-01	9.507583e-01
Hs.29341_at	-0.039714	8.882490e-01	9.507583e-01
Hs.413801_at	0.039714	8.882490e-01	9.507583e-01
Hs.501376_at	-0.039714	8.882490e-01	9.507583e-01
Hs.420541_at	0.039714	8.882490e-01	9.507583e-01
Hs.154320_at	0.039714	8.882490e-01	9.507583e-01
Hs.632255_at	0.039714	8.882490e-01	9.507583e-01
Hs.260603_at	-0.039714	8.882490e-01	9.507583e-01
Hs.248201_at	-0.039714	8.882490e-01	9.507583e-01
Hs.248131_at	0.039714	8.882490e-01	9.507583e-01
Hs.632273_at	0.039714	8.882490e-01	9.507583e-01
Hs.588901_at	0.039714	8.882490e-01	9.507583e-01
Hs.473256_at	-0.039714	8.882490e-01	9.507583e-01
Hs.207982_at	0.039714	8.882490e-01	9.507583e-01
Hs.194778_at	0.039714	8.882490e-01	9.507583e-01
Hs.567327_at	0.039714	8.882490e-01	9.507583e-01
Hs.285401_at	-0.039714	8.882490e-01	9.507583e-01
Hs.478199_at	0.039714	8.882490e-01	9.507583e-01
Hs.434888_at	-0.039714	8.882490e-01	9.507583e-01
Hs.310672_at	-0.039714	8.882490e-01	9.507583e-01
Hs.389906_at	0.039714	8.882490e-01	9.507583e-01
Hs.46669_at	-0.039714	8.882490e-01	9.507583e-01
Hs.278564_at	0.039714	8.882490e-01	9.507583e-01
Hs.529044_at	-0.039714	8.882490e-01	9.507583e-01
Hs.234766_at	0.039714	8.882490e-01	9.507583e-01
Hs.631562_at	-0.039714	8.882490e-01	9.507583e-01
Hs.495138_at	-0.039714	8.882490e-01	9.507583e-01
Hs.435655_at	-0.039714	8.882490e-01	9.507583e-01
Hs.645283_at	-0.039714	8.882490e-01	9.507583e-01
Hs.78788_at	-0.039714	8.882490e-01	9.507583e-01
Hs.129598_at	-0.039714	8.882490e-01	9.507583e-01
Hs.645397_at	0.039714	8.882490e-01	9.507583e-01
Hs.191987_at	0.039714	8.882490e-01	9.507583e-01
Hs.594238_at	-0.039714	8.882490e-01	9.507583e-01
Hs.513856_at	0.039714	8.882490e-01	9.507583e-01
Hs.189641_at	-0.039714	8.882490e-01	9.507583e-01
Hs.458573_at	0.039714	8.882490e-01	9.507583e-01
Hs.155488_at	0.039714	8.882490e-01	9.507583e-01
Hs.608057_at	0.039714	8.882490e-01	9.507583e-01
Hs.503721_at	-0.039714	8.882490e-01	9.507583e-01
Hs.531818_at	0.039714	8.882490e-01	9.507583e-01
Hs.209153_at	0.039714	8.882490e-01	9.507583e-01
Hs.19404_at	-0.039714	8.882490e-01	9.507583e-01
Hs.178066_at	-0.039714	8.882490e-01	9.507583e-01
Hs.467898_at	0.039714	8.882490e-01	9.507583e-01
Hs.518760_at	-0.039714	8.882490e-01	9.507583e-01
Hs.121492_at	0.039714	8.882490e-01	9.507583e-01
Hs.568242_at	0.039714	8.882490e-01	9.507583e-01
Hs.136348_at	0.039714	8.882490e-01	9.507583e-01
Hs.546550_at	0.039714	8.882490e-01	9.507583e-01
Hs.37860_at	-0.039714	8.882490e-01	9.507583e-01
Hs.6874_at	0.039714	8.882490e-01	9.507583e-01
Hs.376337_at	0.039714	8.882490e-01	9.507583e-01
Hs.558541_at	0.039714	8.882490e-01	9.507583e-01
Hs.294005_at	0.039714	8.882490e-01	9.507583e-01
Hs.283803_at	0.039714	8.882490e-01	9.507583e-01
Hs.546255_at	0.039714	8.882490e-01	9.507583e-01
Hs.652150_at	0.039714	8.882490e-01	9.507583e-01
Hs.209577_at	-0.039714	8.882490e-01	9.507583e-01
Hs.480218_at	-0.039714	8.882490e-01	9.507583e-01
Hs.12967_at	-0.039714	8.882490e-01	9.507583e-01
Hs.638958_at	0.039714	8.882490e-01	9.507583e-01
Hs.85950_at	0.039714	8.882490e-01	9.507583e-01
Hs.185807_at	-0.039714	8.882490e-01	9.507583e-01
Hs.514036_at	-0.039714	8.882490e-01	9.507583e-01
Hs.158932_at	0.039714	8.882490e-01	9.507583e-01
Hs.651853_at	-0.039714	8.882490e-01	9.507583e-01
Hs.522083_at	-0.039714	8.882490e-01	9.507583e-01
Hs.437006_at	-0.039714	8.882490e-01	9.507583e-01
Hs.301974_at	0.039714	8.882490e-01	9.507583e-01
Hs.301564_at	-0.039714	8.882490e-01	9.507583e-01
Hs.528665_at	0.039714	8.882490e-01	9.507583e-01
Hs.651292_at	0.039714	8.882490e-01	9.507583e-01
Hs.498543_at	-0.039714	8.882490e-01	9.507583e-01
Hs.378115_at	0.039714	8.882490e-01	9.507583e-01
Hs.279929_at	0.039714	8.882490e-01	9.507583e-01
Hs.17569_at	-0.039714	8.882490e-01	9.507583e-01
Hs.12084_at	0.039714	8.882490e-01	9.507583e-01
Hs.368794_at	0.039714	8.882490e-01	9.507583e-01
Hs.636572_at	-0.039714	8.882490e-01	9.507583e-01
Hs.21611_at	0.039714	8.882490e-01	9.507583e-01
Hs.632559_at	-0.039714	8.882490e-01	9.507583e-01
Hs.610207_at	-0.039714	8.882490e-01	9.507583e-01
Hs.431317_at	-0.039714	8.882490e-01	9.507583e-01
Hs.517543_at	0.039714	8.882490e-01	9.507583e-01
Hs.529284_at	-0.039714	8.882490e-01	9.507583e-01
Hs.213380_at	-0.039714	8.882490e-01	9.507583e-01
Hs.652674_at	0.039714	8.882490e-01	9.507583e-01
Hs.45056_at	-0.039714	8.882490e-01	9.507583e-01
Hs.362854_at	-0.039714	8.882490e-01	9.507583e-01
Hs.648463_at	0.039714	8.882490e-01	9.507583e-01
Hs.58552_at	0.039714	8.882490e-01	9.507583e-01
Hs.611370_at	0.039714	8.882490e-01	9.507583e-01
Hs.3192_at	-0.039714	8.882490e-01	9.507583e-01
Hs.444770_at	0.039714	8.882490e-01	9.507583e-01
Hs.519347_at	-0.039714	8.882490e-01	9.507583e-01
Hs.597622_at	-0.039714	8.882490e-01	9.507583e-01
Hs.518460_at	0.039714	8.882490e-01	9.507583e-01
Hs.149983_at	-0.039714	8.882490e-01	9.507583e-01
Hs.474018_at	-0.039714	8.882490e-01	9.507583e-01
Hs.531182_at	0.039714	8.882490e-01	9.507583e-01
Hs.12646_at	-0.039714	8.882490e-01	9.507583e-01
Hs.590906_at	0.039714	8.882490e-01	9.507583e-01
Hs.644056_at	0.039714	8.882490e-01	9.507583e-01
Hs.383019_at	-0.039714	8.882490e-01	9.507583e-01
Hs.579115_at	-0.036103	8.983572e-01	9.547066e-01
Hs.584748_at	0.036103	8.983572e-01	9.547066e-01
Hs.559353_at	0.036103	8.983572e-01	9.547066e-01
Hs.479754_at	-0.036103	8.983572e-01	9.547066e-01
Hs.518451_at	-0.036103	8.983572e-01	9.547066e-01
Hs.134194_at	-0.036103	8.983572e-01	9.547066e-01
Hs.518270_at	-0.036103	8.983572e-01	9.547066e-01
Hs.632926_at	0.036103	8.983572e-01	9.547066e-01
Hs.232072_at	0.036103	8.983572e-01	9.547066e-01
Hs.997_at	-0.036103	8.983572e-01	9.547066e-01
Hs.515371_at	-0.036103	8.983572e-01	9.547066e-01
Hs.25333_at	-0.036103	8.983572e-01	9.547066e-01
Hs.25362_at	0.036103	8.983572e-01	9.547066e-01
Hs.523526_at	0.036103	8.983572e-01	9.547066e-01
Hs.652487_at	-0.036103	8.983572e-01	9.547066e-01
Hs.515122_at	0.036103	8.983572e-01	9.547066e-01
Hs.303676_at	0.036103	8.983572e-01	9.547066e-01
Hs.11_at	0.036103	8.983572e-01	9.547066e-01
Hs.603405_at	0.036103	8.983572e-01	9.547066e-01
Hs.31409_at	-0.036103	8.983572e-01	9.547066e-01
Hs.600218_at	0.036103	8.983572e-01	9.547066e-01
Hs.28659_at	0.036103	8.983572e-01	9.547066e-01
Hs.248119_at	-0.036103	8.983572e-01	9.547066e-01
Hs.44693_at	0.036103	8.983572e-01	9.547066e-01
Hs.631804_at	-0.036103	8.983572e-01	9.547066e-01
Hs.64064_at	-0.036103	8.983572e-01	9.547066e-01
Hs.505033_at	-0.036103	8.983572e-01	9.547066e-01
Hs.42194_at	-0.036103	8.983572e-01	9.547066e-01
Hs.643610_at	0.036103	8.983572e-01	9.547066e-01
Hs.403802_at	-0.036103	8.983572e-01	9.547066e-01
Hs.607588_at	0.036103	8.983572e-01	9.547066e-01
Hs.607409_at	-0.036103	8.983572e-01	9.547066e-01
Hs.41565_at	0.036103	8.983572e-01	9.547066e-01
Hs.8033_at	-0.036103	8.983572e-01	9.547066e-01
Hs.461047_at	0.036103	8.983572e-01	9.547066e-01
Hs.240053_at	-0.036103	8.983572e-01	9.547066e-01
Hs.631642_at	-0.036103	8.983572e-01	9.547066e-01
Hs.446374_at	-0.036103	8.983572e-01	9.547066e-01
Hs.57710_at	0.036103	8.983572e-01	9.547066e-01
Hs.632256_at	-0.036103	8.983572e-01	9.547066e-01
Hs.143314_at	0.036103	8.983572e-01	9.547066e-01
Hs.16355_at	0.036103	8.983572e-01	9.547066e-01
Hs.534479_at	-0.036103	8.983572e-01	9.547066e-01
Hs.171909_at	-0.036103	8.983572e-01	9.547066e-01
Hs.512487+_at	-0.036103	8.983572e-01	9.547066e-01
Hs.585374_at	-0.036103	8.983572e-01	9.547066e-01
Hs.172982_at	0.036103	8.983572e-01	9.547066e-01
Hs.554892_at	0.036103	8.983572e-01	9.547066e-01
Hs.159014_at	0.036103	8.983572e-01	9.547066e-01
Hs.632581_at	0.036103	8.983572e-01	9.547066e-01
Hs.143873_at	0.036103	8.983572e-01	9.547066e-01
Hs.516834_at	0.036103	8.983572e-01	9.547066e-01
Hs.526630_at	-0.036103	8.983572e-01	9.547066e-01
Hs.131041_at	-0.036103	8.983572e-01	9.547066e-01
Hs.436542_at	0.036103	8.983572e-01	9.547066e-01
Hs.29874_at	-0.036103	8.983572e-01	9.547066e-01
Hs.444082_at	-0.036103	8.983572e-01	9.547066e-01
Hs.556998_at	-0.036103	8.983572e-01	9.547066e-01
Hs.301394_at	0.036103	8.983572e-01	9.547066e-01
Hs.268606_at	-0.036103	8.983572e-01	9.547066e-01
Hs.522074_at	-0.036103	8.983572e-01	9.547066e-01
Hs.595071_at	0.036103	8.983572e-01	9.547066e-01
Hs.575090_at	-0.036103	8.983572e-01	9.547066e-01
Hs.157035_at	-0.036103	8.983572e-01	9.547066e-01
Hs.500165_at	-0.036103	8.983572e-01	9.547066e-01
Hs.436657_at	0.036103	8.983572e-01	9.547066e-01
Hs.129828_at	-0.036103	8.983572e-01	9.547066e-01
Hs.647298_at	-0.036103	8.983572e-01	9.547066e-01
Hs.614422_at	-0.036103	8.983572e-01	9.547066e-01
Hs.486292_at	0.036103	8.983572e-01	9.547066e-01
Hs.591602_at	-0.036103	8.983572e-01	9.547066e-01
Hs.495854_at	0.036103	8.983572e-01	9.547066e-01
Hs.585081_at	0.036103	8.983572e-01	9.547066e-01
Hs.37706_at	-0.036103	8.983572e-01	9.547066e-01
Hs.651135_at	-0.036103	8.983572e-01	9.547066e-01
Hs.307084_at	-0.036103	8.983572e-01	9.547066e-01
Hs.174743_at	0.036103	8.983572e-01	9.547066e-01
Hs.635051_at	0.036103	8.983572e-01	9.547066e-01
Hs.307734_at	-0.036103	8.983572e-01	9.547066e-01
Hs.208912_at	0.036103	8.983572e-01	9.547066e-01
Hs.609023_at	0.036103	8.983572e-01	9.547066e-01
Hs.651879_at	-0.036103	8.983572e-01	9.547066e-01
Hs.481992_at	0.036103	8.983572e-01	9.547066e-01
Hs.482077_at	-0.036103	8.983572e-01	9.547066e-01
Hs.558393_at	0.036103	8.983572e-01	9.547066e-01
Hs.352341_at	0.036103	8.983572e-01	9.547066e-01
Hs.443625_at	0.036103	8.983572e-01	9.547066e-01
Hs.129634_at	-0.036103	8.983572e-01	9.547066e-01
Hs.534870_at	-0.036103	8.983572e-01	9.547066e-01
Hs.124519_at	0.036103	8.983572e-01	9.547066e-01
Hs.283923_at	-0.036103	8.983572e-01	9.547066e-01
Hs.546373-_at	0.036103	8.983572e-01	9.547066e-01
Hs.960_at	0.036103	8.983572e-01	9.547066e-01
Hs.608825+_at	-0.036103	8.983572e-01	9.547066e-01
Hs.425144_at	0.036103	8.983572e-01	9.547066e-01
Hs.651708_at	0.036103	8.983572e-01	9.547066e-01
Hs.6799_at	-0.036103	8.983572e-01	9.547066e-01
Hs.211441_at	0.036103	8.983572e-01	9.547066e-01
Hs.516700_at	0.036103	8.983572e-01	9.547066e-01
Hs.652350_at	-0.036103	8.983572e-01	9.547066e-01
Hs.1481_at	0.036103	8.983572e-01	9.547066e-01
Hs.595494_at	0.036103	8.983572e-01	9.547066e-01
Hs.288164_at	0.036103	8.983572e-01	9.547066e-01
Hs.622234_at	0.036103	8.983572e-01	9.547066e-01
Hs.652317_at	-0.036103	8.983572e-01	9.547066e-01
Hs.14555_at	0.036103	8.983572e-01	9.547066e-01
Hs.145269_at	-0.036103	8.983572e-01	9.547066e-01
Hs.112569_at	-0.036103	8.983572e-01	9.547066e-01
Hs.593797_at	0.036103	8.983572e-01	9.547066e-01
Hs.516629_at	0.036103	8.983572e-01	9.547066e-01
Hs.516522_at	0.036103	8.983572e-01	9.547066e-01
Hs.474787_at	-0.036103	8.983572e-01	9.547066e-01
Hs.203896_at	-0.036103	8.983572e-01	9.547066e-01
Hs.31664_at	-0.036103	8.983572e-01	9.547066e-01
Hs.612186_at	-0.036103	8.983572e-01	9.547066e-01
Hs.13308_at	0.036103	8.983572e-01	9.547066e-01
Hs.434494_at	-0.036103	8.983572e-01	9.547066e-01
Hs.649077_at	-0.036103	8.983572e-01	9.547066e-01
Hs.570295_at	0.036103	8.983572e-01	9.547066e-01
Hs.168586_at	-0.036103	8.983572e-01	9.547066e-01
Hs.474935_at	0.036103	8.983572e-01	9.547066e-01
Hs.304249_at	-0.036103	8.983572e-01	9.547066e-01
Hs.636359_at	0.036103	8.983572e-01	9.547066e-01
Hs.595349_at	-0.036103	8.983572e-01	9.547066e-01
Hs.625992_at	-0.036103	8.983572e-01	9.547066e-01
Hs.625026_at	-0.036103	8.983572e-01	9.547066e-01
Hs.183994_at	-0.036103	8.983572e-01	9.547066e-01
Hs.592945_at	-0.036103	8.983572e-01	9.547066e-01
Hs.585105_at	0.036103	8.983572e-01	9.547066e-01
Hs.527874_at	-0.036103	8.983572e-01	9.547066e-01
Hs.272805_at	0.036103	8.983572e-01	9.547066e-01
Hs.73172_at	0.036103	8.983572e-01	9.547066e-01
Hs.134728_at	0.036103	8.983572e-01	9.547066e-01
Hs.475538_at	-0.036103	8.983572e-01	9.547066e-01
Hs.255935_at	-0.036103	8.983572e-01	9.547066e-01
Hs.16936_at	0.032493	9.084800e-01	9.586646e-01
Hs.444490_at	-0.032493	9.084800e-01	9.586646e-01
Hs.147989_at	0.032493	9.084800e-01	9.586646e-01
Hs.594802_at	-0.032493	9.084800e-01	9.586646e-01
Hs.518123_at	-0.032493	9.084800e-01	9.586646e-01
Hs.603800-_at	0.032493	9.084800e-01	9.586646e-01
Hs.272385_at	0.032493	9.084800e-01	9.586646e-01
Hs.194669_at	0.032493	9.084800e-01	9.586646e-01
Hs.458360_at	-0.032493	9.084800e-01	9.586646e-01
Hs.613997_at	0.032493	9.084800e-01	9.586646e-01
Hs.31034_at	0.032493	9.084800e-01	9.586646e-01
Hs.91109_at	0.032493	9.084800e-01	9.586646e-01
Hs.376011_at	0.032493	9.084800e-01	9.586646e-01
Hs.153299_at	0.032493	9.084800e-01	9.586646e-01
Hs.152009_at	0.032493	9.084800e-01	9.586646e-01
Hs.15277_at	-0.032493	9.084800e-01	9.586646e-01
Hs.591785_at	0.032493	9.084800e-01	9.586646e-01
Hs.370510_at	-0.032493	9.084800e-01	9.586646e-01
Hs.117367_at	-0.032493	9.084800e-01	9.586646e-01
Hs.632945_at	0.032493	9.084800e-01	9.586646e-01
Hs.434286_at	-0.032493	9.084800e-01	9.586646e-01
Hs.581614_at	0.032493	9.084800e-01	9.586646e-01
Hs.523238_at	-0.032493	9.084800e-01	9.586646e-01
Hs.511476_at	0.032493	9.084800e-01	9.586646e-01
Hs.593679_at	0.032493	9.084800e-01	9.586646e-01
Hs.438905_at	-0.032493	9.084800e-01	9.586646e-01
Hs.621521_at	0.032493	9.084800e-01	9.586646e-01
Hs.148074_at	0.032493	9.084800e-01	9.586646e-01
Hs.335393_at	-0.032493	9.084800e-01	9.586646e-01
Hs.638553_at	-0.032493	9.084800e-01	9.586646e-01
Hs.191164_at	0.032493	9.084800e-01	9.586646e-01
Hs.437385_at	-0.032493	9.084800e-01	9.586646e-01
Hs.645287_at	-0.032493	9.084800e-01	9.586646e-01
Hs.186635_at	0.032493	9.084800e-01	9.586646e-01
Hs.188763_at	0.032493	9.084800e-01	9.586646e-01
Hs.443465_at	-0.032493	9.084800e-01	9.586646e-01
Hs.470804_at	0.032493	9.084800e-01	9.586646e-01
Hs.85195_at	-0.032493	9.084800e-01	9.586646e-01
Hs.592072_at	-0.032493	9.084800e-01	9.586646e-01
Hs.609102_at	-0.032493	9.084800e-01	9.586646e-01
Hs.412293_at	-0.032493	9.084800e-01	9.586646e-01
Hs.432648_at	0.032493	9.084800e-01	9.586646e-01
Hs.16258_at	0.032493	9.084800e-01	9.586646e-01
Hs.178648_at	0.032493	9.084800e-01	9.586646e-01
Hs.115497_at	0.032493	9.084800e-01	9.586646e-01
Hs.377010_at	0.032493	9.084800e-01	9.586646e-01
Hs.592102_at	0.032493	9.084800e-01	9.586646e-01
Hs.283869_at	0.032493	9.084800e-01	9.586646e-01
Hs.177151_at	-0.032493	9.084800e-01	9.586646e-01
Hs.647422_at	0.032493	9.084800e-01	9.586646e-01
Hs.176980_at	-0.032493	9.084800e-01	9.586646e-01
Hs.304682_at	0.032493	9.084800e-01	9.586646e-01
Hs.619992_at	-0.032493	9.084800e-01	9.586646e-01
Hs.131288_at	-0.032493	9.084800e-01	9.586646e-01
Hs.436113_at	0.032493	9.084800e-01	9.586646e-01
Hs.26745_at	-0.032493	9.084800e-01	9.586646e-01
Hs.242057_at	0.032493	9.084800e-01	9.586646e-01
Hs.36975_at	0.032493	9.084800e-01	9.586646e-01
Hs.593277_at	0.032493	9.084800e-01	9.586646e-01
Hs.352768_at	0.032493	9.084800e-01	9.586646e-01
Hs.591123_at	-0.032493	9.084800e-01	9.586646e-01
Hs.638506-_at	0.032493	9.084800e-01	9.586646e-01
Hs.618303_at	-0.032493	9.084800e-01	9.586646e-01
Hs.557565_at	0.032493	9.084800e-01	9.586646e-01
Hs.15977_at	0.032493	9.084800e-01	9.586646e-01
Hs.113094_at	0.032493	9.084800e-01	9.586646e-01
Hs.520101_at	0.032493	9.084800e-01	9.586646e-01
Hs.485208_at	-0.032493	9.084800e-01	9.586646e-01
Hs.131431_at	0.032493	9.084800e-01	9.586646e-01
Hs.532749_at	-0.032493	9.084800e-01	9.586646e-01
Hs.605110_at	-0.032493	9.084800e-01	9.586646e-01
Hs.124211_at	-0.032493	9.084800e-01	9.586646e-01
Hs.112877_at	0.032493	9.084800e-01	9.586646e-01
Hs.650251_at	0.032493	9.084800e-01	9.586646e-01
Hs.598583_at	-0.032493	9.084800e-01	9.586646e-01
Hs.375105_at	0.032493	9.084800e-01	9.586646e-01
Hs.3254_at	-0.032493	9.084800e-01	9.586646e-01
Hs.614248_at	0.032493	9.084800e-01	9.586646e-01
Hs.533499_at	-0.032493	9.084800e-01	9.586646e-01
Hs.75307_at	0.032493	9.084800e-01	9.586646e-01
Hs.408257_at	-0.032493	9.084800e-01	9.586646e-01
Hs.407926_at	0.032493	9.084800e-01	9.586646e-01
Hs.632380_at	-0.032493	9.084800e-01	9.586646e-01
Hs.500483_at	-0.032493	9.084800e-01	9.586646e-01
Hs.559194_at	-0.032493	9.084800e-01	9.586646e-01
Hs.593600_at	-0.032493	9.084800e-01	9.586646e-01
Hs.293907_at	0.032493	9.084800e-01	9.586646e-01
Hs.128384_at	0.032493	9.084800e-01	9.586646e-01
Hs.503911_at	-0.032493	9.084800e-01	9.586646e-01
Hs.339278_at	-0.032493	9.084800e-01	9.586646e-01
Hs.477278_at	-0.032493	9.084800e-01	9.586646e-01
Hs.24976_at	0.032493	9.084800e-01	9.586646e-01
Hs.14611_at	0.032493	9.084800e-01	9.586646e-01
Hs.584782_at	-0.032493	9.084800e-01	9.586646e-01
Hs.620592_at	0.032493	9.084800e-01	9.586646e-01
Hs.351825_at	-0.032493	9.084800e-01	9.586646e-01
Hs.350927_at	-0.032493	9.084800e-01	9.586646e-01
Hs.621205_at	-0.032493	9.084800e-01	9.586646e-01
Hs.590977_at	0.032493	9.084800e-01	9.586646e-01
Hs.262857_at	0.032493	9.084800e-01	9.586646e-01
Hs.414579_at	0.032493	9.084800e-01	9.586646e-01
Hs.652209_at	-0.032493	9.084800e-01	9.586646e-01
Hs.591269_at	0.032493	9.084800e-01	9.586646e-01
Hs.603212_at	0.032493	9.084800e-01	9.586646e-01
Hs.634621_at	0.032493	9.084800e-01	9.586646e-01
Hs.226307_at	0.032493	9.084800e-01	9.586646e-01
Hs.600460_at	-0.032493	9.084800e-01	9.586646e-01
Hs.48706_at	-0.032493	9.084800e-01	9.586646e-01
Hs.120277+_at	0.032493	9.084800e-01	9.586646e-01
Hs.647637_at	0.032493	9.084800e-01	9.586646e-01
Hs.279696_at	0.032493	9.084800e-01	9.586646e-01
Hs.62578_at	0.032493	9.084800e-01	9.586646e-01
Hs.241570_at	-0.032493	9.084800e-01	9.586646e-01
Hs.180758_at	0.032493	9.084800e-01	9.586646e-01
Hs.182255_at	-0.032493	9.084800e-01	9.586646e-01
Hs.530749_at	0.032493	9.084800e-01	9.586646e-01
Hs.23748_at	-0.032493	9.084800e-01	9.586646e-01
Hs.534540_at	-0.032493	9.084800e-01	9.586646e-01
Hs.610183_at	0.032493	9.084800e-01	9.586646e-01
Hs.304475_at	-0.032493	9.084800e-01	9.586646e-01
Hs.11615_at	-0.032493	9.084800e-01	9.586646e-01
Hs.439650_at	0.032493	9.084800e-01	9.586646e-01
Hs.502_at	0.032493	9.084800e-01	9.586646e-01
Hs.147305_at	0.032493	9.084800e-01	9.586646e-01
Hs.440896_at	0.032493	9.084800e-01	9.586646e-01
Hs.591852_at	0.032493	9.084800e-01	9.586646e-01
Hs.383795_at	-0.032493	9.084800e-01	9.586646e-01
Hs.105191_at	0.032493	9.084800e-01	9.586646e-01
Hs.108973_at	-0.032493	9.084800e-01	9.586646e-01
Hs.98943_at	0.032493	9.084800e-01	9.586646e-01
Hs.383375_at	-0.032493	9.084800e-01	9.586646e-01
Hs.126256_at	0.032493	9.084800e-01	9.586646e-01
Hs.256549_at	-0.032493	9.084800e-01	9.586646e-01
Hs.202095_at	0.032493	9.084800e-01	9.586646e-01
Hs.534206_at	-0.028883	9.186158e-01	9.626814e-01
Hs.316750_at	-0.028883	9.186158e-01	9.626814e-01
Hs.591443_at	-0.028883	9.186158e-01	9.626814e-01
Hs.649392_at	-0.028883	9.186158e-01	9.626814e-01
Hs.552655_at	0.028883	9.186158e-01	9.626814e-01
Hs.632177_at	-0.028883	9.186158e-01	9.626814e-01
Hs.385956_at	-0.028883	9.186158e-01	9.626814e-01
Hs.100431_at	0.028883	9.186158e-01	9.626814e-01
Hs.524183_at	-0.028883	9.186158e-01	9.626814e-01
Hs.584803_at	-0.028883	9.186158e-01	9.626814e-01
Hs.112444_at	0.028883	9.186158e-01	9.626814e-01
Hs.106019_at	0.028883	9.186158e-01	9.626814e-01
Hs.105547_at	-0.028883	9.186158e-01	9.626814e-01
Hs.149037_at	0.028883	9.186158e-01	9.626814e-01
Hs.418093_at	0.028883	9.186158e-01	9.626814e-01
Hs.389137_at	0.028883	9.186158e-01	9.626814e-01
Hs.233407_at	0.028883	9.186158e-01	9.626814e-01
Hs.634774_at	0.028883	9.186158e-01	9.626814e-01
Hs.444619_at	0.028883	9.186158e-01	9.626814e-01
Hs.63311_at	0.028883	9.186158e-01	9.626814e-01
Hs.570397_at	0.028883	9.186158e-01	9.626814e-01
Hs.374987_at	0.028883	9.186158e-01	9.626814e-01
Hs.375081_at	-0.028883	9.186158e-01	9.626814e-01
Hs.13281_at	-0.028883	9.186158e-01	9.626814e-01
Hs.647410_at	0.028883	9.186158e-01	9.626814e-01
Hs.614734_at	-0.028883	9.186158e-01	9.626814e-01
Hs.35524_at	-0.028883	9.186158e-01	9.626814e-01
Hs.355145_at	0.028883	9.186158e-01	9.626814e-01
Hs.356187_at	0.028883	9.186158e-01	9.626814e-01
Hs.433151_at	0.028883	9.186158e-01	9.626814e-01
Hs.433484_at	-0.028883	9.186158e-01	9.626814e-01
Hs.433951_at	0.028883	9.186158e-01	9.626814e-01
Hs.407694_at	0.028883	9.186158e-01	9.626814e-01
Hs.36761_at	-0.028883	9.186158e-01	9.626814e-01
Hs.490038_at	-0.028883	9.186158e-01	9.626814e-01
Hs.59138_at	0.028883	9.186158e-01	9.626814e-01
Hs.137556_at	-0.028883	9.186158e-01	9.626814e-01
Hs.69297_at	0.028883	9.186158e-01	9.626814e-01
Hs.495728_at	-0.028883	9.186158e-01	9.626814e-01
Hs.405873_at	-0.028883	9.186158e-01	9.626814e-01
Hs.483537_at	0.028883	9.186158e-01	9.626814e-01
Hs.183702_at	-0.028883	9.186158e-01	9.626814e-01
Hs.298382_at	-0.028883	9.186158e-01	9.626814e-01
Hs.618609_at	0.028883	9.186158e-01	9.626814e-01
Hs.436445_at	0.028883	9.186158e-01	9.626814e-01
Hs.646885_at	-0.028883	9.186158e-01	9.626814e-01
Hs.18849_at	0.028883	9.186158e-01	9.626814e-01
Hs.188213_at	0.028883	9.186158e-01	9.626814e-01
Hs.188630_at	-0.028883	9.186158e-01	9.626814e-01
Hs.180919_at	-0.028883	9.186158e-01	9.626814e-01
Hs.435947_at	0.028883	9.186158e-01	9.626814e-01
Hs.591294_at	0.028883	9.186158e-01	9.626814e-01
Hs.307052_at	0.028883	9.186158e-01	9.626814e-01
Hs.614529_at	-0.028883	9.186158e-01	9.626814e-01
Hs.421956_at	-0.028883	9.186158e-01	9.626814e-01
Hs.351118_at	-0.028883	9.186158e-01	9.626814e-01
Hs.351824_at	0.028883	9.186158e-01	9.626814e-01
Hs.501135_at	-0.028883	9.186158e-01	9.626814e-01
Hs.8876_at	-0.028883	9.186158e-01	9.626814e-01
Hs.120403_at	0.028883	9.186158e-01	9.626814e-01
Hs.12107_at	-0.028883	9.186158e-01	9.626814e-01
Hs.121432_at	-0.028883	9.186158e-01	9.626814e-01
Hs.22109_at	0.028883	9.186158e-01	9.626814e-01
Hs.598920_at	0.028883	9.186158e-01	9.626814e-01
Hs.469152_at	0.028883	9.186158e-01	9.626814e-01
Hs.517438_at	0.028883	9.186158e-01	9.626814e-01
Hs.85524_at	-0.028883	9.186158e-01	9.626814e-01
Hs.471768_at	-0.028883	9.186158e-01	9.626814e-01
Hs.534513_at	0.028883	9.186158e-01	9.626814e-01
Hs.144058_at	-0.028883	9.186158e-01	9.626814e-01
Hs.197824_at	-0.028883	9.186158e-01	9.626814e-01
Hs.1422_at	-0.028883	9.186158e-01	9.626814e-01
Hs.604943_at	0.028883	9.186158e-01	9.626814e-01
Hs.651589_at	-0.028883	9.186158e-01	9.626814e-01
Hs.431498_at	-0.028883	9.186158e-01	9.626814e-01
Hs.432413_at	-0.028883	9.186158e-01	9.626814e-01
Hs.127144_at	0.028883	9.186158e-01	9.626814e-01
Hs.532047_at	-0.028883	9.186158e-01	9.626814e-01
Hs.514375_at	0.028883	9.186158e-01	9.626814e-01
Hs.80358_at	-0.028883	9.186158e-01	9.626814e-01
Hs.514713_at	-0.028883	9.186158e-01	9.626814e-01
Hs.479808_at	-0.028883	9.186158e-01	9.626814e-01
Hs.195313_at	0.028883	9.186158e-01	9.626814e-01
Hs.78065_at	0.028883	9.186158e-01	9.626814e-01
Hs.559444_at	-0.028883	9.186158e-01	9.626814e-01
Hs.559293_at	-0.028883	9.186158e-01	9.626814e-01
Hs.560000_at	0.028883	9.186158e-01	9.626814e-01
Hs.645273_at	0.028883	9.186158e-01	9.626814e-01
Hs.653007_at	0.028883	9.186158e-01	9.626814e-01
Hs.5462_at	0.028883	9.186158e-01	9.626814e-01
Hs.641864_at	0.028883	9.186158e-01	9.626814e-01
Hs.516119_at	-0.028883	9.186158e-01	9.626814e-01
Hs.283109_at	0.028883	9.186158e-01	9.626814e-01
Hs.587427-_at	0.028883	9.186158e-01	9.626814e-01
Hs.44235_at	-0.028883	9.186158e-01	9.626814e-01
Hs.371235_at	-0.028883	9.186158e-01	9.626814e-01
Hs.62314_at	-0.028883	9.186158e-01	9.626814e-01
Hs.622941_at	0.028883	9.186158e-01	9.626814e-01
Hs.125293_at	0.028883	9.186158e-01	9.626814e-01
Hs.126941_at	0.028883	9.186158e-01	9.626814e-01
Hs.563159_at	-0.028883	9.186158e-01	9.626814e-01
Hs.288034_at	-0.028883	9.186158e-01	9.626814e-01
Hs.622416_at	-0.028883	9.186158e-01	9.626814e-01
Hs.418966_at	0.028883	9.186158e-01	9.626814e-01
Hs.348622_at	-0.028883	9.186158e-01	9.626814e-01
Hs.149342_at	0.028883	9.186158e-01	9.626814e-01
Hs.520623_at	-0.028883	9.186158e-01	9.626814e-01
Hs.111024_at	-0.028883	9.186158e-01	9.626814e-01
Hs.240170_at	0.028883	9.186158e-01	9.626814e-01
Hs.459632_at	-0.028883	9.186158e-01	9.626814e-01
Hs.246506_at	0.028883	9.186158e-01	9.626814e-01
Hs.269011_at	0.028883	9.186158e-01	9.626814e-01
Hs.632447_at	-0.028883	9.186158e-01	9.626814e-01
Hs.97199_at	0.028883	9.186158e-01	9.626814e-01
Hs.597303_at	-0.028883	9.186158e-01	9.626814e-01
Hs.389311_at	-0.028883	9.186158e-01	9.626814e-01
Hs.38894_at	0.028883	9.186158e-01	9.626814e-01
Hs.613882_at	0.028883	9.186158e-01	9.626814e-01
Hs.132696-_at	-0.028883	9.186158e-01	9.626814e-01
Hs.603759+_at	-0.028883	9.186158e-01	9.626814e-01
Hs.461000_at	0.028883	9.186158e-01	9.626814e-01
Hs.34492_at	0.028883	9.186158e-01	9.626814e-01
Hs.501684_at	-0.028883	9.186158e-01	9.626814e-01
Hs.9234_at	0.028883	9.186158e-01	9.626814e-01
Hs.11614_at	0.028883	9.186158e-01	9.626814e-01
Hs.519855_at	0.028883	9.186158e-01	9.626814e-01
Hs.527014_at	0.028883	9.186158e-01	9.626814e-01
Hs.118228_at	-0.028883	9.186158e-01	9.626814e-01
Hs.103854_at	0.028883	9.186158e-01	9.626814e-01
Hs.146824_at	-0.028883	9.186158e-01	9.626814e-01
Hs.458316_at	0.028883	9.186158e-01	9.626814e-01
Hs.98984_at	-0.028883	9.186158e-01	9.626814e-01
Hs.523652_at	0.025272	9.287634e-01	9.665050e-01
Hs.146804_at	-0.025272	9.287634e-01	9.665050e-01
Hs.146882_at	0.025272	9.287634e-01	9.665050e-01
Hs.578443_at	-0.025272	9.287634e-01	9.665050e-01
Hs.632264_at	-0.025272	9.287634e-01	9.665050e-01
Hs.382044_at	-0.025272	9.287634e-01	9.665050e-01
Hs.10306_at	0.025272	9.287634e-01	9.665050e-01
Hs.99900_at	0.025272	9.287634e-01	9.665050e-01
Hs.10441_at	0.025272	9.287634e-01	9.665050e-01
Hs.104019_at	0.025272	9.287634e-01	9.665050e-01
Hs.166556_at	-0.025272	9.287634e-01	9.665050e-01
Hs.408153_at	0.025272	9.287634e-01	9.665050e-01
Hs.603740_at	0.025272	9.287634e-01	9.665050e-01
Hs.603681_at	-0.025272	9.287634e-01	9.665050e-01
Hs.512815_at	0.025272	9.287634e-01	9.665050e-01
Hs.551713_at	0.025272	9.287634e-01	9.665050e-01
Hs.611603_at	0.025272	9.287634e-01	9.665050e-01
Hs.108614_at	-0.025272	9.287634e-01	9.665050e-01
Hs.462585_at	-0.025272	9.287634e-01	9.665050e-01
Hs.113912_at	-0.025272	9.287634e-01	9.665050e-01
Hs.446275_at	-0.025272	9.287634e-01	9.665050e-01
Hs.459095_at	0.025272	9.287634e-01	9.665050e-01
Hs.571835_at	-0.025272	9.287634e-01	9.665050e-01
Hs.378836_at	0.025272	9.287634e-01	9.665050e-01
Hs.271285_at	0.025272	9.287634e-01	9.665050e-01
Hs.269528_at	-0.025272	9.287634e-01	9.665050e-01
Hs.242183_at	0.025272	9.287634e-01	9.665050e-01
Hs.111779_at	-0.025272	9.287634e-01	9.665050e-01
Hs.95140_at	-0.025272	9.287634e-01	9.665050e-01
Hs.111902_at	0.025272	9.287634e-01	9.665050e-01
Hs.460574_at	-0.025272	9.287634e-01	9.665050e-01
Hs.418367_at	0.025272	9.287634e-01	9.665050e-01
Hs.539880+_at	-0.025272	9.287634e-01	9.665050e-01
Hs.652362_at	-0.025272	9.287634e-01	9.665050e-01
Hs.501898_at	0.025272	9.287634e-01	9.665050e-01
Hs.82028_at	-0.025272	9.287634e-01	9.665050e-01
Hs.643571_at	-0.025272	9.287634e-01	9.665050e-01
Hs.40499_at	0.025272	9.287634e-01	9.665050e-01
Hs.127366_at	0.025272	9.287634e-01	9.665050e-01
Hs.292078_at	0.025272	9.287634e-01	9.665050e-01
Hs.623418_at	0.025272	9.287634e-01	9.665050e-01
Hs.285051_at	0.025272	9.287634e-01	9.665050e-01
Hs.28608_at	0.025272	9.287634e-01	9.665050e-01
Hs.201776_at	-0.025272	9.287634e-01	9.665050e-01
Hs.640026+_at	-0.025272	9.287634e-01	9.665050e-01
Hs.210850_at	0.025272	9.287634e-01	9.665050e-01
Hs.371110_at	0.025272	9.287634e-01	9.665050e-01
Hs.600789_at	0.025272	9.287634e-01	9.665050e-01
Hs.157394_at	-0.025272	9.287634e-01	9.665050e-01
Hs.332795_at	-0.025272	9.287634e-01	9.665050e-01
Hs.567422_at	0.025272	9.287634e-01	9.665050e-01
Hs.371594_at	0.025272	9.287634e-01	9.665050e-01
Hs.513807_at	0.025272	9.287634e-01	9.665050e-01
Hs.437178_at	-0.025272	9.287634e-01	9.665050e-01
Hs.196584_at	0.025272	9.287634e-01	9.665050e-01
Hs.80395_at	-0.025272	9.287634e-01	9.665050e-01
Hs.78977_at	-0.025272	9.287634e-01	9.665050e-01
Hs.128803_at	0.025272	9.287634e-01	9.665050e-01
Hs.560132_at	-0.025272	9.287634e-01	9.665050e-01
Hs.532658_at	-0.025272	9.287634e-01	9.665050e-01
Hs.158728_at	-0.025272	9.287634e-01	9.665050e-01
Hs.561237_at	0.025272	9.287634e-01	9.665050e-01
Hs.561434_at	0.025272	9.287634e-01	9.665050e-01
Hs.439991_at	-0.025272	9.287634e-01	9.665050e-01
Hs.592017_at	-0.025272	9.287634e-01	9.665050e-01
Hs.158722_at	0.025272	9.287634e-01	9.665050e-01
Hs.530053_at	0.025272	9.287634e-01	9.665050e-01
Hs.280695_at	0.025272	9.287634e-01	9.665050e-01
Hs.282800_at	0.025272	9.287634e-01	9.665050e-01
Hs.517897_at	-0.025272	9.287634e-01	9.665050e-01
Hs.403187_at	0.025272	9.287634e-01	9.665050e-01
Hs.517400_at	0.025272	9.287634e-01	9.665050e-01
Hs.372924_at	-0.025272	9.287634e-01	9.665050e-01
Hs.593920_at	0.025272	9.287634e-01	9.665050e-01
Hs.372578_at	-0.025272	9.287634e-01	9.665050e-01
Hs.469175_at	-0.025272	9.287634e-01	9.665050e-01
Hs.87205_at	0.025272	9.287634e-01	9.665050e-01
Hs.636103_at	-0.025272	9.287634e-01	9.665050e-01
Hs.528721_at	-0.025272	9.287634e-01	9.665050e-01
Hs.3376_at	0.025272	9.287634e-01	9.665050e-01
Hs.652132_at	0.025272	9.287634e-01	9.665050e-01
Hs.66739_at	0.025272	9.287634e-01	9.665050e-01
Hs.407122_at	-0.025272	9.287634e-01	9.665050e-01
Hs.30141_at	-0.025272	9.287634e-01	9.665050e-01
Hs.591290_at	0.025272	9.287634e-01	9.665050e-01
Hs.61812_at	-0.025272	9.287634e-01	9.665050e-01
Hs.646923_at	0.025272	9.287634e-01	9.665050e-01
Hs.189183_at	0.025272	9.287634e-01	9.665050e-01
Hs.436650_at	-0.025272	9.287634e-01	9.665050e-01
Hs.436975_at	0.025272	9.287634e-01	9.665050e-01
Hs.183528_at	-0.025272	9.287634e-01	9.665050e-01
Hs.707_at	-0.025272	9.287634e-01	9.665050e-01
Hs.163155_at	0.025272	9.287634e-01	9.665050e-01
Hs.591597_at	-0.025272	9.287634e-01	9.665050e-01
Hs.602341_at	-0.025272	9.287634e-01	9.665050e-01
Hs.369201_at	-0.025272	9.287634e-01	9.665050e-01
Hs.554762_at	-0.025272	9.287634e-01	9.665050e-01
Hs.488007_at	-0.025272	9.287634e-01	9.665050e-01
Hs.648052_at	0.025272	9.287634e-01	9.665050e-01
Hs.134602_at	0.025272	9.287634e-01	9.665050e-01
Hs.309158_at	0.025272	9.287634e-01	9.665050e-01
Hs.309288_at	0.025272	9.287634e-01	9.665050e-01
Hs.309641_at	0.025272	9.287634e-01	9.665050e-01
Hs.603896_at	0.025272	9.287634e-01	9.665050e-01
Hs.603444_at	0.025272	9.287634e-01	9.665050e-01
Hs.512636_at	0.025272	9.287634e-01	9.665050e-01
Hs.171499_at	-0.025272	9.287634e-01	9.665050e-01
Hs.648336_at	-0.025272	9.287634e-01	9.665050e-01
Hs.604381_at	0.025272	9.287634e-01	9.665050e-01
Hs.494604_at	-0.025272	9.287634e-01	9.665050e-01
Hs.494895_at	0.025272	9.287634e-01	9.665050e-01
Hs.165186_at	-0.025272	9.287634e-01	9.665050e-01
Hs.178023_at	-0.025272	9.287634e-01	9.665050e-01
Hs.75254_at	-0.025272	9.287634e-01	9.665050e-01
Hs.304376_at	-0.025272	9.287634e-01	9.665050e-01
Hs.119251_at	0.025272	9.287634e-01	9.665050e-01
Hs.517962_at	-0.025272	9.287634e-01	9.665050e-01
Hs.627877_at	-0.025272	9.287634e-01	9.665050e-01
Hs.44439_at	-0.025272	9.287634e-01	9.665050e-01
Hs.225084_at	0.025272	9.287634e-01	9.665050e-01
Hs.652192_at	0.025272	9.287634e-01	9.665050e-01
Hs.629105_at	0.025272	9.287634e-01	9.665050e-01
Hs.585935_at	-0.025272	9.287634e-01	9.665050e-01
Hs.233363_at	-0.025272	9.287634e-01	9.665050e-01
Hs.9347_at	0.025272	9.287634e-01	9.665050e-01
Hs.527688_at	-0.025272	9.287634e-01	9.665050e-01
Hs.632828_at	-0.025272	9.287634e-01	9.665050e-01
Hs.50319_at	0.025272	9.287634e-01	9.665050e-01
Hs.652238_at	-0.025272	9.287634e-01	9.665050e-01
Hs.501497_at	0.025272	9.287634e-01	9.665050e-01
Hs.54471_at	0.025272	9.287634e-01	9.665050e-01
Hs.381354_at	0.025272	9.287634e-01	9.665050e-01
Hs.583235_at	-0.025272	9.287634e-01	9.665050e-01
Hs.449296_at	-0.025272	9.287634e-01	9.665050e-01
Hs.101915_at	-0.025272	9.287634e-01	9.665050e-01
Hs.476319_at	0.021662	9.389211e-01	9.718368e-01
Hs.441378_at	0.021662	9.389211e-01	9.718368e-01
Hs.200282_at	-0.021662	9.389211e-01	9.718368e-01
Hs.80962_at	0.021662	9.389211e-01	9.718368e-01
Hs.250693_at	0.021662	9.389211e-01	9.718368e-01
Hs.146668_at	0.021662	9.389211e-01	9.718368e-01
Hs.524763_at	0.021662	9.389211e-01	9.718368e-01
Hs.523130_at	-0.021662	9.389211e-01	9.718368e-01
Hs.525093_at	-0.021662	9.389211e-01	9.718368e-01
Hs.606924_at	-0.021662	9.389211e-01	9.718368e-01
Hs.257008_at	-0.021662	9.389211e-01	9.718368e-01
Hs.417959_at	0.021662	9.389211e-01	9.718368e-01
Hs.250959_at	-0.021662	9.389211e-01	9.718368e-01
Hs.607882_at	0.021662	9.389211e-01	9.718368e-01
Hs.596214_at	-0.021662	9.389211e-01	9.718368e-01
Hs.113919_at	0.021662	9.389211e-01	9.718368e-01
Hs.112998_at	-0.021662	9.389211e-01	9.718368e-01
Hs.113095_at	-0.021662	9.389211e-01	9.718368e-01
Hs.152096_at	0.021662	9.389211e-01	9.718368e-01
Hs.623811_at	0.021662	9.389211e-01	9.718368e-01
Hs.587755+_at	-0.021662	9.389211e-01	9.718368e-01
Hs.474584_at	0.021662	9.389211e-01	9.718368e-01
Hs.516578_at	0.021662	9.389211e-01	9.718368e-01
Hs.592049_at	-0.021662	9.389211e-01	9.718368e-01
Hs.439060_at	0.021662	9.389211e-01	9.718368e-01
Hs.124840_at	0.021662	9.389211e-01	9.718368e-01
Hs.124223_at	-0.021662	9.389211e-01	9.718368e-01
Hs.334499_at	0.021662	9.389211e-01	9.718368e-01
Hs.437360_at	-0.021662	9.389211e-01	9.718368e-01
Hs.78068_at	-0.021662	9.389211e-01	9.718368e-01
Hs.78582_at	-0.021662	9.389211e-01	9.718368e-01
Hs.196134_at	-0.021662	9.389211e-01	9.718368e-01
Hs.514821_at	-0.021662	9.389211e-01	9.718368e-01
Hs.79276_at	0.021662	9.389211e-01	9.718368e-01
Hs.80642_at	0.021662	9.389211e-01	9.718368e-01
Hs.33538_at	-0.021662	9.389211e-01	9.718368e-01
Hs.534783_at	0.021662	9.389211e-01	9.718368e-01
Hs.123278_at	-0.021662	9.389211e-01	9.718368e-01
Hs.650777_at	0.021662	9.389211e-01	9.718368e-01
Hs.497599_at	-0.021662	9.389211e-01	9.718368e-01
Hs.7093_at	0.021662	9.389211e-01	9.718368e-01
Hs.137106_at	0.021662	9.389211e-01	9.718368e-01
Hs.8364_at	-0.021662	9.389211e-01	9.718368e-01
Hs.20961_at	0.021662	9.389211e-01	9.718368e-01
Hs.153274_at	-0.021662	9.389211e-01	9.718368e-01
Hs.150557_at	0.021662	9.389211e-01	9.718368e-01
Hs.607812_at	-0.021662	9.389211e-01	9.718368e-01
Hs.606445_at	0.021662	9.389211e-01	9.718368e-01
Hs.134623_at	-0.021662	9.389211e-01	9.718368e-01
Hs.647971_at	0.021662	9.389211e-01	9.718368e-01
Hs.435680_at	0.021662	9.389211e-01	9.718368e-01
Hs.444743_at	-0.021662	9.389211e-01	9.718368e-01
Hs.529161_at	0.021662	9.389211e-01	9.718368e-01
Hs.599210_at	-0.021662	9.389211e-01	9.718368e-01
Hs.480378_at	0.021662	9.389211e-01	9.718368e-01
Hs.369144_at	0.021662	9.389211e-01	9.718368e-01
Hs.130253_at	-0.021662	9.389211e-01	9.718368e-01
Hs.129702_at	0.021662	9.389211e-01	9.718368e-01
Hs.548045_at	0.021662	9.389211e-01	9.718368e-01
Hs.592144_at	0.021662	9.389211e-01	9.718368e-01
Hs.334633_at	0.021662	9.389211e-01	9.718368e-01
Hs.424049_at	0.021662	9.389211e-01	9.718368e-01
Hs.59757_at	-0.021662	9.389211e-01	9.718368e-01
Hs.62646_at	0.021662	9.389211e-01	9.718368e-01
Hs.2247_at	0.021662	9.389211e-01	9.718368e-01
Hs.406733_at	0.021662	9.389211e-01	9.718368e-01
Hs.436578_at	0.021662	9.389211e-01	9.718368e-01
Hs.77890_at	-0.021662	9.389211e-01	9.718368e-01
Hs.298705_at	-0.021662	9.389211e-01	9.718368e-01
Hs.120323_at	-0.021662	9.389211e-01	9.718368e-01
Hs.143811_at	0.021662	9.389211e-01	9.718368e-01
Hs.122020_at	0.021662	9.389211e-01	9.718368e-01
Hs.630560_at	-0.021662	9.389211e-01	9.718368e-01
Hs.152531_at	-0.021662	9.389211e-01	9.718368e-01
Hs.327451_at	0.021662	9.389211e-01	9.718368e-01
Hs.517941_at	-0.021662	9.389211e-01	9.718368e-01
Hs.397891_at	-0.021662	9.389211e-01	9.718368e-01
Hs.228320_at	-0.021662	9.389211e-01	9.718368e-01
Hs.179724_at	-0.021662	9.389211e-01	9.718368e-01
Hs.647430_at	-0.021662	9.389211e-01	9.718368e-01
Hs.132660_at	0.021662	9.389211e-01	9.718368e-01
Hs.435621_at	-0.021662	9.389211e-01	9.718368e-01
Hs.64746_at	-0.021662	9.389211e-01	9.718368e-01
Hs.302693-_at	0.021662	9.389211e-01	9.718368e-01
Hs.406526_at	0.021662	9.389211e-01	9.718368e-01
Hs.156135_at	0.021662	9.389211e-01	9.718368e-01
Hs.594840_at	0.021662	9.389211e-01	9.718368e-01
Hs.172550_at	-0.021662	9.389211e-01	9.718368e-01
Hs.267765_at	0.021662	9.389211e-01	9.718368e-01
Hs.248189_at	-0.021662	9.389211e-01	9.718368e-01
Hs.57652_at	0.021662	9.389211e-01	9.718368e-01
Hs.632370_at	-0.021662	9.389211e-01	9.718368e-01
Hs.573994_at	-0.021662	9.389211e-01	9.718368e-01
Hs.584830_at	-0.021662	9.389211e-01	9.718368e-01
Hs.643802_at	-0.021662	9.389211e-01	9.718368e-01
Hs.643864_at	0.021662	9.389211e-01	9.718368e-01
Hs.112195_at	0.021662	9.389211e-01	9.718368e-01
Hs.317192_at	0.021662	9.389211e-01	9.718368e-01
Hs.410388_at	-0.021662	9.389211e-01	9.718368e-01
Hs.493639_at	-0.021662	9.389211e-01	9.718368e-01
Hs.164799_at	0.021662	9.389211e-01	9.718368e-01
Hs.435051_at	0.021662	9.389211e-01	9.718368e-01
Hs.462445_at	0.021662	9.389211e-01	9.718368e-01
Hs.247885_at	-0.021662	9.389211e-01	9.718368e-01
Hs.553083_at	0.018052	9.490875e-01	9.755698e-01
Hs.592212_at	0.018052	9.490875e-01	9.755698e-01
Hs.592182_at	-0.018052	9.490875e-01	9.755698e-01
Hs.31743_at	-0.018052	9.490875e-01	9.755698e-01
Hs.103128_at	-0.018052	9.490875e-01	9.755698e-01
Hs.287411_at	-0.018052	9.490875e-01	9.755698e-01
Hs.442578_at	-0.018052	9.490875e-01	9.755698e-01
Hs.442199_at	-0.018052	9.490875e-01	9.755698e-01
Hs.522310_at	-0.018052	9.490875e-01	9.755698e-01
Hs.449738_at	0.018052	9.490875e-01	9.755698e-01
Hs.456557_at	-0.018052	9.490875e-01	9.755698e-01
Hs.522572_at	-0.018052	9.490875e-01	9.755698e-01
Hs.523848_at	0.018052	9.490875e-01	9.755698e-01
Hs.563128_at	-0.018052	9.490875e-01	9.755698e-01
Hs.643039_at	-0.018052	9.490875e-01	9.755698e-01
Hs.652385_at	-0.018052	9.490875e-01	9.755698e-01
Hs.614491_at	-0.018052	9.490875e-01	9.755698e-01
Hs.132497_at	0.018052	9.490875e-01	9.755698e-01
Hs.629890_at	-0.018052	9.490875e-01	9.755698e-01
Hs.274295_at	-0.018052	9.490875e-01	9.755698e-01
Hs.615521_at	0.018052	9.490875e-01	9.755698e-01
Hs.435771_at	-0.018052	9.490875e-01	9.755698e-01
Hs.371727_at	-0.018052	9.490875e-01	9.755698e-01
Hs.609168_at	-0.018052	9.490875e-01	9.755698e-01
Hs.428_at	0.018052	9.490875e-01	9.755698e-01
Hs.334511_at	-0.018052	9.490875e-01	9.755698e-01
Hs.158870_at	0.018052	9.490875e-01	9.755698e-01
Hs.199248_at	0.018052	9.490875e-01	9.755698e-01
Hs.159376_at	0.018052	9.490875e-01	9.755698e-01
Hs.651293_at	-0.018052	9.490875e-01	9.755698e-01
Hs.328801-_at	-0.018052	9.490875e-01	9.755698e-01
Hs.591664_at	0.018052	9.490875e-01	9.755698e-01
Hs.651605_at	-0.018052	9.490875e-01	9.755698e-01
Hs.158237_at	0.018052	9.490875e-01	9.755698e-01
Hs.535224_at	0.018052	9.490875e-01	9.755698e-01
Hs.371225_at	-0.018052	9.490875e-01	9.755698e-01
Hs.124953_at	-0.018052	9.490875e-01	9.755698e-01
Hs.285671_at	-0.018052	9.490875e-01	9.755698e-01
Hs.284284_at	0.018052	9.490875e-01	9.755698e-01
Hs.6909_at	0.018052	9.490875e-01	9.755698e-01
Hs.610311_at	-0.018052	9.490875e-01	9.755698e-01
Hs.534486_at	-0.018052	9.490875e-01	9.755698e-01
Hs.534501_at	0.018052	9.490875e-01	9.755698e-01
Hs.652965_at	-0.018052	9.490875e-01	9.755698e-01
Hs.626145_at	-0.018052	9.490875e-01	9.755698e-01
Hs.472285_at	-0.018052	9.490875e-01	9.755698e-01
Hs.644421_at	-0.018052	9.490875e-01	9.755698e-01
Hs.590944_at	-0.018052	9.490875e-01	9.755698e-01
Hs.193640_at	0.018052	9.490875e-01	9.755698e-01
Hs.125511_at	0.018052	9.490875e-01	9.755698e-01
Hs.4055_at	0.018052	9.490875e-01	9.755698e-01
Hs.477475_at	-0.018052	9.490875e-01	9.755698e-01
Hs.644624_at	-0.018052	9.490875e-01	9.755698e-01
Hs.190621_at	0.018052	9.490875e-01	9.755698e-01
Hs.436029_at	-0.018052	9.490875e-01	9.755698e-01
Hs.528889_at	0.018052	9.490875e-01	9.755698e-01
Hs.464652_at	-0.018052	9.490875e-01	9.755698e-01
Hs.591497_at	-0.018052	9.490875e-01	9.755698e-01
Hs.550371_at	0.018052	9.490875e-01	9.755698e-01
Hs.494595_at	-0.018052	9.490875e-01	9.755698e-01
Hs.610619_at	-0.018052	9.490875e-01	9.755698e-01
Hs.356226_at	0.018052	9.490875e-01	9.755698e-01
Hs.229988_at	0.018052	9.490875e-01	9.755698e-01
Hs.633449_at	-0.018052	9.490875e-01	9.755698e-01
Hs.407666_at	0.018052	9.490875e-01	9.755698e-01
Hs.512015_at	-0.018052	9.490875e-01	9.755698e-01
Hs.46329_at	-0.018052	9.490875e-01	9.755698e-01
Hs.444924_at	-0.018052	9.490875e-01	9.755698e-01
Hs.46320_at	-0.018052	9.490875e-01	9.755698e-01
Hs.585177_at	0.018052	9.490875e-01	9.755698e-01
Hs.519507_at	-0.018052	9.490875e-01	9.755698e-01
Hs.88013_at	0.018052	9.490875e-01	9.755698e-01
Hs.21765_at	0.018052	9.490875e-01	9.755698e-01
Hs.124123_at	0.018052	9.490875e-01	9.755698e-01
Hs.402752_at	-0.018052	9.490875e-01	9.755698e-01
Hs.568693_at	-0.018052	9.490875e-01	9.755698e-01
Hs.221873_at	0.018052	9.490875e-01	9.755698e-01
Hs.278362_at	0.018052	9.490875e-01	9.755698e-01
Hs.221737_at	0.018052	9.490875e-01	9.755698e-01
Hs.568651_at	-0.018052	9.490875e-01	9.755698e-01
Hs.557938_at	0.018052	9.490875e-01	9.755698e-01
Hs.546282_at	0.018052	9.490875e-01	9.755698e-01
Hs.591751_at	-0.018052	9.490875e-01	9.755698e-01
Hs.591689_at	0.018052	9.490875e-01	9.755698e-01
Hs.480792_at	-0.018052	9.490875e-01	9.755698e-01
Hs.480596_at	0.018052	9.490875e-01	9.755698e-01
Hs.591604_at	-0.018052	9.490875e-01	9.755698e-01
Hs.370055_at	-0.018052	9.490875e-01	9.755698e-01
Hs.636360_at	-0.018052	9.490875e-01	9.755698e-01
Hs.586165_at	0.018052	9.490875e-01	9.755698e-01
Hs.469872_at	0.018052	9.490875e-01	9.755698e-01
Hs.444028_at	-0.018052	9.490875e-01	9.755698e-01
Hs.171965_at	0.018052	9.490875e-01	9.755698e-01
Hs.528507_at	-0.018052	9.490875e-01	9.755698e-01
Hs.23581_at	0.018052	9.490875e-01	9.755698e-01
Hs.172685_at	-0.018052	9.490875e-01	9.755698e-01
Hs.648198_at	0.018052	9.490875e-01	9.755698e-01
Hs.173203_at	0.018052	9.490875e-01	9.755698e-01
Hs.511912_at	-0.018052	9.490875e-01	9.755698e-01
Hs.606251_at	-0.018052	9.490875e-01	9.755698e-01
Hs.133892_at	0.018052	9.490875e-01	9.755698e-01
Hs.512606_at	0.018052	9.490875e-01	9.755698e-01
Hs.50334_at	0.018052	9.490875e-01	9.755698e-01
Hs.14511_at	-0.018052	9.490875e-01	9.755698e-01
Hs.144941_at	0.018052	9.490875e-01	9.755698e-01
Hs.645458_at	-0.018052	9.490875e-01	9.755698e-01
Hs.191591_at	0.018052	9.490875e-01	9.755698e-01
Hs.471751_at	-0.018052	9.490875e-01	9.755698e-01
Hs.284208_at	-0.018052	9.490875e-01	9.755698e-01
Hs.632199_at	0.018052	9.490875e-01	9.755698e-01
Hs.580527_at	-0.018052	9.490875e-01	9.755698e-01
Hs.438236_at	0.018052	9.490875e-01	9.755698e-01
Hs.200600_at	-0.018052	9.490875e-01	9.755698e-01
Hs.477126_at	-0.018052	9.490875e-01	9.755698e-01
Hs.477009_at	-0.018052	9.490875e-01	9.755698e-01
Hs.459652_at	0.018052	9.490875e-01	9.755698e-01
Hs.462035_at	0.018052	9.490875e-01	9.755698e-01
Hs.632641_at	0.018052	9.490875e-01	9.755698e-01
Hs.595183_at	-0.018052	9.490875e-01	9.755698e-01
Hs.72933_at	0.018052	9.490875e-01	9.755698e-01
Hs.492516_at	0.018052	9.490875e-01	9.755698e-01
Hs.649445_at	-0.018052	9.490875e-01	9.755698e-01
Hs.77318_at	-0.018052	9.490875e-01	9.755698e-01
Hs.413812_at	-0.018052	9.490875e-01	9.755698e-01
Hs.351822_at	-0.018052	9.490875e-01	9.755698e-01
Hs.436060_at	0.018052	9.490875e-01	9.755698e-01
Hs.75256_at	0.018052	9.490875e-01	9.755698e-01
Hs.486357_at	0.018052	9.490875e-01	9.755698e-01
Hs.445827_at	-0.018052	9.490875e-01	9.755698e-01
Hs.604290_at	0.018052	9.490875e-01	9.755698e-01
Hs.612151_at	-0.018052	9.490875e-01	9.755698e-01
Hs.534338_at	0.018052	9.490875e-01	9.755698e-01
Hs.502092_at	0.018052	9.490875e-01	9.755698e-01
Hs.100058_at	0.018052	9.490875e-01	9.755698e-01
Hs.595764_at	-0.018052	9.490875e-01	9.755698e-01
Hs.652711_at	0.014441	9.592612e-01	9.790102e-01
Hs.348342_at	-0.014441	9.592612e-01	9.790102e-01
Hs.418175_at	-0.014441	9.592612e-01	9.790102e-01
Hs.258314_at	0.014441	9.592612e-01	9.790102e-01
Hs.631997_at	0.014441	9.592612e-01	9.790102e-01
Hs.539714_at	0.014441	9.592612e-01	9.790102e-01
Hs.510939_at	-0.014441	9.592612e-01	9.790102e-01
Hs.604152_at	0.014441	9.592612e-01	9.790102e-01
Hs.388841_at	-0.014441	9.592612e-01	9.790102e-01
Hs.534345_at	0.014441	9.592612e-01	9.790102e-01
Hs.98288_at	-0.014441	9.592612e-01	9.790102e-01
Hs.435052_at	-0.014441	9.592612e-01	9.790102e-01
Hs.115277_at	0.014441	9.592612e-01	9.790102e-01
Hs.632713_at	-0.014441	9.592612e-01	9.790102e-01
Hs.376474_at	0.014441	9.592612e-01	9.790102e-01
Hs.632446_at	0.014441	9.592612e-01	9.790102e-01
Hs.166924_at	-0.014441	9.592612e-01	9.790102e-01
Hs.494163_at	0.014441	9.592612e-01	9.790102e-01
Hs.603780_at	0.014441	9.592612e-01	9.790102e-01
Hs.109540_at	0.014441	9.592612e-01	9.790102e-01
Hs.596713_at	0.014441	9.592612e-01	9.790102e-01
Hs.154299_at	-0.014441	9.592612e-01	9.790102e-01
Hs.592207_at	0.014441	9.592612e-01	9.790102e-01
Hs.136574_at	0.014441	9.592612e-01	9.790102e-01
Hs.245869_at	-0.014441	9.592612e-01	9.790102e-01
Hs.378814_at	-0.014441	9.592612e-01	9.790102e-01
Hs.247717_at	0.014441	9.592612e-01	9.790102e-01
Hs.577463_at	-0.014441	9.592612e-01	9.790102e-01
Hs.197320_at	0.014441	9.592612e-01	9.790102e-01
Hs.438877_at	0.014441	9.592612e-01	9.790102e-01
Hs.476308_at	-0.014441	9.592612e-01	9.790102e-01
Hs.24624_at	-0.014441	9.592612e-01	9.790102e-01
Hs.575032_at	-0.014441	9.592612e-01	9.790102e-01
Hs.652405_at	0.014441	9.592612e-01	9.790102e-01
Hs.127350_at	-0.014441	9.592612e-01	9.790102e-01
Hs.437422_at	-0.014441	9.592612e-01	9.790102e-01
Hs.288010_at	0.014441	9.592612e-01	9.790102e-01
Hs.643464_at	-0.014441	9.592612e-01	9.790102e-01
Hs.34333_at	-0.014441	9.592612e-01	9.790102e-01
Hs.597422_at	-0.014441	9.592612e-01	9.790102e-01
Hs.512152_at	-0.014441	9.592612e-01	9.790102e-01
Hs.134292_at	-0.014441	9.592612e-01	9.790102e-01
Hs.153357_at	0.014441	9.592612e-01	9.790102e-01
Hs.23367_at	-0.014441	9.592612e-01	9.790102e-01
Hs.585369_at	0.014441	9.592612e-01	9.790102e-01
Hs.132957_at	0.014441	9.592612e-01	9.790102e-01
Hs.647774_at	-0.014441	9.592612e-01	9.790102e-01
Hs.444213_at	0.014441	9.592612e-01	9.790102e-01
Hs.224152_at	0.014441	9.592612e-01	9.790102e-01
Hs.511703_at	-0.014441	9.592612e-01	9.790102e-01
Hs.118845_at	-0.014441	9.592612e-01	9.790102e-01
Hs.529493_at	-0.014441	9.592612e-01	9.790102e-01
Hs.517601_at	-0.014441	9.592612e-01	9.790102e-01
Hs.558512_at	-0.014441	9.592612e-01	9.790102e-01
Hs.601705_at	0.014441	9.592612e-01	9.790102e-01
Hs.86507_at	0.014441	9.592612e-01	9.790102e-01
Hs.29665_at	-0.014441	9.592612e-01	9.790102e-01
Hs.369009_at	-0.014441	9.592612e-01	9.790102e-01
Hs.638162_at	-0.014441	9.592612e-01	9.790102e-01
Hs.617897_at	0.014441	9.592612e-01	9.790102e-01
Hs.591130_at	-0.014441	9.592612e-01	9.790102e-01
Hs.626536_at	-0.014441	9.592612e-01	9.790102e-01
Hs.368254_at	-0.014441	9.592612e-01	9.790102e-01
Hs.407601_at	0.014441	9.592612e-01	9.790102e-01
Hs.557646_at	-0.014441	9.592612e-01	9.790102e-01
Hs.423598_at	0.014441	9.592612e-01	9.790102e-01
Hs.89839_at	-0.014441	9.592612e-01	9.790102e-01
Hs.188614_at	-0.014441	9.592612e-01	9.790102e-01
Hs.482562_at	-0.014441	9.592612e-01	9.790102e-01
Hs.130027_at	0.014441	9.592612e-01	9.790102e-01
Hs.122511_at	-0.014441	9.592612e-01	9.790102e-01
Hs.87752_at	0.014441	9.592612e-01	9.790102e-01
Hs.571314_at	-0.014441	9.592612e-01	9.790102e-01
Hs.571098_at	0.014441	9.592612e-01	9.790102e-01
Hs.411061_at	0.014441	9.592612e-01	9.790102e-01
Hs.93173_at	-0.014441	9.592612e-01	9.790102e-01
Hs.152475_at	-0.014441	9.592612e-01	9.790102e-01
Hs.512234_at	0.014441	9.592612e-01	9.790102e-01
Hs.327527_at	0.014441	9.592612e-01	9.790102e-01
Hs.370145_at	-0.014441	9.592612e-01	9.790102e-01
Hs.601127_at	-0.014441	9.592612e-01	9.790102e-01
Hs.644617_at	0.014441	9.592612e-01	9.790102e-01
Hs.645521_at	-0.014441	9.592612e-01	9.790102e-01
Hs.471785_at	-0.014441	9.592612e-01	9.790102e-01
Hs.530315_at	0.014441	9.592612e-01	9.790102e-01
Hs.19385_at	0.014441	9.592612e-01	9.790102e-01
Hs.644708_at	0.014441	9.592612e-01	9.790102e-01
Hs.624474_at	-0.014441	9.592612e-01	9.790102e-01
Hs.548380_at	-0.014441	9.592612e-01	9.790102e-01
Hs.163484_at	0.014441	9.592612e-01	9.790102e-01
Hs.14601_at	0.014441	9.592612e-01	9.790102e-01
Hs.594023_at	-0.014441	9.592612e-01	9.790102e-01
Hs.593659_at	0.014441	9.592612e-01	9.790102e-01
Hs.53454_at	0.014441	9.592612e-01	9.790102e-01
Hs.160954_at	0.014441	9.592612e-01	9.790102e-01
Hs.496255_at	0.014441	9.592612e-01	9.790102e-01
Hs.515598_at	-0.014441	9.592612e-01	9.790102e-01
Hs.565333_at	0.014441	9.592612e-01	9.790102e-01
Hs.79361_at	-0.014441	9.592612e-01	9.790102e-01
Hs.284141_at	-0.014441	9.592612e-01	9.790102e-01
Hs.605435_at	-0.014441	9.592612e-01	9.790102e-01
Hs.441664_at	0.014441	9.592612e-01	9.790102e-01
Hs.333526_at	0.014441	9.592612e-01	9.790102e-01
Hs.592061_at	0.014441	9.592612e-01	9.790102e-01
Hs.438845_at	-0.014441	9.592612e-01	9.790102e-01
Hs.202120_at	0.014441	9.592612e-01	9.790102e-01
Hs.369657_at	-0.014441	9.592612e-01	9.790102e-01
Hs.601790_at	-0.014441	9.592612e-01	9.790102e-01
Hs.784_at	0.014441	9.592612e-01	9.790102e-01
Hs.599911_at	-0.014441	9.592612e-01	9.790102e-01
Hs.623843_at	0.014441	9.592612e-01	9.790102e-01
Hs.465761_at	0.014441	9.592612e-01	9.790102e-01
Hs.22689_at	0.014441	9.592612e-01	9.790102e-01
Hs.227115_at	-0.014441	9.592612e-01	9.790102e-01
Hs.355455_at	-0.014441	9.592612e-01	9.790102e-01
Hs.513034_at	-0.014441	9.592612e-01	9.790102e-01
Hs.435804_at	0.014441	9.592612e-01	9.790102e-01
Hs.132111_at	-0.014441	9.592612e-01	9.790102e-01
Hs.570273_at	-0.014441	9.592612e-01	9.790102e-01
Hs.143250_at	0.014441	9.592612e-01	9.790102e-01
Hs.504620_at	0.014441	9.592612e-01	9.790102e-01
Hs.376015_at	0.014441	9.592612e-01	9.790102e-01
Hs.485075_at	-0.014441	9.592612e-01	9.790102e-01
Hs.512682_at	-0.014441	9.592612e-01	9.790102e-01
Hs.613574_at	0.014441	9.592612e-01	9.790102e-01
Hs.3155_at	0.014441	9.592612e-01	9.790102e-01
Hs.613217_at	-0.014441	9.592612e-01	9.790102e-01
Hs.649420_at	-0.014441	9.592612e-01	9.790102e-01
Hs.1706_at	0.014441	9.592612e-01	9.790102e-01
Hs.652407_at	-0.014441	9.592612e-01	9.790102e-01
Hs.97053_at	-0.014441	9.592612e-01	9.790102e-01
Hs.14745_at	0.014441	9.592612e-01	9.790102e-01
Hs.382185_at	0.014441	9.592612e-01	9.790102e-01
Hs.108969_at	-0.014441	9.592612e-01	9.790102e-01
Hs.652592_at	0.014441	9.592612e-01	9.790102e-01
Hs.632328_at	-0.014441	9.592612e-01	9.790102e-01
Hs.25313_at	-0.014441	9.592612e-01	9.790102e-01
Hs.267038_at	-0.014441	9.592612e-01	9.790102e-01
Hs.448588_at	0.014441	9.592612e-01	9.790102e-01
Hs.386567_at	-0.014441	9.592612e-01	9.790102e-01
Hs.10414_at	0.010831	9.694408e-01	9.839971e-01
Hs.146542_at	0.010831	9.694408e-01	9.839971e-01
Hs.523454_at	-0.010831	9.694408e-01	9.839971e-01
Hs.577256_at	0.010831	9.694408e-01	9.839971e-01
Hs.631757_at	-0.010831	9.694408e-01	9.839971e-01
Hs.596205_at	0.010831	9.694408e-01	9.839971e-01
Hs.382016_at	0.010831	9.694408e-01	9.839971e-01
Hs.563205_at	-0.010831	9.694408e-01	9.839971e-01
Hs.511143_at	-0.010831	9.694408e-01	9.839971e-01
Hs.251380_at	0.010831	9.694408e-01	9.839971e-01
Hs.448823_at	-0.010831	9.694408e-01	9.839971e-01
Hs.451090_at	0.010831	9.694408e-01	9.839971e-01
Hs.25363_at	-0.010831	9.694408e-01	9.839971e-01
Hs.198612_at	-0.010831	9.694408e-01	9.839971e-01
Hs.197801_at	0.010831	9.694408e-01	9.839971e-01
Hs.651337_at	0.010831	9.694408e-01	9.839971e-01
Hs.597262-_at	-0.010831	9.694408e-01	9.839971e-01
Hs.314543_at	-0.010831	9.694408e-01	9.839971e-01
Hs.444558_at	-0.010831	9.694408e-01	9.839971e-01
Hs.488251_at	0.010831	9.694408e-01	9.839971e-01
Hs.172119_at	-0.010831	9.694408e-01	9.839971e-01
Hs.73890_at	-0.010831	9.694408e-01	9.839971e-01
Hs.239181_at	0.010831	9.694408e-01	9.839971e-01
Hs.115959_at	0.010831	9.694408e-01	9.839971e-01
Hs.350288_at	-0.010831	9.694408e-01	9.839971e-01
Hs.278036_at	0.010831	9.694408e-01	9.839971e-01
Hs.18021_at	0.010831	9.694408e-01	9.839971e-01
Hs.326387_at	0.010831	9.694408e-01	9.839971e-01
Hs.611098_at	-0.010831	9.694408e-01	9.839971e-01
Hs.611666_at	0.010831	9.694408e-01	9.839971e-01
Hs.434081_at	-0.010831	9.694408e-01	9.839971e-01
Hs.550715_at	-0.010831	9.694408e-01	9.839971e-01
Hs.117299_at	-0.010831	9.694408e-01	9.839971e-01
Hs.270543_at	0.010831	9.694408e-01	9.839971e-01
Hs.272350_at	-0.010831	9.694408e-01	9.839971e-01
Hs.436307_at	0.010831	9.694408e-01	9.839971e-01
Hs.435714_at	0.010831	9.694408e-01	9.839971e-01
Hs.132868_at	0.010831	9.694408e-01	9.839971e-01
Hs.75859_at	-0.010831	9.694408e-01	9.839971e-01
Hs.444475_at	0.010831	9.694408e-01	9.839971e-01
Hs.376109_at	-0.010831	9.694408e-01	9.839971e-01
Hs.227729_at	-0.010831	9.694408e-01	9.839971e-01
Hs.374950_at	-0.010831	9.694408e-01	9.839971e-01
Hs.594443_at	0.010831	9.694408e-01	9.839971e-01
Hs.530899_at	0.010831	9.694408e-01	9.839971e-01
Hs.81564_at	-0.010831	9.694408e-01	9.839971e-01
Hs.621470_at	0.010831	9.694408e-01	9.839971e-01
Hs.477700_at	0.010831	9.694408e-01	9.839971e-01
Hs.194143_at	-0.010831	9.694408e-01	9.839971e-01
Hs.79881_at	-0.010831	9.694408e-01	9.839971e-01
Hs.437922_at	-0.010831	9.694408e-01	9.839971e-01
Hs.437249_at	-0.010831	9.694408e-01	9.839971e-01
Hs.128930_at	0.010831	9.694408e-01	9.839971e-01
Hs.651849_at	0.010831	9.694408e-01	9.839971e-01
Hs.157231_at	0.010831	9.694408e-01	9.839971e-01
Hs.156977_at	0.010831	9.694408e-01	9.839971e-01
Hs.594209_at	-0.010831	9.694408e-01	9.839971e-01
Hs.124156_at	0.010831	9.694408e-01	9.839971e-01
Hs.593803_at	-0.010831	9.694408e-01	9.839971e-01
Hs.443572_at	0.010831	9.694408e-01	9.839971e-01
Hs.18160_at	-0.010831	9.694408e-01	9.839971e-01
Hs.368522_at	-0.010831	9.694408e-01	9.839971e-01
Hs.647120_at	-0.010831	9.694408e-01	9.839971e-01
Hs.628122_at	-0.010831	9.694408e-01	9.839971e-01
Hs.594814_at	0.010831	9.694408e-01	9.839971e-01
Hs.416214_at	-0.010831	9.694408e-01	9.839971e-01
Hs.652197_at	0.010831	9.694408e-01	9.839971e-01
Hs.155572_at	0.010831	9.694408e-01	9.839971e-01
Hs.154654_at	0.010831	9.694408e-01	9.839971e-01
Hs.124673_at	-0.010831	9.694408e-01	9.839971e-01
Hs.13861_at	0.010831	9.694408e-01	9.839971e-01
Hs.651197_at	0.010831	9.694408e-01	9.839971e-01
Hs.652966_at	-0.010831	9.694408e-01	9.839971e-01
Hs.280881_at	0.010831	9.694408e-01	9.839971e-01
Hs.591683_at	-0.010831	9.694408e-01	9.839971e-01
Hs.124126_at	-0.010831	9.694408e-01	9.839971e-01
Hs.638901_at	0.010831	9.694408e-01	9.839971e-01
Hs.88297_at	-0.010831	9.694408e-01	9.839971e-01
Hs.119926_at	-0.010831	9.694408e-01	9.839971e-01
Hs.401929_at	0.010831	9.694408e-01	9.839971e-01
Hs.436468_at	-0.010831	9.694408e-01	9.839971e-01
Hs.532790_at	0.010831	9.694408e-01	9.839971e-01
Hs.368884_at	-0.010831	9.694408e-01	9.839971e-01
Hs.602529_at	0.010831	9.694408e-01	9.839971e-01
Hs.411081_at	0.010831	9.694408e-01	9.839971e-01
Hs.29444_at	-0.010831	9.694408e-01	9.839971e-01
Hs.646363_at	-0.010831	9.694408e-01	9.839971e-01
Hs.483829_at	0.010831	9.694408e-01	9.839971e-01
Hs.129512_at	0.010831	9.694408e-01	9.839971e-01
Hs.481819_at	0.010831	9.694408e-01	9.839971e-01
Hs.189915_at	0.010831	9.694408e-01	9.839971e-01
Hs.558499_at	-0.010831	9.694408e-01	9.839971e-01
Hs.216701_at	-0.010831	9.694408e-01	9.839971e-01
Hs.279413_at	-0.010831	9.694408e-01	9.839971e-01
Hs.2128_at	-0.010831	9.694408e-01	9.839971e-01
Hs.147593_at	0.010831	9.694408e-01	9.839971e-01
Hs.334305_at	0.010831	9.694408e-01	9.839971e-01
Hs.159013_at	0.010831	9.694408e-01	9.839971e-01
Hs.412462_at	-0.010831	9.694408e-01	9.839971e-01
Hs.370762_at	0.010831	9.694408e-01	9.839971e-01
Hs.380389_at	-0.010831	9.694408e-01	9.839971e-01
Hs.268887_at	0.010831	9.694408e-01	9.839971e-01
Hs.244378_at	-0.010831	9.694408e-01	9.839971e-01
Hs.462316_at	-0.010831	9.694408e-01	9.839971e-01
Hs.319053_at	-0.010831	9.694408e-01	9.839971e-01
Hs.552127_at	0.010831	9.694408e-01	9.839971e-01
Hs.149957_at	-0.010831	9.694408e-01	9.839971e-01
Hs.257352_at	-0.010831	9.694408e-01	9.839971e-01
Hs.80976_at	0.007221	9.796248e-01	9.879905e-01
Hs.126521_at	-0.007221	9.796248e-01	9.879905e-01
Hs.612021-_at	0.007221	9.796248e-01	9.879905e-01
Hs.584761_at	0.007221	9.796248e-01	9.879905e-01
Hs.502774_at	0.007221	9.796248e-01	9.879905e-01
Hs.652366_at	0.007221	9.796248e-01	9.879905e-01
Hs.529798_at	-0.007221	9.796248e-01	9.879905e-01
Hs.516859_at	0.007221	9.796248e-01	9.879905e-01
Hs.104980_at	-0.007221	9.796248e-01	9.879905e-01
Hs.385467_at	0.007221	9.796248e-01	9.879905e-01
Hs.522924_at	-0.007221	9.796248e-01	9.879905e-01
Hs.105153_at	0.007221	9.796248e-01	9.879905e-01
Hs.97955_at	0.007221	9.796248e-01	9.879905e-01
Hs.56145_at	-0.007221	9.796248e-01	9.879905e-01
Hs.563491_at	0.007221	9.796248e-01	9.879905e-01
Hs.543586_at	0.007221	9.796248e-01	9.879905e-01
Hs.72918_at	-0.007221	9.796248e-01	9.879905e-01
Hs.626286_at	0.007221	9.796248e-01	9.879905e-01
Hs.517262_at	-0.007221	9.796248e-01	9.879905e-01
Hs.631608_at	0.007221	9.796248e-01	9.879905e-01
Hs.24212_at	-0.007221	9.796248e-01	9.879905e-01
Hs.632677_at	0.007221	9.796248e-01	9.879905e-01
Hs.237536_at	0.007221	9.796248e-01	9.879905e-01
Hs.520037_at	0.007221	9.796248e-01	9.879905e-01
Hs.247916_at	0.007221	9.796248e-01	9.879905e-01
Hs.632709_at	0.007221	9.796248e-01	9.879905e-01
Hs.462270_at	-0.007221	9.796248e-01	9.879905e-01
Hs.435071_at	-0.007221	9.796248e-01	9.879905e-01
Hs.510078_at	0.007221	9.796248e-01	9.879905e-01
Hs.92290_at	-0.007221	9.796248e-01	9.879905e-01
Hs.489849_at	0.007221	9.796248e-01	9.879905e-01
Hs.512029_at	-0.007221	9.796248e-01	9.879905e-01
Hs.123253_at	-0.007221	9.796248e-01	9.879905e-01
Hs.517134_at	0.007221	9.796248e-01	9.879905e-01
Hs.517898_at	-0.007221	9.796248e-01	9.879905e-01
Hs.134035_at	-0.007221	9.796248e-01	9.879905e-01
Hs.23650_at	0.007221	9.796248e-01	9.879905e-01
Hs.74115_at	-0.007221	9.796248e-01	9.879905e-01
Hs.518055_at	-0.007221	9.796248e-01	9.879905e-01
Hs.9043_at	-0.007221	9.796248e-01	9.879905e-01
Hs.592097_at	0.007221	9.796248e-01	9.879905e-01
Hs.348983_at	0.007221	9.796248e-01	9.879905e-01
Hs.146346_at	0.007221	9.796248e-01	9.879905e-01
Hs.519632_at	0.007221	9.796248e-01	9.879905e-01
Hs.495410_at	-0.007221	9.796248e-01	9.879905e-01
Hs.650131_at	-0.007221	9.796248e-01	9.879905e-01
Hs.550780_at	0.007221	9.796248e-01	9.879905e-01
Hs.419815_at	0.007221	9.796248e-01	9.879905e-01
Hs.652182_at	0.007221	9.796248e-01	9.879905e-01
Hs.501624_at	-0.007221	9.796248e-01	9.879905e-01
Hs.638760_at	0.007221	9.796248e-01	9.879905e-01
Hs.401062_at	0.007221	9.796248e-01	9.879905e-01
Hs.401903_at	0.007221	9.796248e-01	9.879905e-01
Hs.652121_at	0.007221	9.796248e-01	9.879905e-01
Hs.6686_at	-0.007221	9.796248e-01	9.879905e-01
Hs.517622_at	-0.007221	9.796248e-01	9.879905e-01
Hs.517653_at	-0.007221	9.796248e-01	9.879905e-01
Hs.532357_at	-0.007221	9.796248e-01	9.879905e-01
Hs.513200_at	-0.007221	9.796248e-01	9.879905e-01
Hs.130652_at	0.007221	9.796248e-01	9.879905e-01
Hs.189073_at	-0.007221	9.796248e-01	9.879905e-01
Hs.636188_at	0.007221	9.796248e-01	9.879905e-01
Hs.651709_at	-0.007221	9.796248e-01	9.879905e-01
Hs.411299_at	0.007221	9.796248e-01	9.879905e-01
Hs.43670_at	0.007221	9.796248e-01	9.879905e-01
Hs.513440_at	0.007221	9.796248e-01	9.879905e-01
Hs.608110_at	0.007221	9.796248e-01	9.879905e-01
Hs.507102_at	0.007221	9.796248e-01	9.879905e-01
Hs.603964_at	-0.007221	9.796248e-01	9.879905e-01
Hs.407368_at	0.007221	9.796248e-01	9.879905e-01
Hs.302016_at	0.007221	9.796248e-01	9.879905e-01
Hs.89690_at	0.007221	9.796248e-01	9.879905e-01
Hs.512833_at	-0.007221	9.796248e-01	9.879905e-01
Hs.518834_at	-0.007221	9.796248e-01	9.879905e-01
Hs.466435_at	-0.007221	9.796248e-01	9.879905e-01
Hs.398157_at	0.007221	9.796248e-01	9.879905e-01
Hs.119815_at	0.007221	9.796248e-01	9.879905e-01
Hs.434799_at	0.007221	9.796248e-01	9.879905e-01
Hs.224171_at	-0.007221	9.796248e-01	9.879905e-01
Hs.226568_at	-0.007221	9.796248e-01	9.879905e-01
Hs.411480_at	0.007221	9.796248e-01	9.879905e-01
Hs.645284_at	-0.007221	9.796248e-01	9.879905e-01
Hs.19281_at	0.007221	9.796248e-01	9.879905e-01
Hs.587176_at	-0.007221	9.796248e-01	9.879905e-01
Hs.122561_at	-0.007221	9.796248e-01	9.879905e-01
Hs.444024_at	0.007221	9.796248e-01	9.879905e-01
Hs.620896_at	-0.007221	9.796248e-01	9.879905e-01
Hs.507948_at	-0.007221	9.796248e-01	9.879905e-01
Hs.499709_at	-0.007221	9.796248e-01	9.879905e-01
Hs.567533_at	0.007221	9.796248e-01	9.879905e-01
Hs.371979_at	-0.007221	9.796248e-01	9.879905e-01
Hs.477495_at	0.007221	9.796248e-01	9.879905e-01
Hs.369185_at	-0.007221	9.796248e-01	9.879905e-01
Hs.6434_at	-0.007221	9.796248e-01	9.879905e-01
Hs.370999_at	0.007221	9.796248e-01	9.879905e-01
Hs.37092_at	-0.007221	9.796248e-01	9.879905e-01
Hs.210367_at	-0.007221	9.796248e-01	9.879905e-01
Hs.443134_at	0.007221	9.796248e-01	9.879905e-01
Hs.443169_at	-0.007221	9.796248e-01	9.879905e-01
Hs.124584_at	0.007221	9.796248e-01	9.879905e-01
Hs.591946_at	-0.007221	9.796248e-01	9.879905e-01
Hs.558447_at	-0.007221	9.796248e-01	9.879905e-01
Hs.603087_at	-0.007221	9.796248e-01	9.879905e-01
Hs.535389_at	-0.007221	9.796248e-01	9.879905e-01
Hs.591166_at	0.007221	9.796248e-01	9.879905e-01
Hs.444834_at	0.007221	9.796248e-01	9.879905e-01
Hs.488835_at	-0.007221	9.796248e-01	9.879905e-01
Hs.490789_at	0.007221	9.796248e-01	9.879905e-01
Hs.106005_at	-0.007221	9.796248e-01	9.879905e-01
Hs.505874_at	0.007221	9.796248e-01	9.879905e-01
Hs.29169_at	-0.007221	9.796248e-01	9.879905e-01
Hs.642735_at	-0.007221	9.796248e-01	9.879905e-01
Hs.149585_at	-0.007221	9.796248e-01	9.879905e-01
Hs.446170_at	-0.007221	9.796248e-01	9.879905e-01
Hs.319247_at	0.007221	9.796248e-01	9.879905e-01
Hs.445733_at	0.007221	9.796248e-01	9.879905e-01
Hs.595203_at	0.007221	9.796248e-01	9.879905e-01
Hs.380681_at	-0.007221	9.796248e-01	9.879905e-01
Hs.407740_at	-0.007221	9.796248e-01	9.879905e-01
Hs.648274_at	-0.007221	9.796248e-01	9.879905e-01
Hs.148989_at	0.007221	9.796248e-01	9.879905e-01
Hs.458312_at	-0.007221	9.796248e-01	9.879905e-01
Hs.148590_at	-0.007221	9.796248e-01	9.879905e-01
Hs.104555_at	0.007221	9.796248e-01	9.879905e-01
Hs.98785_at	0.007221	9.796248e-01	9.879905e-01
Hs.253920_at	0.007221	9.796248e-01	9.879905e-01
Hs.28872_at	0.007221	9.796248e-01	9.879905e-01
Hs.143961_at	0.003610	9.898117e-01	9.928778e-01
Hs.651881_at	0.003610	9.898117e-01	9.928778e-01
Hs.387601_at	0.003610	9.898117e-01	9.928778e-01
Hs.503022_at	0.003610	9.898117e-01	9.928778e-01
Hs.99821_at	-0.003610	9.898117e-01	9.928778e-01
Hs.201641_at	-0.003610	9.898117e-01	9.928778e-01
Hs.652456_at	-0.003610	9.898117e-01	9.928778e-01
Hs.29203_at	0.003610	9.898117e-01	9.928778e-01
Hs.525709_at	0.003610	9.898117e-01	9.928778e-01
Hs.248815_at	0.003610	9.898117e-01	9.928778e-01
Hs.213289_at	0.003610	9.898117e-01	9.928778e-01
Hs.99196_at	-0.003610	9.898117e-01	9.928778e-01
Hs.595458_at	0.003610	9.898117e-01	9.928778e-01
Hs.266616_at	0.003610	9.898117e-01	9.928778e-01
Hs.618900_at	0.003610	9.898117e-01	9.928778e-01
Hs.584864_at	-0.003610	9.898117e-01	9.928778e-01
Hs.597072_at	0.003610	9.898117e-01	9.928778e-01
Hs.115263_at	0.003610	9.898117e-01	9.928778e-01
Hs.517868_at	-0.003610	9.898117e-01	9.928778e-01
Hs.529989_at	0.003610	9.898117e-01	9.928778e-01
Hs.621528_at	-0.003610	9.898117e-01	9.928778e-01
Hs.473894_at	0.003610	9.898117e-01	9.928778e-01
Hs.286145_at	-0.003610	9.898117e-01	9.928778e-01
Hs.531188_at	0.003610	9.898117e-01	9.928778e-01
Hs.643693_at	-0.003610	9.898117e-01	9.928778e-01
Hs.476399_at	0.003610	9.898117e-01	9.928778e-01
Hs.604977+_at	-0.003610	9.898117e-01	9.928778e-01
Hs.412842_at	0.003610	9.898117e-01	9.928778e-01
Hs.531251_at	-0.003610	9.898117e-01	9.928778e-01
Hs.169615_at	0.003610	9.898117e-01	9.928778e-01
Hs.376425_at	-0.003610	9.898117e-01	9.928778e-01
Hs.114309_at	0.003610	9.898117e-01	9.928778e-01
Hs.173656_at	0.003610	9.898117e-01	9.928778e-01
Hs.407532_at	-0.003610	9.898117e-01	9.928778e-01
Hs.158322_at	-0.003610	9.898117e-01	9.928778e-01
Hs.440934_at	-0.003610	9.898117e-01	9.928778e-01
Hs.445351_at	0.003610	9.898117e-01	9.928778e-01
Hs.518540_at	-0.003610	9.898117e-01	9.928778e-01
Hs.501629_at	-0.003610	9.898117e-01	9.928778e-01
Hs.535898-_at	-0.003610	9.898117e-01	9.928778e-01
Hs.74047_at	-0.003610	9.898117e-01	9.928778e-01
Hs.613718_at	0.003610	9.898117e-01	9.928778e-01
Hs.307913_at	0.003610	9.898117e-01	9.928778e-01
Hs.213735_at	0.003610	9.898117e-01	9.928778e-01
Hs.484295_at	-0.003610	9.898117e-01	9.928778e-01
Hs.603603_at	0.003610	9.898117e-01	9.928778e-01
Hs.500695_at	-0.003610	9.898117e-01	9.928778e-01
Hs.504998_at	-0.003610	9.898117e-01	9.928778e-01
Hs.603092_at	0.003610	9.898117e-01	9.928778e-01
Hs.640494_at	0.003610	9.898117e-01	9.928778e-01
Hs.652177_at	-0.003610	9.898117e-01	9.928778e-01
Hs.557682_at	0.003610	9.898117e-01	9.928778e-01
Hs.369763_at	0.003610	9.898117e-01	9.928778e-01
Hs.288995_at	-0.003610	9.898117e-01	9.928778e-01
Hs.124161_at	-0.003610	9.898117e-01	9.928778e-01
Hs.546476_at	0.003610	9.898117e-01	9.928778e-01
Hs.404119_at	0.003610	9.898117e-01	9.928778e-01
Hs.196945_at	0.003610	9.898117e-01	9.928778e-01
Hs.137583_at	0.003610	9.898117e-01	9.928778e-01
Hs.425801_at	0.003610	9.898117e-01	9.928778e-01
Hs.144030-_at	0.003610	9.898117e-01	9.928778e-01
Hs.23406_at	-0.003610	9.898117e-01	9.928778e-01
Hs.632541_at	-0.003610	9.898117e-01	9.928778e-01
Hs.462640_at	-0.003610	9.898117e-01	9.928778e-01
Hs.180744_at	0.003610	9.898117e-01	9.928778e-01
Hs.74563_at	0.003610	9.898117e-01	9.928778e-01
Hs.496459_at	-0.003610	9.898117e-01	9.928778e-01
Hs.138211_at	-0.003610	9.898117e-01	9.928778e-01
Hs.624573_at	0.003610	9.898117e-01	9.928778e-01
Hs.495774_at	0.003610	9.898117e-01	9.928778e-01
Hs.293811_at	0.003610	9.898117e-01	9.928778e-01
Hs.272499_at	0.003610	9.898117e-01	9.928778e-01
Hs.272564_at	0.003610	9.898117e-01	9.928778e-01
Hs.534059_at	0.003610	9.898117e-01	9.928778e-01
Hs.512842_at	-0.003610	9.898117e-01	9.928778e-01
Hs.569174_at	-0.003610	9.898117e-01	9.928778e-01
Hs.598475_at	0.003610	9.898117e-01	9.928778e-01
Hs.636180_at	-0.003610	9.898117e-01	9.928778e-01
Hs.344812_at	-0.003610	9.898117e-01	9.928778e-01
Hs.607782_at	-0.003610	9.898117e-01	9.928778e-01
Hs.652884_at	0.003610	9.898117e-01	9.928778e-01
Hs.633257_at	0.003610	9.898117e-01	9.928778e-01
Hs.464903_at	-0.003610	9.898117e-01	9.928778e-01
Hs.484412_at	0.003610	9.898117e-01	9.928778e-01
Hs.232213_at	-0.003610	9.898117e-01	9.928778e-01
Hs.232819_at	-0.003610	9.898117e-01	9.928778e-01
Hs.433492_at	0.003610	9.898117e-01	9.928778e-01
Hs.468280_at	0.003610	9.898117e-01	9.928778e-01
Hs.436380_at	-0.003610	9.898117e-01	9.928778e-01
Hs.22049_at	-0.003610	9.898117e-01	9.928778e-01
Hs.635755_at	-0.003610	9.898117e-01	9.928778e-01
Hs.652119_at	-0.003610	9.898117e-01	9.928778e-01
Hs.484259_at	-0.003610	9.898117e-01	9.928778e-01
Hs.603111_at	0.003610	9.898117e-01	9.928778e-01
Hs.30246_at	-0.003610	9.898117e-01	9.928778e-01
Hs.485004_at	-0.003610	9.898117e-01	9.928778e-01
Hs.169840_at	0.003610	9.898117e-01	9.928778e-01
Hs.106015_at	-0.003610	9.898117e-01	9.928778e-01
Hs.51011_at	-0.003610	9.898117e-01	9.928778e-01
Hs.240_at	0.003610	9.898117e-01	9.928778e-01
Hs.369279_at	-0.003610	9.898117e-01	9.928778e-01
Hs.529163_at	-0.003610	9.898117e-01	9.928778e-01
Hs.73082_at	-0.003610	9.898117e-01	9.928778e-01
Hs.376351_at	0.003610	9.898117e-01	9.928778e-01
Hs.1076_at	-0.003610	9.898117e-01	9.928778e-01
Hs.172602_at	0.003610	9.898117e-01	9.928778e-01
Hs.409876_at	-0.003610	9.898117e-01	9.928778e-01
Hs.595391_at	-0.003610	9.898117e-01	9.928778e-01
Hs.247323_at	0.000000	1.000000e+00	1.000000e+00
Hs.1695_at	0.000000	1.000000e+00	1.000000e+00
Hs.541334_at	0.000000	1.000000e+00	1.000000e+00
Hs.101364_at	0.000000	1.000000e+00	1.000000e+00
Hs.522093_at	0.000000	1.000000e+00	1.000000e+00
Hs.621292_at	0.000000	1.000000e+00	1.000000e+00
Hs.433419_at	0.000000	1.000000e+00	1.000000e+00
Hs.437563_at	0.000000	1.000000e+00	1.000000e+00
Hs.468254_at	0.000000	1.000000e+00	1.000000e+00
Hs.436410_at	0.000000	1.000000e+00	1.000000e+00
Hs.436911_at	0.000000	1.000000e+00	1.000000e+00
Hs.75703_at	0.000000	1.000000e+00	1.000000e+00
Hs.630346_at	0.000000	1.000000e+00	1.000000e+00
Hs.629618_at	0.000000	1.000000e+00	1.000000e+00
Hs.222855_at	0.000000	1.000000e+00	1.000000e+00
Hs.494827_at	0.000000	1.000000e+00	1.000000e+00
Hs.652194_at	0.000000	1.000000e+00	1.000000e+00
Hs.632578_at	0.000000	1.000000e+00	1.000000e+00
Hs.571797_at	0.000000	1.000000e+00	1.000000e+00
Hs.75139_at	0.000000	1.000000e+00	1.000000e+00
Hs.179615_at	0.000000	1.000000e+00	1.000000e+00
Hs.652017_at	0.000000	1.000000e+00	1.000000e+00
Hs.632652_at	0.000000	1.000000e+00	1.000000e+00
Hs.591993_at	0.000000	1.000000e+00	1.000000e+00
Hs.613892_at	0.000000	1.000000e+00	1.000000e+00
Hs.644932_at	0.000000	1.000000e+00	1.000000e+00
Hs.591731_at	0.000000	1.000000e+00	1.000000e+00
Hs.335205_at	0.000000	1.000000e+00	1.000000e+00
Hs.591003_at	0.000000	1.000000e+00	1.000000e+00
Hs.406790_at	0.000000	1.000000e+00	1.000000e+00
Hs.211869_at	0.000000	1.000000e+00	1.000000e+00
Hs.338207_at	0.000000	1.000000e+00	1.000000e+00
Hs.307010_at	0.000000	1.000000e+00	1.000000e+00
Hs.598781_at	0.000000	1.000000e+00	1.000000e+00
Hs.440950_at	0.000000	1.000000e+00	1.000000e+00
Hs.396175_at	0.000000	1.000000e+00	1.000000e+00
Hs.118666_at	0.000000	1.000000e+00	1.000000e+00
Hs.27059_at	0.000000	1.000000e+00	1.000000e+00
Hs.31016_at	0.000000	1.000000e+00	1.000000e+00
Hs.648435_at	0.000000	1.000000e+00	1.000000e+00
Hs.38034_at	0.000000	1.000000e+00	1.000000e+00
Hs.591313_at	0.000000	1.000000e+00	1.000000e+00
Hs.604999_at	0.000000	1.000000e+00	1.000000e+00
Hs.546316_at	0.000000	1.000000e+00	1.000000e+00
Hs.143878_at	0.000000	1.000000e+00	1.000000e+00
Hs.62209_at	0.000000	1.000000e+00	1.000000e+00
Hs.622397_at	0.000000	1.000000e+00	1.000000e+00
Hs.81424_at	0.000000	1.000000e+00	1.000000e+00
Hs.363407_at	0.000000	1.000000e+00	1.000000e+00
Hs.613667_at	0.000000	1.000000e+00	1.000000e+00
Hs.635771_at	0.000000	1.000000e+00	1.000000e+00
Hs.502659_at	0.000000	1.000000e+00	1.000000e+00
Hs.122310_at	0.000000	1.000000e+00	1.000000e+00
Hs.54673_at	0.000000	1.000000e+00	1.000000e+00
Hs.493401_at	0.000000	1.000000e+00	1.000000e+00
Hs.49322_at	0.000000	1.000000e+00	1.000000e+00
Hs.362432_at	0.000000	1.000000e+00	1.000000e+00
Hs.13495_at	0.000000	1.000000e+00	1.000000e+00
Hs.245828_at	0.000000	1.000000e+00	1.000000e+00
Hs.551097_at	0.000000	1.000000e+00	1.000000e+00
Hs.436792_at	0.000000	1.000000e+00	1.000000e+00
Hs.112623_at	0.000000	1.000000e+00	1.000000e+00
